id,osm_id,latitud,longitud,fecha_alta
17d66b42-aade-415e-9ba8-c5da339477c0,node/26863905,38.8032299,0.1293696,2026-10-04
b801d388-e2dc-4640-9b70-dd87e7547255,node/26864619,38.5018761,-0.6312948,2026-10-04
6a59d406-1bff-4655-aaaa-663ff8805357,node/26865156,40.2900416,-0.000956,2026-10-04
cd8c3626-1468-487c-8933-59c161c05d30,node/262949964,40.0855084,0.0310999,2026-10-04
2ce3b137-6504-429b-9af7-a2b9bc762606,node/276913145,40.2227596,-0.3497418,2026-10-04
9da3fa8d-79df-481e-8aba-e067511ff3c6,node/288350573,38.5561799,-0.0618169,2026-10-04
1bbad50b-2788-451c-8321-8803abd85df9,node/409151051,38.6349593,0.0744591,2026-10-04
7c97b09d-eff8-42f2-8829-5a0f3be28889,node/576310769,40.2279226,-0.1353687,2026-10-04
05295420-b6ec-4f06-a04e-730237f0abf6,node/576912802,40.0397378,-0.6073048,2026-10-04
93617e27-3580-438d-a61b-7082b7b3e56b,node/633166723,38.4526455,-0.5364156,2026-10-04
a6315607-35b0-4656-81c8-f34722f7c1cb,node/913863947,39.6323975,-0.3248699,2026-10-04
7ea7778b-ef29-4d7c-9daf-bfb59a9cc361,node/926534250,39.698005,-0.3732879,2026-10-04
3c8fa6e8-707d-4cab-9c19-d9c8549ab59f,node/948630131,40.3949269,-0.0701208,2026-10-04
b3fa9fb1-df3f-476e-8a8e-4ee4873a929f,node/948633664,40.4610315,-0.2163221,2026-10-04
bc89026e-a294-4bf0-85a4-bd68ffd35c37,node/948634641,38.9149813,-0.2338354,2026-10-04
6f4beea4-1ba3-4acd-850b-d28349c3165e,node/948636867,40.641107,-0.3440946,2026-10-04
80b3c38a-f451-4edb-b926-baeb8c6189fb,node/948640958,39.5429235,-0.6264416,2026-10-04
01a3f533-1cd4-46f9-9948-5cf385d49609,node/948641277,40.3868626,0.1844697,2026-10-04
df72fd51-6bb5-4d5c-9600-7181f5db192c,node/948642276,38.7645707,-0.0012017,2026-10-04
95dbafed-6ad0-4607-9ed2-8e73411be473,node/948643721,38.6495611,-0.2661289,2026-10-04
cc9f4f6f-cb94-4111-a4e8-c7a47cb59cd8,node/948644668,39.862805,-0.363718,2026-10-04
f3b40131-4822-41f9-a4af-248bb9562021,node/948644997,38.6586914,-0.537753,2026-10-04
ba15fce1-8cda-4001-a785-39a6f22072bb,node/973811682,38.5250429,-0.1615382,2026-10-04
723cb8b5-78fd-4d2d-99bf-46823f284b3d,node/993012338,40.0759404,0.0536167,2026-10-04
5e4bef16-395a-4cdb-b3c8-710053e86874,node/1126423744,39.8328242,-0.625595,2026-10-04
3e57e9a6-fd27-4771-82de-14dc897afc33,node/1242125146,38.6431241,-0.6227596,2026-10-04
af44945e-1aa3-43c6-8a8f-dc421073b6ce,node/1242127082,38.7972824,-0.1088049,2026-10-04
74fa91ee-c39d-4c9c-8d32-d84fc62f285e,node/1242127844,38.7064578,0.0345085,2026-10-04
399ece8e-ecd0-4ea9-98cf-69b3c2c1e772,node/1242127922,38.6680284,-0.8150964,2026-10-04
54895635-e8f0-4727-a8b2-fca33351567b,node/1242128635,38.7673872,-0.1346499,2026-10-04
8a354ad1-ca44-4001-a893-0ef1d3e02776,node/1242129534,38.5223821,-0.559766,2026-10-04
b3a5d4c9-fefe-4b10-b49e-0130710b6d76,node/1242129739,38.7547675,-0.3374279,2026-10-04
b58cff0b-c06b-489b-81ad-9cc9ef31623f,node/1242130271,38.5063513,-0.6570283,2026-10-04
bcd078b3-42b8-4b20-aa00-a51ebfccd1a6,node/1242130296,38.6874762,-0.6868521,2026-10-04
1140c41a-b243-4e51-926a-f4eb618d46e1,node/1242130354,38.7473182,0.0594833,2026-10-04
d1aea8cb-019d-4886-b855-f9704122d20c,node/1242130493,38.745006,-0.1175956,2026-10-04
644b4e82-2647-4cb4-abaa-4921649e57d8,node/1242131708,38.5815005,-0.2291163,2026-10-04
6ebd08b9-be08-49e5-8878-f4780c6dc57a,node/1242131824,38.7874493,-0.2809615,2026-10-04
b239aca2-86f7-4390-a1ba-fe3346f3ecaa,node/1242132173,38.8610732,-0.32711,2026-10-04
07126741-a952-4c7b-adc7-f520a43b6eee,node/1242132291,38.6857346,-0.0409681,2026-10-04
6e90ffef-caee-4ed4-a33c-9f12fc8bf6a1,node/1242134603,38.6453475,-0.3331667,2026-10-04
3d8d22a1-fa84-45f2-8a4d-4ca9343b1c8d,node/1242134759,38.4513538,-0.5427652,2026-10-04
2d4f6d4c-4fd4-4a18-9ff4-77692c46b767,node/1242135735,38.3429203,-0.5553313,2026-10-04
c9bd5166-3786-4d01-8d23-7451c33a5367,node/1242136661,38.7948077,-0.1183794,2026-10-04
d85ebfe6-147d-4250-a34f-5bd618bd0205,node/1242138962,38.6639352,-0.6633716,2026-10-04
2ecc874a-ee46-424a-82b9-d175b1fe53e0,node/1242139040,38.8264833,-0.1930404,2026-10-04
544632e7-093f-42db-bf57-4fc926a1f0e9,node/1242139600,38.7683749,-0.1392538,2026-10-04
d3f0f412-690c-49f6-b7e1-1fdcaf74264e,node/1242142319,38.8175335,-0.1365938,2026-10-04
71d0511a-6528-4768-9027-a5359e52f797,node/1242142813,38.6945835,-0.2968117,2026-10-04
009ff0c8-d48f-416c-b48e-a0795768c35e,node/1242144231,38.4808653,-0.562096,2026-10-04
0ffdea12-86bb-46b8-a605-a41a35054dc1,node/1242144977,38.7064833,-0.2552517,2026-10-04
70f9c99a-952c-4093-bc81-e8fb71d9254d,node/1242145658,38.7432915,-0.1422994,2026-10-04
53f8282f-ef52-4a6c-aab9-4c15ad4f97bf,node/1242146488,38.799525,-0.2098819,2026-10-04
ccda258e-25ef-4057-9ad9-656ad2e33273,node/1242149145,38.8623918,-0.1269678,2026-10-04
7ef2ff59-34bb-440f-8e3b-d24bcc84116f,node/1242149571,38.5293336,-0.2874197,2026-10-04
1d006ff9-7aca-4995-a98b-f66f806e8fcd,node/1242150304,38.7201057,-0.3114278,2026-10-04
e8b0d67f-636b-46c3-9015-02a7a7440414,node/1242150792,38.5406286,-0.5734557,2026-10-04
019b74f5-6da8-4708-b3a9-6c442443523d,node/1242153011,38.6653948,-0.4573165,2026-10-04
6c07e63a-35a8-4fa3-b796-4b76f588b1d6,node/1242153024,38.7307524,-0.5150342,2026-10-04
eb02d25f-6710-4d65-9bec-c1fe33de68ee,node/1242153203,38.8022108,-0.1038804,2026-10-04
54025207-1fe9-40b2-930a-22e48778c656,node/1242153207,38.7597649,-0.2975946,2026-10-04
69ceb13b-49de-42e7-8ee7-c38dd96e97d1,node/1242155763,38.7727343,-0.2311707,2026-10-04
251f1074-6b6a-40d2-b53d-6c1751ce6172,node/1242157054,38.6515437,-0.3474205,2026-10-04
2e5fcc6f-f520-4bc3-b648-5567268ec7e9,node/1243180052,40.1010994,-1.4079166,2026-10-04
9e1ad025-664d-4bcf-a88b-3d289bf67f58,node/1243230787,39.9838229,-0.4759736,2026-10-04
cbc1fc14-2524-4089-ab95-2efef28b5685,node/1243230800,39.9276908,-0.4131004,2026-10-04
9c967e83-4d81-4a22-893a-f7cfa84b9395,node/1243231079,40.2850726,-0.1401202,2026-10-04
f415a7fa-3daa-4361-af4e-6b27dd97ff52,node/1243231591,39.8311711,-0.3132239,2026-10-04
de7bd709-2d0c-4b54-a212-0e7ab6806203,node/1243232079,39.8771136,-0.5925571,2026-10-04
94b9c307-2eaf-4904-b087-bcf0ce2b2a1b,node/1243232266,40.3657267,0.3690594,2026-10-04
9af27288-64d9-4280-80e9-29579cacb28e,node/1243232474,39.9625614,-0.5324195,2026-10-04
7bf23f74-960b-4d27-8272-94f0fb8b3587,node/1243232544,40.0249851,-0.4076014,2026-10-04
85191baf-374c-44ba-8f4d-557ecc40c714,node/1243232683,39.8801451,-0.3628936,2026-10-04
bda3248f-3ab5-47e1-ae2d-dee9ebe85764,node/1243232853,39.8024076,-0.2033348,2026-10-04
bb8c8eb6-46bb-4c06-b60e-4fa25d105f5b,node/1243232908,39.9618085,-0.6115601,2026-10-04
c25e1623-2c86-410c-b113-485527c0da62,node/1243232932,39.7933093,-0.5242404,2026-10-04
c3b3b590-6115-49ad-bd00-a3915eb0e160,node/1243233109,39.7986577,-0.5792016,2026-10-04
3d127606-47f0-4f20-b4c6-9239f4ce2727,node/1243233624,40.0274728,-0.5721255,2026-10-04
e69b7a86-de44-4bc3-8592-ae1fb7941b96,node/1243233967,39.932949,-0.3642955,2026-10-04
79357ad7-dcb8-4a7b-adda-3d4f53415ab0,node/1243233971,40.4224289,0.296084,2026-10-04
5d3feaf6-a6d0-4e12-94c9-1d562e5c216b,node/1243233998,40.0321573,-0.4164902,2026-10-04
b742c03e-71fb-41d6-8b5e-d20d0089d600,node/1243234001,40.2327137,-0.318113,2026-10-04
fbc2ee91-2b2f-473f-8a8f-4f783a673357,node/1243234127,40.1173223,-0.1217305,2026-10-04
222718f1-9693-4397-9e25-9d60d3885343,node/1243234289,39.8570578,-0.6522063,2026-10-04
e935856a-abec-4477-8a77-d325e11705e5,node/1243234348,39.8783061,-0.5524432,2026-10-04
76cc59a7-d808-4fd5-a934-3245ee7d0857,node/1243235108,39.8441012,-0.523897,2026-10-04
d3982eb3-0135-4847-9577-0b8687c334f0,node/1243235160,39.9048915,-0.7909559,2026-10-04
74d200e2-fe4e-43be-a989-ee58d00f0f54,node/1243235693,40.1754771,-0.3453916,2026-10-04
24250710-2fe9-4b6e-9a57-5de07b2ea7c0,node/1243235698,39.9041148,-0.7305311,2026-10-04
720a642f-3189-4694-992b-daf30f4a731a,node/1243235723,39.8513685,-0.6815347,2026-10-04
c9080026-45df-4380-ac7b-68f61cab8cfd,node/1243235837,40.2669863,-0.1120901,2026-10-04
d94ada97-edc4-42df-98fa-7fb86ed96aae,node/1243235924,40.0448444,-0.5300727,2026-10-04
633d73b0-7a1c-4003-9827-565c6bdde3c3,node/1243236561,40.6161627,-0.1599748,2026-10-04
9c45b056-f977-4c02-bfaa-274ba5038cf1,node/1243236684,40.586847,0.1292002,2026-10-04
795e7775-c50d-46df-8ca3-fa7de1a6bc97,node/1243236687,40.2041554,-0.1583444,2026-10-04
cccd98af-13df-465a-94ee-1153b8af5e7a,node/1243236695,39.9921281,-0.2641626,2026-10-04
ad32c6cf-19b2-47d4-9af3-f46aef2d4d5a,node/1243237668,39.8917376,-0.5879644,2026-10-04
032f35c9-7367-4360-b737-172c7056ec2c,node/1243237673,40.147884,-0.2878132,2026-10-04
8ec5e84a-4a38-4d33-9f66-b94d2cf45153,node/1243237807,40.2952776,-0.3054744,2026-10-04
606722b1-e4e7-4025-8c3c-4972b69fcba1,node/1243237938,39.8096718,-0.6313075,2026-10-04
5cfe1d08-611e-4e0e-b66d-f61094e61ff3,node/1243238201,40.5309707,-0.2318297,2026-10-04
28632248-6ae6-400b-8343-a93defd4a0d8,node/1243238295,39.9254008,-0.7217178,2026-10-04
bf7fcd0f-6c9f-47be-b937-2ffdca2f8056,node/1243239544,39.9252426,-0.8242484,2026-10-04
150322b0-5f5f-445a-815a-b381439b2598,node/1243240153,39.9749303,-0.4362503,2026-10-04
b9fc6a01-dd05-4e58-be8f-865c6f2e40d3,node/1243240224,40.0248371,-0.4464467,2026-10-04
ff3cb8a0-c5ee-495c-9c6e-1a21e02198e4,node/1243240850,40.4846931,0.1323345,2026-10-04
3c4e2f8e-c450-40a7-a582-6bafa28d1ab0,node/1243241115,39.7625154,-0.436996,2026-10-04
aa12740c-f03e-4978-b455-e34b7df8e785,node/1243241335,39.8516086,-0.6346259,2026-10-04
818bba8a-82dc-43c4-972f-581876c25013,node/1243241623,40.0122546,-0.4036685,2026-10-04
944ac863-f3be-44fa-911f-79b06d1b48cb,node/1243241756,39.9620237,-0.332015,2026-10-04
7a83bdb4-46af-42b2-8039-c655c6e83efe,node/1243241778,39.9707659,-0.3025399,2026-10-04
9d5b313e-24c0-4e5a-ad0a-86df5b8ec396,node/1243241816,39.9090428,-0.7453112,2026-10-04
39b971f6-69cb-4b62-8911-792c6e7289c7,node/1243241945,39.8100813,-0.2852124,2026-10-04
060f6d4b-df17-46d8-85aa-4c1fd08f7eaf,node/1243241971,39.8001156,-0.5327232,2026-10-04
ecd10b3e-9241-412e-840e-10bb2f87993c,node/1243242205,40.2035009,-0.2690685,2026-10-04
a3464049-8523-4207-908f-a196733f16be,node/1243242395,40.080865,-0.0850793,2026-10-04
94fb9e3f-08a3-427a-bc88-266e65224a4c,node/1243242528,39.9041044,-0.6932774,2026-10-04
29a0d081-df8b-4a43-bba9-f79ccf1b59bb,node/1243242539,39.9984946,-0.7192979,2026-10-04
df23a71d-3ce8-40d3-b87b-e87d7c34282b,node/1243242735,39.9410356,-0.8085569,2026-10-04
f7660195-4363-4f92-b654-a937479e8503,node/1243242816,39.8864,-0.3584281,2026-10-04
208e4d3f-4394-4b44-a2ab-14b3a5928ab6,node/1243242839,40.3491836,-0.0425463,2026-10-04
eaa77624-e648-4e66-9417-c48789e8186e,node/1243242850,40.4286493,0.1020927,2026-10-04
774f4658-e869-4149-b9f7-1505d98dabc6,node/1243243570,40.0631812,-0.5489827,2026-10-04
7c5e17af-077e-432d-98e5-b801373cb69b,node/1243243618,40.1273899,-0.1798698,2026-10-04
64d81554-90aa-4728-8032-bf3d398e7c9b,node/1243243861,40.2599209,-0.2774294,2026-10-04
22b6267b-b9b7-4222-aa12-e1a185a6230b,node/1243243914,40.2089281,-0.3212614,2026-10-04
622c8a0a-7b36-43a6-bedf-94fea7f608c1,node/1243243926,40.6534739,-0.2404308,2026-10-04
e4a2c6f6-23c7-427c-92ce-c5773fa5fda0,node/1243244005,40.0893848,-0.594229,2026-10-04
730093ab-1d3f-4b94-9121-b710c9b0789d,node/1243244024,39.9664105,-0.3419864,2026-10-04
f6739e73-1423-48bf-8b0b-2c723204f591,node/1243244131,40.3021891,-0.1777272,2026-10-04
270fe03d-2847-442f-9428-461768835e62,node/1243244163,40.0671555,-0.2996036,2026-10-04
c9c79f5b-054c-477e-b84d-bb00979f05f7,node/1243244177,39.8889117,-0.6819831,2026-10-04
f82b5a8e-cae5-4d23-ab20-464fe07dd7ee,node/1243244221,39.7528317,-0.207369,2026-10-04
08687adb-dba2-499d-8c30-333fef987913,node/1243244226,40.0345836,-0.5877919,2026-10-04
13cc1e06-08c4-4c18-aed0-59ce74c7f528,node/1243244257,40.4456482,0.0524535,2026-10-04
b41dfd2b-810b-494f-9c46-019a4d5acf53,node/1243244265,40.0776867,-0.5474667,2026-10-04
4ea4dcad-7662-476b-a431-cbaea3c9ce96,node/1243244304,40.0492327,-0.4994457,2026-10-04
b85e3195-b8a7-4e77-936e-947db113ebe1,node/1243244334,39.9205365,-0.3735057,2026-10-04
544dc5e5-e171-432f-98cf-4bb4925eaa18,node/1243263350,40.2500256,-0.0470448,2026-10-04
df60679b-8671-425d-a3ec-827bd5d1a7c7,node/1243263397,39.872043,-0.6504174,2026-10-04
f2dca503-5c91-4b07-8d84-a70c67ff9662,node/1243263423,39.9772193,-0.6103803,2026-10-04
eae3aeec-78c0-4088-bf82-ef218ac7f6b0,node/1243263427,40.2643468,-0.0036211,2026-10-04
8f80b6b5-9a0e-4fa9-b320-25e6d03c7f62,node/1243263471,39.8825294,-0.4342427,2026-10-04
d1380d1a-fc1d-4347-9f72-d7862bf8b0ec,node/1243264639,40.0138314,-0.4251352,2026-10-04
36591e73-45d2-4b65-bb3c-cdf41b0ad2ee,node/1243265276,40.0021269,-0.4705468,2026-10-04
7f3edc38-ed8d-41a3-a456-258a5b884018,node/1243265721,40.0164926,-0.3585098,2026-10-04
4157335f-ca6e-4fbb-8294-f007166cf319,node/1243265767,40.0362778,-0.4466991,2026-10-04
d488e90f-1031-434d-a41e-a322f694f5e8,node/1243265998,39.8543904,-0.700427,2026-10-04
29fcc24e-745c-4386-8ed6-9f1a14323d82,node/1243266219,39.8834932,-0.767075,2026-10-04
1285ca1f-6947-4731-b995-e3adc0d1b22d,node/1243266325,40.022069,-0.5753237,2026-10-04
798abfed-6ee2-42c8-82c1-ca174db325d9,node/1243266663,40.0895505,-0.1008974,2026-10-04
fd0b98b7-d487-4f40-b2d5-00cf7ddf3a6a,node/1243266853,40.2785996,-0.1982526,2026-10-04
b863429b-cc89-4fde-a16a-135ca90a32fb,node/1243267024,39.84668,-0.7206442,2026-10-04
ffb6672f-d6ea-424e-b23e-48623a0e2b45,node/1243267087,39.7809076,-0.5168445,2026-10-04
f7994f86-dbcf-4350-9284-dfcf4918b212,node/1243267416,40.4600935,0.0722938,2026-10-04
c23cc831-2a8b-45f8-b4ed-b5c5b81ceb13,node/1243267439,39.8895573,-0.7296413,2026-10-04
03f205ea-2aee-4fb0-9175-d59a3a3c6c1f,node/1243267562,40.4000299,0.0323535,2026-10-04
a46f0f22-44d9-486d-86d6-0146cb6d8548,node/1243267624,39.9474511,-0.7060885,2026-10-04
f1faa5df-0cc8-4d3a-bd92-82f8ae8f8951,node/1243267700,39.9433721,-0.6498271,2026-10-04
175e997f-5a62-4f5f-bac3-eaa1de9f346e,node/1243267892,39.9444264,-0.4371874,2026-10-04
f37efe42-a6a9-4e47-a13a-ef1131f8e255,node/1243267968,40.0819393,-0.008869,2026-10-04
a36580ee-ec11-422d-92a5-4ec3559f0586,node/1243268012,40.5229371,0.1488622,2026-10-04
cb5ddcc1-47d6-4088-a534-a6fcdf1630c8,node/1243268224,39.9518657,-0.3601852,2026-10-04
9a2f4890-67b3-44e9-a67b-78977b2b3a42,node/1243268309,39.9641998,-0.3181275,2026-10-04
7e8ddcaf-3667-44ed-9712-4d49381f3209,node/1243268365,39.8418564,-0.3942777,2026-10-04
0f349a1f-c49f-4490-bfef-aceda2b86bc6,node/1243268602,39.7486458,-0.4751465,2026-10-04
d0e973b1-b5e5-4cf3-8032-81e23a52b75f,node/1243268665,40.2314682,-0.2241446,2026-10-04
1188bdbf-bbe1-4ba9-91e8-951a3ffdd160,node/1243268850,40.2084591,-0.2254959,2026-10-04
758baa5d-9646-477b-8d33-a597d53e49fc,node/1243269126,39.8992498,-0.6347372,2026-10-04
8806ebf4-c6b8-40f6-a82d-b9ca272b3d6a,node/1243269304,39.9800512,-0.6545024,2026-10-04
c8dbc48c-ab7a-4689-b6ef-22818179c76e,node/1243269311,40.47385,0.1106182,2026-10-04
ab4e6cdb-5248-4363-b3b4-1e3fb18412b8,node/1243269369,40.0118933,-0.5391532,2026-10-04
eb8ce94d-47ec-44e0-a3fe-fe6043444ffe,node/1243269480,39.8680174,-0.4590858,2026-10-04
a5a92b5f-544e-433d-a874-7473c931fb1c,node/1243269999,39.785565,-0.5754693,2026-10-04
1800640a-f3a5-4846-8e6d-2e8700f3deb8,node/1243270420,39.9900131,-0.789203,2026-10-04
f8ad6eff-21fb-4c97-be53-f742a09658df,node/1243270679,40.3729151,-0.1305082,2026-10-04
f2567948-4717-4d8d-8a7c-47d64f633a47,node/1243271268,39.8587549,-0.6830451,2026-10-04
4a0fa826-b380-4709-b7b4-18f45086d2c9,node/1243271302,39.9918874,-0.5751493,2026-10-04
3544033f-561d-4e5c-80de-0c9e37d10cca,node/1243271470,39.9910446,-0.5137534,2026-10-04
cd6faf08-b2ec-49ba-9af7-d045cf0fa5af,node/1243272039,39.9011024,-0.3763258,2026-10-04
150d14c3-e0b8-4dbf-aba9-36d3a55b78dd,node/1243272064,40.0319256,-0.3938421,2026-10-04
0a6d5ef8-ffe6-4515-8f5c-87d8f13a4638,node/1243272111,39.9259033,-0.2598678,2026-10-04
2edc80b9-793e-414c-8752-8dd1bf03d8b1,node/1243272117,40.2285947,-0.5146767,2026-10-04
22211a00-2825-4c6f-a151-4b629b6f6a37,node/1243272179,39.720114,-0.4635463,2026-10-04
851629e0-653f-453c-95fd-b55ba6147607,node/1243272184,40.0175015,-0.6725312,2026-10-04
a4e143df-7718-4fd4-85a2-315429396f30,node/1243272516,39.9483947,-0.7654928,2026-10-04
8499fae0-4516-45f9-a247-fe2594aa9c1d,node/1243272529,40.2577839,-0.2973434,2026-10-04
ee2fc42e-4abd-4643-93a9-8a17068e573d,node/1243272889,39.8661409,-0.3812209,2026-10-04
30e2906d-7504-4da8-81b3-7ea2b0b20d4b,node/1243272908,39.8970687,-0.7464792,2026-10-04
f605a05e-389c-4f8f-a56a-0e0959fb55c5,node/1243273195,39.8474908,-0.5308761,2026-10-04
1a29a32b-567e-4c56-b188-c49f966ee368,node/1243273382,40.3410912,0.3175028,2026-10-04
210f3626-e330-4c1f-8e93-79c832db9d5b,node/1243273407,39.917155,-0.7814721,2026-10-04
803b10d7-a5a4-495f-92f3-a961144160d7,node/1243273476,40.245992,-0.313112,2026-10-04
52a30241-0b2d-4929-baf8-41921298a1c3,node/1243273547,39.9186446,-0.8215429,2026-10-04
8566dc21-cbb1-4709-bbba-f93a3215212e,node/1243273592,40.0135162,-0.4792884,2026-10-04
a98a747a-3542-4a64-b75b-999410eee6e5,node/1243273627,39.9486923,-0.4228585,2026-10-04
52fac068-2b51-4157-bc36-85430a667abe,node/1243273740,39.7726251,-0.4385162,2026-10-04
fd4a0f5f-09d2-4a36-a99c-f220fedc427b,node/1243273969,39.8923824,-0.2923605,2026-10-04
c91669ea-1da7-4b5d-9cf7-f84f2ab7e42a,node/1243273979,40.5794679,0.1634627,2026-10-04
3b25f73a-bb3d-402e-b80a-718dee92fd2a,node/1243274384,40.353203,-0.1113479,2026-10-04
2c2f75b5-6a92-4ed2-9096-af221a4b8974,node/1243274445,39.8715619,-0.7295543,2026-10-04
44af9c87-f554-4caf-b281-5f4baba040e2,node/1243274567,39.9658261,-0.4753165,2026-10-04
fe981142-4ecb-4d34-91d4-cc025a594986,node/1243274581,39.928253,-0.8106306,2026-10-04
7cf10633-bb7f-42b9-bdea-115a9e0af9dd,node/1243274753,39.827667,-0.5441942,2026-10-04
b1358fb3-1b58-4994-b1fa-6ac0c1d3a0e2,node/1243274841,39.9174052,-0.4980589,2026-10-04
566ad21f-fe88-4963-8c1a-aee0a73854e1,node/1243275114,39.8246239,-0.4373577,2026-10-04
ee5bb3bd-25e9-4bef-b381-5dd556f41b03,node/1243275241,39.9341443,-0.7302261,2026-10-04
0063ef0e-5154-4d71-80b3-a7abb6971b8a,node/1243275634,40.2577471,-0.3128044,2026-10-04
498de3d6-123f-45bc-83a5-1351a114a11c,node/1243276342,39.88693,-0.7545767,2026-10-04
186ede2d-68a1-46a4-95b2-8aab174ef5dc,node/1243276514,40.009284,-0.5264667,2026-10-04
39392ab8-f8a5-46eb-a202-a96cfa2af37a,node/1243277338,40.4137968,-0.2140377,2026-10-04
a41cfe16-58b6-46a9-a469-44f38d68ab6c,node/1243277409,40.2672352,-0.0352318,2026-10-04
946e52c3-3543-4315-aa76-cc25f814c595,node/1243277561,40.0044231,-0.731007,2026-10-04
906b7c2c-62f9-4866-8b86-f749a412d9d9,node/1243277566,40.1618768,0.0612088,2026-10-04
b0d3c813-890b-4365-abbc-4262fd1eb209,node/1243277573,39.8517371,-0.5731763,2026-10-04
1522d30a-c31e-49ff-8c8c-e024f2f093ae,node/1243277698,39.9976346,-0.3973696,2026-10-04
733bb3cb-7e58-4de2-9777-9757b4bfae95,node/1243277725,40.231753,-0.2950958,2026-10-04
89bcea2b-37c6-4f0a-87c8-edf110cf164e,node/1243277908,39.9001575,-0.6980037,2026-10-04
2dc7a760-7558-44be-914f-bd8cc6c63724,node/1243277931,40.0701442,0.0024831,2026-10-04
1be3d762-ccc3-45d3-9967-a1574b5f5504,node/1243277975,39.7318293,-0.457492,2026-10-04
5f319ec8-3536-4ec8-bcfc-cb5bdd4ddc2e,node/1243277996,39.9079288,-0.5859423,2026-10-04
45c557c3-caed-423c-bd8a-1cd79858a8a1,node/1243278105,39.8815955,-0.6528144,2026-10-04
0a0eb34a-04c9-4cac-b460-e30638a0b3f3,node/1243278245,40.4618144,0.2971434,2026-10-04
eba0b2be-ac2a-4f79-ac6c-6a3d4c5741a3,node/1243278374,40.4212247,0.3058829,2026-10-04
eb520bed-64ad-4f1f-ac5e-cc6c471c1d47,node/1243278397,39.9895892,-0.4320418,2026-10-04
a7b19749-3778-4ed3-9bec-105d87786ef3,node/1243278419,40.3484764,0.0546401,2026-10-04
3af8d2ff-6808-45af-ac3e-4e6592d16309,node/1243278591,40.6541564,-0.1663006,2026-10-04
400ae14b-90fd-46cf-bf6c-09e72142295b,node/1243278651,40.5693318,0.0914059,2026-10-04
eecc03a1-41eb-4152-b665-75673b3e6aa5,node/1243278676,39.9914411,-0.5878137,2026-10-04
875afc49-eb3a-48c0-91ca-bd195208c8d0,node/1243278692,40.6260653,0.2003373,2026-10-04
38df43d5-250c-4d59-910a-88d7125bb945,node/1243278706,39.9642844,-0.7796129,2026-10-04
be0deca3-1edf-43cb-ad5a-0c3d6de121f6,node/1243278710,40.4367439,-0.3059055,2026-10-04
9fad7883-d147-4081-8e20-947c5695df2c,node/1243278739,39.9659763,-0.597411,2026-10-04
799f6ce4-1a4e-4608-bc79-da9960af9fbd,node/1243278807,39.954306,-0.4666243,2026-10-04
cf21f997-344b-40af-a544-cc2e64af0a2f,node/1243278847,40.0246356,-0.4901138,2026-10-04
0298581a-7598-4c98-8886-9025083f1e34,node/1243278991,40.0866485,0.0366973,2026-10-04
357381de-68ac-4be4-891b-b2532fbef331,node/1243278993,40.3216542,-0.058803,2026-10-04
041ccb55-cdbc-43d7-b759-b671dbfc3c3e,node/1243279059,40.2619638,-0.1113003,2026-10-04
b9e1fe05-0b02-4b54-92bb-1839039f6fc4,node/1243279089,40.5773653,0.0900379,2026-10-04
3a3dea42-5eb2-40bf-a389-c0ee46014f9c,node/1243279474,40.2390292,-0.2149721,2026-10-04
9f338f53-7084-4997-9221-188df74501d9,node/1243280788,40.1192365,-0.2239979,2026-10-04
9763741b-3d56-4671-ac01-80c3536445c3,node/1243281307,40.3580543,0.3494601,2026-10-04
545d3e7c-7b3d-41a4-b248-64415c2c45d3,node/1243281563,39.8347163,-0.7073862,2026-10-04
cec23ee9-5e09-4dcf-8f95-32bcb24fda18,node/1243281731,39.979205,-0.3380102,2026-10-04
7f49b338-fd2d-4409-9111-676c5b94cddb,node/1243281741,39.9053628,-0.6237107,2026-10-04
71042467-0a07-4633-bf86-df6ea89b46bf,node/1243282172,40.0400112,-0.5426379,2026-10-04
a7a40a8a-3a0d-45df-8c35-52d2d340e7a7,node/1243282278,40.0746098,-0.2527306,2026-10-04
51112730-c287-42b9-98ea-41092f446342,node/1243282322,39.9701073,-0.4095651,2026-10-04
bfc07751-5d7e-4b05-b1e7-f78c46f51b49,node/1243282336,40.6979026,0.0758483,2026-10-04
7cc411e5-fece-4165-90f0-3ca17e4770e3,node/1243366027,39.6414895,-0.924738,2026-10-04
013e50ea-36a8-4602-baa3-195a943d42ef,node/1243366536,40.0576505,-1.1425041,2026-10-04
281d5366-a372-4d73-befe-b8113cdf58b9,node/1243366551,39.0904686,-0.4024998,2026-10-04
94ae8bcb-ae5a-47a2-a652-ec497cbdab0a,node/1243367268,39.7954117,-0.5486164,2026-10-04
9b7c6845-0fc9-4bb0-b7c1-454f718279f5,node/1243367778,39.6631782,-1.1537739,2026-10-04
73bc0fdf-fd05-4822-a6d4-4b3f01c8eae9,node/1243368235,39.7961949,-1.0218346,2026-10-04
9f1d5224-7c32-45fe-983c-f683fbf66452,node/1243368452,39.678043,-0.3505501,2026-10-04
33575666-610b-4c4a-8962-57db63af2acb,node/1243368908,39.3583062,-0.8503291,2026-10-04
4c5b46dc-9504-4ff9-a2f3-7b9d348dd9a8,node/1243368998,39.7304721,-0.2967248,2026-10-04
d455b31a-8034-4676-a925-79f87da06448,node/1243369089,38.9711542,-0.4385591,2026-10-04
23a8bde8-aa93-4d27-b6a0-4ae816fd78aa,node/1243369291,39.6662688,-0.3955652,2026-10-04
867a0e66-f18b-4020-9e66-ec3c9bf4f6ca,node/1243370639,39.9183458,-0.9609404,2026-10-04
82c239c7-9f03-402c-a03b-fc1c35061c7c,node/1243371308,40.0519954,-1.0858672,2026-10-04
bd0d6d0e-ee0e-4ee5-881d-c2fe1732dc52,node/1243371414,39.9167223,-1.0325146,2026-10-04
cac5442f-7c55-44c0-9f19-5ec0d07da6c6,node/1243371440,39.7021719,-1.0156897,2026-10-04
b1dc94a0-ea20-467d-bded-0de52688cdb1,node/1243372225,39.6939604,-1.0673591,2026-10-04
da7ad2fb-66d5-483a-9ee5-43dcaca5575e,node/1243372271,39.9314541,-1.0376256,2026-10-04
a391cfd9-027a-43cd-946b-9bd8ed964c93,node/1243372279,39.3175909,-1.1656475,2026-10-04
4ded9eff-7434-45ae-a1bf-d2f99f6ff1a9,node/1243372540,39.0073314,-0.3273303,2026-10-04
2fa177e2-0350-462e-9ec7-f189baadfa36,node/1243372956,39.1957846,-1.0629601,2026-10-04
1d7febb3-2ddf-4719-b754-418a0808f899,node/1243373136,39.2636226,-0.7967996,2026-10-04
26e30643-388e-4452-b621-4629beab3596,node/1243373191,39.3979421,-1.4022737,2026-10-04
5137b673-c96b-4099-8c67-a6695f5b3456,node/1243374018,39.7855041,-0.7687239,2026-10-04
2684c636-f76b-4300-baee-f92296df5c52,node/1243375587,40.03169,-1.150232,2026-10-04
7c544880-1262-43e5-b606-63629f8636f4,node/1243375699,39.2492627,-1.0124174,2026-10-04
4cc7ab57-882b-4f67-a93b-3c9599c4efd9,node/1243375802,39.4602877,-0.8060988,2026-10-04
ce56a689-ab70-4b69-b196-c4b872633ce9,node/1243375952,39.6675348,-1.1602545,2026-10-04
d7ec512d-436f-4c95-98d2-00d76413a1f7,node/1243376379,39.7655122,-0.9253512,2026-10-04
1d2ff6f6-44f4-4178-8e63-942d3588b3b2,node/1243376663,39.3635406,-0.9156705,2026-10-04
9d3e3da4-894a-46e1-86ba-8779b2305475,node/1243377072,39.1950486,-1.1392308,2026-10-04
5ad18881-a695-4f89-aea1-e98f77609a09,node/1243378396,39.4031498,-0.9413513,2026-10-04
81f4470d-65ea-4d7f-b951-1fe622681721,node/1243378712,39.0035185,-0.4896784,2026-10-04
d1a8dca3-739f-49f2-81bf-1790003d6c9e,node/1243379242,39.0951482,-0.9736972,2026-10-04
380ccd0c-f0ea-4b49-81ee-7481fa95c227,node/1243379408,39.520579,-1.0240848,2026-10-04
90223a29-bc36-4534-a978-fc871c22c8f3,node/1243379482,39.7287469,-1.0567736,2026-10-04
6704e442-18e4-40c6-886c-5a06a1f11a26,node/1243379622,39.8110531,-0.8493853,2026-10-04
96df136a-449e-488d-bccb-49841d3efa34,node/1243380555,39.6803188,-0.4058257,2026-10-04
c3239f0e-92ee-4bf5-8ae1-e47e2ca1b83d,node/1243380764,39.2111571,-1.1563131,2026-10-04
8994cec4-aa23-4986-85f3-34bdc9facef1,node/1243381837,39.8885324,-1.1985412,2026-10-04
016eaa09-198c-45b7-bc2a-bb7625f1b8cd,node/1243381849,39.7679752,-0.577258,2026-10-04
2a302a51-cf6a-429f-9a09-5a30797b405c,node/1243382871,39.2805049,-0.685829,2026-10-04
87f256de-5f16-4ece-ac84-9a28610ddd83,node/1243383233,39.2674079,-0.8030205,2026-10-04
0329fba3-23da-4c86-b992-4b84abd94780,node/1243383498,39.2795563,-0.6970241,2026-10-04
5263275f-3feb-4e47-9eb3-c3bdc8b3214f,node/1243383853,39.12891,-0.7493683,2026-10-04
bd7ec875-6256-4e1f-bbab-f39e6d297eca,node/1243384217,39.7610386,-0.2811085,2026-10-04
31cd7e47-4607-4bcb-b57b-86f467229478,node/1243384612,39.2118066,-1.130704,2026-10-04
fc37a378-e591-44ea-a06f-6dc9c75b72eb,node/1243385474,39.0671874,-0.9828216,2026-10-04
bd9cb52c-bb01-459c-a871-2a5120402e38,node/1243385536,39.1044556,-1.2040982,2026-10-04
caf59312-4c60-4bcc-bc50-c86496a5dc28,node/1243385714,39.720685,-1.0685534,2026-10-04
6673bf6f-adf9-4257-b049-b0065d8b2f8c,node/1243385838,39.2695157,-1.0604741,2026-10-04
72213990-2257-45f9-b10b-edb167686386,node/1243386624,39.7419931,-0.5030876,2026-10-04
cf818a51-8859-4064-bf0a-45d834de6e66,node/1243387003,39.096366,-1.1717732,2026-10-04
f3ba5ccd-8c87-4f6a-a47a-49001ff05b8f,node/1243387073,39.5302857,-0.9686939,2026-10-04
804c7bae-3722-4857-9e69-a3c88fd491af,node/1243387180,39.7321062,-0.9182827,2026-10-04
b17e9725-bb0b-4263-90fa-84e234a19231,node/1243387289,39.5911287,-0.3048012,2026-10-04
b251dee7-8830-47b1-a700-f89702f0f9c1,node/1243387310,39.1399566,-0.9979144,2026-10-04
40c11c73-cf4d-4d8f-a9a0-9a55669d4f24,node/1243387409,39.7894646,-0.3709784,2026-10-04
bbdfc364-929b-46fa-aede-311d57991097,node/1243387484,39.8084005,-0.7811303,2026-10-04
075b7175-4088-4fb7-bde2-e2ffa899482e,node/1243387530,39.6179343,-0.8865818,2026-10-04
8b9f8445-e8ec-4f4e-8aa0-3aef67c8b9a6,node/1243387666,39.8707044,-0.9431877,2026-10-04
5cb53ea9-5876-467c-9bcb-1efa8442b59e,node/1243387919,39.6204524,-1.1371996,2026-10-04
46372b13-274c-44fb-8769-7130600e1bb8,node/1243387972,39.1258929,-0.6132516,2026-10-04
0513ec2c-a078-4968-b4d6-b8ea1e9e4bb9,node/1243388121,39.5257243,-0.8019818,2026-10-04
2d7abffa-e24e-4f46-9f17-47ae950e38bf,node/1243388130,39.8402344,-0.7595846,2026-10-04
b569ba04-8981-49c3-a10c-ffb55590258d,node/1243388423,39.2660748,-0.7009276,2026-10-04
91195af3-9b8e-4aaa-8bed-30f2b08f2876,node/1243388521,39.7178492,-0.444995,2026-10-04
e0606ceb-f2df-4e42-9237-0bfb94b531ef,node/1243388645,39.029392,-0.4700799,2026-10-04
6abe9425-4c9f-449e-8f97-af552d007170,node/1243388657,38.9878846,-0.3457821,2026-10-04
a484a4d4-3a91-4ae5-8dca-a88461ea652d,node/1243390482,39.784167,-0.8118561,2026-10-04
1f74b92e-897a-4fa6-859a-31791131197d,node/1243392753,39.9162105,-1.1969891,2026-10-04
44f4e3f6-4750-42a5-b36c-8a867291e488,node/1243393110,39.8970152,-1.1140944,2026-10-04
83ae9cde-8672-4022-89f3-377f261275e0,node/1243396920,39.6916946,-0.3827892,2026-10-04
e401c2ee-a33a-4433-b71e-32ae5bdf84f7,node/1243397591,38.8187867,-0.4663851,2026-10-04
0742bf02-e6c0-44c1-a8d6-d34008c8a1ec,node/1243399402,39.7038567,-0.4744192,2026-10-04
f2348840-c9b7-427e-8e48-9aacb2d2df3d,node/1243399498,39.2794107,-0.7775843,2026-10-04
c520c356-5e79-425e-8958-a0ea76d8d2f3,node/1243399905,39.7436905,-1.0305424,2026-10-04
4e5ad90e-7ea6-4c2d-91d3-6d0f384bf0c2,node/1243400191,39.7159617,-1.0907582,2026-10-04
381b08cf-1f41-4b3a-8ee5-72319e3802ac,node/1243401332,39.2805698,-0.9129891,2026-10-04
f0c825cf-cf12-472c-a034-e2e79951c04e,node/1243401623,39.1668158,-1.1485567,2026-10-04
3ad6626d-1e30-4aee-9b38-cd02f8375c6f,node/1243401829,39.6101352,-0.8388688,2026-10-04
08e350c2-15c9-4fae-ab41-ed1d0069407b,node/1243402400,39.7608691,-0.546376,2026-10-04
d7f55121-5e1d-4249-bb33-6c1c4fe8a886,node/1243403715,39.4376345,-1.4552911,2026-10-04
67f02905-9cc0-4df1-8582-6abd00129a2d,node/1243404598,39.7034071,-1.0756625,2026-10-04
77acc202-b6cc-46cf-8ec0-56f7121df1e6,node/1243404890,39.6591109,-0.3988744,2026-10-04
7f754f80-0405-4972-82b3-d8abe3c103f3,node/1243406958,39.3611471,-0.8695327,2026-10-04
b2e5b7a8-2585-4e81-9c95-b44e713e347e,node/1243407763,39.0282937,-1.1182286,2026-10-04
e372380c-e546-4a84-9dd2-1291c03ce050,node/1243408796,39.6803814,-0.9465885,2026-10-04
3dda0c1c-d0fe-4512-a294-ce9db610622b,node/1243409018,39.3740418,-0.8116248,2026-10-04
abaa2550-3aca-45c8-901d-c607360e6547,node/1243410107,39.6496664,-0.343858,2026-10-04
ecce538a-e5a2-4f12-a7a3-51aaf02fbfdc,node/1243411186,38.9713989,-0.5466913,2026-10-04
9585347a-93a4-4046-b7f2-0c660a431002,node/1243412242,39.7274066,-1.0403928,2026-10-04
b07f3411-bb87-467c-a255-dba5ceb21d98,node/1243412275,39.2577313,-1.0881589,2026-10-04
1d472a97-3afc-479e-8952-3325a74d585c,node/1243413216,39.3453535,-0.9459354,2026-10-04
7587463a-d3bf-49d5-b048-c0bff08374da,node/1243414219,39.7524748,-0.5787702,2026-10-04
0cd9061e-7bb3-49b9-b728-c30442be9f84,node/1243414788,39.6924025,-0.922276,2026-10-04
82246dfc-664f-4198-bb43-44fe20255832,node/1243414794,39.2833233,-0.8307289,2026-10-04
3bfe27c3-82f9-4d58-baa5-c460ef18d0b4,node/1243415148,39.2808764,-0.8093579,2026-10-04
35b2771d-e0c7-406f-ab83-e4772c9006a0,node/1243415181,39.7284776,-0.315455,2026-10-04
988379f7-9b36-4a33-9cdb-fbe81c5d720b,node/1243415380,38.8800073,-0.1704966,2026-10-04
b514abd0-b3bf-44f4-a519-2d0017e0f709,node/1243415848,39.3712747,-0.9242249,2026-10-04
5a882032-9578-4272-a1b5-78c9dc9f069d,node/1243417204,39.1060183,-1.0729272,2026-10-04
51d0ef87-b1a0-4bd8-be4d-8fcbdbbd176c,node/1243417723,39.1765673,-1.0134119,2026-10-04
040e4636-c34a-4eb6-a093-697d5cf333a1,node/1243418550,39.0904411,-0.3761657,2026-10-04
90e9c9aa-c408-4167-bbe7-bf8530519dcd,node/1243418585,39.25956,-0.7685445,2026-10-04
55aa67b3-dc51-4d8b-8417-ec3009dffb67,node/1243418635,39.1091455,-1.2289858,2026-10-04
531ae761-9ce5-44d2-b293-fe29231b40a1,node/1243418812,39.2604528,-0.8759325,2026-10-04
ca64b8ff-cf0d-49b5-a309-4f3afc9c6bbb,node/1243420513,39.9060022,-1.0561805,2026-10-04
a773912e-a151-4664-b3a8-3435cb8d6bda,node/1243421400,39.3520471,-0.6487352,2026-10-04
4fa992e6-bac5-4b2a-bf97-7a86cd0da490,node/1243421715,39.6731834,-0.4530378,2026-10-04
ad1919b8-5c4c-42b7-ac61-b37416d6e3ad,node/1243422170,39.2591188,-1.142848,2026-10-04
37de1f84-ca37-40bc-923c-bfa5eec56d1e,node/1243422175,39.7385498,-0.4005064,2026-10-04
84d196b7-e0dc-4a97-bef6-9d7418b8068f,node/1243422326,39.7071459,-0.3869351,2026-10-04
a79f823e-f499-41ff-b769-932d026649c4,node/1243422489,39.683538,-1.1180235,2026-10-04
f017f7b0-7b7c-40a8-828d-07340d1ccc1c,node/1243422631,39.7668483,-0.2825758,2026-10-04
7cc8a4f0-9b54-486e-8225-85257b3c3582,node/1243423116,38.9917611,-0.2843347,2026-10-04
89026da2-d7c5-42f3-af94-8079e630fa6b,node/1243423123,39.2634493,-1.1186987,2026-10-04
622767d9-044e-41f5-9fc9-9a80f44997fc,node/1243423153,40.0901047,-1.1446732,2026-10-04
6d0de066-45cc-4d53-ac85-e2c3f6140193,node/1243423594,39.6844401,-0.5119889,2026-10-04
655d9cae-8285-41fb-9255-c02229bda427,node/1243424924,39.649139,-0.9983711,2026-10-04
9c079e61-b9a6-4a34-9a5e-437c7d5ae670,node/1243425573,39.7218281,-0.51537,2026-10-04
88f8c896-be0d-4574-9607-1bdb36e99055,node/1243425947,39.6749441,-0.3930675,2026-10-04
8b6f6b33-c884-4d44-bcbe-b31c9725f955,node/1243426239,39.7651599,-0.5323703,2026-10-04
d0140d10-28d6-47e9-b14d-7506c810433f,node/1243427406,39.8586538,-0.8028893,2026-10-04
854adc8b-641f-4b17-b042-876e787bf1c8,node/1243428067,39.8695881,-1.1865884,2026-10-04
b73e6d75-7fc7-4589-901c-c4c885972213,node/1243430358,39.6910691,-0.4002615,2026-10-04
dd4a7364-cfd7-4deb-ae87-faa26481fa20,node/1243431019,39.6634704,-0.40767,2026-10-04
752f70a7-0f74-4ca6-aa24-6689a08c8e13,node/1243432063,39.2705896,-1.0827206,2026-10-04
f43a6146-8e1a-4745-a3c4-020c61e65f63,node/1243434683,39.8385746,-0.7706006,2026-10-04
335a3c12-c917-4a43-90c5-f865cc1fcdea,node/1243435936,39.7420301,-0.3244605,2026-10-04
3bf0dcdb-9fef-4855-bc1f-2010273ca03b,node/1243437071,39.6583736,-0.9572622,2026-10-04
034b4844-aca8-4631-94b8-0c1da26516cc,node/1243438757,39.775663,-0.6702519,2026-10-04
5f2714af-9152-4a17-8485-6b06615141a2,node/1243439684,39.1928691,-1.0614085,2026-10-04
062fed6a-06bd-4818-b717-65366c8c839d,node/1243440192,39.2697687,-0.7937006,2026-10-04
45526f01-7288-4e9f-8b20-e352ae78148a,node/1243440780,39.8243352,-0.7088445,2026-10-04
da985eaa-bb24-4015-9200-0240fbf07a27,node/1243440886,38.861027,-0.8498708,2026-10-04
30a210b5-2e4f-480a-936a-3e1b61592db9,node/1243440970,39.6767553,-0.3616635,2026-10-04
a41157e9-37c9-4019-bd81-f50c00b8cf25,node/1243441084,39.6295238,-1.170272,2026-10-04
772d8c56-20ac-49cc-8ca3-a8a13954df89,node/1243442791,39.7679304,-0.6537744,2026-10-04
27af395a-5430-4c63-8893-ce6ad88f3ed0,node/1243442805,38.8267999,-0.7426136,2026-10-04
5e3a6110-5a01-4c7f-a7df-3bb1c522f614,node/1243444217,39.403776,-1.4017306,2026-10-04
678f747c-6905-4722-a801-9fc51f5fe892,node/1243445051,39.0695966,-1.212481,2026-10-04
8df9b4e1-b527-4c9c-b94d-4480dac3e04c,node/1243445108,39.5494584,-0.9723966,2026-10-04
7ca4d0dd-cef7-4317-af42-ba9bf910c150,node/1243445119,39.7781711,-0.5261866,2026-10-04
279feae1-d087-4e9c-a487-ca8a9d698037,node/1243445177,39.7597135,-0.8179545,2026-10-04
dbfaebb6-f793-4e24-9db4-3b01d21f8fe1,node/1243445706,39.3765955,-1.1607751,2026-10-04
2e6c7cc3-99d2-4000-88df-3302b3dbcbe0,node/1243446418,39.2134777,-1.0867176,2026-10-04
ac8c231a-2e28-4539-8713-2140e61bb2e6,node/1243447104,39.2416244,-1.0801986,2026-10-04
8765dede-ff2f-41b1-adb0-9864051274bd,node/1243447140,39.35123,-1.2973095,2026-10-04
12350c22-ce20-4277-9ab9-7f6f392d8379,node/1243447850,39.8128297,-0.8653908,2026-10-04
6ffdfe3e-e2a2-470b-a52c-3fabb5aa99de,node/1243447989,40.0920946,-1.2841865,2026-10-04
131a5740-7d14-4b9e-8801-e981d1147c60,node/1243449057,39.5894817,-1.0761943,2026-10-04
5b2ecdeb-5383-4a33-861d-39a3591a994d,node/1243449092,39.6605049,-0.4144572,2026-10-04
d4f01971-65d3-465f-a79f-46773b03837d,node/1243449324,39.1201819,-0.7157233,2026-10-04
24e958c7-5a4a-4834-a9af-75baae22d6db,node/1243450588,39.5331322,-0.5826286,2026-10-04
6a15a32e-be58-43e5-990a-d00cb0619cae,node/1243451934,39.7123749,-1.0544548,2026-10-04
76838319-83a7-448c-a398-46056417429e,node/1243452233,39.0295835,-0.2880865,2026-10-04
46a796fb-2473-4bd6-8ada-23aa47e91747,node/1243452387,39.7043138,-0.4257196,2026-10-04
367a94a1-5cd8-46f9-911f-7a5327b59e36,node/1243452715,38.9238013,-0.2328944,2026-10-04
bf54839b-0b45-4d60-a9ec-fcce0394b7bd,node/1243452903,39.5741098,-0.940851,2026-10-04
07b36b30-c98a-4634-8f33-1b82cb182388,node/1243453329,39.8680906,-1.0697538,2026-10-04
61434263-711a-4c25-88c9-fcd5a2658965,node/1243453434,39.7978318,-1.1897289,2026-10-04
3ef3f76d-933c-4f1a-92a7-9bce28975fac,node/1243453445,39.8908674,-1.0544085,2026-10-04
3802e5f1-e2e7-4006-b45d-278887c94965,node/1243454080,39.2811271,-0.9268595,2026-10-04
b762fca8-8bc4-41a7-b0c7-1283017e4a5c,node/1243456200,39.095534,-0.2975592,2026-10-04
060d014c-3da7-4bdc-92a9-e099da651c93,node/1243456434,39.3705915,-0.8310792,2026-10-04
813366ce-1ff2-46cb-a5e8-eecfc69c2b8d,node/1243459382,40.0544176,-1.2628819,2026-10-04
ec8e3e6e-d0e6-4ba5-a48b-ab81f6b55c41,node/1243460347,39.1407608,-1.1476286,2026-10-04
657cd823-8d49-42c3-9bce-efac3cb468c1,node/1243460576,38.926399,-0.1597167,2026-10-04
eeb85e4a-5857-4e71-b180-4eb5280407af,node/1243460728,39.2091989,-1.0735135,2026-10-04
5b1e7738-d537-452b-ac44-c83a90cde301,node/1243462452,39.3525141,-1.0083933,2026-10-04
fc6769f0-85e0-4f4e-bdb2-462e8832444d,node/1243462493,39.2553289,-0.9453978,2026-10-04
b33558fc-483c-42b1-8383-0e4cc7557b82,node/1243463971,39.6189603,-0.9919461,2026-10-04
ca9fe0c6-9802-4d53-8ca4-109a49f57da4,node/1243464444,40.199191,-1.3124442,2026-10-04
aff1c8f1-0019-44e2-abf1-b3db19a623fb,node/1243466109,39.0269313,-0.361544,2026-10-04
50e0ae36-d504-4bc9-86f0-660d2f9b9578,node/1243466207,39.273135,-0.6814578,2026-10-04
4e6ec39b-1b5a-48dd-88ee-e16d943267b0,node/1243466768,39.2493281,-1.0479948,2026-10-04
1fb0f51e-b872-47ed-a7a6-ff607df2805c,node/1243466916,40.0000942,-1.2316108,2026-10-04
fe7a1676-2d11-4aaf-af60-7a2990a139fe,node/1243469742,39.0981536,-0.8118914,2026-10-04
fd5f621f-d3e5-4291-87a7-52096b043908,node/1243470003,40.1093273,-1.1687112,2026-10-04
be55fdac-9ad7-4c00-a060-b344519997d2,node/1243470549,38.7737407,-0.7247999,2026-10-04
27f925db-010e-43f6-8b88-9ff364412d53,node/1249810762,38.2638471,-0.8952829,2026-10-04
2219e732-e819-4c15-a732-c2bbec56c39d,node/1249810910,38.6181756,-0.8941357,2026-10-04
77bf0f6d-547b-453a-b3aa-a1d6713cd12a,node/1249810958,38.2383281,-0.9777423,2026-10-04
7c2bec37-94de-4a46-963c-445ac14ddfa1,node/1249811014,38.8145531,-0.4500368,2026-10-04
541b80eb-3f60-4ed2-9b51-d3a22cca4e69,node/1249811072,38.6014258,-0.4439453,2026-10-04
2de58c3d-7e72-45a9-93e2-fd0a6b62a544,node/1249811136,38.6686837,-0.4479908,2026-10-04
b0289eb9-622e-4083-84b9-b3d039f5f7fe,node/1249811223,38.6128571,-0.1762996,2026-10-04
9a3b80aa-8255-419b-9b58-00abd2f47950,node/1249811529,38.4959712,-0.8278739,2026-10-04
5501520d-3d65-4515-967f-e36ccffb765b,node/1249811738,38.5077571,-0.3218545,2026-10-04
213f1113-0d46-431c-a00d-9bb880a05edd,node/1249811817,38.6449944,-0.0058493,2026-10-04
0a757297-541f-43f3-a1d8-be358528a0b6,node/1249811953,38.7684514,0.0052387,2026-10-04
31f11bac-72b0-4f41-b319-92f5bd1d5410,node/1249812027,38.3295574,-0.9385218,2026-10-04
a9860a1d-1efd-46d1-b715-37b6eab9e883,node/1249812163,38.8598619,-0.260132,2026-10-04
4ba5919b-e0ab-4a21-a44b-fcb4169e4071,node/1249812438,38.7076159,-0.3724283,2026-10-04
b487e38e-c778-491b-8cb7-43eeba76b1fb,node/1249812499,38.6449696,-0.1431459,2026-10-04
02ef73c6-c7d7-435b-8b73-b94781d89e0d,node/1249812598,38.6724026,-0.3454271,2026-10-04
28d43ab1-4676-442f-84f1-03074c9cfbfe,node/1249812646,38.3624093,-0.9675523,2026-10-04
59e0f6f3-6fb7-48bf-a901-41987cb68c8e,node/1249812744,38.0895348,-0.6984709,2026-10-04
529c7d16-0d03-4d5b-8d6a-96826566b581,node/1249812950,38.8035151,0.0573383,2026-10-04
54d1b410-1dea-4156-8810-245ebd565ffa,node/1249813020,38.0926089,-0.9911166,2026-10-04
52a9c06e-8647-4ccc-bdbc-6e69018ace67,node/1249813257,38.7778879,-0.4867768,2026-10-04
a1dd50ee-b584-419f-8f26-513e5b6d7b92,node/1249813537,38.4636456,-0.527639,2026-10-04
74ca237e-bfe8-48e8-ab3f-37081a601708,node/1249813563,38.7229937,-0.0554517,2026-10-04
ce4e8a17-29d6-42e3-b150-6435cfc42266,node/1249813650,38.606207,-0.9334045,2026-10-04
e47a2e2e-4e4e-48b1-9699-08ee59d91428,node/1249813860,38.5972216,-0.193072,2026-10-04
6c07d793-83ba-40aa-b13a-410c5154e815,node/1249814045,38.7243951,-0.3118581,2026-10-04
a038e402-11c0-4149-a2f6-9cf48410e6de,node/1249814050,38.4782571,-0.7261061,2026-10-04
aa29eac4-9597-4aed-b9d8-768ebc302ae0,node/1249814193,38.5190625,-0.3069797,2026-10-04
a46eef45-feee-454d-a44b-bbd6a4a570b4,node/1249814296,38.6930163,-0.6648101,2026-10-04
0b73ed80-5231-4df7-9cb6-8109c9f953e4,node/1249814341,38.511874,-0.5600233,2026-10-04
f4014e37-0ae9-49e2-a086-6337469be42e,node/1249814496,38.656146,-0.3006617,2026-10-04
39e2b67b-2795-4f37-85a6-7f99e542a4bf,node/1249814546,38.6976248,-0.3260642,2026-10-04
ffa6d7df-75a1-4ac5-945b-2808a32adffc,node/1249814599,38.4723446,-0.8770175,2026-10-04
5969875d-e444-468c-bbcf-841bed239c0f,node/1249815009,38.8194185,-0.4479816,2026-10-04
e480b088-d557-4030-aa28-174674847d89,node/1249815357,38.5287218,-0.6646367,2026-10-04
3f50e2b5-cb21-42dd-9aec-39299375d9f0,node/1249815448,38.1249706,-0.9080275,2026-10-04
51451243-4359-4726-8d7e-ea1ca7dc8613,node/1249815781,38.7648857,-0.0989907,2026-10-04
147e77fb-bb7c-4da1-8a5c-b9d6b75e1db4,node/1249815828,38.2699912,-0.8851946,2026-10-04
fbc3de0b-3e81-4a21-a5ba-a56296888611,node/1249816147,38.6742314,-0.4395605,2026-10-04
f39359a5-f6f3-4b46-8a29-72e64d91f783,node/1249816225,38.6410727,-0.1458751,2026-10-04
4982282f-1512-4aa4-a9bc-3045480ec923,node/1249816308,38.6707097,-0.3086797,2026-10-04
8c664ed9-e341-4845-a028-b1269fe812d2,node/1249816495,38.5198015,-0.3878226,2026-10-04
10cbbc02-2a2c-484f-ae84-293589ea81d1,node/1249816796,38.76103,0.0024012,2026-10-04
9886e28f-74aa-4bd7-a69f-94697361d828,node/1249816843,38.1279145,-0.8897443,2026-10-04
c435ef7f-4083-483f-8477-6918cc17d243,node/1249816926,38.8371175,-0.3776849,2026-10-04
7e2707b9-4846-4163-a78b-8ec0604921ec,node/1249816970,38.6510278,-0.5986274,2026-10-04
9bdbd3fa-eefa-4c3b-ab1f-95160870ce30,node/1249817052,38.7666898,-0.4949656,2026-10-04
dc3ce106-b644-426f-8a4a-153e11bc7e19,node/1249817377,38.4818621,-0.9321649,2026-10-04
ddec3fe1-41d6-4c2d-904a-6292b53d343c,node/1249817492,38.5065712,-0.4223499,2026-10-04
848fa09a-54b2-4d69-975d-0789fb4ddfa7,node/1249817525,38.6495981,-0.2179774,2026-10-04
d2da6c8b-9f86-4bfc-a05c-2a67c2f10c4a,node/1249817635,38.8128227,0.1008518,2026-10-04
08dc4c59-34fe-4d46-ba9b-53bbc8be6de9,node/1249817681,38.0979386,-0.9927799,2026-10-04
90687f65-2b7e-4397-988c-fcf737ea6ca8,node/1249817804,38.5568606,-0.9716591,2026-10-04
dde232f4-4af8-4a7f-8238-90c0c6175cd9,node/1249817876,38.771263,-0.4984025,2026-10-04
450b76b2-a8c4-4602-bed7-7f781f525a39,node/1249817930,38.6293876,-0.2354165,2026-10-04
16a3ca64-3a1b-4012-a8a2-aa16ab597ffe,node/1249818066,38.7486697,-0.2444938,2026-10-04
e2d68b11-3fd8-4910-9488-d4a106937343,node/1249818132,38.4763396,-0.6146318,2026-10-04
ab85ec80-5da0-4fc4-a094-c870b67cd4a4,node/1249818420,38.5257708,-0.2949461,2026-10-04
ab4a5cd0-06ab-46fe-9a21-0ef4e8907209,node/1249818543,38.5048572,-0.5222674,2026-10-04
ef66dd30-06e1-4121-8236-a9442ab6c995,node/1249818610,38.8062246,-0.2853633,2026-10-04
0a4779da-f393-49bd-a22a-cd18db03409b,node/1249818676,38.6966154,-0.2766933,2026-10-04
32c1d944-8d24-432f-a6a9-cac8d8e87c91,node/1249818726,38.5998982,-0.1722681,2026-10-04
1267df1b-12fd-49bf-9659-3bdc79e5a653,node/1249819161,38.5225486,-0.3200197,2026-10-04
e1b4662e-7872-4867-83fa-ff071511b7ca,node/1249819348,38.0153036,-0.951669,2026-10-04
7aa8955d-031e-473d-902c-c2b5ce30bd28,node/1249819501,38.63327,-0.3329103,2026-10-04
bb2cad82-6b99-4db4-a633-a3d8d7b28fe9,node/1249819554,38.7181987,-0.2570611,2026-10-04
1f9a2f40-13c0-42b9-8c14-a597cab98963,node/1249943425,40.6343421,-0.331136,2026-10-04
19b8343e-cb45-440b-ae78-8976efd0b7d8,node/1249943690,40.7063537,-0.0064418,2026-10-04
8db429ee-e2a2-4017-9be8-23bb8ae6fab5,node/1249943878,40.5434758,-0.2770188,2026-10-04
084fdcbb-677f-4e49-822e-10078f863748,node/1249944109,40.5896994,-0.2818173,2026-10-04
61b2ed6c-c7c2-4db5-b538-70fb1e1930cf,node/1249944886,40.2663006,-0.3080089,2026-10-04
4bdb0e8f-9821-4696-a138-8240fc2c48f2,node/1249945800,40.3963188,0.2904499,2026-10-04
687507a4-f7b3-4d02-9849-40254e3503d3,node/1249946392,40.6890513,0.2102065,2026-10-04
4a1bcd6b-f723-4f8d-b1f8-6bc75803e06a,node/1249949073,39.9272051,-0.6546454,2026-10-04
13d6b979-9adc-424a-a02c-fe64b426bed6,node/1249949389,40.6076281,-0.2379528,2026-10-04
ea332226-d5da-4efe-abec-d3ace122809f,node/1249949904,40.562666,-0.2137166,2026-10-04
3dc2ebdb-e85c-404e-8052-02db41d00ddc,node/1249950195,40.7277527,-0.1920571,2026-10-04
f739ddff-97b3-41de-b949-82c4d500965d,node/1249952212,40.7543452,-0.1773415,2026-10-04
84b04d90-606a-4e40-8063-0fd94667294c,node/1249954039,40.2640586,-0.3833859,2026-10-04
ef7ad02f-5dbd-4427-b939-8a155c5a9348,node/1249954419,40.7148164,-0.1627449,2026-10-04
08888c69-b117-4c52-ace7-865800f3866a,node/1249955218,40.1028959,-0.0630904,2026-10-04
5126159c-bdd3-4a7a-9299-9209c34b7f26,node/1249957056,40.2635787,-0.2535593,2026-10-04
f569ab56-eb21-4563-b4ba-e6858ed57928,node/1249957983,40.2385227,-0.5321907,2026-10-04
865b70d8-836f-4fb6-867a-b14b23f591d5,node/1249958916,40.6898428,0.2642952,2026-10-04
a22438f7-2860-4879-bdcf-2cc3236ff9f3,node/1249959098,40.3099388,-0.280073,2026-10-04
68f5353f-a8d0-4b01-968f-f0838fd7fb7e,node/1249959203,39.9016558,-0.6823559,2026-10-04
333901fb-4d91-4589-b09f-3c3b0ba4d342,node/1249960736,40.7789127,-0.1717938,2026-10-04
0cc8c682-6ab4-4814-9301-c9bbdf5860a9,node/1249961021,40.0152791,-0.2904183,2026-10-04
02a7fc65-bb78-4c3f-8056-03b5ec8c59e6,node/1249961451,40.6002323,-0.282173,2026-10-04
7bef53d1-2ee1-44f6-83d9-01ab82da4db6,node/1260540571,39.8038349,-1.1613001,2026-10-04
04d7c553-4dce-4c1b-87f1-b5f893626cbb,node/1260541527,39.0033787,-0.2170593,2026-10-04
c5e51cdf-42a9-439e-93fc-e93a6b657800,node/1260541661,38.8353849,-0.3842175,2026-10-04
8b6f8378-6e03-4f21-aacb-2637ca71694d,node/1260541697,39.7183939,-0.9655915,2026-10-04
c19834cb-2530-461b-88eb-a13f367fa47d,node/1260542245,39.0293314,-0.2690398,2026-10-04
3e198292-ac62-4765-8bd9-e25d8f3145f3,node/1260542258,39.9181771,-1.052542,2026-10-04
6acf4669-4fe0-4bc4-a350-2a19226cd23b,node/1260542332,39.2749942,-0.8921378,2026-10-04
55bc839c-12ec-4685-8079-c84b6d3fb1aa,node/1260543213,38.9490008,-0.2889162,2026-10-04
9ca94a9d-6f8d-4e8e-acbd-46e104a9e0de,node/1260543244,39.7241569,-0.931482,2026-10-04
a51909e8-6ac1-45ad-a65d-b9becf221e5f,node/1260543428,39.4915222,-0.9418913,2026-10-04
6033e010-acc8-43a7-b9d7-5c1f23f19fa2,node/1260543446,38.9245989,-0.1459941,2026-10-04
3b059eaf-cfc5-4279-9264-4da9f5857991,node/1260543625,39.3239848,-0.9254658,2026-10-04
cc7d6ff9-406e-44cf-803e-afe13f9d80d0,node/1260543708,39.0262354,-0.3347973,2026-10-04
54627c12-0e6a-4a46-ab7b-99f9392c0bd4,node/1260543993,39.2596561,-0.9619314,2026-10-04
253c3daa-2a11-4a83-a8da-90e0124235e0,node/1260544561,38.9118457,-0.267613,2026-10-04
ffc3fb52-40da-4687-8b7b-ad2e7e83accf,node/1260544573,39.6162717,-1.0969558,2026-10-04
9e476a71-6bfe-4868-8c5b-da473971a3fb,node/1260545026,39.2751328,-0.8670283,2026-10-04
a8fe7600-6777-4354-8c73-1d54e3175a48,node/1260545106,39.0327924,-0.258222,2026-10-04
7e84681f-61b5-4b4c-a955-5c0defeb7b1c,node/1260545246,39.2604252,-0.9298742,2026-10-04
d6b34917-8b14-4989-a7d6-53a7c028686f,node/1260545520,39.8261697,-1.1363121,2026-10-04
4b3b2804-067f-43fb-a105-682ea1046a3b,node/1260545797,39.7808551,-0.6641644,2026-10-04
dbe5e9e0-b96c-4380-9b52-2860f11e9683,node/1260546042,40.7260971,-0.0437419,2026-10-04
eaf5a9c0-76ab-4aae-ba65-95fbe62d36ca,node/1260546243,38.8755079,-0.3459504,2026-10-04
ebc89051-8a73-44da-add5-602a8e972ad4,node/1260547364,39.3096943,-0.9448172,2026-10-04
a05adcae-3665-4797-8223-95ad100a62ae,node/1260547575,38.945718,-0.5094129,2026-10-04
1dd7d616-cfa4-4d35-945d-740d25a358e3,node/1260547655,40.6578709,-0.378776,2026-10-04
e68814fa-fff3-4fe0-87a8-094d2413c63f,node/1260547675,39.2395525,-1.0716871,2026-10-04
076011f8-cee0-4008-85a5-bf62a4d0826e,node/1260547829,39.7456073,-0.8542558,2026-10-04
027004f6-ead7-4041-8bce-d498e43aa3d7,node/1260548051,39.5710818,-1.0996817,2026-10-04
e1dcb37d-eeab-412b-8865-0a275f35936a,node/1260548105,39.7740604,-1.0969107,2026-10-04
7e5876cf-11c5-44f9-a99b-cd8ee4aeef63,node/1260548505,39.4259343,-0.9137509,2026-10-04
34b22336-1e32-470e-a4e7-f48de8775115,node/1260548534,38.9929321,-1.1490964,2026-10-04
c29a8146-ddf2-4c3e-b8b4-32738d6c1c39,node/1260548590,39.9581358,-1.0682045,2026-10-04
b019d438-8267-453e-a8b7-0652f09004d6,node/1260548997,38.9889552,-0.3340463,2026-10-04
3322cc16-24f5-463d-ace4-38dd556477f6,node/1260549010,39.7120065,-1.0032963,2026-10-04
221b7cd1-67ff-4c30-a88b-66e309b7a986,node/1260549404,39.0090947,-0.2665786,2026-10-04
6a770f51-7183-4cb9-abfa-a6f98f328590,node/1260549770,38.8775697,-0.3353459,2026-10-04
1b961526-01e4-4a47-8d54-7373868731ca,node/1260549781,39.0021134,-0.2555216,2026-10-04
457c2409-6768-4288-bd27-2f205e4202e3,node/1260549787,39.3701159,-0.9843956,2026-10-04
47c06571-fb1d-4c73-8f8e-3922e767a8bf,node/1260549824,39.0154731,-0.2808152,2026-10-04
98425ba2-a95e-4f91-a7d5-2b1c3225a784,node/1260550056,39.8025805,-1.0503957,2026-10-04
a39761c3-d0eb-4420-b981-b47930e77db7,node/1260550194,39.7069102,-0.8944949,2026-10-04
01247130-a0dd-4317-a4c2-9d4c0a47bf68,node/1260550395,38.8399171,-0.4021647,2026-10-04
8e335a22-ce8e-4fa2-8482-163879fcd6f2,node/1260550647,39.0254781,-0.2546775,2026-10-04
dfb6bed5-e3ad-4793-87a7-e0f243cadd8a,node/1260551146,38.9896551,-0.3872934,2026-10-04
4a0695ab-026f-4c55-98f3-927576bf0715,node/1260551525,39.8002459,-1.1282403,2026-10-04
5816b8c2-e945-4533-9c3a-632449180df0,node/1260552387,39.0456876,-0.6225747,2026-10-04
9e4fc79d-043e-4072-ba90-c3ee9b93a0ee,node/1260553665,39.0089299,-0.2261106,2026-10-04
eab73a78-16f8-4c83-a94c-e17022b48d97,node/1260554027,38.9748197,-0.2253809,2026-10-04
26d3dfc6-df79-44bb-907a-5a7c13d7c32d,node/1260554202,39.6909633,-0.90572,2026-10-04
62e2923e-e0c3-49be-a727-be732a4f3173,node/1260554837,40.7273005,-0.0647628,2026-10-04
7f45eebb-56cd-4715-9d6e-0d39075c0a74,node/1260554948,39.3680844,-0.9727451,2026-10-04
5ae23b10-a314-48a4-aa37-9e9ea2bc4fca,node/1260555654,39.7720216,-1.0309676,2026-10-04
41e42254-37a8-4a78-9f66-8a15f7390982,node/1260556518,38.988676,-0.2927275,2026-10-04
a8a9a921-d4d2-4f63-a906-a73fb90396ad,node/1260556627,39.7048076,-0.9676085,2026-10-04
211c7f31-97c4-4302-8f78-eb71162c85f1,node/1260596845,39.6420772,-1.3503456,2026-10-04
cc32caaf-e489-4c5a-81ff-a660cb6658b8,node/1268535842,38.5856949,-0.8785233,2026-10-04
f6826516-c54d-418b-999e-f88a6bb6cd04,node/1268536290,38.6434314,-0.8901885,2026-10-04
782652ce-9dc9-48c4-a798-5910da005bf2,node/1268536833,38.6069252,-0.9056204,2026-10-04
82bfd49d-5e91-48a6-a92c-fc07d3879d2c,node/1268537519,38.6004399,-0.9599642,2026-10-04
daf4dc01-feca-4788-a0ae-7c14db4e7990,node/1323432542,38.1056553,-0.978927,2026-10-04
9b590654-1caa-4c6b-9d94-50a056d9fe92,node/1426245189,39.5188823,-0.9879612,2026-10-04
48c198eb-c3b0-4968-a37c-547aeb8c19ce,node/1612904750,39.54181,-0.6077768,2026-10-04
1b4935fc-f1ac-43dc-85cd-e1097fdcb83c,node/1661050856,39.6714594,-0.380681,2026-10-04
746c6550-f07f-449f-b237-dbbfe47201ca,node/1699455964,38.9741149,-0.2211937,2026-10-04
25b45f65-df57-4930-8e4d-5da04b5852c8,node/1822383989,38.5108174,-0.6554654,2026-10-04
50d57fc7-deaf-4ac8-bb64-b452fb74292e,node/1822383990,38.5419469,-0.7349214,2026-10-04
c2358793-412b-4ca1-871f-c608fe06573a,node/1822383991,38.5571265,-0.6939394,2026-10-04
c4ad6cf9-f0f6-4531-96f6-305cbfd8a19b,node/1822383992,38.503911,-0.7562734,2026-10-04
d0ac0098-cbc6-494e-8925-6e338f1bb707,node/1822383993,38.4538041,-0.7191452,2026-10-04
04d8a48c-92d7-4925-b36c-f162fd1f128a,node/1822383994,38.5329365,-0.6721161,2026-10-04
af6ddce7-6cbc-42cb-8a7c-e2c54d062e7e,node/1822383995,38.5514513,-0.7441857,2026-10-04
5b6c8bd7-7513-4f0e-8a08-cb35e5557151,node/1822383996,38.4958685,-0.7143793,2026-10-04
4a5219ee-35a4-4511-b711-d34696d4cba7,node/1822383999,38.5050986,-0.6363091,2026-10-04
b5eed91d-31f7-42f1-9e27-0d3adce15df3,node/1822384002,38.4901418,-0.6852318,2026-10-04
07593847-c6c6-4fe8-816f-75ca247ca6c8,node/1822384003,38.5706959,-0.7301063,2026-10-04
3f96a6ef-f450-4502-abfc-8eac277b3668,node/1830792716,38.8145452,-0.1496332,2026-10-04
6385d905-62ab-46be-bbaf-43acfad1811f,node/1836094628,38.7578464,-0.4878421,2026-10-04
9a4f0b7b-c55e-4fce-832b-cd319afbbb62,node/1889022390,38.6352988,0.0138548,2026-10-04
2355ab95-3d07-4851-8e44-51443589b0f9,node/1929935745,38.7043036,0.0004391,2026-10-04
f32fa1e6-6147-425b-bada-52b3491bfe40,node/1962462590,38.7389514,0.0414431,2026-10-04
80cfb75f-c5fb-4e51-beb0-b4420f09c8c2,node/1977576968,38.9027121,-0.1506224,2026-10-04
68f4f5be-9e2c-4b2d-a867-d8d86bce640a,node/2066246746,38.7496067,0.070978,2026-10-04
63e70cde-cb8a-4606-8ebe-6e6b3cf820cc,node/2235215438,38.723344,-0.0891085,2026-10-04
e6a8a7a7-0ac3-4be4-b482-5fa69a82565c,node/2338047148,38.9688799,-0.4754063,2026-10-04
2aeba61b-b6ce-469e-89a9-79d8cb607435,node/2510476124,38.8035315,-0.898795,2026-10-04
e22e7b83-44bb-45d0-bbf5-83ecdbb7c910,node/2552146930,38.6573005,-0.2462473,2026-10-04
bfe191e9-b279-4628-9e44-bd19b13ce82f,node/2640792293,38.8095288,-0.2573623,2026-10-04
f0df113b-d709-4874-81c1-2215b73bc13d,node/2734387072,38.0941114,-1.0172623,2026-10-04
88cf25d6-a61b-42b5-88fe-7876434930e4,node/2735403337,38.4523583,-0.7058774,2026-10-04
c3854d7c-f960-48d6-8e63-13864d16f996,node/2788690948,39.0174028,-0.2901639,2026-10-04
c64e894e-ca44-4ccf-835f-93fd43a7970a,node/2864130798,39.9364447,-0.3431708,2026-10-04
f8e4fc2b-bde7-4dea-822b-974f74ec010e,node/2907291726,38.7965487,-0.127431,2026-10-04
cc3b754d-6521-4772-9337-da5994b5257c,node/2933443440,39.7254516,-1.2179569,2026-10-04
2c1fb312-a5ae-4c49-97d0-b948ee33716b,node/2933443441,39.7226832,-1.2242775,2026-10-04
8a14f9bd-814c-4e2d-af8f-b222840e2cb2,node/2941864475,40.0676619,0.044431,2026-10-04
82f1d5e0-e89f-44cc-9102-4837d0c774d2,node/3016407429,38.9815725,-0.6535179,2026-10-04
7db399a2-4104-472f-8d05-da6becb8502d,node/3023053532,39.9458262,-0.2893823,2026-10-04
be131799-4010-4c87-849d-d6bb77e6bbd0,node/3048779821,40.0718948,-1.1108069,2026-10-04
f6120f0e-5318-40a2-95f6-9c8ae5f07a07,node/3056896514,40.0773455,-1.0906766,2026-10-04
1d4d3c2f-2cc4-438b-bc1b-1bd66c568279,node/3056978747,38.6879533,-0.4364362,2026-10-04
a49144d8-08ca-412c-9bee-1c87cff88ca5,node/3113735814,38.5104,-0.7511939,2026-10-04
ed253c62-039d-4c70-a712-e8c54df985c9,node/3122689827,38.8224288,-0.1230274,2026-10-04
b5c12bd6-9781-415a-9d5e-f45769562c59,node/3251644599,38.6963058,-0.0082988,2026-10-04
c6414778-d379-4a30-b6d0-a537cbcbba81,node/3264770366,38.8266111,-0.0344956,2026-10-04
e6b9413e-1da9-4af4-aaa7-9fbec8c38617,node/3280611015,38.7681013,-0.1467773,2026-10-04
25a77416-9555-4362-926b-f387b241ea8a,node/3335655721,38.9050851,-0.1582968,2026-10-04
f4c61e91-3bb3-4120-bdae-70616beb1eac,node/3369779225,38.7193254,-0.0137273,2026-10-04
8d2588f2-d8d4-4936-8a04-7734c6f72a11,node/3385778023,38.8829457,-0.6898479,2026-10-04
f4b57a41-c89b-4061-ae77-9b03ca1bccfc,node/3405607141,38.8917446,-0.6681373,2026-10-04
bcb71199-89bf-49ec-bea2-e01d512b5e39,node/3405618475,38.8938194,-0.6610835,2026-10-04
a231c2b9-8bd2-4e77-83a5-468c43b0c306,node/3434673957,39.8671951,-0.3058646,2026-10-04
81b5abdf-36f6-49dd-9c26-4a0885483870,node/3434673958,39.869768,-0.3434163,2026-10-04
68010c96-ac8d-4649-b1b9-fea89494a701,node/3434673959,39.8574465,-0.2920295,2026-10-04
5ea35b79-b929-4f89-a38c-c4d4fe2895cb,node/3434673960,39.8720608,-0.3247975,2026-10-04
98a22f9f-dbdb-4d82-a89f-3d6286e94c4d,node/3437517297,39.849449,-0.3104693,2026-10-04
e452ad73-e369-4380-8f57-cfd5cf7d336e,node/3439516006,38.8286889,-0.1107632,2026-10-04
626d8ced-a28c-4edf-97ca-dce4240014d0,node/3593959051,38.9974241,-0.2888661,2026-10-04
7ed7ab90-ca34-4974-9bbf-c17b4bd77cf2,node/3607383380,38.8319963,-0.4076379,2026-10-04
28c11698-1f62-4763-ba14-c3ba36b2e2be,node/3615572560,38.8310969,-0.4140249,2026-10-04
9675ec3b-0871-41b4-806a-ac7eb11945d3,node/3618528881,38.4186578,-0.7674137,2026-10-04
adda97f5-2067-497d-811a-d45a0d976909,node/3685408243,38.7612285,-0.2754882,2026-10-04
644a914d-2ff1-43ab-aa52-9e71ca1ed405,node/3707351391,38.5253626,-0.9476224,2026-10-04
a4a3fb6a-cc75-465c-93b5-1b5f2bf40c38,node/3759214226,40.3059068,0.2926111,2026-10-04
7ef63136-6806-4549-86d8-93515fac15e4,node/3875331466,38.562804,-0.2447364,2026-10-04
b3f64863-c108-47d7-875b-b07e3e3d6ae0,node/3885358694,39.3098634,-0.525103,2026-10-04
c914ae14-e41c-4bed-a29d-a28702ee0b4b,node/3915164372,38.8180369,-0.0837583,2026-10-04
d06e0315-42f4-4fde-a6f0-ca822b50b579,node/3928620130,40.288761,-0.0098801,2026-10-04
facff459-af52-4b80-95a7-bb24cbe5a087,node/3928620156,40.2955331,-0.0059726,2026-10-04
af738e38-8b29-4e75-b262-2a0df1be3989,node/3947680618,38.7231402,0.1614508,2026-10-04
11db3ced-92c4-4613-abe8-5e7c2379afd9,node/3950003430,38.8459845,-0.3615997,2026-10-04
8258a441-b973-4263-a396-4d9fdcc1c5ad,node/3950077822,38.8669586,-0.323571,2026-10-04
990eff62-890b-4d2a-bb95-89d5a2db0d33,node/3950087540,38.8664322,-0.3100619,2026-10-04
dceda544-7ec3-4302-93cd-697188384246,node/3951795124,38.7589274,-0.0199442,2026-10-04
8f5a55eb-83a6-49f0-9d29-ae30b53dfafb,node/3986487478,39.0040767,-0.3155384,2026-10-04
f664d76f-f19f-4da7-b026-8897f61908ec,node/4012866266,38.7055927,-0.2010867,2026-10-04
5c86e9ed-05d7-407c-8f0b-937d02746582,node/4012868089,38.697618,-0.1738515,2026-10-04
2ab4dfbb-2afa-4f5c-be98-821ffa5cd3a9,node/4012876231,38.7011003,-0.1853881,2026-10-04
6fbba299-0518-40f5-b5b0-d69fbc8ebd30,node/4012913544,38.6949149,-0.1628194,2026-10-04
6ee8ae40-c782-462b-b5d7-4026a5e90dcd,node/4014706665,38.7165256,-0.2746227,2026-10-04
394c3431-d552-4c2a-a075-4e7981fe681b,node/4016575119,40.0957614,-0.2586508,2026-10-04
b1a8be7e-dd91-4ada-aeaf-cfffbd063944,node/4049379629,38.7087265,-0.054184,2026-10-04
240e602c-801a-4ce1-b54b-953b0295ea8e,node/4055266291,39.9814365,-0.4508329,2026-10-04
d53ff4ec-5219-4c9f-95d8-8caf26c4832a,node/4173799417,38.8079329,0.0449548,2026-10-04
804bc28a-1f27-49e7-8672-d239b0aa9d55,node/4174241539,38.8086508,0.0419947,2026-10-04
622a8b46-c3f6-4860-a094-5c03bb74a7cd,node/4230119477,38.9872494,-0.5065915,2026-10-04
99b66bc8-7868-4651-939c-82a44e4fe302,node/4230177474,38.9835204,-0.5115551,2026-10-04
0f09a92a-6c7a-4df8-9d89-bb5abb10113b,node/4230330004,38.9709906,-0.5375936,2026-10-04
6bf88777-27c8-4c47-9409-1e59926596d9,node/4268162669,39.305207,-0.7784335,2026-10-04
e4809d3b-7585-4532-bee9-ec9351e46604,node/4283419911,38.4738058,-0.8167917,2026-10-04
b0e2ab8d-e5f8-4b1e-a3fd-1fa6c12eda97,node/4359973578,38.4064689,-0.7989202,2026-10-04
a6b07c9c-19f4-4fe7-bcd2-d46a0e4a6dde,node/4419182434,38.6611757,0.0147044,2026-10-04
ad849895-5374-4626-b9e3-43a396fa37d9,node/4441049894,38.4782967,-0.5098266,2026-10-04
d0260b6a-f929-42ab-8b77-db0be52ad9e4,node/4456185922,38.7129665,-0.0011481,2026-10-04
c1a6a3dc-7951-4d46-ba77-6ea25aa14e4c,node/4470209059,38.6289352,-0.1634232,2026-10-04
3b589330-f32d-474a-ad77-84b68014e4d9,node/4470219833,38.6183254,-0.1864068,2026-10-04
11ac40fc-3c73-45c1-bc0d-88f1a7054af2,node/4471750807,38.6420232,-0.1871326,2026-10-04
0b420768-9f8c-4bad-a6a7-e79cf35c07eb,node/4471770985,38.6320036,-0.1852615,2026-10-04
3dbe9e4f-56a0-4629-94dc-ee22d2c9b0da,node/4475377804,38.3201367,-0.6793212,2026-10-04
bd7664fa-599e-470f-a01b-38069a90d514,node/4475527374,38.3172338,-0.6922883,2026-10-04
6dc3d563-4e94-4dff-8472-68098e54307b,node/4510168635,40.0908781,-0.0598367,2026-10-04
81fab18d-fab7-40c1-8f5b-f45faf77b5dd,node/4535691233,39.9121506,-0.2379788,2026-10-04
fd9f9d42-6ba4-4505-969f-7b19a2839a65,node/4741655126,39.8624982,-0.2244403,2026-10-04
027222cd-c84c-4066-9338-6288d4ee86cc,node/4837104449,38.6478665,0.0181269,2026-10-04
8e1b4cb3-0a5d-4dc9-bf57-81a9aae9ddc8,node/4897702804,39.8880286,-0.4215549,2026-10-04
ac2011b1-4db6-4ac6-bc0b-d02459f8285e,node/4897702829,39.8951048,-0.4348023,2026-10-04
78c166cf-4fee-4afb-9157-84f8238dd78e,node/5003881957,38.4818,-0.73731,2026-10-04
d5dc732d-138c-4c58-8a7d-1c97ed998d8e,node/5051180194,38.3484449,-0.4796061,2026-10-04
0249bef5-bdca-4caa-8425-a26acba66134,node/5051225632,38.3588761,-0.4590049,2026-10-04
f6b3fea0-55e8-4eff-b9ec-2a7b01500047,node/5077713067,38.7719337,-0.0668381,2026-10-04
bea7e20a-d3d0-4b36-a397-541392a732ee,node/5109812168,39.6443294,-0.3150684,2026-10-04
81a68d3d-9ff4-463a-8710-fcb560cafa53,node/5262739944,38.5386926,-0.8658459,2026-10-04
f2f8222b-b242-4b81-ba05-95a4406d3c2a,node/5268517123,39.6726216,-0.3445271,2026-10-04
e8d1f046-1d9a-4c5b-9736-9c4679cbcce2,node/5312062468,40.7162833,0.2273394,2026-10-04
81c190f0-9ab5-4dd0-908e-150402e96a40,node/5312062515,40.7241334,0.1972873,2026-10-04
6253c2a1-23b6-4469-8f8a-5ec546de4ef0,node/5378221823,39.8599619,-0.3557923,2026-10-04
578e04f4-e848-4d97-9f20-eea34a91c51b,node/5417545927,38.4891325,-0.6801546,2026-10-04
2071e624-425c-4416-b52d-655dfd6c46d4,node/5499699197,39.936341,-0.427847,2026-10-04
d45e5abf-b7df-4751-b710-42de3f3e1a7d,node/5506623515,39.9109336,-0.2128283,2026-10-04
8d720a20-966d-4959-9fa4-c5e647e4df2f,node/5615417320,39.8422583,-0.2556628,2026-10-04
be6bc1a4-9bab-4385-9617-c61b4e301365,node/5618302911,38.5277519,-0.3952898,2026-10-04
07ac165a-f5d4-4bc9-8bba-af4fdf1a19bd,node/5638646334,38.8665034,-0.5897732,2026-10-04
8949ccc8-c257-4039-b160-1d7f65b2d3a2,node/5927857685,39.9688549,-0.425224,2026-10-04
76afd126-bee8-464c-bcce-b3c80e43998f,node/5927857686,39.9846835,-0.4344535,2026-10-04
5732cc90-1bf8-47d5-818b-10e7ab600bc5,node/5927872485,39.8865944,-0.3369199,2026-10-04
aaf0ac9c-6344-4fcc-b7e3-48fd077c3b22,node/5935276670,39.847698,-0.3342891,2026-10-04
f7db307f-9984-4a67-a005-0dbd6b7c25a6,node/5935411508,39.9019634,-0.2239385,2026-10-04
15cf881a-e34d-4d30-a14f-00ade9eebeb5,node/5935411511,39.9071233,-0.3403831,2026-10-04
a30f6e98-38ab-4b7f-aa4a-f486544429ac,node/5935411512,39.9220072,-0.3038609,2026-10-04
bb8e1085-500f-46f8-bb62-65fdf997fe5c,node/6027682875,39.68185,-0.445649,2026-10-04
263ae54e-be0b-4eb3-8ec2-d40c76fe7d6a,node/6038876413,39.7105424,-0.496262,2026-10-04
8af39a48-539e-41ed-abc1-8f5e72637864,node/6129460805,39.9288446,-1.0169582,2026-10-04
781f0851-c333-4a37-a7e8-cc6d3512f1e3,node/6190988400,40.6724641,0.0970524,2026-10-04
adb66a8b-1ac0-498d-94e3-35cd8e3f3945,node/6195247582,39.9713651,-0.838885,2026-10-04
530ff2c8-a756-49da-aaba-2a06a7c5872a,node/6205275664,40.0044933,-0.7729203,2026-10-04
5cbbc2c5-42d1-4a3d-ab35-9d504f87742b,node/6205307192,39.9006658,-0.8038344,2026-10-04
c6b9bbb4-0614-4322-b459-45d117e60a22,node/6228027353,39.9289238,-0.7717818,2026-10-04
1bf2099c-16a3-4930-b337-2e2a37b79e4b,node/6228033921,39.9364449,-0.7900267,2026-10-04
5357d29d-1941-4622-a287-5794c68c5364,node/6228047417,39.901348,-0.7798916,2026-10-04
7125c9bc-397e-41da-b54f-56b9b240ac29,node/6287011926,39.8569018,-0.2628726,2026-10-04
827efb9d-c5b8-4a69-8056-9ea14ceb4e55,node/6287011927,39.8612796,-0.2463985,2026-10-04
d7046c16-cb09-422a-bb1a-c42e0cd41bd6,node/6287043796,39.9798003,-0.3685785,2026-10-04
d2a28a96-7a61-4912-8a8a-2e1564a5d607,node/6319084841,39.8945739,-0.3821443,2026-10-04
7b3a2cf2-f5c7-44ef-a0bb-b1bcd36ff8f1,node/6337874045,39.8531898,-0.2397512,2026-10-04
a3001d00-d3a1-484b-b00e-f74cba068ea5,node/6363425067,39.8666591,-0.3997391,2026-10-04
df0fdec7-71f5-4f86-8ec5-6e9a7f95fbce,node/6395579066,39.765692,-0.5078428,2026-10-04
7dcc7ffa-b071-4614-9878-459128288720,node/6401955639,39.6819478,-0.3429157,2026-10-04
c9576da0-0401-4116-b4df-fa9998dcec4c,node/6417176017,39.103127,-0.310859,2026-10-04
6bab402f-d103-4238-8a88-63134df9b1eb,node/6417176018,39.1297353,-0.3481944,2026-10-04
c588b0cc-c991-48d8-9931-64601d68891a,node/6430722650,38.7592114,-0.5519529,2026-10-04
19180d12-5413-4047-8897-31043af0bb01,node/6438208516,38.6502907,-0.5413465,2026-10-04
4610da8b-1807-4718-971f-8d1bfcd92427,node/6438911242,38.7522497,-0.5180442,2026-10-04
5e4527d8-b0e7-4bc7-9dac-2e83bf19b3b7,node/6438911268,38.7552982,-0.5075049,2026-10-04
dcb0b30b-1ee2-4170-932a-8754d2c4c258,node/6454236089,38.8220987,-0.2683605,2026-10-04
b55021f6-e312-4bf5-99ba-90956fb8fd97,node/6454236129,38.8159912,-0.3068202,2026-10-04
b72f1c2f-34a9-4e2f-a96e-71aeb98f38b6,node/6454312316,38.7965279,-0.3224017,2026-10-04
99bd0614-83f8-4103-aec4-42e780582113,node/6455606666,38.7553223,-0.5891003,2026-10-04
fe622e40-3157-47af-8d7f-2e9ed4f30032,node/6455627977,38.755531,-0.5656378,2026-10-04
c1aed06d-9599-43cb-9ca6-1762cbf52468,node/6456207740,38.8041975,-0.2782718,2026-10-04
a99ca173-7698-4032-8ce3-917afa836572,node/6457573360,38.8076721,-0.2648116,2026-10-04
ee0d5438-60f4-4b62-b94e-bd0d95ad7f29,node/6463624872,38.7911975,-0.2802796,2026-10-04
bc1de0e8-9180-4165-bff7-5171608136c9,node/6469343313,38.7957471,-0.3373886,2026-10-04
0c2124b2-9c58-4772-8d72-f6ea290af783,node/6476073198,38.4520368,-0.608229,2026-10-04
06d42faa-7bf2-4c22-93d5-fa2fe9d4cc80,node/6668227869,39.7358925,-0.4738021,2026-10-04
da08e739-771a-486b-9e8f-97e1069fe440,node/6707741230,40.0286592,-0.6285209,2026-10-04
1a4074c5-e55e-43c5-add6-e48865165fe7,node/6753034632,39.5335177,-0.82912,2026-10-04
21514881-433f-4df8-ab60-3d16e3073754,node/6817764858,40.0581545,0.0140672,2026-10-04
705d52c6-defd-453a-a487-0a5cdedc1122,node/6819418465,40.0759172,0.014,2026-10-04
c8b6b94e-5c1a-4a91-bcf6-8996e5c57972,node/6819418467,40.0789347,0.0200283,2026-10-04
fc755a29-5021-4e95-9e08-249c91903542,node/6920725631,40.2156511,-0.3055915,2026-10-04
614f7924-2c12-4f9f-a577-613c9d5f9cfd,node/6949824499,39.1158577,-0.3314667,2026-10-04
a14659e4-d56c-4b06-81d1-668a082cbdbb,node/6957219339,40.6369315,0.1393501,2026-10-04
4af113e3-de69-4937-9a47-114f92e43b58,node/7051313649,39.5079061,-0.7676362,2026-10-04
a2750f6e-d141-455d-b2e0-28d2c31b20f9,node/7084819078,39.9011687,-0.4092432,2026-10-04
cd97ab36-57aa-42d3-9650-a9bd42608fe5,node/7084853102,39.9200431,-0.3912579,2026-10-04
2de93144-38e2-4566-bbb3-34b1ee0259bf,node/7099964078,40.2367451,-0.3458183,2026-10-04
4dded379-ae4d-4fea-b236-a0ea61f81f58,node/7103576613,39.233662,-0.6159118,2026-10-04
36f1547f-34e0-4162-9f73-094958a8e2ae,node/7170524361,40.2817425,0.2814422,2026-10-04
6d7bbc5b-58b3-4fd3-ab58-15a9d4304964,node/7191586777,40.65717,-0.2047973,2026-10-04
da38b3d8-a777-4c93-a06f-7908da2afa70,node/7191609445,40.4536759,-0.1516209,2026-10-04
5e959a9f-33ef-45ba-ba11-38bf91645a47,node/7191615769,40.2973285,-0.0860736,2026-10-04
443de5f7-ca05-4619-9eb0-560f2a731f05,node/7191616109,40.3596362,-0.1399393,2026-10-04
5b965f94-4adb-44cc-bbbe-a602e0172766,node/7191618490,40.3375902,-0.166706,2026-10-04
7e1ef7af-cede-4040-8cd4-1a0f3132f2d3,node/7191640315,40.0616499,0.0294499,2026-10-04
631f28de-2aeb-42b1-901a-635c4c9da7eb,node/7221190210,40.6455454,-0.261554,2026-10-04
d0a4b29c-7c05-494c-94ac-461c3526b7fd,node/7221224944,40.5615344,-0.2448964,2026-10-04
05932e38-b111-4007-9c26-24ef49eb96aa,node/7233652051,40.6158643,-0.3584491,2026-10-04
3ab848be-ff65-42b7-9642-f4e4ae52afb8,node/7241195100,40.4451682,-0.1107458,2026-10-04
870ba24a-1322-4c4b-ba0e-0f63d320c476,node/7264939911,38.8500351,-0.8733872,2026-10-04
d56f8857-40cd-44cd-a2f6-c249243aef1d,node/7274026096,38.6473503,-0.5639559,2026-10-04
d2037ca3-1d4c-47f3-89b7-e56b9ce731c7,node/7274048352,38.6645173,-0.5614561,2026-10-04
cf43b439-33b2-409e-8f62-9a1a21ca4e87,node/7274055311,38.6586301,-0.5503816,2026-10-04
59050ab1-0c39-4832-b512-7fff0ca111c0,node/7274055312,38.6580912,-0.5669305,2026-10-04
85395e56-5ca0-486d-979e-db7eb8d06f16,node/7367296364,39.1177716,-0.7923311,2026-10-04
53da1247-4b52-4589-badd-fd4b79ab1215,node/7373811859,38.9069769,-0.7533664,2026-10-04
25ec9d7e-6791-4cca-8593-9578d35ff9c0,node/7380308796,40.1746453,-0.330449,2026-10-04
da850042-2ddc-4612-889f-ac5ab07e2ab8,node/7380507272,40.1604315,-0.2273593,2026-10-04
64e15b7a-74cf-4230-a890-91d3ad8ac37d,node/7380507273,40.1554847,-0.2384612,2026-10-04
89a175e1-c3af-4dc4-8b76-2335810ef66e,node/7395606682,40.1450182,-0.1978002,2026-10-04
c8954224-6ad2-48a1-8729-63ad9d7abf55,node/7416690656,40.6224974,0.1587526,2026-10-04
abcacdc0-04b3-4e15-8ba4-6da0a6e55741,node/7416690657,40.6252361,0.143425,2026-10-04
4369a4c6-b93b-4f58-bc7e-7fb9b1a7c980,node/7416695219,40.6116649,0.1702634,2026-10-04
42bf38ac-da4c-44e0-b320-e734effe34d2,node/7416695220,40.6151785,0.162998,2026-10-04
dab5786f-dc41-4294-afb6-f5e83d049602,node/7438789643,40.0551843,-0.2096075,2026-10-04
c1c272a6-7104-4927-9b25-0247c24bf1b7,node/7438789644,40.0511001,-0.2158557,2026-10-04
b88c6874-267e-4468-b07e-7785a61a267c,node/7438803004,40.057724,-0.2307821,2026-10-04
e1c8bf4a-5633-4a2d-a526-aaae35c863a5,node/7455322696,39.7406887,-0.5226937,2026-10-04
b3edd7c7-1152-4b85-bd2d-4861a6f023e7,node/7455346298,39.7366997,-0.484484,2026-10-04
cef1e215-71a0-4d76-956b-b5294d4aafd8,node/7460862065,38.5011201,-0.6736244,2026-10-04
0d2ffde8-57e9-4619-b152-a49e9e7c8d26,node/7461086436,38.5411981,-0.767265,2026-10-04
9482f709-2407-4412-a70a-4930831d777b,node/7469618555,40.0744704,-0.4157224,2026-10-04
64dabc8d-7dd1-4a31-a47b-e513ee50f508,node/7476815770,40.0522088,-0.4923878,2026-10-04
4f583bfb-c770-4cc4-a16d-3f78f2756080,node/7523784521,39.9081332,-0.2054491,2026-10-04
7b4f6027-e3ea-44b8-bcfc-074b4eb35fec,node/7543637642,39.9925812,-0.2535989,2026-10-04
f71a49a1-b769-4fda-bf31-047bf11f48dc,node/7551405454,39.6111924,-0.6124846,2026-10-04
fbf00e07-bb12-4e76-a725-adbdc4524501,node/7551405455,39.6138064,-0.6205518,2026-10-04
b5b65e8b-101f-4c5e-92f9-ae6d7ee00cea,node/7554364380,39.9354326,-0.3136589,2026-10-04
26712bd5-df0b-4cb3-897d-52021537c1ca,node/7554397359,39.9155336,-0.2924882,2026-10-04
af299a47-4cec-4afa-bfc8-5fd51e666545,node/7556829394,38.9991495,-0.2617873,2026-10-04
fdd59ec1-cb83-4580-b731-b259b6e1a368,node/7563804696,38.9953708,-0.2687719,2026-10-04
66a45467-994f-436e-8092-cf71271ca5e5,node/7567531991,38.5070875,-0.7733191,2026-10-04
0058754c-6883-4e7c-881d-b13cee675097,node/7570284522,38.5018183,-0.7807642,2026-10-04
cf1f24d2-23f6-4129-8598-3b9292f17acc,node/7601754376,39.9354304,-0.3953144,2026-10-04
aa495169-8643-45b1-9669-af897701c2df,node/7603244132,39.9212185,-0.3477647,2026-10-04
a0963ad6-8dfd-4aaa-82ac-6189f3c31c35,node/7603278470,39.9304261,-0.3696677,2026-10-04
563f4466-379a-4634-90cb-df40476abf3c,node/7603316370,39.8970297,-0.3599941,2026-10-04
a0fa5dd3-14ff-4382-8c29-af1d9fbe69fe,node/7603580089,38.6402275,-0.8484766,2026-10-04
b3d904fd-efa8-4120-ac57-e08bf8bde045,node/7639816176,40.0435796,0.0045491,2026-10-04
dc302aa4-2844-41f5-a6e8-e6d72e855b21,node/7650657795,39.8776515,-0.3579525,2026-10-04
6cf2a8b9-2134-4326-be8e-7fedbd1bbe14,node/7653926504,40.0731664,-0.3679827,2026-10-04
cab264b3-ff46-4e7a-8722-0d734399da53,node/7682379879,40.0697177,-0.3121813,2026-10-04
09dbd8e6-3837-4e0c-910b-926b10f754b4,node/7682420607,40.2359623,-0.2312483,2026-10-04
a42105d1-22aa-4a25-88c9-e4d7b9805e6e,node/7741926786,38.5336842,-0.0893361,2026-10-04
5d2fc8ac-6a23-4cdd-a4ad-fb318bb4b85c,node/7742037055,38.6634851,-0.0549927,2026-10-04
13f4f1ab-34b8-45a2-979a-489c44722976,node/7768165218,40.0573424,0.0473918,2026-10-04
d9a6cd13-c902-4987-b0f4-d40c8d2accdc,node/7772661758,40.6502997,0.0897431,2026-10-04
88f6ce1f-66dc-49db-af87-e368be98ca06,node/7773392437,40.6602138,0.0960017,2026-10-04
6673f321-68ee-4f9c-a723-cb16a51eddd7,node/7779225830,40.6595954,0.2423674,2026-10-04
399c5629-46e7-4072-a0c9-026a867e0fe4,node/7779225831,40.6602848,0.2363763,2026-10-04
96ff0db0-7f7d-4dc5-a411-82e4b059542f,node/7779343079,40.7092466,0.2220831,2026-10-04
e81545e1-0237-4254-9a6d-d2f73b0925be,node/7779438012,40.70586,0.2317637,2026-10-04
4e05611c-e9f2-49c6-8d7f-bb933f5cc7e8,node/7804004585,40.5437739,-0.0848603,2026-10-04
f11d93c1-291b-4406-bee4-3d0710995fe3,node/7891369884,38.4434039,-0.6182134,2026-10-04
a1d2c213-1637-473f-ace1-0ef31be2a771,node/7945922971,40.4694852,0.0788723,2026-10-04
576aaa03-5d38-42e5-8959-755b2fbb2d0e,node/7951827859,40.2059621,-0.3595264,2026-10-04
44762cb8-4373-43b9-bf30-871fe406b689,node/8019708700,40.0740747,0.0942415,2026-10-04
188b76a3-0d52-481d-85c3-7ad40666f76c,node/8022891027,40.0904618,0.1061938,2026-10-04
49a8903c-8314-40bb-932d-f1b5e1412a46,node/8041980205,39.5835938,-1.0138968,2026-10-04
ef827ae6-65ab-4e67-ae3d-fb6a3bea8388,node/8090489081,40.0318362,-0.6495613,2026-10-04
5b8e18af-7358-4312-bdc5-edddf06b5db1,node/8094874130,38.3291884,-0.9718394,2026-10-04
0a252bf0-7992-4965-9bae-b8e25dc86238,node/8173258680,40.6754052,0.0701037,2026-10-04
0d01261e-04d3-4e9e-b464-ac501ab09bcd,node/8173258681,40.6829075,0.0830547,2026-10-04
74303eb6-afc2-4e66-a25f-dfdc244f291f,node/8173258682,40.686675,0.0791122,2026-10-04
bf0d5a98-bc19-4b76-97e3-c64e8289d677,node/8173258684,40.6868324,0.093418,2026-10-04
32197b5d-9efe-40c7-8bbf-464535a1183c,node/8173258686,40.6847694,0.0879885,2026-10-04
733bad65-b69b-4fcf-8b18-5753dfb46191,node/8173258687,40.6885719,0.0995392,2026-10-04
5207eb0e-f362-40b7-8dec-092769d6fd89,node/8173258694,40.6590971,0.0449096,2026-10-04
f94aabb2-96bd-40f9-b212-889f3ca33fe2,node/8196063996,40.0498052,-0.0153153,2026-10-04
f2892f68-d77a-4ec3-a944-0fd1e99f5443,node/8227948986,38.5948381,-0.2018753,2026-10-04
a6808d57-2c27-4a02-93d0-de2c9a6d8ada,node/8254151114,40.3499088,0.3332953,2026-10-04
27ca3989-bfa1-4194-a08b-460f45f81197,node/8258653727,38.7061004,-0.3076644,2026-10-04
592af23c-369d-4465-9d7b-471550aa64ae,node/8259421115,38.7032963,-0.2999944,2026-10-04
c7bbc744-5eae-401a-bafb-c0fb91387c58,node/8273520493,38.4098732,-0.7109485,2026-10-04
37020475-b612-43ef-bdff-68469ce705a4,node/8276470347,39.6750875,-0.3851948,2026-10-04
34b5ff3c-f592-4193-b66a-99377f77e5b8,node/8276470350,39.6637571,-0.3569308,2026-10-04
7b04b2f5-4783-4fd9-b521-9545ab1e9c85,node/8282160638,40.0659818,-0.0021751,2026-10-04
c38e3861-35f9-45a3-bf0f-7a47cc9aa5e3,node/8291743337,38.5990673,-0.5370909,2026-10-04
f5d1e7e7-69ab-44e1-8efb-c1600c96a313,node/8291743340,38.5941945,-0.5554841,2026-10-04
b0222070-92d5-485b-904c-2e49d9cd7224,node/8291743345,38.6203241,-0.5077636,2026-10-04
f335cf9d-37cc-407a-bff8-4a86e53bc6a3,node/8291743346,38.6171932,-0.5109769,2026-10-04
21677163-2da2-41e2-9bbb-4082215884e5,node/8291743347,38.6145861,-0.5150807,2026-10-04
ddc716f0-5456-4641-9050-9600bba7f8b4,node/8291743348,38.6062528,-0.5156601,2026-10-04
ef7f9661-33bc-4959-b665-fd0064b861a2,node/8291743349,38.6149015,-0.5048963,2026-10-04
6fef3d90-7070-44f4-8e34-14c6f8bed928,node/8291743350,38.6225978,-0.4326162,2026-10-04
33405aed-8709-407b-aca8-1fe0bb8a8464,node/8291743354,38.6439231,-0.4143718,2026-10-04
234b7697-6667-4e6d-9888-7df190934458,node/8303088538,38.4105006,-0.8901175,2026-10-04
1ad68f5a-dc7e-4417-acb3-132a5157d746,node/8334089436,38.6199846,-0.4505843,2026-10-04
d78e79a6-ae22-4ea8-97ba-bf12674874c2,node/8346354738,38.6840473,-0.2893983,2026-10-04
8d67f293-36d3-44c5-906e-31be22add81a,node/8346354739,38.6804784,-0.29879,2026-10-04
919246bd-5d5e-4ab8-bec9-057cbe9c4608,node/8369732230,38.6313043,-0.1655674,2026-10-04
fcdad9d9-32ac-4a9c-aaf7-8104dcacd5ac,node/8376246406,40.0325431,-0.1093467,2026-10-04
4f44c3e2-2a9e-4985-8b77-0fce19367c36,node/8402523970,38.3821584,-0.5963101,2026-10-04
f9aab909-2523-4b56-9dc0-dac83f043b55,node/8409345062,40.0502073,-0.1049709,2026-10-04
5af80e28-d0d0-4561-812a-adc45242b43e,node/8410123006,40.0339144,-0.0638873,2026-10-04
0dc948ab-aae2-41ff-ad82-345f56628424,node/8419183583,38.385575,-0.6425715,2026-10-04
73417f3b-3177-445f-8f1e-9e1e705c0f3e,node/8419183584,38.3809225,-0.656411,2026-10-04
47820e3e-b986-4321-b14d-621fd2785b18,node/8422626796,38.6487696,-0.2513368,2026-10-04
4c48c4c8-7ac2-46c6-8e54-921dbb44787a,node/8425119253,39.1681089,-0.9520447,2026-10-04
770e6eb5-ef19-43db-9ba2-0899dd1930c9,node/8436137934,38.8381981,-0.0208651,2026-10-04
e688bcbc-6f66-492b-93c0-40d420b86252,node/8440151561,38.9986623,-0.3598817,2026-10-04
cdfa6570-387c-407b-a13f-4929177414ce,node/8455772755,38.4797537,-0.7549171,2026-10-04
6b48927c-2d32-4d85-a0dd-bb54e7dcafda,node/8467927621,38.9787601,-0.4425819,2026-10-04
4f7e0313-782c-49f2-ac5a-ac5eace36aab,node/8471122529,38.33784,-0.676987,2026-10-04
0ab0b3fe-103c-4e61-8a84-fe895aa671ef,node/8493225245,38.1214361,-0.9007562,2026-10-04
89dd2e68-c58c-4e8c-b52e-1c06cd9cf834,node/8497660802,38.7148571,-0.49948,2026-10-04
1a8e4cb7-c78a-4aed-9f4e-99c2e301ef84,node/8497660807,38.7282307,-0.4924183,2026-10-04
36b8dd0c-2d5d-4e3d-a492-eb354b823f5c,node/8505053843,39.9503185,-0.3828563,2026-10-04
6041880a-fe9b-4a8d-94c7-9d20b2f1e520,node/8508144335,38.6630901,-0.0686038,2026-10-04
99ba0da3-9b42-4fd8-89d4-89a80f7312db,node/8508152027,38.6720689,-0.0642403,2026-10-04
48dcb2bd-57f8-4f12-b54c-eba0e54cd036,node/8508157912,38.7348231,-0.7896311,2026-10-04
18fdfcd7-2572-4603-8c06-918671a13311,node/8525457188,38.7521455,-0.4807954,2026-10-04
e9d60e2f-cc62-47c1-abbb-d7551f39fa98,node/8533489150,40.125701,-0.111144,2026-10-04
ef956654-57af-46a0-8710-243fb015b0cf,node/8551744895,39.079743,-0.2785689,2026-10-04
dc71ec9f-cbc8-4ae5-86b8-ea71ff1fcf3d,node/8551744902,39.0881022,-0.3089905,2026-10-04
78949a1f-08e2-4c5e-9c37-4d7fcb7fb3fc,node/8551744923,39.1016123,-0.2942544,2026-10-04
9688bec3-42a3-4771-b5fe-f9a8e0bf3726,node/8569938146,38.9973939,-0.3228904,2026-10-04
9826ea24-12cc-4bed-8d38-bf417c7c822e,node/8603660831,38.327404,-0.6999058,2026-10-04
436f9f32-4e5c-4b6a-a42c-75446797663a,node/8614528013,38.3400723,-0.6785628,2026-10-04
0776bc0d-fa7c-45b5-8340-af7069fdc46c,node/8630272879,38.4986297,-0.8356385,2026-10-04
aabdf505-ef55-4f6d-9615-90147f7547a6,node/8647621810,38.8235594,-0.4406902,2026-10-04
8b91fa5e-917f-4eac-95eb-9b59134f8de9,node/8648260901,38.98575,-0.4147822,2026-10-04
506da0e4-23d0-4dfe-b85a-eb3b2739f522,node/8648260902,38.9955525,-0.4120141,2026-10-04
0923c3ef-9170-4a1a-9d83-6e2354ec6d31,node/8653221604,38.9987335,-0.3966907,2026-10-04
2b03367a-23d0-44a7-b17a-2f48b5b0a60d,node/8706681389,38.688085,0.0286747,2026-10-04
582ed7ab-c63a-4743-9bfd-1b1011a01c43,node/8713465988,40.0595808,-0.0243663,2026-10-04
91f9b11c-ed2a-455c-bf8b-2e15269f7b8b,node/8718930944,40.4115748,0.2001722,2026-10-04
2ae42c2c-81c7-435f-a8d7-8752d798b16b,node/8719784118,40.0088373,-0.3431079,2026-10-04
fae53130-5e18-4d3e-ab61-6eb1eb759697,node/8740035343,40.6689394,0.0407655,2026-10-04
246dc5bd-699a-4eee-8795-e2467e70bc7e,node/8815875391,38.515421,-0.6921279,2026-10-04
4839e2b6-2d3e-4484-88f3-28d2b2c5881d,node/8833484853,40.0053638,-0.4680713,2026-10-04
9a792728-6e2b-40c7-bf55-5d2d49829963,node/8849221929,39.8648471,-0.2378102,2026-10-04
a19761c5-6377-4a1e-8bfa-3d7d343b0ad4,node/8853813296,40.1802048,-0.3101446,2026-10-04
a06f37d4-14f1-4304-9563-7a48e73b9231,node/8856286202,40.397263,0.2173112,2026-10-04
7756680d-0ce2-47fe-bc57-01e27cdb99ab,node/8856315656,40.4396159,0.1994972,2026-10-04
ca388ee7-b909-42a6-8cfa-7dc6b80c6bf5,node/8858077259,38.4576327,-0.5396243,2026-10-04
123d5a16-9b78-420f-91f8-00122b11cf94,node/8887862252,38.5708741,-0.1590627,2026-10-04
caa52105-f27c-41b2-90bc-6f2fde48e513,node/8896000444,38.6297143,-0.7192447,2026-10-04
6d30a637-44ad-404d-9256-b2bf761b5f4d,node/8954995094,38.5462324,-0.5090343,2026-10-04
78e669f8-4253-47ef-8ff6-90ff45264c20,node/8981426576,38.4519915,-0.5852893,2026-10-04
6c66fec5-e465-49a5-be3d-bb80290043df,node/8981426577,38.4522312,-0.5908189,2026-10-04
39f26102-3cef-477a-b012-be1ada6523b8,node/8981426579,38.4573148,-0.6411383,2026-10-04
5dc1ed6b-f5f3-4e3d-818f-436f7f66eba0,node/8982267849,38.4967331,-1.0136732,2026-10-04
1da461bc-473b-41cd-87b2-5757b6cc69b1,node/8990644666,38.4303639,-0.6016575,2026-10-04
9573194c-075e-471b-9f68-5c8a3da52ebc,node/9018444422,40.0179286,-0.1887879,2026-10-04
c2dafd4f-db76-4fa3-a690-4aac611ac6f7,node/9026202551,40.3300456,0.3501123,2026-10-04
540e91b1-7940-4bdf-8b7e-fd95e3129702,node/9026515494,38.7234825,-0.1155558,2026-10-04
b5639256-8b65-4a55-b31d-21e8573c6b22,node/9026520312,38.7362211,-0.1492696,2026-10-04
86235c9f-9a3a-438a-89cc-8e6e2e81cbac,node/9029617748,38.2779066,-0.8586096,2026-10-04
2d42c128-b270-41dc-83d0-2fbb6123026b,node/9067812314,40.6371002,0.1624633,2026-10-04
86a8273b-2acd-41fa-a625-d066729d39d2,node/9067812733,40.6403983,0.0833775,2026-10-04
35e70752-55d6-421d-9b46-6d837cb69cdc,node/9077779526,40.6989431,0.1936934,2026-10-04
e660ae0b-a8f0-47ee-8bb7-9a18ced63e1f,node/9077779527,40.7001606,0.1973015,2026-10-04
69b3decb-4f80-4d05-9b64-ccc70e5ae27d,node/9077779533,40.7020229,0.2053853,2026-10-04
7b737fa3-85b3-4d75-84d7-5fa8959490cd,node/9100160654,40.1425065,0.0168964,2026-10-04
c75b5349-08e7-46cd-8d27-607335bee309,node/9159548020,39.1340425,-0.3301692,2026-10-04
1f170148-14d7-4c52-a637-6907406865c4,node/9162278091,39.0685186,-0.6773127,2026-10-04
ab737d70-729d-46e6-8a6e-fa3577864810,node/9162752427,40.0070962,-0.2284942,2026-10-04
dbad4dac-b38b-498c-ae05-68c098ac33d3,node/9173515349,38.8304629,-0.1772744,2026-10-04
fe83fb22-6a4c-47aa-af2c-7aa65f16d31c,node/9175240278,38.7469054,-0.3602484,2026-10-04
7e32ffc2-85c5-45da-bbbe-c15c15da372a,node/9211322173,38.8080505,-0.0926073,2026-10-04
ae2fb49d-a85e-477b-9b96-6dde4735740e,node/9230052760,38.9156695,-0.12764,2026-10-04
d352b16b-71a3-4635-b8a0-578149706443,node/9238638637,38.7597441,-0.0504292,2026-10-04
bec86af4-9e0f-42d7-aa7d-8c597aa18626,node/9238956226,39.0027442,-0.3484135,2026-10-04
0c891465-18cc-418b-be60-87aa612390ed,node/9258375595,39.9259037,-0.2908264,2026-10-04
cfd4fafb-cb3f-47da-b06d-77c24977ae61,node/9262004860,38.7505183,-0.6021346,2026-10-04
af40570d-9ada-4beb-9f76-f2238f5e2f6c,node/9294500880,39.9265099,-0.7457521,2026-10-04
df474d30-0254-4722-9079-963fc489a616,node/9294783348,40.1109276,-0.2819464,2026-10-04
bae9e43f-31c0-43ad-a51f-674d5beacee0,node/9325753170,40.0978842,-0.281009,2026-10-04
9a5632be-3477-417f-806b-825ab587c077,node/9331632649,40.0702745,-1.2810934,2026-10-04
3edba4b2-165c-4475-92a8-7f8a0b4581c0,node/9363591373,38.6005161,-0.2944631,2026-10-04
81659b67-6e14-4d3d-aa4d-9dbd608b826e,node/9393091558,40.0404174,-0.3323617,2026-10-04
ce35fb55-8bc6-4575-a3ac-63a5badd1dc0,node/9395580329,40.0677166,0.1215017,2026-10-04
c8786208-3fa1-4d43-a304-864be026078a,node/9395633886,39.7149871,-0.4608195,2026-10-04
5347d829-3f3a-406b-9df4-12fb757515c0,node/9437298769,39.5861647,-0.7720014,2026-10-04
5e20ebff-9360-4eee-b1c4-95ee8787fe2d,node/9438242384,39.5532451,-0.7851051,2026-10-04
a719b7d1-1b59-4b9f-91ce-852de69c7f9b,node/9447691604,40.0827533,-0.5235124,2026-10-04
800e0b51-ef63-4562-b127-1a3a246787d7,node/9450236214,40.0579114,-0.520975,2026-10-04
4b1af7c6-c65e-474c-be49-08854795853b,node/9453571026,39.8797395,-0.3866191,2026-10-04
0154c0d2-13b0-487d-9cca-b74390750824,node/9486218717,38.710375,-0.2919497,2026-10-04
94169685-d2d8-4ad1-9fef-f287a19a2134,node/9487715155,39.9711941,-0.3668586,2026-10-04
3c087f4e-b61d-4ddf-8afc-af9b5d132489,node/9490418955,38.6119202,-0.7783334,2026-10-04
59cc8cb2-2e48-40b7-9175-8bd571ae37ad,node/9490457905,38.5875418,-0.8214121,2026-10-04
3d021cdb-c505-4ce6-954c-1e5af2e8e152,node/9536461673,38.9020031,-0.3020199,2026-10-04
60d63314-bc84-4978-9250-85250ec02d58,node/9561030247,39.8216177,-0.5294678,2026-10-04
47889499-de30-4d37-8c0c-0f620cc7f02f,node/9572944633,39.9293473,-0.2811361,2026-10-04
5cb7925c-d835-4df8-a1a8-a1b9683b9efb,node/9581601733,38.8910319,-0.3472056,2026-10-04
e554d42d-dca3-4669-a7a6-05fc3f204a66,node/9671287357,39.513949,-0.870291,2026-10-04
9a0cbd20-1c56-44c4-923e-bde5f8d5ba24,node/9672060363,39.2627807,-0.6622087,2026-10-04
ef133f40-b851-4085-bece-e0e755ccc1e3,node/9672060364,39.2721859,-0.698989,2026-10-04
c1975307-dab5-4683-ade8-b0dde3b3f284,node/9714053647,40.0535424,-0.0389569,2026-10-04
b508c340-e7af-4ca0-b9cf-2acd0fc64a7a,node/9764853027,38.670974,-0.2531648,2026-10-04
1e56aa91-6df6-4605-8beb-2ec49a7169ee,node/9765689859,38.6259051,-0.2531437,2026-10-04
a296bd36-b92a-4fff-b01e-fcf30cdbbefe,node/9765689860,38.6239936,-0.25819,2026-10-04
8110ff55-bf6a-4149-b00b-dc107064834b,node/9776371609,38.7636621,-0.5422889,2026-10-04
6963a611-7adf-4cef-a80d-70815ef5095c,node/9841398635,40.4213262,0.0454509,2026-10-04
ca6bead2-91f6-4ce1-a147-f74852093b64,node/9914225111,40.6631853,0.1093476,2026-10-04
daaa9bdb-f73a-4236-ab63-466d4ac066bd,node/9914225318,40.6894027,0.1590383,2026-10-04
46469774-20d2-4652-a55b-ed777d9f19ef,node/9938953895,39.0014958,-0.23648,2026-10-04
6adb93b4-3a31-4aa2-a509-a4b2133eab1a,node/9947090506,38.904036,-0.2720789,2026-10-04
047646cc-c3df-4dfd-93e6-ce53bfd70033,node/9952574747,38.7919342,-0.1494817,2026-10-04
56776ef4-c4d4-49ad-9dad-14dc0f10683b,node/9952637917,38.7782028,-0.1678315,2026-10-04
47c9d33f-175b-45f5-8669-557dbb32a58d,node/9954458074,40.1620238,-0.2167038,2026-10-04
3e374d48-e41e-433a-9a34-551aa32fff96,node/9963865087,39.021745,-0.2706061,2026-10-04
a551cf00-9be2-482a-9368-f602eb715a41,node/9983079636,39.6212422,-0.9796231,2026-10-04
9fccf833-f68c-40a3-af1d-319fbd495d00,node/9984145406,39.8486721,-0.882412,2026-10-04
b668d6c5-dabc-40bb-82ad-68617220c16b,node/9984188405,39.8158766,-0.8412267,2026-10-04
6712497a-ad08-4619-9ae7-c3662e58fab7,node/9984216631,39.8001608,-0.9014838,2026-10-04
f033efe0-1607-4fe0-9233-89de8d301021,node/9984223523,39.8425477,-0.9333355,2026-10-04
abee11d1-f13c-4aed-84a2-b3eda21c23f7,node/9984283030,39.025106,-0.3261154,2026-10-04
d130cc66-f8fe-473f-9e1c-1feb98c9566c,node/9984371833,39.7581661,-0.9156074,2026-10-04
e4410201-ed8d-4db2-8a5c-3de93c755c64,node/9985206657,39.9553192,-0.932704,2026-10-04
0e867763-d42c-4156-a8e6-7444d051a4c3,node/9991715845,39.1760926,-0.2510293,2026-10-04
d97eaa36-cd51-41ca-a4c2-94754f16dd68,node/9991741039,39.6299669,-1.1311564,2026-10-04
8bfed64f-1b5f-4aa2-a83b-d9b75819b7a7,node/9991755797,39.6480558,-1.1538716,2026-10-04
c8449cda-490c-40c8-9376-3afee2f42ecc,node/9991793045,39.8333999,-1.210552,2026-10-04
89ec0a6c-b7dd-479f-aec3-1db2ee5d8d63,node/9993761305,39.6352107,-1.1421171,2026-10-04
e07f699d-d3e1-4887-806f-2421263182f4,node/9993773479,39.8665555,-0.9855183,2026-10-04
2976a330-612d-4b21-80ae-97e099aac7a5,node/10008213164,39.5406353,-0.8347982,2026-10-04
044a5f08-f39b-4e21-98f8-0f75caa1c1c6,node/10008237466,39.5541955,-0.8546171,2026-10-04
47ca5742-5894-4300-be4e-3cfe4e696062,node/10008253791,39.7776122,-0.9924811,2026-10-04
9a1bca94-0e15-4030-b66a-e7f8365b45fe,node/10008262915,39.8807956,-0.7955175,2026-10-04
a87738bf-2497-4081-82f0-b3737d4c4990,node/10008283244,40.0122931,-1.1679653,2026-10-04
ea6ceaea-87a6-40fb-b9a9-eeb67133571e,node/10018843514,39.8674799,-0.7797829,2026-10-04
e644d96a-4250-4cc5-a54b-a1e4b3acfc9f,node/10018904048,39.8101299,-0.8893991,2026-10-04
ee7bea55-9802-4410-98ad-d2fc7ff3079a,node/10034231766,39.8276693,-0.8804382,2026-10-04
7bb804aa-332e-4684-b024-092c60a15b74,node/10053730605,39.3246405,-0.9461454,2026-10-04
0dda1980-b54f-4c80-b396-6b8a1d677fc4,node/10056739129,39.8760535,-0.756059,2026-10-04
e601b03d-4e21-4505-b7b1-a0a9f4b80762,node/10076898291,39.7895805,-0.8358493,2026-10-04
cb76ccb9-d793-4286-8184-95841d26e55d,node/10113611099,39.9815899,-1.0021837,2026-10-04
3b4e2ee8-7079-4a8c-978e-42e5714b5310,node/10123399502,40.2692929,-0.0077601,2026-10-04
d6992668-4a74-4fc3-bb75-70f3fce9e002,node/10129075771,40.389101,-0.2411876,2026-10-04
effbc1da-2f68-497c-a6e0-196b746176f3,node/10178739842,39.8477121,-0.8630266,2026-10-04
8faf4863-4a57-4fc9-afa0-0f355d02a726,node/10178741717,39.7803605,-0.9257567,2026-10-04
c6e02113-0433-4b2d-b64b-a06c99c34efb,node/10180744463,38.8973312,-0.1255094,2026-10-04
707966e7-fcdf-4f00-94db-2caa83026881,node/10201934647,38.3523044,-0.5903489,2026-10-04
e14caa58-f354-4c7d-abf1-254a91aa8e77,node/10225167663,40.4233335,0.3528518,2026-10-04
e35d5b14-e9af-4232-98fe-ba3305500388,node/10225433026,39.8366184,-0.867308,2026-10-04
f03cd837-f5d3-4f84-9301-44d5fad927ec,node/10238853488,40.5488252,0.1788354,2026-10-04
e3660e10-fbc8-4dac-b0fa-a8de106c09e0,node/10238853490,40.5530146,0.1789317,2026-10-04
e805de89-1f96-43d3-8f04-a6110826706d,node/10287165758,39.9329043,-0.2556604,2026-10-04
5a6b2c08-e78f-4701-8903-58d8dd4e37aa,node/10292198735,38.8116643,-0.1222203,2026-10-04
bfcb28d5-54d4-4a58-9674-1df4c6abda63,node/10292214751,38.8197025,-0.3482793,2026-10-04
dd1c7b6f-ad6f-4b67-8275-818a6bf6dc16,node/10292215742,38.8257028,-0.4080464,2026-10-04
b4131259-6ef4-436b-a6ac-9aa448d5d452,node/10292239839,38.8380164,-0.183166,2026-10-04
327ec998-8ad2-4885-bc39-bce4afbbf01d,node/10294301775,40.4677938,-0.0299841,2026-10-04
cfeee3de-adb9-47c6-b43c-e59bdd85868a,node/10297500986,38.3192531,-0.7630584,2026-10-04
8254b783-4c24-423d-ab47-d6f083b4c020,node/10300301814,40.4462023,0.0612844,2026-10-04
0f0f9390-1ba4-469a-961d-89712b5c9300,node/10300301818,40.4374061,0.0571039,2026-10-04
2a623ad6-fece-4ca2-b4b4-d903cc762d60,node/10300928972,40.0143048,-0.5508949,2026-10-04
8869829d-75f5-4fda-8ec4-e0b184cd6a12,node/10301105175,40.0340371,-0.5588364,2026-10-04
64333b50-e3ed-4b91-b4ce-0c609f78114d,node/10301138492,40.1015283,-0.5536745,2026-10-04
19c9e54e-defc-45cd-bffa-8954a3216231,node/10310601046,40.0040711,-0.5223325,2026-10-04
aae095ac-e9dc-4212-afad-0084919a2296,node/10311387993,38.6998673,-0.0584959,2026-10-04
7482af59-3ffc-466a-99bc-3d94493fe409,node/10313908316,40.5643597,0.1836428,2026-10-04
8204035c-a46e-4076-827b-ac1ad1827ba8,node/10592148103,39.0096441,-0.5842879,2026-10-04
071aa4b6-362b-4c14-a386-34135210d1d2,node/10595159060,38.7247342,-0.3183128,2026-10-04
7f30e280-2d64-4dc9-ba5e-25625169615a,node/10597393378,38.6869217,-0.4500054,2026-10-04
7471b5ab-5a34-4c73-b221-697f0e747d24,node/10597434680,38.8058723,-0.4988844,2026-10-04
4d897fdd-3bd5-49a0-99da-1858410cd68d,node/10597438452,38.7716438,-0.4796348,2026-10-04
ef85635a-1fa2-4461-b668-d8b16a1121f9,node/10597438453,38.7678482,-0.5072278,2026-10-04
69e83298-5cdd-43a8-94c6-03e4d9b3b94c,node/10602799154,38.5274175,-0.522611,2026-10-04
ae38f684-be35-4650-a8e9-18e43206041d,node/10602801039,38.5321155,-0.4766178,2026-10-04
7c36bec3-4031-40e8-812a-44ed40a28a59,node/10604619510,38.5827883,-0.5404035,2026-10-04
5032c533-8ed7-491e-a443-c9c0e900fce7,node/10609142497,38.5822635,-0.1692487,2026-10-04
914aa2a5-9613-46b0-96d3-919594783346,node/10609142499,38.6277204,-0.1571585,2026-10-04
47953187-1c31-4e79-9848-0a4077657f60,node/10609166972,38.6659168,-0.1378129,2026-10-04
d4f64299-02cd-4c67-8fa1-f405e2a96abf,node/10609178613,38.6571712,-0.0356255,2026-10-04
fe657c3b-7acc-477c-9d05-65de8532a1ea,node/10609184085,38.5775948,-0.1676876,2026-10-04
11e99f65-ace9-44fc-8fa1-26ae38770519,node/10609194782,38.6089553,-0.2084567,2026-10-04
5593850e-657d-48bd-8ffc-4947c2b6e604,node/10609195560,38.6794409,-0.1250103,2026-10-04
f8dbec51-5c9b-41b7-aae3-eb1c68347ada,node/10609196160,38.6993828,-0.0039798,2026-10-04
6bb1153a-5ec9-4377-93bd-969231f7defd,node/10609210633,38.6606787,-0.0791286,2026-10-04
d809e2fb-5bc4-46a3-8f90-c110f6a9ef02,node/10612718658,38.7355939,-0.7563172,2026-10-04
a3e5895b-8eee-4a03-9de2-34cc93cd598e,node/10612720403,38.63792,-0.5851327,2026-10-04
5bd66db3-6908-4bd1-9643-4df9f6b12774,node/10612846579,38.7009274,-0.2765329,2026-10-04
04e6fbb1-558d-4798-8efb-f30060ee3438,node/10650267887,38.3989122,-0.8796931,2026-10-04
36069681-7ac1-4c20-a960-071e7b7e1832,node/10650275252,38.3683165,-0.9680424,2026-10-04
bab7ab0d-1f39-499b-8c42-8abfa852410f,node/10650275257,38.1020354,-0.9515658,2026-10-04
e3a102ee-3688-458e-a856-74e8c81f9a9a,node/10650275258,38.099027,-0.9992364,2026-10-04
67034bf4-41ab-4117-b9d3-2ec50811caf2,node/10665671539,38.5191666,-0.1721136,2026-10-04
f0d633c0-0ebc-4dd4-93c0-cd35ed6d94ab,node/10665686441,38.6383917,0.0008484,2026-10-04
a4a95242-0251-4bcb-addb-23ef402babd6,node/10665717191,38.6380512,0.0090066,2026-10-04
59db7807-0448-4b68-a06f-b174a6209fff,node/10665733873,38.6843107,0.1513213,2026-10-04
bae5b2fe-7f4f-4052-8aeb-d0dcbdd09e2c,node/10665751492,38.7740289,-0.0778032,2026-10-04
bc43a5f1-24fd-4e0e-b1b3-15a550bdb47b,node/10665760138,38.7148863,-0.1506989,2026-10-04
44c2f0ba-982d-4e76-9218-5e386368abd1,node/10665760139,38.7240511,-0.1435784,2026-10-04
993b8454-2fb7-4850-ba43-bb42a053c8ce,node/10665770048,38.7157143,-0.2363436,2026-10-04
2ea13946-0d89-4e32-ab02-3727cfdba3ca,node/10665771555,38.7647348,-0.3088717,2026-10-04
b390a491-3f4f-4d48-b00a-94d7a20eff26,node/10665771556,38.6808365,-0.2036874,2026-10-04
de2ab99c-d8ae-45a0-a27f-8d18ba294dfc,node/10687104980,38.591901,-0.2402869,2026-10-04
09421aef-c07b-4a01-9f18-f8ee50553a07,node/10719842704,40.252104,-0.4054545,2026-10-04
bbac5b83-8eb4-43c7-a3c5-7e27e96e6c03,node/10719853907,40.2838934,-0.3784845,2026-10-04
6dc9faa5-c91d-4955-93bc-17581ee17108,node/10726866303,40.0793305,-0.4609993,2026-10-04
834e6620-eb3f-4e0c-a411-7ed3df9d169b,node/10735280240,40.0650417,-0.3131515,2026-10-04
6b50752b-574c-4f52-a4f5-9cf0699b8bf3,node/10751566479,39.922695,-0.4662336,2026-10-04
818fdeec-2760-47e6-a359-455d1de3e231,node/10781722917,40.2127971,-0.3618745,2026-10-04
2b94bf75-2638-4b83-9f75-c831e1d23b84,node/10793171997,40.2652004,-0.2412272,2026-10-04
689e5ea8-f174-49db-abdd-bd126912d668,node/10795480659,40.2721861,-0.2454216,2026-10-04
b60a8215-a388-41da-b65c-53ee6871826c,node/10795497796,40.2758087,-0.2375941,2026-10-04
4e127851-d421-4a63-af22-d0d3ec0fabf9,node/10803095171,38.853037,-0.1493786,2026-10-04
ac9ad1c2-e333-4d49-9269-d0c4ba84670f,node/10838102410,40.5319614,0.0423587,2026-10-04
f9afc89d-af69-4879-872c-b7b3de1ee69a,node/10838102411,40.5317743,0.0309108,2026-10-04
60fdb515-2ade-4955-8944-c0462da81a69,node/10838102412,40.5282709,-0.0037339,2026-10-04
1059b6d6-8bb8-482f-839e-9f9f68825532,node/10882049675,38.8884399,-0.6554595,2026-10-04
d3109003-f0b1-4c65-b776-12ca249ba780,node/10900647035,38.7880719,-0.2268808,2026-10-04
30f025f2-2c29-4daa-8ef5-4d074649cba7,node/10900647051,38.7731516,-0.2445046,2026-10-04
1721b80b-48bd-42f3-b3db-506bc7d39df3,node/10911520124,38.8168291,0.0721668,2026-10-04
f0274895-ca08-4548-a14e-52a85780f7ec,node/10923744130,38.764884,-0.243046,2026-10-04
b8159798-6564-4470-9cb2-eb3cc8510df7,node/10924028646,38.75944,-0.2916231,2026-10-04
a24412b3-14ea-4ead-a628-c7b6171603cc,node/10926854339,39.6843129,-0.6680546,2026-10-04
0407c755-a869-427c-8970-d747f00d637e,node/10940352534,39.6722001,-0.4073471,2026-10-04
50bd27ba-8a4e-48b0-bd84-7e7f88fee5b5,node/10940352537,39.6789009,-0.3967237,2026-10-04
4e198b4b-fe90-434a-b74b-a1f5e93ba400,node/10961385474,40.1298058,-0.2822671,2026-10-04
79facbb5-0cf0-4dd7-ac08-233c360e177d,node/10967626083,39.9043127,-0.3226161,2026-10-04
b1cb0525-e215-41fd-8564-3cd77625db04,node/11012659901,39.7566838,-0.2317113,2026-10-04
ca29dd72-336b-48f0-b386-41665d776155,node/11050371805,38.708326,-0.1291599,2026-10-04
6d5be4e2-adc1-4bbb-9cf8-82d832d8d233,node/11050773228,38.7619344,-0.2831242,2026-10-04
f307ede9-aec3-4c1b-af23-9e562bb1c22b,node/11051433456,38.8585617,-0.2459489,2026-10-04
f1980d28-86ec-438d-bafd-cfd9c4971f0d,node/11052134258,39.1438654,-0.6780712,2026-10-04
f252ba5e-67d9-4c7e-9025-063dc485e4a9,node/11052748560,39.0709317,-0.6303584,2026-10-04
daca6f72-2cd6-4c6c-8371-943918f77f70,node/11053063971,39.1618633,-0.6645966,2026-10-04
c4ce0dda-2810-477a-b436-519bbde70b74,node/11055111418,38.8536721,-0.3040125,2026-10-04
13767a81-c728-45ea-9eaf-e73211043edb,node/11055111483,38.8623097,-0.287932,2026-10-04
186c6b80-a02e-4527-960a-5d5c070a11c1,node/11055805246,40.2919642,-0.2969445,2026-10-04
68ea2416-8931-4e21-8cf6-d35d35685fc1,node/11059341400,38.806559,0.1246318,2026-10-04
ca46ae35-404f-4dba-acd4-c4b9c181b693,node/11059652573,38.8736208,-0.3383393,2026-10-04
a623643b-04e7-46c7-b5ca-80419c0c1e05,node/11059652628,38.8776128,-0.3210503,2026-10-04
2f9bd567-53af-4f7f-b5da-2d1e24e118ad,node/11059840586,38.9623702,-0.333286,2026-10-04
74a3e16d-f399-4edd-b926-5ab470281c74,node/11061038587,38.995845,-0.3018838,2026-10-04
54cf2518-e4e7-4130-a205-8f84803e4836,node/11061038588,38.9915022,-0.2993196,2026-10-04
3887e960-ca45-4f90-bc8f-5237c839b24b,node/11061071366,39.0244741,-0.3393965,2026-10-04
84af134b-c744-4064-b9e7-4140ccc78bec,node/11061143769,39.0295753,-0.3420199,2026-10-04
14a5d748-befa-41b6-b73c-b4f449f73a90,node/11061185756,39.0004607,-0.2968731,2026-10-04
5af56ed0-5c9f-4a72-b469-4235c40f996d,node/11061357556,39.0189505,-0.2955511,2026-10-04
cdf51678-638c-42f0-8c43-1bafe7fb8036,node/11061489936,38.9985726,-0.2380852,2026-10-04
14ff6a1c-4dfb-4c51-b80d-e62a1018592a,node/11061490014,38.9878756,-0.2301137,2026-10-04
a80cc2b0-97e3-4397-bde5-fc929cfe644d,node/11061574541,39.0336924,-0.4228308,2026-10-04
7cbb3bb9-c688-42fa-a9cd-158d1cfa6596,node/11063248719,38.4903104,-0.6237286,2026-10-04
4b8fbdec-4919-41ae-9f04-ad2dc8c5b7da,node/11064675972,39.1224263,-0.5991592,2026-10-04
a6acf78e-3811-403e-ab8b-9ed2901513dc,node/11066475030,38.749437,0.0469545,2026-10-04
b71f8605-c3f2-466b-bbe8-20f1fc71b0ae,node/11070729764,38.6900966,-0.1641466,2026-10-04
f993d5ec-7df1-4009-b7d3-5b91b19ba394,node/11070794822,38.6726597,-0.1515614,2026-10-04
91bb13db-4e9d-456c-9aec-d25e4d70a2b6,node/11071202853,38.6370117,-0.1380375,2026-10-04
7c932886-16f1-4093-a838-d80605879974,node/11071249395,38.6387571,-0.1836989,2026-10-04
9a5ca998-1cc9-4dd4-a54c-3c2eade24ee3,node/11071249396,38.6368035,-0.1832643,2026-10-04
e26f6a61-66e4-4d7c-9dba-928aab9348fc,node/11074665398,38.6954542,0.0788186,2026-10-04
1d4fc76d-3631-4d13-8952-808b9896a941,node/11074835799,38.7485438,0.0974199,2026-10-04
5a35be67-2b1b-4d17-8584-872bf304d46c,node/11074847922,38.7527507,0.0828136,2026-10-04
73fe5e39-4f84-419a-9627-9f8f7f3ede12,node/11074866167,38.8759332,-0.1769142,2026-10-04
8ed327a8-d41a-4133-a0d4-7d50344e8c72,node/11076305487,38.8522328,-0.1997426,2026-10-04
35e06876-b49b-4ca6-9432-33db231a7b29,node/11076398949,38.866782,-0.199038,2026-10-04
18eaa45a-17e6-41a0-94c5-961baa0979e8,node/11076430483,38.8487096,-0.2361893,2026-10-04
8b5d7a79-458a-435d-bc7c-524bc1f75ced,node/11076594607,38.7678865,-0.1587405,2026-10-04
7553e06f-b851-4631-a96e-39e174b0e2d7,node/11076594610,38.7654751,-0.1631681,2026-10-04
c4b923b9-a07d-4a5d-b394-e5022fb20f99,node/11077201925,38.8070053,-0.0867901,2026-10-04
73a4426e-794d-4652-b3ac-c6a0d38dc98a,node/11077202077,38.7913573,-0.0886934,2026-10-04
93bf1847-6016-47ec-9ea3-0987d4f44a04,node/11077202088,38.7909784,-0.1147705,2026-10-04
24b32c52-6321-47fc-9b49-b3e2bbab4150,node/11078022610,38.8069794,-0.1739726,2026-10-04
23a84a5a-d554-4aff-9a03-f42d9dc4bc47,node/11078022710,38.781527,-0.2121805,2026-10-04
53fe8086-c426-4f9d-8b2d-ae9eb1171d8e,node/11081985708,40.2441754,-0.5478208,2026-10-04
024415b4-b852-47df-9e03-ecca7c9ee2b9,node/11112629921,39.6122959,-0.7776585,2026-10-04
870662a0-1d56-44b5-8465-abc0f24a6b8d,node/11112639783,39.6141391,-0.7740327,2026-10-04
7ea2a8e7-d0b5-45bf-97fa-aab9aba82c1c,node/11140084500,40.1166331,-0.2682126,2026-10-04
93a5bcc5-237d-4a6b-8b31-0cac7d13311a,node/11140084501,40.1074906,-0.266725,2026-10-04
733b3a11-4980-4430-a013-50c519b3e769,node/11150283706,40.5840622,0.0008224,2026-10-04
e9ebd65d-6853-45df-91d5-c0c7fe1b4a38,node/11150283708,40.5763147,0.0007939,2026-10-04
6f18ecaa-a699-40d0-81cc-f2aa95731ddf,node/11154781356,38.3781084,-0.6510972,2026-10-04
91705742-0746-411a-9305-94742171d3d1,node/11154781357,38.3909134,-0.638064,2026-10-04
d5e53951-9d89-421b-bb6a-159e4950d7a9,node/11154781358,38.3915614,-0.6220144,2026-10-04
92a36578-57fd-4cf2-b02c-90a5c1dfe260,node/11196005861,38.6890501,-0.2927483,2026-10-04
5bfdca68-9d44-4952-82ea-50c34148c43d,node/11196006001,38.7006373,-0.1443573,2026-10-04
5dc1a8d0-9bc0-409c-9c5b-df7fd5014008,node/11206399511,40.3206081,0.0234422,2026-10-04
94961737-251b-4898-9da0-d63883ddcfcf,node/11218613120,39.8558503,-0.275818,2026-10-04
45adca1a-9e24-43d7-8c50-641dc6c7e031,node/11218674995,39.8427291,-0.2772961,2026-10-04
2dd5db17-9fd0-428e-96b3-e589bf9a2c6a,node/11228213899,39.7073003,-0.3689462,2026-10-04
c05e34c4-b74b-4762-a4e6-42fd604f337d,node/11228230443,39.7827767,-0.3236509,2026-10-04
5d5b1a73-13d7-40ff-a582-7fce697b19dd,node/11237223609,38.4598923,-0.5456317,2026-10-04
4c1c4bb4-28b2-4891-bfb3-4fabc9e0092c,node/11265114809,38.5620745,-0.4384146,2026-10-04
5d536044-b305-4994-89b6-0546d65126ac,node/11268062006,38.8247474,-0.7670553,2026-10-04
51a3a3a2-290f-4859-9566-5baf87ec7e13,node/11270637139,40.3204649,-0.1566617,2026-10-04
a62738ff-3bfe-4fc9-a4ac-225070838eb5,node/11281522579,39.6907142,-0.7582817,2026-10-04
b9ebad6f-0073-4e10-bda3-a55ff835ea17,node/11294378450,38.8550248,-0.3152909,2026-10-04
33cd25bd-bbed-4596-bada-ac4e23608abe,node/11331812275,39.8667168,-0.4130119,2026-10-04
973621a5-e781-4fd7-9f55-42db344cff36,node/11346489930,39.4508599,-1.0362233,2026-10-04
1bd931a0-3b9f-4a52-85c2-aa744405c695,node/11357051190,39.0044067,-0.3653188,2026-10-04
85873b2e-cc9a-4335-8b9a-3b21d6975a7e,node/11377618752,40.3319845,-0.0542194,2026-10-04
25b3350c-9b4e-4b62-871b-01072902ce64,node/11382340848,38.1279839,-0.9175213,2026-10-04
f5b9e81a-f158-405f-9416-eb0d6f748ca8,node/11382340849,38.1326836,-0.9215285,2026-10-04
587aa0ec-866a-4d8e-a44d-7c9445350e1e,node/11389686729,39.9987352,-0.2886164,2026-10-04
d0a38307-5028-445b-8842-1ae77414274c,node/11392871229,40.0199326,-0.4131889,2026-10-04
2b735ae3-311d-4944-9707-afcb77d57894,node/11392871406,40.0128579,-0.4616404,2026-10-04
1b603460-7710-4338-bb36-2bf7d4c4b1e0,node/11415079064,38.6458089,-0.8923663,2026-10-04
29a6d56f-01f0-4f4e-a165-2dae32cc764e,node/11415098694,38.6002936,-0.9342295,2026-10-04
79f9e6c2-a738-4d36-922c-a52366bfb539,node/11415135381,38.6094723,-0.9460816,2026-10-04
1b096ac8-a87b-402a-b068-83c72cca0825,node/11415323363,39.3030162,-0.5291488,2026-10-04
fba97b07-4b35-4de2-8a1c-49ca9d9e5990,node/11415327688,39.3215019,-0.544636,2026-10-04
891aff08-af99-4593-8d46-91f203f9ba48,node/11415327692,39.3369652,-0.5547705,2026-10-04
fe67fe33-3066-49fb-af70-5e55083136b9,node/11415327704,39.3002804,-0.5912667,2026-10-04
202dcc17-8492-4072-ae56-adf7c5f07af5,node/11415327705,39.2951437,-0.602351,2026-10-04
b2c25bf5-0239-4269-be20-a7d06423e4fb,node/11423075398,38.5670384,-0.9886938,2026-10-04
71326e9b-c40a-4b55-aa7a-6952a75713ff,node/11423075457,38.5563133,-1.0060776,2026-10-04
2910190a-9b5f-4500-af13-2660eb3d1f11,node/11423075458,38.5600845,-0.9934897,2026-10-04
06c49818-487c-415b-8bb1-19a273fbb7cd,node/11430083670,39.1864549,-0.7085,2026-10-04
1817ae33-73d8-4570-b2c0-02a24c22b863,node/11447443632,38.9692115,-0.2956999,2026-10-04
db5c0e05-71f1-4770-a3e0-d74a1fc57b1d,node/11447490173,38.8538793,-0.4008635,2026-10-04
98f8e6b8-9fe8-4d7b-a310-e46975cb8385,node/11457488957,40.6572101,-0.2174885,2026-10-04
a4d43f89-0e68-44d3-beac-12afe3c3ac19,node/11463537420,39.1123659,-0.9265307,2026-10-04
1ef98346-d973-4d8e-a8b4-dba82eea111d,node/11486613048,40.5022118,0.0068917,2026-10-04
d89af5e5-711f-41dc-98e3-f5b9566aff72,node/11486613058,40.3957196,-0.018378,2026-10-04
82ab5f50-cd96-4a9d-9447-d73c51b7199c,node/11486613059,40.4158098,-0.003451,2026-10-04
ad04dfbb-3bca-43f6-8d07-77ac810ef273,node/11486613060,40.4267669,0.0044413,2026-10-04
0bdd3a41-89b5-406c-bc4f-bae41a10f53f,node/11486613063,40.5079469,0.0618504,2026-10-04
e0802119-0ca8-4b97-9eb5-5e5dab9a8340,node/11486613065,40.4772974,0.0849165,2026-10-04
4a03f1f2-8f3e-407b-89a2-559d317f362c,node/11489740392,40.216701,-0.3200519,2026-10-04
8841ab15-e2a8-4aa8-943f-4804d3a30e0a,node/11500703808,40.3364084,-0.2656284,2026-10-04
da5888fd-aa16-4b6b-ab03-6b0ce4a3a299,node/11500703809,40.3478524,-0.2594984,2026-10-04
1a818265-4628-4e3c-bd9c-6a3be169045f,node/11500832112,40.3443374,-0.3128117,2026-10-04
174589e7-8d9b-473a-964b-7e2783c52891,node/11500832113,40.3407535,-0.3173679,2026-10-04
7ce01fab-6805-4e03-8256-97d2f0bafbca,node/11503795147,39.1134701,-0.8933375,2026-10-04
37477288-8742-4f6f-b1ca-4de448516454,node/11503843165,39.0958512,-0.9035413,2026-10-04
68a88f54-192c-46be-8bca-f9df32a925fd,node/11503987732,39.0225528,-0.888238,2026-10-04
13406f9d-63a4-4341-89bb-83433e1b5969,node/11504219302,40.3685201,-0.2510414,2026-10-04
b92b0876-8837-46a0-b827-a47c6cf03eea,node/11504314214,40.3407137,-0.2468598,2026-10-04
97e00b7c-0396-4e3a-af43-50c341e1c18c,node/11517341435,40.3027322,-0.2936074,2026-10-04
7e2f6b40-63cc-4742-831b-6add2f254d31,node/11519800986,39.1497141,-0.9131495,2026-10-04
654551f7-68c9-4ee0-8ca7-d1f9a9c9279e,node/11522446729,39.9321333,-0.3536718,2026-10-04
566b6cfc-1d84-4986-a28c-7f15e0d15b04,node/11522453052,39.9208644,-0.3290492,2026-10-04
0a77e99c-7a7c-4046-b4a7-e1c0e32a47eb,node/11525092533,39.8952439,-0.3944276,2026-10-04
6cf36b69-a74d-49c0-ab6e-7eb4508a587c,node/11533218756,40.5378435,0.0727564,2026-10-04
83cbeba1-0b04-4a82-a8e5-b5a2543be71c,node/11535280765,40.261972,-0.3727418,2026-10-04
e51d0893-7354-4a2e-8e89-55cde3ed2a0f,node/11548222941,40.2860243,-0.2563012,2026-10-04
60a61da8-06c6-4395-965c-ac565aa6ef6d,node/11557003646,40.0781814,-0.3235351,2026-10-04
50961482-343b-4c7d-9a62-cb434fa36f59,node/11565578481,39.7194332,-0.2745956,2026-10-04
22a3aa6e-7475-4d5d-b846-613dac0e6a89,node/11570547351,40.2815719,-0.251956,2026-10-04
c71f7a5c-4559-4918-9576-1d8b56a8b209,node/11603326488,40.2817847,-0.1712322,2026-10-04
dd83e022-25a3-4210-87d9-856ed6a8dcdd,node/11608520477,40.2491586,-0.3264892,2026-10-04
f3536b3d-1d89-49be-b396-fac58c3068a9,node/11609874109,38.7151868,-0.2435105,2026-10-04
f4392ed3-2cbf-43a8-b333-1b22dd113fed,node/11635402566,38.8809281,-0.6451465,2026-10-04
e9a03540-c29b-4a23-844e-ef3eb5909265,node/11638899762,39.548778,-0.6199014,2026-10-04
d92573da-d5de-49e7-8134-b5ab62803044,node/11659134916,38.5852336,-0.2708806,2026-10-04
79d2853e-5dbf-4b2b-9585-8b730d3724fc,node/11663045952,39.6053092,-0.6977478,2026-10-04
555829bb-2583-4f36-a5c8-786868f28aae,node/11700960171,39.7264237,-0.2916218,2026-10-04
132ee027-48d3-49b3-9591-74742d9ca84b,node/11704487931,39.8001144,-0.349956,2026-10-04
21732500-2239-4a37-a94b-ad5d6cbb1052,node/11704487960,39.7753484,-0.3134706,2026-10-04
a1d857c1-4379-45ac-a9b4-fe7906823c93,node/11708195662,39.7874935,-0.3369998,2026-10-04
f930d46c-626c-4382-919e-52dc8fa4abdc,node/11708195663,39.7889348,-0.3462052,2026-10-04
40052d9f-c5c6-44be-a819-ee80d3663dd4,node/11708358114,39.8050003,-0.3383565,2026-10-04
def8f8a4-254b-4905-ada2-860e734e9553,node/11711595850,39.1061532,-1.1319652,2026-10-04
22887921-059e-42f0-9093-c278df467b9d,node/11711595859,39.1061805,-1.1196991,2026-10-04
446b4d1b-65ee-4582-9911-5a1f636b6458,node/11723846389,39.0318658,-1.1335151,2026-10-04
8dd44eb4-4825-412a-9755-bb16733f7d06,node/11726830851,39.0269587,-1.2280804,2026-10-04
2f5bbaaa-2694-4644-a8f7-15008369fe10,node/11726879906,39.0797949,-1.1376857,2026-10-04
95ef880a-70ec-4336-943b-51c7f123babb,node/11731187457,39.1193014,-0.9562607,2026-10-04
90713d75-79bd-4222-b0bc-b65d4253ba27,node/11731273732,39.1276604,-1.0094151,2026-10-04
099ab3e4-b77a-46b2-aa9e-f830e8a66f9b,node/11736624478,39.1185262,-1.04931,2026-10-04
a0dab3da-f389-4430-8443-d831691b7267,node/11738754103,39.1289122,-1.0473058,2026-10-04
7fea70a9-5815-4040-8839-c12ba254832b,node/11746068978,39.1002329,-0.9291071,2026-10-04
24301a3a-1035-400e-9058-f49a0e6c8b17,node/11748538403,39.0733688,-0.9473732,2026-10-04
4ac23e7d-8b4c-4aba-bccf-6590ef9b367c,node/11751168594,39.1252917,-0.9443872,2026-10-04
baa55375-1f3b-4c8d-995c-78040e9d4a2f,node/11768655354,39.2166057,-1.021597,2026-10-04
c2e25a40-7d22-499c-bf8a-2b4d3c037961,node/11772943929,38.5550554,-0.309884,2026-10-04
692f5315-458d-4767-8665-2793ca69ccf2,node/11787810589,40.6363141,-0.0925457,2026-10-04
119649b6-39a6-4cdd-89d9-92bcdf687bf2,node/11796147924,40.1149513,-0.0150744,2026-10-04
53ecbdde-9673-4857-ab85-0722840db40f,node/11800100084,39.8226181,-0.2707846,2026-10-04
de157926-1e2c-4f57-be57-6ca4ecc69c12,node/11807709926,40.0305397,-0.4344986,2026-10-04
b801f1a8-cd0e-4a78-bd73-34741380b451,node/11807709928,40.0420582,-0.4348136,2026-10-04
472ceb0c-4118-42be-a4aa-ddd27b8a6b27,node/11814032667,40.0650331,-0.4291361,2026-10-04
d6f24881-9c3e-4b25-94ea-7836b641803e,node/11814032668,40.0666033,-0.4429912,2026-10-04
423bed52-8712-415d-bb21-aea8d39d04c0,node/11816996378,39.2676771,-0.9030401,2026-10-04
8b536dda-3532-4808-9f4a-d5b5ebc3441e,node/11819741251,39.2808249,-0.8248736,2026-10-04
18beb757-3f6e-42b5-afb7-d1fee83373a7,node/11819741252,39.2795779,-0.7495709,2026-10-04
bbb26da0-556e-4e80-b997-e81836894d30,node/11819741254,39.2567518,-0.7053292,2026-10-04
d1ad0f74-aada-4e95-8f1a-7c75d2128b38,node/11819811740,39.2102554,-0.7265488,2026-10-04
071c10e5-f5d3-4ce2-a82e-53569f0ebc7e,node/11821427351,39.136089,-0.7415716,2026-10-04
600f64ec-6407-4555-97c3-a281951fd995,node/11845308361,40.005519,-0.5133091,2026-10-04
e0a37b8a-71a0-4ced-b12d-62b0b86171a5,node/11845315491,39.995517,-0.4803382,2026-10-04
41098f00-02e0-4e82-a2e6-f7b2f180fabe,node/11848029168,39.9731934,-0.4946771,2026-10-04
ac76e87e-9281-4e09-82cb-46bd2bf5199d,node/11849893049,39.961769,-0.4580586,2026-10-04
ab4e50b9-7292-4249-8701-b6f41c8c1bbb,node/11849958557,39.9552001,-0.439905,2026-10-04
f167402a-bb65-4763-9988-fdeaeb92e9cb,node/11854286549,39.6567849,-0.3868409,2026-10-04
96937c72-8ff9-4179-8f02-64a3c94b398b,node/11854286560,39.65811,-0.3745876,2026-10-04
0b0ed9c8-6940-4335-b590-b46a4558c4ce,node/11860480437,39.6937017,-0.3410559,2026-10-04
d8379359-9a46-4bb1-aba2-26d9c652db8b,node/11860487863,39.6440928,-0.3633782,2026-10-04
037fae7b-50f5-464a-b1ad-2ee7c2b2eb33,node/11862962357,38.5403512,-0.4000259,2026-10-04
51f734f2-9e8b-42c7-8d04-a28236f1f939,node/11867086962,39.9580639,-0.4896144,2026-10-04
c44c256a-36ae-4e77-a731-afb6c1fe96ba,node/11868571593,39.9271302,-0.4644591,2026-10-04
355b583f-619f-40e1-8da1-164b3ec7113c,node/11868571639,39.9401526,-0.4339237,2026-10-04
269894cf-3dfb-43e9-aaf9-c9f77991fdde,node/11868571640,39.9457519,-0.4193212,2026-10-04
1a30e192-c94a-4169-b587-97f52a36859c,node/11869873039,39.7187591,-0.4007195,2026-10-04
faf4ef45-2456-46e2-83c3-13c33367f3a5,node/11877293374,39.7374265,-0.3386103,2026-10-04
c3087929-ffac-4803-94eb-35763b808a8b,node/11877293379,39.731508,-0.3399262,2026-10-04
55288df7-cbf3-4a86-923b-34e1ab4e0b74,node/11879477715,39.7992794,-0.3844658,2026-10-04
ec33e16b-8543-4567-b08f-17f00a1f83b5,node/11879477745,39.8148538,-0.4079777,2026-10-04
7be895e0-d283-47ca-8c84-6a8e029f4a9b,node/11879477750,39.7928546,-0.3950256,2026-10-04
d0e3ae92-bc4d-42e4-a3c3-27f4eb7fcb81,node/11909867312,39.1086765,-0.7739021,2026-10-04
9f9b505a-3048-40e8-9545-97216b8ab965,node/11918064303,40.0620138,-0.0926282,2026-10-04
a0899cc4-72a4-4f0c-a862-57861bd664d7,node/11943613546,38.6154286,-0.2373577,2026-10-04
c6e01b00-cc31-4e5c-8e30-7dd9c98f6a3d,node/11952203637,40.1844636,-0.2265823,2026-10-04
03d1e5d6-a2ba-4c72-902a-9ca3b4513cf3,node/11952204371,40.1771876,-0.3571751,2026-10-04
f2eac82b-e389-454e-add7-cf465829ff29,node/11959590951,38.5826486,-0.2489338,2026-10-04
a4c73fe9-b940-47aa-b18d-0debcfd848f8,node/11970156115,39.0896288,-0.9141714,2026-10-04
45aa8b20-706f-41b3-a045-9f5c5420d8af,node/11975940642,38.5346195,-0.5408061,2026-10-04
f2d28e74-5a68-40c4-af84-83fce5170b6f,node/11982733038,38.5008521,-0.7023538,2026-10-04
4e45b8f4-320b-40f7-a517-0c8605588096,node/11985862611,38.4958702,-0.5619056,2026-10-04
dffb33cf-4170-485b-a844-3894f5a3864c,node/11985862753,38.500118,-0.5609978,2026-10-04
8123183b-1082-4589-b5b8-b9d6c5d3000b,node/11989567870,38.5378985,-0.5380243,2026-10-04
7904c527-5c7b-48e4-9b58-b15a13cb128d,node/12009748378,39.832754,-0.3623231,2026-10-04
cf42cc95-aa20-45fd-9a05-919080d40957,node/12030079767,40.6569913,0.2283787,2026-10-04
a060e7d4-44f2-4424-8cbb-41ee247dc660,node/12030090575,40.6522511,0.2376045,2026-10-04
e5d4f65c-3e7b-4160-b2ba-96e62a5084a9,node/12044855746,38.9084235,-0.2276568,2026-10-04
bbdf88ce-ec24-4e15-8ca2-cf2314e3c73e,node/12067712166,38.6990864,-0.2606233,2026-10-04
8cb9f9c2-dae5-40b6-91f4-67fc8725f7b1,node/12071549686,40.2383037,-0.3721319,2026-10-04
0b5ac861-41fa-4610-9a65-2f554bb8a5c2,node/12078790182,40.0384772,-0.6119557,2026-10-04
3d7352b1-83de-4978-afcb-157f2f8b40f1,node/12078823475,40.0582316,-0.5827999,2026-10-04
c11b90f7-b402-4d4e-995f-f6ad79df8557,node/12078823476,40.0531229,-0.5727293,2026-10-04
f36f664c-abe1-4389-b91f-b3f679a81885,node/12083688586,40.2123921,-0.5246279,2026-10-04
7937c625-1aab-4c6e-bc40-f821911edfc5,node/12084065532,40.3015094,-0.2281412,2026-10-04
8c47e041-382d-49d5-a7c2-d290871d5e16,node/12087156269,39.6680981,-0.2922816,2026-10-04
5ff436be-fd83-4935-bcbc-1f1a8fc18c0f,node/12093980892,38.5944471,-0.8149678,2026-10-04
90f54381-b853-4702-bd11-6ee517f6db4e,node/12109975789,40.4764342,0.1267038,2026-10-04
4864a8bf-4df4-4fed-82a5-c4b47131b6a8,node/12109976402,40.4575632,0.2158426,2026-10-04
7c2c8434-8393-427e-afbf-9fabaa6738e1,node/12109976403,40.4653822,0.2146561,2026-10-04
6396fcd7-613f-417f-a6dc-5d0aadf2963a,node/12109976405,40.4515099,0.203111,2026-10-04
76895453-fd2e-479f-910b-0adcd520356e,node/12115508550,38.5165019,-0.7425883,2026-10-04
b5c6ad92-69a7-4c23-ba9e-a8a9b9e7028e,node/12147725641,38.3547796,-1.0373188,2026-10-04
2e026501-2551-4ec8-8b8c-6725ee0e2fa9,node/12170378046,39.2891381,-0.8237798,2026-10-04
7a39827d-2ab5-43b3-ab67-b2fe042da571,node/12172066225,39.9970086,-0.59212,2026-10-04
c0b85971-dc83-4350-b99f-aa5466b642b8,node/12174680821,39.2703438,-0.7772478,2026-10-04
da6fbe0e-2707-4bea-9d57-958bc06f6580,node/12174717796,39.2578072,-0.7534265,2026-10-04
5d4a4219-7f63-4f2e-a0f9-d60ad4244dc6,node/12193241027,39.1942392,-0.662739,2026-10-04
ad5238ab-8246-4ff3-859e-d1a612985279,node/12193241028,39.1992031,-0.6571412,2026-10-04
b1e54de3-b827-4286-841a-fd9d4883816a,node/12193241030,39.2189344,-0.6568301,2026-10-04
7dfd8924-dacb-416c-9de1-b6ae7456f94d,node/12193241150,39.2120185,-0.6674677,2026-10-04
bd1fab76-c9cb-4437-a0bc-bd86d16315fc,node/12193579427,40.0092833,-0.214845,2026-10-04
5dd4dd92-9f85-46d6-92de-2a4eb596c254,node/12193579545,40.0209185,-0.2579856,2026-10-04
bc7a5897-9a31-4d89-bd50-322234eb96c2,node/12199872222,38.4973915,-0.7337991,2026-10-04
b86f82bc-ff59-4ed0-91c3-6dc00ed31635,node/12212697176,40.3739414,-0.1638654,2026-10-04
ee6278a3-974f-45f1-ab9d-91a9f8d34db4,node/12239991469,38.705346,-0.5440577,2026-10-04
4805b7c1-ed27-4a8d-84f0-885e44dd6758,node/12243926883,39.3626278,-0.9239799,2026-10-04
d2c5eb00-0c79-49df-b893-a80f76b44cf0,node/12247797807,38.8270046,-0.4582741,2026-10-04
52a89e0c-694c-49f5-a7ef-a831212e6e5b,node/12248073121,39.7497802,-0.2963519,2026-10-04
bb29dca1-c66b-4958-bf09-01fd894a85a2,node/12251296648,40.5381605,0.16841,2026-10-04
60000543-06fb-447b-bb6a-519e03c225e5,node/12253346371,38.7927779,-0.6023771,2026-10-04
127f03cc-fcb0-4803-881b-21cafc646fdb,node/12253410762,39.4114146,-0.9400912,2026-10-04
1a38338c-f64f-4345-a19a-c7436847e0f8,node/12253410763,39.4102758,-0.9267965,2026-10-04
fcd76458-2448-44b1-8c78-96e98e1e4b1a,node/12253565001,39.418859,-0.9911178,2026-10-04
f03636cc-a522-48b0-aac2-8e7039b587fe,node/12253578250,39.4046014,-0.9986996,2026-10-04
fa8581e4-1bef-4da2-a9a0-97c5a0ef465b,node/12269321407,39.5127703,-1.5005036,2026-10-04
ed9307fc-3b42-4dc4-9537-c9afbf06e7fc,node/12292275575,39.2683324,-0.9588823,2026-10-04
0e707d98-3e46-429a-b5d3-fd0978e288fb,node/12296377919,39.2625512,-1.0207907,2026-10-04
c3acd876-c8c6-4b1a-8370-4b6d0154c118,node/12296463907,39.2548442,-1.0475333,2026-10-04
698aa21c-6800-4443-aaf7-84cf42d21f38,node/12302201518,39.5121116,-0.7618571,2026-10-04
ead3b9ac-1a8b-45d5-a567-345e7a4c7d14,node/12302240149,39.5127975,-0.7714667,2026-10-04
435b11cf-0c21-45fd-9515-212b9d19cb7d,node/12302822795,39.45764,-0.818754,2026-10-04
e87da586-8c9a-40b1-b170-a91b3b27073d,node/12307419300,40.7243683,-0.0301775,2026-10-04
f1626e4c-bd8c-482a-a6d6-662544f1811b,node/12312315773,38.3510059,-0.9773584,2026-10-04
32dc5736-27c1-4aef-aa96-cad9e4e10917,node/12312567710,39.2279017,-1.0871322,2026-10-04
1fb1dc5c-e993-43a3-b595-04f863f31f13,node/12379355225,40.0075593,-0.1960828,2026-10-04
bf517b40-e481-47c1-bd60-554b60e69f0c,node/12392099200,40.0306631,-0.2769954,2026-10-04
a0874bb6-abdc-4b32-b0e1-6e069b3651b3,node/12405075943,40.2365976,-0.3246234,2026-10-04
24e78bb6-f5a7-49ee-963f-eb82ee2d3ecc,node/12407200199,38.9687323,-0.5511102,2026-10-04
90a83698-9816-4576-ac0d-b8e2835c8488,node/12407285540,40.6231802,-0.2222007,2026-10-04
19b83e5f-00ff-4283-8405-0a91a04c1b09,node/12416523711,39.8532736,-0.4513232,2026-10-04
9f3fadd6-f509-46c4-925d-265fb0b1f316,node/12417547513,38.1026062,-0.9482226,2026-10-04
db0a4fc3-a4c6-4278-9e11-18553b76c340,node/12423406920,40.2443638,-0.0137721,2026-10-04
3356b2f0-b369-4655-8bfb-4ea85804d1e1,node/12426945735,39.7981754,-0.2584899,2026-10-04
692aef2c-c5e0-40a6-8bc1-57b5e7587de2,node/12426945751,39.8039329,-0.2540803,2026-10-04
71d7cbd2-3dac-4de0-88fd-7957e62fd718,node/12426945812,39.8086267,-0.2567518,2026-10-04
f7e9af65-1559-4135-a4ab-30155be6ebba,node/12426949714,38.6835375,-0.7029212,2026-10-04
c902e60d-0a20-4d0a-a67d-9b5456876921,node/12435555682,39.9147619,-0.3957904,2026-10-04
3c99999f-b1b3-4aa7-afc7-25362ad7276e,node/12436949810,39.747212,-0.4983281,2026-10-04
7aae09c3-f7a5-408b-baa5-ec76e45c235f,node/12438934234,40.0576016,-0.080031,2026-10-04
affa9601-6ac5-4028-9bd0-02f5456ccab3,node/12439467086,40.3022849,0.1553032,2026-10-04
6bcac4e9-d517-4aa6-9a1e-4aa2786ee157,node/12444759013,39.8007523,-0.231073,2026-10-04
33674dfa-ed63-4afd-9e46-c5873bf06f16,node/12444894041,39.9219138,-0.754386,2026-10-04
22c07f4c-59d5-43b1-a211-57b9307cf882,node/12444915222,39.9063857,-0.7687937,2026-10-04
aa33d12c-5277-4a0d-af55-aa72d2605f59,node/12445317716,39.8386664,-0.7844785,2026-10-04
c38465d8-741f-4805-859e-b54c21e81e84,node/12446034613,40.2774364,-0.016965,2026-10-04
e4659dc8-01fc-4dd8-918e-5ea95e4e329e,node/12453681571,39.8991871,-0.737447,2026-10-04
9c085431-ea18-40cf-80e0-e86ee554a3d5,node/12453681574,39.8804149,-0.7242285,2026-10-04
9673dafb-2832-4614-82b8-f07776f3586e,node/12462861392,40.6714678,0.0007081,2026-10-04
42e24172-12f0-40c7-81ea-7c5459136372,node/12462893249,40.5333862,-0.0683712,2026-10-04
d6916235-e515-4ae8-ad1a-af2762104db4,node/12463195433,40.4937578,-0.1504925,2026-10-04
c865aa82-2967-4723-b425-451a95212aab,node/12465110990,40.643167,-0.2712175,2026-10-04
fdadc8f5-000b-4707-b4d7-ab4e03cdec29,node/12471576770,40.0207958,-0.3446309,2026-10-04
bef4cfa4-26c9-450f-91f6-6ae4f1cf52e0,node/12474420409,39.0253787,-0.2287897,2026-10-04
909a1f23-0616-41fc-9e59-5ca932e2b83e,node/12475299568,40.6631198,0.2551431,2026-10-04
5925ac26-21d4-44cf-945b-2f1f5f52b329,node/12478291617,39.9604404,-0.3479233,2026-10-04
953e52fc-1814-4b68-88fd-c61aa9255088,node/12478366780,40.1080454,-0.2258527,2026-10-04
f8564bc8-83dc-429e-bdf3-e5ad7d160506,node/12478366790,40.0975577,-0.2436733,2026-10-04
d6509983-dfdc-455d-bb36-7999ff8e0a39,node/12478473153,40.4146642,-0.3004611,2026-10-04
4d0160cf-ae38-45a0-afb3-83d484bb57dd,node/12488110290,40.4334302,-0.1291203,2026-10-04
efa63b6b-6d98-4118-a00f-8f60461ebf43,node/12488148978,40.4264931,-0.0956307,2026-10-04
c2d0924c-d1a0-42f1-937e-bf0a6d870fd3,node/12509891581,39.8674283,-0.6836972,2026-10-04
13e53681-d4d3-45b0-a63d-6ee2c2a43c06,node/12513989589,39.9230926,-0.6632522,2026-10-04
c1bdd4c9-7818-4e63-b521-c6d7db504698,node/12514010829,39.9037169,-0.6404688,2026-10-04
3b601208-6c9b-4291-b390-b292ac6dc68b,node/12514311619,38.5887568,-0.2419096,2026-10-04
391c7451-69cb-4ded-ba0e-d86a97ad43bf,node/12518849664,39.9085478,-0.5738018,2026-10-04
094d3040-3e82-4e98-aef8-e87d99a72165,node/12526343854,40.0087486,-0.6499858,2026-10-04
39d5d2c5-c987-45a9-9ad1-9fa1907e4175,node/12526741976,40.6156762,0.131533,2026-10-04
7ad4e166-dda5-43ac-b216-fd3d23cd23a7,node/12529677676,38.9958176,-0.1995012,2026-10-04
ed43a331-14e7-4c57-b175-c7dfab6bd3bf,node/12529677679,38.9974586,-0.2154781,2026-10-04
817b5344-334b-41f2-88f9-835c40aa1473,node/12529677683,38.9867881,-0.2043743,2026-10-04
8d0e2c03-0046-4ab3-9b41-5ab24f53c3f3,node/12529677693,38.9950812,-0.2263099,2026-10-04
eaffe90f-c08b-418b-827f-803cd18b6551,node/12534457280,39.8213503,-0.5603205,2026-10-04
10463726-b6c6-4561-9b32-a3e579ba4d89,node/12534575295,39.8096424,-0.5777536,2026-10-04
28426fda-f51e-41ee-98cc-e74c7eb6b6f5,node/12534620675,39.8104809,-0.5699759,2026-10-04
a6f52f4b-c600-4785-855f-0083e2ee77da,node/12536057817,39.8414565,-0.6443396,2026-10-04
6ed3c187-8451-4d02-81bc-8ada67bfdd1b,node/12537479440,39.6926758,-0.3084936,2026-10-04
40ded647-5a47-4d29-a409-f45509607425,node/12539625766,39.8231098,-0.6526442,2026-10-04
21822384-83f4-4d6e-8033-79537a23b225,node/12543613363,39.8536776,-0.3720367,2026-10-04
c48c1acf-0d03-4d00-b246-c96834acf0d7,node/12543685210,39.853181,-0.3814951,2026-10-04
021e6453-6dc8-4700-a1d6-95ec45f6756b,node/12543685211,39.8578587,-0.3986577,2026-10-04
4c8abcfc-12c3-4af6-a956-94eceb0b3581,node/12572022060,39.813842,-0.6440075,2026-10-04
87f810e0-0e41-4138-bf72-fb61bbf65dc9,node/12579596352,39.758049,-0.5589016,2026-10-04
e04ac59c-c02b-4981-ba22-919fb6741f36,node/12579596353,39.7564605,-0.5548438,2026-10-04
0aedb907-2bce-4321-a8a9-1a0842d4aa31,node/12579596354,39.7539862,-0.562202,2026-10-04
63c3d715-4891-4839-917d-57f7afe71725,node/12595811989,39.8114982,-0.8356775,2026-10-04
84da0f0d-ea65-4f6a-977d-b59d0bf7fc32,node/12595812146,39.8026038,-0.8154733,2026-10-04
50e0860f-a028-47e9-854e-66fa2112260a,node/12596458790,39.8048895,-0.8763811,2026-10-04
6c70b637-7045-4d63-95fb-a8610cb1d4cc,node/12600564081,39.7828961,-0.8831675,2026-10-04
3f7926d6-0cab-4c23-acfc-95fd7e1054b8,node/12600667601,39.7714657,-0.896176,2026-10-04
9e8d0888-0013-492c-a429-e7e9fd5635f5,node/12610338144,40.5154998,0.1702597,2026-10-04
65343ef6-e121-411a-bc9e-830fd8784e20,node/12611191320,40.5514364,0.084411,2026-10-04
f40ea6d6-0452-4def-9dd0-3fcdff7fa060,node/12616489858,39.7535313,-0.2864221,2026-10-04
3dc13dd7-1885-44a1-ba7c-d24d1d7e3f51,node/12628089096,40.2797317,-0.0059733,2026-10-04
5dce55d2-90d2-480c-a857-d4c9690f19bd,node/12636372289,39.8305757,-0.935922,2026-10-04
2de6480f-2812-419e-9f7b-6f81d6c4fa9f,node/12636572974,39.8128521,-0.9258865,2026-10-04
4115da5d-9949-4bce-9f82-26e7a530ad36,node/12636601538,39.8097435,-0.9421095,2026-10-04
f6265d81-8ff7-4208-8e60-fa20b26758ec,node/12641373616,39.7796582,-0.9790766,2026-10-04
e6d8025a-8ccd-4a68-9da0-59ce76c70d86,node/12641373690,39.7683103,-0.9746881,2026-10-04
61a66c16-ff86-4639-b60a-373fb208609f,node/12641465715,39.742906,-0.9643091,2026-10-04
0f0c0f4e-0e00-42cc-8d12-16db71638f7c,node/12641465744,39.748814,-0.9735255,2026-10-04
e3bc563a-af6b-408b-9e54-4d15ea928724,node/12641465745,39.7549775,-0.9785224,2026-10-04
9ff18ea2-0519-4b18-ad52-235553c3673b,node/12650624494,39.9499566,-1.0482406,2026-10-04
0a1d680a-3837-4d50-b944-d63da40c03af,node/12662570279,39.9256691,-1.0248803,2026-10-04
fa5d733a-d782-4c18-8ef3-50d479d4bd52,node/12662610983,39.8943458,-1.0663832,2026-10-04
f1727e21-f305-4467-8d32-aeaf4827b477,node/12681620369,39.8533558,-1.0090455,2026-10-04
a0e03d41-57a6-41a5-ad6e-5de3c14a194e,node/12681696483,39.8495631,-0.9769469,2026-10-04
75de1073-d897-447b-8929-18f5974dafb4,node/12681696484,39.8459526,-0.9834379,2026-10-04
3aacfdc6-24b1-44c6-b5ca-37b2f902a6a0,node/12682113690,39.9187644,-0.9326308,2026-10-04
e6476d46-a66f-45da-9a10-d24fda5f6ca7,node/12685359252,39.8101629,-1.0663746,2026-10-04
ccda67d1-03b1-42b8-9099-ce6ed5f381d4,node/12691805294,39.7621407,-1.026985,2026-10-04
7f14edc2-e96a-47a5-95ea-4d73a1ae7467,node/12692809657,39.8410623,-1.1046742,2026-10-04
1a746347-6d80-462b-92ce-b5cfda003b73,node/12698820428,39.3182466,-1.2225938,2026-10-04
10259218-0eda-44aa-ba64-7fa523cb0784,node/12698924526,40.0621886,-0.4273778,2026-10-04
3c248b0f-ad5d-40bc-8021-783fe6d88ef0,node/12704662822,39.9169032,-1.1944161,2026-10-04
0a1b17c1-e113-43c0-bd18-cd8793168bbc,node/12704662824,39.9170808,-1.1868508,2026-10-04
204f332f-6542-4730-a25a-381a149f8298,node/12704731489,39.9115904,-1.1842987,2026-10-04
98b1e735-0495-4768-8822-0617ef8f583c,node/12704731490,39.9076936,-1.1779172,2026-10-04
870f335f-1ce8-4aad-89f2-298b1d56792a,node/12704731491,39.9120033,-1.1694879,2026-10-04
fe7a4115-0167-4a1a-af67-bdb040bccece,node/12704755490,39.9039629,-1.1887565,2026-10-04
f35a757f-6b29-451b-8268-52e82c6fee06,node/12704784080,39.8764228,-1.165991,2026-10-04
bb3a37de-d8c6-437b-a635-04dc767cee88,node/12704784081,39.8710945,-1.1618036,2026-10-04
c733a74d-9ba0-4af0-a055-82102a1a81f0,node/12705529763,39.8608794,-1.1578759,2026-10-04
22dacaaa-f207-4f55-9def-89a51567842e,node/12708710835,39.7307305,-0.2881341,2026-10-04
ea76487c-f9a8-4517-90b4-7e2bf002db4b,node/12734154620,39.7543189,-0.3748253,2026-10-04
332630c9-edbd-4b68-bd37-906cf581e970,node/12748898364,38.4995536,-0.7221908,2026-10-04
b2108481-57e9-4f19-8545-0ac791c528ef,node/12748980626,38.4995041,-0.7137827,2026-10-04
3c0285a4-476e-43f3-9f82-99e83ef06b7d,node/12749083785,40.3350427,-0.1628054,2026-10-04
e5471dba-0342-4c1a-a718-99df01e1e360,node/12749130571,40.2957844,-0.1221726,2026-10-04
99e8077b-290c-4ce0-be5d-a9821876a313,node/12749136694,40.3255955,-0.1589501,2026-10-04
be0a96b1-b04f-4c37-90cb-644c2de04a9b,node/12752774254,40.0372475,-0.7460223,2026-10-04
6bcd6973-34db-4374-afda-7f0f454c570a,node/12752935794,38.4973986,-0.7290217,2026-10-04
b5eb662d-b1be-4e09-8faf-d31bf40d1705,node/12757022679,40.048087,-0.5833532,2026-10-04
4fa65403-1098-4803-afc9-c590d71758f5,node/12757244578,39.8107779,-0.9058885,2026-10-04
0168a9db-e4b3-45ee-8989-6dd53c15ed7e,node/12757244580,39.9239585,-0.955311,2026-10-04
d52b8a5d-4b19-4498-9487-2985fa1de0ed,node/12757336675,39.8624801,-1.1267839,2026-10-04
6f72f4d7-e80f-4d79-8019-daaa681933e8,node/12757336676,39.8507595,-1.1248273,2026-10-04
77b11e79-169b-4982-948f-591381f01a67,node/12757336680,39.8377588,-1.1256099,2026-10-04
428c332b-a04d-4642-bcf5-133da1ec75ef,node/12757336682,39.8143457,-1.1269741,2026-10-04
7f98d112-223d-4655-90d5-b90daaaad96d,node/12757336683,39.8087787,-1.1255625,2026-10-04
44afaa1f-82ea-4580-9ab1-34adfb546d9a,node/12758194590,39.7621358,-0.3873217,2026-10-04
32fac39b-a2b8-4055-b286-fe84fe0bf7d0,node/12771945969,40.6352222,-0.0818342,2026-10-04
8ef3bb06-24ce-4d59-98c2-e8356271765e,node/12771946596,40.6280978,-0.0939739,2026-10-04
77f81fdc-d7a9-4183-81bc-8122b0c919e4,node/12776141500,40.7564106,-0.139271,2026-10-04
c46236fe-62a6-4c31-83a4-2b1d452fc43e,node/12777372657,40.6262511,-0.0090505,2026-10-04
41cd7954-2617-43d5-a82a-3abb726f9b1e,node/12777373104,40.6638917,0.1636146,2026-10-04
f85ed5cf-6533-4521-aee4-7eb6dff4597e,node/12790145537,40.6549068,0.100303,2026-10-04
445ca599-4400-4c1a-916b-06a06d057f70,node/12838479494,40.4572012,0.2928221,2026-10-04
8fbb726b-221e-429e-8dda-4a1c9b4cb953,node/12846468619,40.1790037,-0.4278008,2026-10-04
5b1cb06f-fa22-4277-9e2e-20532d60da12,node/12846509972,40.2094378,-0.4894879,2026-10-04
a08e33d3-64af-4001-8995-a329249b1e40,node/12847087010,40.6486641,0.0127102,2026-10-04
808b68b0-fd09-4dcb-9239-93f67b8422da,node/12847227986,40.1468252,-0.3522278,2026-10-04
1236fc9c-7c8f-4925-a1dc-5da12580fcd8,node/12847228680,40.5457182,-0.1448586,2026-10-04
d3c0c91a-92cf-4f5f-a353-dd60aa8c1d6d,node/12847277069,39.8600411,-0.6730239,2026-10-04
40b96978-346e-4236-8719-b92ffc2531e5,node/12849004055,40.3701606,-0.1441057,2026-10-04
236d8842-013d-484a-be00-d99531bd8c21,node/12849427502,40.6693745,-0.0881106,2026-10-04
578e6380-23be-4621-ae14-7c099019924f,node/12872059222,40.3368824,-0.1106143,2026-10-04
ddae222f-d686-47ab-9bab-50d28d84e208,node/12946525199,40.1631819,-0.3021405,2026-10-04
bef9e9e1-bfb3-4c49-b495-7f663b8ad086,node/12949353436,40.1558147,-0.2459964,2026-10-04
ba39f41f-3910-4f37-be2d-d0701bf77f3d,node/12949353579,40.1549497,-0.2909231,2026-10-04
27435864-57c7-4b1d-a7ce-b1e72d2ab1e5,node/12949353806,40.1522846,-0.3428185,2026-10-04
d447e329-5d83-45b2-8331-f438333b06c1,node/12968942492,39.8232241,-0.4493643,2026-10-04
983d58fb-57dd-47c0-95ff-0006525dceca,node/12968942497,39.8462741,-0.4649425,2026-10-04
f243ad91-1372-43b9-9c6a-19eb1abb5a18,node/12969089011,39.8388568,-0.4414294,2026-10-04
ee9aaadd-076f-4fca-a9d2-bcd8daf95597,node/12987532435,40.3387266,-0.1786673,2026-10-04
fd1ea410-7ac8-46cb-b35a-16cc96a8ef7f,node/12987532799,40.320737,-0.196327,2026-10-04
36e38ca1-cb7d-429d-9c6d-c777a84bfa9b,node/12988616230,40.2306189,-0.5074793,2026-10-04
76dd0d29-f361-4471-8e1e-9a2096fbe630,node/13005335831,40.3462416,-0.1703417,2026-10-04
9d8d77e9-513b-4384-b534-fb43a99ab2f9,node/13019193359,40.309603,-0.101425,2026-10-04
224b78e5-a2e6-4937-91ce-4a88124fab42,node/13019193361,40.3165896,-0.1532775,2026-10-04
62a368d1-c88e-4789-9cf4-7bc0671ba66e,node/13032428159,40.3469949,-0.1953258,2026-10-04
02458311-544d-492b-8e83-4021a819a974,node/13032531623,40.3092471,-0.172745,2026-10-04
15f2a444-fbc6-47ac-b7a1-3b1da7e34dc9,node/13042222828,40.3461843,-0.0694263,2026-10-04
f9436bd5-eda4-444c-9140-dc6e1d41d50f,node/13042222846,40.343723,-0.0444067,2026-10-04
a9b83c9f-2ec6-4028-906e-6ecec3fa9023,node/13045717277,40.3659697,-0.1855231,2026-10-04
0e1edbef-e493-4067-a1c1-b75d549c276f,node/13045717416,40.3638769,-0.1605249,2026-10-04
dfe27947-1d68-4a88-9e21-a9c1f6d2bef9,node/13046467679,40.3527317,-0.0960043,2026-10-04
567ec4e8-9384-4483-96f1-7f53d0044043,node/13057082242,40.3984744,-0.1709626,2026-10-04
19986de4-f985-4462-8747-fc6a9c795ba4,node/13059459819,40.2887578,-0.1614261,2026-10-04
83786f6c-f48f-4dee-be16-11d4cf618725,node/13084855309,40.585183,-0.0750193,2026-10-04
e3437d52-355e-455c-af03-6d91f1e0e68e,node/13085530046,40.2826695,-0.098708,2026-10-04
839d318e-f134-48ff-ae9e-f94cb16994a6,node/13085606693,40.3494469,-0.0517881,2026-10-04
601e999a-09a0-4955-8331-4a1a0f3661c3,node/13085651953,40.3710249,-0.0184663,2026-10-04
60e3e88a-4dd0-4bb8-904f-bdddc6c02e9a,node/13089507029,40.6688966,-0.359343,2026-10-04
5559210b-f77a-46e0-9a5d-5f4e6f30cfb5,node/13096443614,40.3450477,-0.1265574,2026-10-04
6b1cde43-c5b9-4c76-bc32-9e7d16745c7b,node/13158844713,40.4970638,-0.1274136,2026-10-04
6c154a13-019e-42b7-884a-5eedb000f754,node/13160914074,39.7376286,-0.2943993,2026-10-04
d8058714-8b89-48fb-962c-30fcea054827,node/13165673667,40.4143164,0.0037977,2026-10-04
6d0a00a9-0efd-49e7-a1b1-309d87982886,node/13246888441,40.4332289,0.1241863,2026-10-04
ec5428de-33a6-4ee3-b843-7409c85ee0d3,node/13250590911,40.2772632,-0.0093044,2026-10-04
83778122-36d5-45b4-b111-75ba52fffc1a,node/13263942844,39.9503014,-0.7405731,2026-10-04
2c3d1c97-0d0c-420c-9a34-1af2c4981d51,node/13278287006,40.1041261,-1.4019773,2026-10-04
b5c72312-aafc-4a28-bc36-212b70594318,node/13284899159,40.0729299,-1.1456582,2026-10-04
f760b2b6-7a47-4a9e-998c-8561e600cad9,node/13298104162,40.3694424,0.307608,2026-10-04
113a01a9-9cd0-4c67-9eeb-731eed347550,node/13304801261,39.7075808,-0.5332929,2026-10-04
4c3d71f2-01d6-4afa-86f8-42024b87321f,node/13308830594,40.092799,-1.2136061,2026-10-04
5e55116c-e5ec-4f35-8b88-faae60196b21,node/13311566595,40.1317904,-1.3486551,2026-10-04
85d457ba-3255-4869-857c-22e81e6c52d3,node/13324798330,39.8660948,-1.1786415,2026-10-04
6291e7ad-0aa0-445c-8270-0ba18fcb2715,node/13324798331,39.8666381,-1.1705013,2026-10-04
66e322eb-4eac-46ba-a066-ebe4afbd50d0,node/13326808712,39.8362164,-1.1773686,2026-10-04
bb512f0b-c984-4aa4-a84f-5e4d926db118,node/13328596627,39.7746153,-1.1501243,2026-10-04
25e80c48-c7a5-4817-ab15-a821728ba8da,node/13328596701,39.7740837,-1.1348806,2026-10-04
678fcf8a-2f55-4007-9e50-2db33f712e17,node/13328596870,39.7558215,-1.1258068,2026-10-04
3973865a-5c62-451e-a9d1-fff924f9e6ab,node/13330140501,39.7544224,-1.1538589,2026-10-04
68a30e8e-90b6-4621-9dcc-a02647fef4a7,node/13346565394,39.7629372,-1.0974076,2026-10-04
49fc9b61-0bf5-487e-a825-e2099c08073a,node/13352073309,39.7216763,-1.0778586,2026-10-04
c5659079-ca57-4f2b-84c4-8491ac7a57e7,node/13353982437,39.704163,-0.9906435,2026-10-04
28191349-eb2c-4719-9c39-1ddb19c9ab88,node/13354129896,39.6811392,-1.0522109,2026-10-04
05fb142b-2036-4059-aa94-653c93d55d34,node/13354129940,39.7020147,-1.0335441,2026-10-04
b066a2b2-7aca-4a65-b1c4-edc92394872f,node/13356238549,39.6679478,-1.0760557,2026-10-04
72b6a6c5-0e27-4a76-8e1e-e64e361267df,node/13356238772,39.6560943,-1.0530891,2026-10-04
9ce5d753-6d33-44f5-9b95-903723c110bc,node/13356375927,39.6838758,-1.0035801,2026-10-04
3878fb90-3d9d-4004-8cc7-2a21f7e55882,node/13364367627,39.642745,-0.9411043,2026-10-04
580f9ed9-3979-4574-b282-20277e8e6849,node/13369539616,39.692302,-0.9142477,2026-10-04
755ad21d-8c00-42e5-97aa-55d991de746c,node/13370371573,39.7350984,-0.9363543,2026-10-04
5d1273af-ea10-408b-8c4b-2d67a44f68a7,node/13370468916,39.7302303,-0.8942162,2026-10-04
b23c520a-2563-47ba-8e59-e6d632f2e772,node/13371516073,39.7041434,-0.9144635,2026-10-04
87208dbb-37ce-4632-b93b-df3cb3ec32df,node/13371516074,39.7064135,-0.9038247,2026-10-04
b9769b7f-6e3c-4a54-9178-2f875d7c98ad,node/13371516515,39.7326289,-0.8766255,2026-10-04
c7c68fbf-ce77-4e44-8654-8d3f175ac1a7,node/13373098149,40.4818392,-0.0539001,2026-10-04
45d136a2-09e6-4811-a17e-54b5603c09bc,node/13373710615,39.7504221,-0.8868401,2026-10-04
61d51305-e7d7-4835-8db4-711c3827fb2e,node/13378900871,40.510647,0.4249454,2026-10-04
93ff808f-95f7-4517-aa14-10fb5fd94c72,node/13389410312,40.7124226,0.2298647,2026-10-04
e6e9a7b3-1909-4537-998b-f1017c960762,node/13391421750,39.6257968,-0.8956039,2026-10-04
f5d5d0d9-c740-4e9f-9898-408752aa0c61,node/13393650022,39.5847886,-0.8991004,2026-10-04
278fb78b-7931-4633-b5cd-1f2018e0b4bf,node/13395779258,39.5434662,-0.9194679,2026-10-04
492b614e-6658-45a8-81c2-2ea0617a9808,node/13398325559,39.5529244,-0.9360131,2026-10-04
a94253d2-a380-46d6-aa5c-bbea1b269a74,node/13406732090,40.4351399,-0.3226805,2026-10-04
674d2ad4-e106-4afe-b1a7-eec34de445c9,node/13409499953,39.7132697,-0.4017678,2026-10-04
bea62390-6468-4225-b650-a54ab1183290,node/13410720596,40.6418257,0.1772693,2026-10-04
c3ced4e7-0b4b-402b-a180-617a484f1b8d,node/13410755702,40.6037286,0.1999592,2026-10-04
24aa287c-0b59-41ec-9599-cc6749b143f1,node/13410784757,40.6503864,0.1780031,2026-10-04
2410fa10-391a-40f6-8615-8b2c17561cf3,node/13410803898,40.6380617,0.1546671,2026-10-04
be5182a5-9d6b-4685-a79a-77ded5739cad,node/13414092769,39.602676,-1.0790001,2026-10-04
fa01706b-0f6f-4a6a-a459-89f31b1e7cd6,node/13418776026,39.6658299,-0.8797626,2026-10-04
28421b95-824f-4f43-a5a7-53779eb353b1,node/13446647505,39.3459122,-1.2052226,2026-10-04
825280f3-34a3-4d60-a72d-9c7334621706,node/13457107958,40.1474503,0.0614999,2026-10-04
a100574e-210b-43ac-889c-94733c155fb0,node/13464464930,39.7559748,-0.807527,2026-10-04
82ecb23d-4bc5-4cab-b18f-5b59988b395b,node/13468894750,39.3786718,-1.2647199,2026-10-04
04ee444a-a778-4141-8d48-6c7bb6fd7ea6,node/13468895141,39.3333355,-1.2572484,2026-10-04
32a1509f-43f1-4e10-b4b1-3c4ed7c76058,node/13477297905,39.3491603,-1.3176393,2026-10-04
5a3665a9-98ee-44e3-a7b0-f7ed5148a559,node/13481697870,39.371988,-1.4457031,2026-10-04
be2a8bbd-2bbe-4a0e-b21a-1062e26982bb,node/13505007115,39.4882879,-1.4450735,2026-10-04
86cc93d2-6cda-43bd-b705-be53481f8338,node/13506603656,39.5186438,-1.4848024,2026-10-04
b22709b3-ae7c-49b7-b6b7-f16a48f67aaf,node/13522436545,38.0520462,-0.831624,2026-10-04
dccabd0b-0270-4dae-a205-ff75389a910b,node/13522438620,38.0635213,-0.8165529,2026-10-04
c38b9d18-749d-409d-a443-56b1d350ce02,node/13539105878,40.2903642,0.1732,2026-10-04
d3d1400d-cd79-411c-abab-bb9b963be7fb,node/13583018460,39.073586,-0.3521741,2026-10-04
297382a3-432f-42af-b144-403cb70d9b9e,node/13583018465,39.0668307,-0.3325725,2026-10-04
7022a1b5-4bd4-4742-b2ae-605617ad1035,node/13583619574,39.0964958,-0.4050779,2026-10-04
dab22800-c4e9-40f8-a2f1-c8481fb98a42,node/13585829686,40.5563223,0.1601064,2026-10-04
a9c56623-2a02-45aa-9cdb-83743576f1aa,node/13607440893,40.5357205,0.1419854,2026-10-04
95377825-518c-48af-a77c-4c5c1dfbaa52,node/13607440895,40.548472,0.1342606,2026-10-04
732a22c3-8c08-4273-8143-20f37b447522,node/13607441091,40.5776023,0.1086938,2026-10-04
ab3a57ed-e78f-4735-92c4-385584bc090f,node/13607441208,40.5006005,0.1259565,2026-10-04
e76fbda6-093b-4aa6-941a-26a65fff50b7,node/13619192400,40.6445765,0.0310707,2026-10-04
b2a51a4c-b33e-4ba6-942c-ab0cf812b47d,node/13626992885,39.9312914,-0.8316778,2026-10-04
64b17e2f-2536-423d-b877-55e5f342887e,node/13703516282,39.7225991,-0.5238133,2026-10-04
d4d8984d-611b-45d6-81c4-c671a871f39a,node/13738185943,40.0340396,-1.1318815,2026-10-04
b684c038-d505-4353-852b-94e332b9d702,node/13753299768,39.5068119,-0.5466748,2026-10-04
3a3ca5d3-c18a-4ab2-a071-9c48bcd76698,node/13830452559,40.1127973,-0.5504371,2026-10-04
4de93604-c91e-4318-b7ee-ee582057607e,node/13831346178,39.9053319,-1.069769,2026-10-04
7da0558e-3df8-48a6-b8f5-14a7bf702f9a,node/13853323059,40.7295992,-0.1185107,2026-10-04
998c3eab-1146-4ade-bb5f-8489170d23a0,node/13948509799,39.7391054,-0.3558245,2026-10-04
1c929106-c9fb-4074-8d9c-9f6dda59a0fe,node/13979185137,38.981897,-0.4927111,2026-10-04
d7173339-0718-44f7-b209-541727b46fc1,node/14112208172,38.3854885,-1.0236973,2026-10-04
d9e07e58-40d2-4cd9-88ec-187c6e60b5bd,node/14141056771,38.8393817,-0.0405738,2026-10-04
e8cd590d-e7df-4ca7-97c7-914157236be6,node/14210150073,38.7210771,-0.8340168,2026-10-04
258623ba-df26-42e0-a2bc-c1af83bf2b6d,node/14210489014,38.4474887,-0.7683241,2026-10-04
f16e5590-c012-4743-acfe-4d0823f76fd1,node/14210489015,38.4708231,-0.7545322,2026-10-04
