osm_id,nombre,provincia,altitud_osm,lat,lon,altitud_mdt,prominencia,prominencia_maxima,prominencia_es_minima,sin_cima_en_mdt,altitud_collado,collado_lat,collado_lon,distancia_a_cima_mdt_m,comparte_cima_mdt,fuente_prominencia
node/26863905,Cap Gros del Montgó,Alicante/Alacant,752.0,38.8032299,0.1293696,752.0,665.0,665.0,False,False,87.0,38.779574,0.080792,8.1,False,Calculada sobre MDT25 © IGN (CC BY 4.0)
node/26864619,el Maigmó,Alicante/Alacant,1296.0,38.5018761,-0.6312948,1290.0,557.0,557.0,False,False,733.0,38.595269,-0.733901,44.7,False,Calculada sobre MDT25 © IGN (CC BY 4.0)
node/26865156,Tossal de Saragossa,Castellón/Castelló,1080.0,40.2900416,-0.000956,1080.0,552.0,552.0,False,False,528.0,40.348124,-0.006098,10.1,False,Calculada sobre MDT25 © IGN (CC BY 4.0)
node/262949964,el Bartolo,Castellón/Castelló,729.0,40.0855084,0.0310999,730.0,471.0,471.0,False,False,259.0,40.120965,0.052251,6.9,False,Calculada sobre MDT25 © IGN (CC BY 4.0)
node/276913145,Penyagolosa,Castellón/Castelló,1815.0,40.2227596,-0.3497418,1812.0,438.0,438.0,False,False,1374.0,40.248658,-0.369914,76.9,True,Calculada sobre MDT25 © IGN (CC BY 4.0)
node/288350573,Alt del Governador,Alicante/Alacant,435.0,38.5561799,-0.0618169,432.0,396.0,396.0,False,False,36.0,38.560605,-0.093243,35.6,False,Calculada sobre MDT25 © IGN (CC BY 4.0)
node/409151051,Penyal d'Ifac,Alicante/Alacant,332.0,38.6349593,0.0744591,326.0,323.0,323.0,False,False,3.0,38.641533,0.071422,14.5,False,Calculada sobre MDT25 © IGN (CC BY 4.0)
node/576310769,Roques Pardes,Castellón/Castelló,578.0,40.2279226,-0.1353687,579.0,80.0,80.0,False,False,499.0,40.221939,-0.136222,8.5,False,Calculada sobre MDT25 © IGN (CC BY 4.0)
node/576521965,Alt de Fèlix,Valencia/València,728.0,38.7788727,-0.6344157,726.0,10.0,10.0,False,False,716.0,38.777158,-0.636934,14.4,False,Calculada sobre MDT25 © IGN (CC BY 4.0)
node/576844524,Alto del Viajero,Alicante/Alacant,622.0,38.3461851,-1.0843103,620.0,17.0,17.0,False,False,603.0,38.346503,-1.083226,13.6,False,Calculada sobre MDT25 © IGN (CC BY 4.0)
node/576912802,Peña Ladín,Castellón/Castelló,1024.0,40.0397378,-0.6073048,1028.0,30.0,30.0,False,False,998.0,40.038987,-0.608288,15.8,False,Calculada sobre MDT25 © IGN (CC BY 4.0)
node/576950250,,Alicante/Alacant,733.0,38.5726527,-1.0014541,730.0,18.0,18.0,False,False,712.0,38.570309,-0.995513,2.1,False,Calculada sobre MDT25 © IGN (CC BY 4.0)
node/633166723,Tossal Redó I,Alicante/Alacant,423.0,38.4526455,-0.5364156,424.0,71.0,71.0,False,False,353.0,38.454344,-0.537504,14.0,False,Calculada sobre MDT25 © IGN (CC BY 4.0)
node/687390743,,Alicante/Alacant,746.0,38.765969,-0.1148184,743.0,23.0,23.0,False,False,720.0,38.765745,-0.11859,54.0,True,Calculada sobre MDT25 © IGN (CC BY 4.0)
node/687390758,,Alicante/Alacant,742.0,38.7660224,-0.1155267,743.0,23.0,23.0,False,False,720.0,38.765745,-0.11859,14.6,True,Calculada sobre MDT25 © IGN (CC BY 4.0)
node/913863947,la Costera,Valencia/València,165.0,39.6323975,-0.3248699,164.0,54.0,54.0,False,False,110.0,39.634859,-0.32546,33.9,False,Calculada sobre MDT25 © IGN (CC BY 4.0)
node/926534250,Garbí,Valencia/València,604.0,39.698005,-0.3732879,602.0,55.0,55.0,False,False,547.0,39.696902,-0.379623,18.7,False,Calculada sobre MDT25 © IGN (CC BY 4.0)
node/926538279,Puntal de l'Albarda,Valencia/València,532.0,39.7008896,-0.3673652,532.0,19.0,19.0,False,False,513.0,39.701198,-0.370422,13.2,False,Calculada sobre MDT25 © IGN (CC BY 4.0)
node/948629448,Puig de la Nau,Castellón/Castelló,162.3,40.4765245,0.4060406,162.0,21.0,21.0,False,False,141.0,40.475832,0.407072,9.7,False,Calculada sobre MDT25 © IGN (CC BY 4.0)
node/948630131,Orenga,Castellón/Castelló,1148.7,40.3949269,-0.0701208,1148.0,133.0,133.0,False,False,1015.0,40.432588,-0.05952,18.2,False,Calculada sobre MDT25 © IGN (CC BY 4.0)
node/948630616,Collet de la Mallada Gran,Castellón/Castelló,1037.5,40.5328614,0.0031629,1037.0,4.0,4.0,False,False,1033.0,40.531131,0.00499,19.0,False,Calculada sobre MDT25 © IGN (CC BY 4.0)
node/948633664,Arriello,Castellón/Castelló,1316.1,40.4610315,-0.2163221,1315.0,192.0,192.0,False,False,1123.0,40.439969,-0.26845,54.8,False,Calculada sobre MDT25 © IGN (CC BY 4.0)
node/948634641,el Ventura,Valencia/València,363.2,38.9149813,-0.2338354,360.0,66.0,66.0,False,False,294.0,38.916129,-0.236769,21.3,False,Calculada sobre MDT25 © IGN (CC BY 4.0)
node/948636867,Alto del Castillo,Castellón/Castelló,1199.2,40.641107,-0.3440946,1196.0,102.0,102.0,False,False,1094.0,40.639294,-0.347244,13.9,False,Calculada sobre MDT25 © IGN (CC BY 4.0)
node/948640681,Juey,Valencia/València,981.7,39.1714718,-1.1168384,980.0,26.0,26.0,False,False,954.0,39.162762,-1.118262,28.5,False,Calculada sobre MDT25 © IGN (CC BY 4.0)
node/948640958,la Rodana,Valencia/València,345.6,39.5429235,-0.6264416,343.0,172.0,172.0,False,False,171.0,39.52644,-0.632666,13.4,False,Calculada sobre MDT25 © IGN (CC BY 4.0)
node/948641277,Tossal d'en Canes,Castellón/Castelló,716.2,40.3868626,0.1844697,715.0,394.0,394.0,False,False,321.0,40.431799,0.174418,11.4,False,Calculada sobre MDT25 © IGN (CC BY 4.0)
node/948642276,Castell d'Aixa,Alicante/Alacant,606.7,38.7645707,-0.0012017,606.0,342.0,342.0,False,False,264.0,38.765249,-0.062512,5.9,False,Calculada sobre MDT25 © IGN (CC BY 4.0)
node/948642329,Cruz,Valencia/València,488.8,39.1042187,-0.7310529,487.0,22.0,22.0,False,False,465.0,39.096492,-0.74742,26.2,False,Calculada sobre MDT25 © IGN (CC BY 4.0)
node/948643721,Aitana,Alicante/Alacant,1559.4,38.6495611,-0.2661289,1555.0,499.0,1019.0,True,False,536.0,39.174316,-1.494748,20.1,False,Calculada sobre MDT25 © IGN (CC BY 4.0)
node/948644668,Carrascal,Castellón/Castelló,880.7,39.862805,-0.363718,881.0,156.0,156.0,False,False,725.0,39.8708,-0.361323,34.2,False,Calculada sobre MDT25 © IGN (CC BY 4.0)
node/948644997,Menejador,Alicante/Alacant,1355.9,38.6586914,-0.537753,1351.0,452.0,452.0,False,False,899.0,38.743061,-0.567017,120.5,False,Calculada sobre MDT25 © IGN (CC BY 4.0)
node/973811682,Tossal de la Cala,Alicante/Alacant,101.0,38.5250429,-0.1615382,100.0,77.0,77.0,False,False,23.0,38.526986,-0.164272,21.7,False,Calculada sobre MDT25 © IGN (CC BY 4.0)
node/975664325,Tossal de Càndida,Castellón/Castelló,1452.0,40.2562713,-0.3788812,1450.0,14.0,14.0,False,False,1436.0,40.256746,-0.379007,12.5,False,Calculada sobre MDT25 © IGN (CC BY 4.0)
node/975677449,el Castellar,Castellón/Castelló,1276.0,40.2473445,-0.3921791,1271.0,16.0,16.0,False,False,1255.0,40.247595,-0.392585,10.5,False,Calculada sobre MDT25 © IGN (CC BY 4.0)
node/993012338,l'Agulló,Castellón/Castelló,538.61,40.0759404,0.0536167,514.0,34.0,34.0,False,False,480.0,40.076772,0.054379,22.9,False,Calculada sobre MDT25 © IGN (CC BY 4.0)
node/1126423744,Montmayor,Castellón/Castelló,1016.0,39.8328242,-0.625595,1015.0,183.0,183.0,False,False,832.0,39.820015,-0.638098,26.3,False,Calculada sobre MDT25 © IGN (CC BY 4.0)
node/1142000545,Mont Calvari,Alicante/Alacant,336.0,38.483311,-0.4183033,364.0,20.0,20.0,False,False,344.0,38.483078,-0.417885,37.8,False,Calculada sobre MDT25 © IGN (CC BY 4.0)
node/1241901656,Cerro de los Tres Mojones,Valencia/València,1008.0,39.1517233,-1.2267687,1004.0,26.0,26.0,False,False,978.0,39.151139,-1.224455,26.2,False,Calculada sobre MDT25 © IGN (CC BY 4.0)
node/1242124065,Penyal de la Mica,Alicante/Alacant,488.0,38.7252031,-0.0108066,483.0,4.0,4.0,False,False,479.0,38.724759,-0.011269,27.9,False,Calculada sobre MDT25 © IGN (CC BY 4.0)
node/1242124603,Penya del Morteret,Alicante/Alacant,353.0,38.7427172,0.0343276,352.0,26.0,26.0,False,False,326.0,38.740492,0.033674,1.8,False,Calculada sobre MDT25 © IGN (CC BY 4.0)
node/1242124670,Tossalet Alt,Alicante/Alacant,1101.0,38.7019063,-0.1782928,1097.0,19.0,19.0,False,False,1078.0,38.700269,-0.176694,5.8,False,Calculada sobre MDT25 © IGN (CC BY 4.0)
node/1242124828,Tossal Pelat,Alicante/Alacant,687.0,38.8211501,-0.1703611,686.0,21.0,21.0,False,False,665.0,38.823798,-0.17153,37.2,False,Calculada sobre MDT25 © IGN (CC BY 4.0)
node/1242124936,Muntanya de la Mina,,649.0,38.6715949,-0.8077875,648.0,26.0,26.0,False,False,622.0,38.670818,-0.809388,16.5,False,Calculada sobre MDT25 © IGN (CC BY 4.0)
node/1242125146,Alt de l'Arcadeta,Alicante/Alacant,962.0,38.6431241,-0.6227596,965.0,38.0,38.0,False,False,927.0,38.645071,-0.621462,67.9,False,Calculada sobre MDT25 © IGN (CC BY 4.0)
node/1242125900,Peña de la Moneda,Alicante/Alacant,800.0,38.5413384,-0.86635,799.0,9.0,9.0,False,False,790.0,38.540544,-0.866409,38.4,False,Calculada sobre MDT25 © IGN (CC BY 4.0)
node/1242127082,,Alicante/Alacant,729.0,38.7972824,-0.1088049,726.0,68.0,68.0,False,False,658.0,38.799465,-0.10687,14.8,False,Calculada sobre MDT25 © IGN (CC BY 4.0)
node/1242127660,Penya Rascon,Alicante/Alacant,918.0,38.5415135,-0.5557298,915.0,8.0,8.0,False,False,907.0,38.541889,-0.555171,18.1,False,Calculada sobre MDT25 © IGN (CC BY 4.0)
node/1242127844,Tossal de Cabrera,Alicante/Alacant,307.0,38.7064578,0.0345085,316.0,64.0,64.0,False,False,252.0,38.707787,0.026829,2.2,False,Calculada sobre MDT25 © IGN (CC BY 4.0)
node/1242127922,Pic de la Creueta,,659.0,38.6680284,-0.8150964,658.0,34.0,34.0,False,False,624.0,38.665389,-0.820184,11.3,False,Calculada sobre MDT25 © IGN (CC BY 4.0)
node/1242127924,Alt de la Cova de la Gralla,Alicante/Alacant,881.0,38.5522742,-0.5699518,879.0,28.0,28.0,False,False,851.0,38.551861,-0.568888,9.0,False,Calculada sobre MDT25 © IGN (CC BY 4.0)
node/1242128007,Tossal del Cossi,Alicante/Alacant,294.0,38.7390046,0.0565653,294.0,20.0,20.0,False,False,274.0,38.738948,0.05834,4.6,False,Calculada sobre MDT25 © IGN (CC BY 4.0)
node/1242128635,Penya de l'Alt,Alicante/Alacant,847.0,38.7673872,-0.1346499,845.0,97.0,97.0,False,False,748.0,38.771632,-0.156618,11.6,False,Calculada sobre MDT25 © IGN (CC BY 4.0)
node/1242128985,Puntal de la Mina,Alicante/Alacant,725.0,38.719791,-0.4760266,726.0,9.0,9.0,False,False,717.0,38.72134,-0.47747,19.2,False,Calculada sobre MDT25 © IGN (CC BY 4.0)
node/1242129534,Cabeç d'Albabor,Alicante/Alacant,667.0,38.5223821,-0.559766,667.0,53.0,53.0,False,False,614.0,38.519214,-0.558805,6.9,False,Calculada sobre MDT25 © IGN (CC BY 4.0)
node/1242129739,Alt de la Caseta de la Neu,Alicante/Alacant,1015.0,38.7547675,-0.3374279,1014.0,295.0,295.0,False,False,719.0,38.75087,-0.26818,19.4,False,Calculada sobre MDT25 © IGN (CC BY 4.0)
node/1242130271,Alt de la Xumenera,Alicante/Alacant,1132.82,38.5063513,-0.6570283,1129.0,30.0,30.0,False,False,1099.0,38.507485,-0.657245,2.9,False,Calculada sobre MDT25 © IGN (CC BY 4.0)
node/1242130296,Pic de la Blasca,Alicante/Alacant,1120.0,38.6874762,-0.6868521,1120.0,200.0,200.0,False,False,920.0,38.67122,-0.689844,93.9,False,Calculada sobre MDT25 © IGN (CC BY 4.0)
node/1242130354,Tossal del Moro,Alicante/Alacant,389.2,38.7473182,0.0594833,386.0,84.0,84.0,False,False,302.0,38.744872,0.064344,19.8,False,Calculada sobre MDT25 © IGN (CC BY 4.0)
node/1242130493,Tossal de la Creu,Alicante/Alacant,703.0,38.745006,-0.1175956,698.0,63.0,63.0,False,False,635.0,38.744011,-0.123203,9.0,False,Calculada sobre MDT25 © IGN (CC BY 4.0)
node/1242131654,Peñón del Rey,Alicante/Alacant,711.0,38.5474951,-0.8649357,710.0,18.0,18.0,False,False,692.0,38.546607,-0.865369,10.5,False,Calculada sobre MDT25 © IGN (CC BY 4.0)
node/1242131708,Tossal dels Nius,Alicante/Alacant,441.0,38.5815005,-0.2291163,436.0,96.0,96.0,False,False,340.0,38.586262,-0.231674,11.7,False,Calculada sobre MDT25 © IGN (CC BY 4.0)
node/1242131824,Tossal del Molinet,Alicante/Alacant,664.0,38.7874493,-0.2809615,664.0,48.0,48.0,False,False,616.0,38.788045,-0.278273,6.9,False,Calculada sobre MDT25 © IGN (CC BY 4.0)
node/1242132173,Alt de la Creu,Alicante/Alacant,809.0,38.8610732,-0.32711,808.0,40.0,40.0,False,False,768.0,38.864319,-0.323476,21.0,False,Calculada sobre MDT25 © IGN (CC BY 4.0)
node/1242132291,Alt de les Planisses,Alicante/Alacant,682.0,38.6857346,-0.0409681,682.0,65.0,65.0,False,False,617.0,38.672297,-0.047355,36.1,False,Calculada sobre MDT25 © IGN (CC BY 4.0)
node/1242132549,Lloma Alta,Alicante/Alacant,323.0,38.4450416,-0.547871,317.0,17.0,17.0,False,False,300.0,38.444206,-0.54816,18.5,False,Calculada sobre MDT25 © IGN (CC BY 4.0)
node/1242133457,Llometa Redona,Alicante/Alacant,232.0,38.434351,-0.5363698,246.0,29.0,29.0,False,False,217.0,38.435436,-0.538147,12.1,False,Calculada sobre MDT25 © IGN (CC BY 4.0)
node/1242134439,Alt del Colze,Alicante/Alacant,854.0,38.5569925,-0.5667997,852.0,4.0,4.0,False,False,848.0,38.556759,-0.566142,8.1,False,Calculada sobre MDT25 © IGN (CC BY 4.0)
node/1242134603,Alt del Pla del Cirer,Alicante/Alacant,1126.0,38.6453475,-0.3331667,1123.0,97.0,97.0,False,False,1026.0,38.650373,-0.324855,18.2,False,Calculada sobre MDT25 © IGN (CC BY 4.0)
node/1242134658,Alt de la Coveta Fumada,Alicante/Alacant,571.0,38.4772987,-0.5374182,541.0,5.0,5.0,False,False,536.0,38.477328,-0.537868,14.5,False,Calculada sobre MDT25 © IGN (CC BY 4.0)
node/1242134738,l'Ullastre,Valencia/València,731.0,38.8622163,-0.3437335,730.0,19.0,19.0,False,False,711.0,38.861482,-0.347206,9.8,False,Calculada sobre MDT25 © IGN (CC BY 4.0)
node/1242134759,Tossal de les Coques,Alicante/Alacant,359.0,38.4513538,-0.5427652,356.0,46.0,46.0,False,False,310.0,38.452634,-0.541859,5.8,False,Calculada sobre MDT25 © IGN (CC BY 4.0)
node/1242135557,Alt de la Menora,Alicante/Alacant,942.0,38.685716,-0.6200835,945.0,11.0,11.0,False,False,934.0,38.683356,-0.621057,11.2,False,Calculada sobre MDT25 © IGN (CC BY 4.0)
node/1242135735,Penyes del Pla de Magarra,Alicante/Alacant,130.0,38.3429203,-0.5553313,131.0,68.0,68.0,False,False,63.0,38.343315,-0.560148,8.1,True,Calculada sobre MDT25 © IGN (CC BY 4.0)
node/1242136661,l'Alt de la Mançanera,Alicante/Alacant,726.0,38.7948077,-0.1183794,726.0,93.0,93.0,False,False,633.0,38.797414,-0.115011,16.6,False,Calculada sobre MDT25 © IGN (CC BY 4.0)
node/1242137879,Tossal d'Alpolupi,Alicante/Alacant,973.0,38.7279082,-0.0966502,972.0,17.0,17.0,False,False,955.0,38.726425,-0.095156,50.0,False,Calculada sobre MDT25 © IGN (CC BY 4.0)
node/1242138158,Tossal de Gorra,Alicante/Alacant,831.0,38.7831159,-0.226851,829.0,13.0,13.0,False,False,816.0,38.779122,-0.224516,14.9,False,Calculada sobre MDT25 © IGN (CC BY 4.0)
node/1242138962,Alt de la Barcella,Alicante/Alacant,1195.0,38.6639352,-0.6633716,1209.0,294.0,294.0,False,False,915.0,38.665827,-0.623074,126.0,False,Calculada sobre MDT25 © IGN (CC BY 4.0)
node/1242139040,el Roig,Alicante/Alacant,627.0,38.8264833,-0.1930404,631.0,41.0,41.0,False,False,590.0,38.825267,-0.195082,152.4,True,Calculada sobre MDT25 © IGN (CC BY 4.0)
node/1242139600,Penyons de la Perereta,Alicante/Alacant,829.0,38.7683749,-0.1392538,826.0,30.0,30.0,False,False,796.0,38.767779,-0.137208,46.4,True,Calculada sobre MDT25 © IGN (CC BY 4.0)
node/1242139879,el Campanar,Alicante/Alacant,704.0,38.2718122,-0.8530455,680.0,0.0,0.0,False,True,,,,,False,Calculada sobre MDT25 © IGN (CC BY 4.0)
node/1242142267,Lloma Güendo,Alicante/Alacant,472.0,38.4736419,-0.5350479,459.0,7.0,7.0,False,False,452.0,38.473216,-0.535143,23.5,False,Calculada sobre MDT25 © IGN (CC BY 4.0)
node/1242142319,Alt de Pasqual,Alicante/Alacant,623.0,38.8175335,-0.1365938,623.0,45.0,45.0,False,False,578.0,38.817169,-0.139836,5.4,False,Calculada sobre MDT25 © IGN (CC BY 4.0)
node/1242142813,Morro del Port,Alicante/Alacant,1098.0,38.6945835,-0.2968117,1097.0,124.0,124.0,False,False,973.0,38.68762,-0.29904,21.3,False,Calculada sobre MDT25 © IGN (CC BY 4.0)
node/1242144231,Alt de l'Escobella,Alicante/Alacant,693.0,38.4808653,-0.562096,690.0,166.0,166.0,False,False,524.0,38.487607,-0.577069,13.7,False,Calculada sobre MDT25 © IGN (CC BY 4.0)
node/1242144702,Tossal dels Corbs,Alicante/Alacant,554.0,38.8228094,-0.1643756,553.0,3.0,3.0,False,False,550.0,38.822962,-0.164941,15.4,False,Calculada sobre MDT25 © IGN (CC BY 4.0)
node/1242144741,Lloma de Penya Roja,Alicante/Alacant,820.0,38.8512834,-0.2665536,819.0,20.0,20.0,False,False,799.0,38.851686,-0.264326,8.0,False,Calculada sobre MDT25 © IGN (CC BY 4.0)
node/1242144977,Penya dels Corbs,Alicante/Alacant,907.0,38.7064833,-0.2552517,899.0,34.0,34.0,False,False,865.0,38.707988,-0.254866,7.8,False,Calculada sobre MDT25 © IGN (CC BY 4.0)
node/1242144996,Alt de Santa Maria,Alicante/Alacant,965.0,38.7555794,-0.5636001,966.0,2.0,2.0,False,False,964.0,38.755411,-0.565159,60.1,False,Calculada sobre MDT25 © IGN (CC BY 4.0)
node/1242145314,Alt de la Ferrera,Alicante/Alacant,1053.0,38.6699649,-0.6434624,1054.0,28.0,28.0,False,False,1026.0,38.670604,-0.647626,19.5,False,Calculada sobre MDT25 © IGN (CC BY 4.0)
node/1242145658,Tossal dels Mosquits,Alicante/Alacant,893.0,38.7432915,-0.1422994,892.0,36.0,36.0,False,False,856.0,38.741777,-0.142274,36.4,False,Calculada sobre MDT25 © IGN (CC BY 4.0)
node/1242146024,el Xical,Alicante/Alacant,426.0,38.8278111,-0.1411015,426.0,19.0,19.0,False,False,407.0,38.827133,-0.142029,4.2,False,Calculada sobre MDT25 © IGN (CC BY 4.0)
node/1242146322,Alt de la Safra,,894.0,38.7361843,-0.8379031,894.0,7.0,7.0,False,False,887.0,38.736647,-0.836426,4.9,False,Calculada sobre MDT25 © IGN (CC BY 4.0)
node/1242146427,Penya del Síndic,Alicante/Alacant,920.0,38.6869663,-0.3086067,954.0,0.0,0.0,False,True,,,,,False,Calculada sobre MDT25 © IGN (CC BY 4.0)
node/1242146488,Penya del Maser,Alicante/Alacant,653.0,38.799525,-0.2098819,652.0,58.0,58.0,False,False,594.0,38.801759,-0.210397,21.7,False,Calculada sobre MDT25 © IGN (CC BY 4.0)
node/1242146513,Alt Redó,Alicante/Alacant,876.0,38.6824924,-0.2522784,876.0,20.0,20.0,False,False,856.0,38.681544,-0.250993,10.1,False,Calculada sobre MDT25 © IGN (CC BY 4.0)
node/1242147194,Altet dels Argamells,Alicante/Alacant,805.0,38.589795,-0.5755105,805.0,8.0,8.0,False,False,797.0,38.590051,-0.574776,12.8,False,Calculada sobre MDT25 © IGN (CC BY 4.0)
node/1242147376,Alt del Camarell,Alicante/Alacant,1067.5,38.6803705,-0.3078662,1066.0,22.0,22.0,False,False,1044.0,38.680591,-0.306775,30.9,False,Calculada sobre MDT25 © IGN (CC BY 4.0)
node/1242147777,Tossal del Perdigó,Alicante/Alacant,353.0,38.721878,0.0193833,353.0,15.0,15.0,False,False,338.0,38.721336,0.016763,17.7,False,Calculada sobre MDT25 © IGN (CC BY 4.0)
node/1242149126,Tossal de la Catxutxa,Alicante/Alacant,688.0,38.8010131,-0.1147724,688.0,26.0,26.0,False,False,662.0,38.801654,-0.113401,8.2,False,Calculada sobre MDT25 © IGN (CC BY 4.0)
node/1242149145,Creu de Mostalla,Alicante/Alacant,364.0,38.8623918,-0.1269678,362.0,211.0,211.0,False,False,151.0,38.851729,-0.162359,34.8,False,Calculada sobre MDT25 © IGN (CC BY 4.0)
node/1242149571,Alt de Pérez,Alicante/Alacant,376.0,38.5293336,-0.2874197,369.0,31.0,31.0,False,False,338.0,38.531198,-0.284829,14.5,False,Calculada sobre MDT25 © IGN (CC BY 4.0)
node/1242150019,Cabeç de Vistabella,Alicante/Alacant,776.0,38.5287303,-0.5204052,766.0,8.0,8.0,False,False,758.0,38.528554,-0.520925,29.7,False,Calculada sobre MDT25 © IGN (CC BY 4.0)
node/1242150304,Tossal Borreguer,Alicante/Alacant,727.0,38.7201057,-0.3114278,726.0,42.0,42.0,False,False,684.0,38.719855,-0.309901,8.6,False,Calculada sobre MDT25 © IGN (CC BY 4.0)
node/1242150792,Penyeta de l'Àguila,Alicante/Alacant,677.0,38.5406286,-0.5734557,676.0,32.0,32.0,False,False,644.0,38.540671,-0.57242,12.2,False,Calculada sobre MDT25 © IGN (CC BY 4.0)
node/1242152665,Cerro de los Purgaticos,Alicante/Alacant,695.0,38.6519052,-0.8297595,695.0,13.0,13.0,False,False,682.0,38.652298,-0.830923,28.7,False,Calculada sobre MDT25 © IGN (CC BY 4.0)
node/1242152757,Cabeço de l'Era,,654.0,38.6691837,-0.8108834,655.0,20.0,20.0,False,False,635.0,38.669521,-0.812301,9.5,False,Calculada sobre MDT25 © IGN (CC BY 4.0)
node/1242153011,Puig de les Florencies,Alicante/Alacant,892.0,38.6653948,-0.4573165,889.0,78.0,78.0,False,False,811.0,38.659459,-0.449193,14.1,False,Calculada sobre MDT25 © IGN (CC BY 4.0)
node/1242153024,Tossal Redó,Alicante/Alacant,987.0,38.7307524,-0.5150342,986.0,34.0,34.0,False,False,952.0,38.736564,-0.515184,7.7,False,Calculada sobre MDT25 © IGN (CC BY 4.0)
node/1242153203,,Alicante/Alacant,747.0,38.8022108,-0.1038804,745.0,251.0,251.0,False,False,494.0,38.805073,-0.124201,27.7,False,Calculada sobre MDT25 © IGN (CC BY 4.0)
node/1242153207,Tossal del Rei,Alicante/Alacant,953.0,38.7597649,-0.2975946,953.0,55.0,55.0,False,False,898.0,38.756398,-0.302488,19.8,False,Calculada sobre MDT25 © IGN (CC BY 4.0)
node/1242155195,Alt de la Replana,Alicante/Alacant,1086.0,38.7123217,-0.5609455,1088.0,27.0,27.0,False,False,1061.0,38.713514,-0.565145,18.8,False,Calculada sobre MDT25 © IGN (CC BY 4.0)
node/1242155348,Alt de Castillés,Alicante/Alacant,855.0,38.5671569,-0.7511106,854.0,19.0,19.0,False,False,835.0,38.567197,-0.74999,7.3,False,Calculada sobre MDT25 © IGN (CC BY 4.0)
node/1242155763,les Malladetes Negres,Alicante/Alacant,841.0,38.7727343,-0.2311707,840.0,31.0,31.0,False,False,809.0,38.777881,-0.229168,18.3,False,Calculada sobre MDT25 © IGN (CC BY 4.0)
node/1242156208,Cabeçó de Barberà,Alicante/Alacant,722.0,38.5643094,-0.5771854,721.0,22.0,22.0,False,False,699.0,38.562838,-0.576838,19.9,False,Calculada sobre MDT25 © IGN (CC BY 4.0)
node/1242156805,Revolcador,Alicante/Alacant,1048.0,38.4952374,-0.6428721,1046.0,29.0,29.0,False,False,1017.0,38.496357,-0.641554,13.4,False,Calculada sobre MDT25 © IGN (CC BY 4.0)
node/1242157054,Alt de la Pedrissa,Alicante/Alacant,1082.0,38.6515437,-0.3474205,1082.0,85.0,85.0,False,False,997.0,38.647185,-0.343068,7.5,False,Calculada sobre MDT25 © IGN (CC BY 4.0)
node/1242987810,El Horcajo,Castellón/Castelló,1184.0,39.9980696,-0.7776446,1185.0,6.0,6.0,False,False,1179.0,39.997805,-0.779566,14.5,False,Calculada sobre MDT25 © IGN (CC BY 4.0)
node/1243018682,Alto de Barrachina,Valencia/València,1529.0,40.0304874,-1.1015479,1532.0,13.0,13.0,False,False,1519.0,40.028996,-1.102578,33.9,False,Calculada sobre MDT25 © IGN (CC BY 4.0)
node/1243180052,Cabeza Peñalba,Valencia/València,1452.0,40.1010994,-1.4079166,1450.0,154.0,154.0,False,False,1296.0,40.105232,-1.409019,7.3,False,Calculada sobre MDT25 © IGN (CC BY 4.0)
node/1243230771,la Solana,Castellón/Castelló,475.0,40.4004791,0.142578,473.0,20.0,20.0,False,False,453.0,40.401096,0.144404,2.7,False,Calculada sobre MDT25 © IGN (CC BY 4.0)
node/1243230787,La Serratilla,Castellón/Castelló,973.0,39.9838229,-0.4759736,972.0,61.0,61.0,False,False,911.0,39.989506,-0.483825,17.6,False,Calculada sobre MDT25 © IGN (CC BY 4.0)
node/1243230800,La Rápita,Castellón/Castelló,1106.0,39.9276908,-0.4131004,1104.0,275.0,275.0,False,False,829.0,39.939734,-0.412215,19.3,False,Calculada sobre MDT25 © IGN (CC BY 4.0)
node/1243230821,Alto Berná,Castellón/Castelló,754.0,39.9215035,-0.6777045,753.0,28.0,28.0,False,False,725.0,39.922184,-0.678757,8.3,False,Calculada sobre MDT25 © IGN (CC BY 4.0)
node/1243231079,Tossal del Roquís,Castellón/Castelló,698.0,40.2850726,-0.1401202,697.0,35.0,35.0,False,False,662.0,40.286073,-0.143513,17.1,False,Calculada sobre MDT25 © IGN (CC BY 4.0)
node/1243231226,Coll dels Frares,Castellón/Castelló,253.0,40.4484176,0.305034,253.0,18.0,18.0,False,False,235.0,40.448056,0.301332,37.6,False,Calculada sobre MDT25 © IGN (CC BY 4.0)
node/1243231357,,Castellón/Castelló,845.0,40.661092,0.2385471,866.0,66.0,66.0,False,False,800.0,40.659143,0.233966,132.9,True,Calculada sobre MDT25 © IGN (CC BY 4.0)
node/1243231581,Collet de la Roca,Castellón/Castelló,1123.0,40.616897,-0.0286175,1122.0,23.0,23.0,False,False,1099.0,40.616341,-0.033447,6.5,False,Calculada sobre MDT25 © IGN (CC BY 4.0)
node/1243231591,El Marianet,Castellón/Castelló,561.0,39.8311711,-0.3132239,558.0,53.0,53.0,False,False,505.0,39.837231,-0.311778,53.5,False,Calculada sobre MDT25 © IGN (CC BY 4.0)
node/1243231937,Peña Castrilla,Castellón/Castelló,1062.0,39.9274468,-0.72802,1062.0,10.0,10.0,False,False,1052.0,39.928114,-0.727994,0.9,False,Calculada sobre MDT25 © IGN (CC BY 4.0)
node/1243231952,La Cabeza,Castellón/Castelló,899.0,40.0514581,-0.5835679,903.0,16.0,16.0,False,False,887.0,40.049528,-0.584476,9.2,False,Calculada sobre MDT25 © IGN (CC BY 4.0)
node/1243232017,Alto de las Monjas,Castellón/Castelló,1026.0,39.8487251,-0.6811562,1024.0,13.0,13.0,False,False,1011.0,39.849961,-0.682362,16.8,False,Calculada sobre MDT25 © IGN (CC BY 4.0)
node/1243232079,Alto de la Cruz,Castellón/Castelló,857.0,39.8771136,-0.5925571,856.0,158.0,158.0,False,False,698.0,39.868356,-0.612181,17.3,False,Calculada sobre MDT25 © IGN (CC BY 4.0)
node/1243232266,Tossal del Pi,Castellón/Castelló,298.0,40.3657267,0.3690594,298.0,32.0,32.0,False,False,266.0,40.364934,0.364974,6.5,False,Calculada sobre MDT25 © IGN (CC BY 4.0)
node/1243232342,Alto del Garabal,Castellón/Castelló,666.0,39.8119075,-0.5293864,666.0,21.0,21.0,False,False,645.0,39.811733,-0.532375,5.5,False,Calculada sobre MDT25 © IGN (CC BY 4.0)
node/1243232474,Alto del Sabinar Grande,Castellón/Castelló,768.0,39.9625614,-0.5324195,766.0,62.0,62.0,False,False,704.0,39.966803,-0.53822,19.8,False,Calculada sobre MDT25 © IGN (CC BY 4.0)
node/1243232544,Peña Broda,Castellón/Castelló,759.0,40.0249851,-0.4076014,757.0,113.0,113.0,False,False,644.0,40.027313,-0.400997,18.9,False,Calculada sobre MDT25 © IGN (CC BY 4.0)
node/1243232683,La Ereta,Castellón/Castelló,959.0,39.8801451,-0.3628936,957.0,58.0,58.0,False,False,899.0,39.878887,-0.360428,36.0,False,Calculada sobre MDT25 © IGN (CC BY 4.0)
node/1243232687,el Morral,Castellón/Castelló,725.0,40.1728062,-0.2012953,725.0,9.0,9.0,False,False,716.0,40.171581,-0.204098,11.4,False,Calculada sobre MDT25 © IGN (CC BY 4.0)
node/1243232789,Peña Alta,Castellón/Castelló,1197.0,39.8818096,-0.7573727,1196.0,12.0,12.0,False,False,1184.0,39.881592,-0.756134,7.4,False,Calculada sobre MDT25 © IGN (CC BY 4.0)
node/1243232853,el Manyaneto,Castellón/Castelló,174.0,39.8024076,-0.2033348,175.0,95.0,95.0,False,False,80.0,39.792091,-0.221578,30.2,False,Calculada sobre MDT25 © IGN (CC BY 4.0)
node/1243232908,Cerro Negro,Castellón/Castelló,813.0,39.9618085,-0.6115601,812.0,33.0,33.0,False,False,779.0,39.96368,-0.615013,0.5,False,Calculada sobre MDT25 © IGN (CC BY 4.0)
node/1243232926,la Mola,Castellón/Castelló,384.73,40.3462351,0.3528025,385.0,0.0,0.0,False,True,,,,,False,Calculada sobre MDT25 © IGN (CC BY 4.0)
node/1243232932,Cerro del Sastre,Castellón/Castelló,808.0,39.7933093,-0.5242404,809.0,39.0,39.0,False,False,770.0,39.792261,-0.527524,3.1,False,Calculada sobre MDT25 © IGN (CC BY 4.0)
node/1243232942,La Cruz,Castellón/Castelló,1181.0,40.0036911,-0.630796,1180.0,25.0,25.0,False,False,1155.0,40.008072,-0.627233,10.4,False,Calculada sobre MDT25 © IGN (CC BY 4.0)
node/1243233008,Pena del Camí,Castellón/Castelló,977.0,40.6179115,0.1707903,977.0,15.0,15.0,False,False,962.0,40.619022,0.170566,36.1,False,Calculada sobre MDT25 © IGN (CC BY 4.0)
node/1243233074,Loma de la Mediana,Castellón/Castelló,684.0,39.9521426,-0.4775659,684.0,19.0,19.0,False,False,665.0,39.952623,-0.475814,7.8,False,Calculada sobre MDT25 © IGN (CC BY 4.0)
node/1243233109,El Mastejado,Castellón/Castelló,751.0,39.7986577,-0.5792016,753.0,47.0,47.0,False,False,706.0,39.794238,-0.578545,12.3,False,Calculada sobre MDT25 © IGN (CC BY 4.0)
node/1243233276,El Verdinal,Castellón/Castelló,1155.0,39.8566289,-0.729179,1155.0,7.0,7.0,False,False,1148.0,39.856818,-0.732978,28.4,False,Calculada sobre MDT25 © IGN (CC BY 4.0)
node/1243233288,Peña del Buho,Castellón/Castelló,584.0,39.760835,-0.5948357,586.0,29.0,29.0,False,False,557.0,39.76262,-0.595996,6.5,False,Calculada sobre MDT25 © IGN (CC BY 4.0)
node/1243233329,Puntal de Miralverde,Castellón/Castelló,1567.0,39.9645068,-0.8272168,1568.0,22.0,22.0,False,False,1546.0,39.964063,-0.829244,4.6,False,Calculada sobre MDT25 © IGN (CC BY 4.0)
node/1243233486,la Talaia,Castellón/Castelló,987.0,40.3119604,-0.1590881,986.0,14.0,14.0,False,False,972.0,40.312784,-0.158272,20.5,False,Calculada sobre MDT25 © IGN (CC BY 4.0)
node/1243233573,Cruz de los Muertos,Castellón/Castelló,1274.0,39.8568711,-0.7556941,1274.0,9.0,9.0,False,False,1265.0,39.856974,-0.752553,36.4,False,Calculada sobre MDT25 © IGN (CC BY 4.0)
node/1243233624,Las Cascajeras,Castellón/Castelló,963.0,40.0274728,-0.5721255,956.0,37.0,37.0,False,False,919.0,40.02676,-0.572683,20.1,False,Calculada sobre MDT25 © IGN (CC BY 4.0)
node/1243233712,Alto del Collado Blanco,Castellón/Castelló,615.0,39.895791,-0.6063569,618.0,2.0,2.0,False,False,616.0,39.896385,-0.606238,44.5,False,Calculada sobre MDT25 © IGN (CC BY 4.0)
node/1243233887,Puntal de Garretas,Castellón/Castelló,1559.0,39.9379457,-0.8252485,1559.0,15.0,15.0,False,False,1544.0,39.934346,-0.829891,15.1,False,Calculada sobre MDT25 © IGN (CC BY 4.0)
node/1243233914,Alto del Fustal,Castellón/Castelló,869.0,39.9630742,-0.4976571,868.0,29.0,29.0,False,False,839.0,39.9641,-0.496171,7.7,False,Calculada sobre MDT25 © IGN (CC BY 4.0)
node/1243233967,Pico Casalet,Castellón/Castelló,767.0,39.932949,-0.3642955,762.0,85.0,85.0,False,False,677.0,39.928754,-0.374601,18.9,False,Calculada sobre MDT25 © IGN (CC BY 4.0)
node/1243233971,Coll de March,Castellón/Castelló,353.0,40.4224289,0.296084,353.0,42.0,42.0,False,False,311.0,40.421958,0.292689,18.3,False,Calculada sobre MDT25 © IGN (CC BY 4.0)
node/1243233998,Loma de los Judíos,Castellón/Castelló,706.0,40.0321573,-0.4164902,705.0,31.0,31.0,False,False,674.0,40.035106,-0.417108,12.2,False,Calculada sobre MDT25 © IGN (CC BY 4.0)
node/1243234001,Moleta de Gargant,Castellón/Castelló,1364.0,40.2327137,-0.318113,1364.0,42.0,42.0,False,False,1322.0,40.233331,-0.320263,71.2,False,Calculada sobre MDT25 © IGN (CC BY 4.0)
node/1243234045,Alto de Ramos,Castellón/Castelló,716.0,39.9127543,-0.647255,715.0,24.0,24.0,False,False,691.0,39.913877,-0.646574,24.3,False,Calculada sobre MDT25 © IGN (CC BY 4.0)
node/1243234086,Ato del Pelado,Castellón/Castelló,976.0,39.911641,-0.7197528,973.0,16.0,16.0,False,False,957.0,39.911754,-0.720639,14.4,False,Calculada sobre MDT25 © IGN (CC BY 4.0)
node/1243234127,Malpica,Castellón/Castelló,447.0,40.1173223,-0.1217305,450.0,43.0,43.0,False,False,407.0,40.115498,-0.121044,15.1,False,Calculada sobre MDT25 © IGN (CC BY 4.0)
node/1243234155,La Hoz,Castellón/Castelló,1102.0,39.8864534,-0.7403618,1103.0,6.0,6.0,False,False,1097.0,39.886046,-0.741955,10.2,False,Calculada sobre MDT25 © IGN (CC BY 4.0)
node/1243234289,Alto del Gordo,Castellón/Castelló,929.0,39.8570578,-0.6522063,927.0,33.0,33.0,False,False,894.0,39.854876,-0.657942,10.7,False,Calculada sobre MDT25 © IGN (CC BY 4.0)
node/1243234348,Alto del Joven,Castellón/Castelló,621.0,39.8783061,-0.5524432,619.0,46.0,46.0,False,False,573.0,39.878221,-0.556007,8.5,False,Calculada sobre MDT25 © IGN (CC BY 4.0)
node/1243234365,Capoll del Mosquerí,Castellón/Castelló,565.0,40.1104969,-0.2501282,563.0,10.0,10.0,False,False,553.0,40.111237,-0.251446,15.4,False,Calculada sobre MDT25 © IGN (CC BY 4.0)
node/1243234609,Alto de la Cueva Santa,Castellón/Castelló,759.0,39.9614468,-0.4872173,755.0,9.0,9.0,False,False,746.0,39.962335,-0.487456,32.6,False,Calculada sobre MDT25 © IGN (CC BY 4.0)
node/1243235022,Peña del Clavo,Castellón/Castelló,1163.0,39.9524616,-0.7552314,1162.0,6.0,6.0,False,False,1156.0,39.951197,-0.756786,57.4,False,Calculada sobre MDT25 © IGN (CC BY 4.0)
node/1243235108,Cerro de San Sebastián,Castellón/Castelló,524.0,39.8441012,-0.523897,522.0,53.0,53.0,False,False,469.0,39.843833,-0.527427,28.8,False,Calculada sobre MDT25 © IGN (CC BY 4.0)
node/1243235160,Cerro de la Pericona,Castellón/Castelló,1471.0,39.9048915,-0.7909559,1470.0,52.0,52.0,False,False,1418.0,39.904648,-0.795737,56.5,False,Calculada sobre MDT25 © IGN (CC BY 4.0)
node/1243235559,Morrón Negro,Castellón/Castelló,757.0,40.0709397,-0.3980051,755.0,22.0,22.0,False,False,733.0,40.070476,-0.397597,13.7,False,Calculada sobre MDT25 © IGN (CC BY 4.0)
node/1243235693,Moleta de l'Aldua,Castellón/Castelló,1083.0,40.1754771,-0.3453916,1086.0,55.0,55.0,False,False,1031.0,40.176418,-0.342468,24.0,False,Calculada sobre MDT25 © IGN (CC BY 4.0)
node/1243235698,Cerro Moro,Castellón/Castelló,1057.0,39.9041148,-0.7305311,1060.0,31.0,31.0,False,False,1029.0,39.901451,-0.735016,19.6,False,Calculada sobre MDT25 © IGN (CC BY 4.0)
node/1243235723,Cerro del Frontón,Castellón/Castelló,1029.0,39.8513685,-0.6815347,1027.0,58.0,58.0,False,False,969.0,39.844325,-0.693362,42.5,False,Calculada sobre MDT25 © IGN (CC BY 4.0)
node/1243235837,Roca Centelles,Castellón/Castelló,644.0,40.2669863,-0.1120901,644.0,37.0,37.0,False,False,607.0,40.264162,-0.11357,11.9,False,Calculada sobre MDT25 © IGN (CC BY 4.0)
node/1243235924,Peña del Cinglo,Castellón/Castelló,641.0,40.0448444,-0.5300727,642.0,38.0,38.0,False,False,604.0,40.043422,-0.529897,20.8,False,Calculada sobre MDT25 © IGN (CC BY 4.0)
node/1243236020,Picacho Bigas,Castellón/Castelló,1032.0,39.9272762,-0.7394184,1031.0,7.0,7.0,False,False,1024.0,39.92746,-0.740595,31.6,False,Calculada sobre MDT25 © IGN (CC BY 4.0)
node/1243236079,Alto del Chan,Castellón/Castelló,952.0,39.8701509,-0.6801358,953.0,3.0,3.0,False,False,950.0,39.868879,-0.682309,107.3,False,Calculada sobre MDT25 © IGN (CC BY 4.0)
node/1243236090,Tossal de la Bandereta,Castellón/Castelló,845.0,40.2772093,-0.0246807,847.0,17.0,17.0,False,False,830.0,40.278304,-0.023001,13.8,False,Calculada sobre MDT25 © IGN (CC BY 4.0)
node/1243236115,Alto de la Rambla,Castellón/Castelló,704.0,39.9725617,-0.3890091,705.0,20.0,20.0,False,False,685.0,39.974126,-0.389256,23.1,False,Calculada sobre MDT25 © IGN (CC BY 4.0)
node/1243236505,Alto de los Zailes,Castellón/Castelló,795.0,40.0316304,-0.4470654,793.0,8.0,8.0,False,False,785.0,40.03263,-0.44767,16.2,False,Calculada sobre MDT25 © IGN (CC BY 4.0)
node/1243236507,Penya del Vent,Castellón/Castelló,633.0,40.3524289,0.0672601,631.0,21.0,21.0,False,False,610.0,40.351021,0.063785,44.1,False,Calculada sobre MDT25 © IGN (CC BY 4.0)
node/1243236561,Mola de la Garumba,Castellón/Castelló,1145.0,40.6161627,-0.1599748,1143.0,197.0,197.0,False,False,946.0,40.604889,-0.141791,4.5,False,Calculada sobre MDT25 © IGN (CC BY 4.0)
node/1243236609,Peña Salada Este,Castellón/Castelló,1577.0,39.8942483,-0.8015597,1578.0,17.0,17.0,False,False,1561.0,39.892649,-0.804308,31.7,False,Calculada sobre MDT25 © IGN (CC BY 4.0)
node/1243236684,el Teixet,Castellón/Castelló,1097.0,40.586847,0.1292002,1095.0,55.0,55.0,False,False,1040.0,40.587484,0.121522,3.3,False,Calculada sobre MDT25 © IGN (CC BY 4.0)
node/1243236687,el Bovalar,Castellón/Castelló,638.0,40.2041554,-0.1583444,635.0,144.0,144.0,False,False,491.0,40.192857,-0.17151,11.4,False,Calculada sobre MDT25 © IGN (CC BY 4.0)
node/1243236695,Farons,Castellón/Castelló,291.0,39.9921281,-0.2641626,292.0,55.0,55.0,False,False,237.0,39.998579,-0.267977,23.5,False,Calculada sobre MDT25 © IGN (CC BY 4.0)
node/1243236884,,Castellón/Castelló,626.0,39.9022251,-0.3293085,619.0,20.0,20.0,False,False,599.0,39.902246,-0.328244,39.4,True,Calculada sobre MDT25 © IGN (CC BY 4.0)
node/1243236983,Cerro del Gamellón,Castellón/Castelló,1168.0,39.8619407,-0.7321054,1168.0,8.0,8.0,False,False,1160.0,39.862456,-0.733377,11.2,False,Calculada sobre MDT25 © IGN (CC BY 4.0)
node/1243237001,Alto de la Sierra,Castellón/Castelló,987.0,40.0055285,-0.5297081,995.0,2.0,2.0,False,False,993.0,40.00556,-0.528627,52.4,False,Calculada sobre MDT25 © IGN (CC BY 4.0)
node/1243237068,Montemayor,Castellón/Castelló,899.0,39.7316345,-0.4676539,896.0,3.0,3.0,False,False,893.0,39.731061,-0.467584,39.3,False,Calculada sobre MDT25 © IGN (CC BY 4.0)
node/1243237073,Puntal Juananas,Castellón/Castelló,1185.0,39.963228,-0.7723289,1182.0,7.0,7.0,False,False,1175.0,39.962541,-0.772805,11.4,False,Calculada sobre MDT25 © IGN (CC BY 4.0)
node/1243237170,Alto de la Covarada,Castellón/Castelló,1065.0,40.002403,-0.5534905,1070.0,11.0,11.0,False,False,1059.0,40.002687,-0.552451,38.2,False,Calculada sobre MDT25 © IGN (CC BY 4.0)
node/1243237174,Cerro de Benaval,Castellón/Castelló,731.0,39.8718243,-0.6071117,730.0,20.0,20.0,False,False,710.0,39.873346,-0.602947,3.8,False,Calculada sobre MDT25 © IGN (CC BY 4.0)
node/1243237446,Lloma del Mas de Montsó,Castellón/Castelló,1374.0,40.2940115,-0.385018,1374.0,0.0,0.0,False,True,,,,,False,Calculada sobre MDT25 © IGN (CC BY 4.0)
node/1243237668,Alto de Sayas,Castellón/Castelló,776.0,39.8917376,-0.5879644,774.0,39.0,39.0,False,False,735.0,39.88994,-0.588628,26.4,False,Calculada sobre MDT25 © IGN (CC BY 4.0)
node/1243237673,la Pequenya,Castellón/Castelló,628.0,40.147884,-0.2878132,629.0,34.0,34.0,False,False,595.0,40.145713,-0.290552,2.1,False,Calculada sobre MDT25 © IGN (CC BY 4.0)
node/1243237807,Tossal de l'Alforí,Castellón/Castelló,1321.0,40.2952776,-0.3054744,1321.0,102.0,102.0,False,False,1219.0,40.284308,-0.314133,9.8,False,Calculada sobre MDT25 © IGN (CC BY 4.0)
node/1243237938,Cerro de las Mulas,Castellón/Castelló,915.0,39.8096718,-0.6313075,916.0,70.0,70.0,False,False,846.0,39.820115,-0.631961,58.9,False,Calculada sobre MDT25 © IGN (CC BY 4.0)
node/1243238201,,Castellón/Castelló,1152.0,40.5309707,-0.2318297,1153.0,92.0,92.0,False,False,1061.0,40.516312,-0.23083,10.8,False,Calculada sobre MDT25 © IGN (CC BY 4.0)
node/1243238295,Cerro de Simón,Castellón/Castelló,994.0,39.9254008,-0.7217178,993.0,39.0,39.0,False,False,954.0,39.926453,-0.723661,13.8,False,Calculada sobre MDT25 © IGN (CC BY 4.0)
node/1243238625,El Cerrín,Castellón/Castelló,884.0,39.904035,-0.7131652,880.0,4.0,4.0,False,False,876.0,39.903733,-0.713594,37.0,False,Calculada sobre MDT25 © IGN (CC BY 4.0)
node/1243238660,Alto de la Silla,Valencia/València,1088.0,39.8180189,-0.7119485,1086.0,7.0,7.0,False,False,1079.0,39.818558,-0.711456,14.4,False,Calculada sobre MDT25 © IGN (CC BY 4.0)
node/1243239241,Alto de las Cuevas,Castellón/Castelló,547.0,39.8513708,-0.5526478,544.0,11.0,11.0,False,False,533.0,39.852273,-0.553714,6.5,False,Calculada sobre MDT25 © IGN (CC BY 4.0)
node/1243239544,Puntal de Peiró,Castellón/Castelló,1603.0,39.9252426,-0.8242484,1602.0,44.0,44.0,False,False,1558.0,39.920753,-0.825641,56.9,False,Calculada sobre MDT25 © IGN (CC BY 4.0)
node/1243239723,El Picayo,Castellón/Castelló,881.0,39.9981592,-0.5172661,877.0,19.0,19.0,False,False,858.0,39.999034,-0.518321,18.6,False,Calculada sobre MDT25 © IGN (CC BY 4.0)
node/1243240153,El Tajar,Castellón/Castelló,1019.0,39.9749303,-0.4362503,1019.0,30.0,30.0,False,False,989.0,39.973512,-0.432309,9.1,False,Calculada sobre MDT25 © IGN (CC BY 4.0)
node/1243240224,Alto de las Simas,Castellón/Castelló,841.0,40.0248371,-0.4464467,837.0,41.0,41.0,False,False,796.0,40.018666,-0.447604,13.5,False,Calculada sobre MDT25 © IGN (CC BY 4.0)
node/1243240850,Coll dels Tintorers,Castellón/Castelló,660.0,40.4846931,0.1323345,660.0,51.0,51.0,False,False,609.0,40.489162,0.126985,29.3,False,Calculada sobre MDT25 © IGN (CC BY 4.0)
node/1243240963,Penyes Altes,Valencia/València,819.0,39.7214374,-0.4747911,818.0,15.0,15.0,False,False,803.0,39.72308,-0.473417,16.3,False,Calculada sobre MDT25 © IGN (CC BY 4.0)
node/1243241115,El Cornacó,Castellón/Castelló,579.0,39.7625154,-0.436996,580.0,127.0,127.0,False,False,453.0,39.75673,-0.446802,33.9,False,Calculada sobre MDT25 © IGN (CC BY 4.0)
node/1243241181,Canto de la Ereta,Castellón/Castelló,1482.0,40.2308951,-0.5383747,1480.0,17.0,17.0,False,False,1463.0,40.231416,-0.538062,8.6,False,Calculada sobre MDT25 © IGN (CC BY 4.0)
node/1243241301,Cullera,Castellón/Castelló,977.0,39.8905919,-0.3828233,974.0,27.0,27.0,False,False,947.0,39.892454,-0.382712,7.8,False,Calculada sobre MDT25 © IGN (CC BY 4.0)
node/1243241335,Cerro de la Torrecilla,Castellón/Castelló,899.0,39.8516086,-0.6346259,899.0,51.0,51.0,False,False,848.0,39.853674,-0.64308,31.1,False,Calculada sobre MDT25 © IGN (CC BY 4.0)
node/1243241381,Cerro del Villar,Castellón/Castelló,876.0,39.8803305,-0.6452352,875.0,23.0,23.0,False,False,852.0,39.88125,-0.647983,13.3,False,Calculada sobre MDT25 © IGN (CC BY 4.0)
node/1243241391,Alto de laTejavana,Castellón/Castelló,1078.0,39.9919424,-0.5412281,1077.0,23.0,23.0,False,False,1054.0,39.994826,-0.542777,18.2,False,Calculada sobre MDT25 © IGN (CC BY 4.0)
node/1243241413,Cerro Rajola,Castellón/Castelló,1099.0,39.999931,-0.6814536,1098.0,8.0,8.0,False,False,1090.0,40.001055,-0.681066,26.1,False,Calculada sobre MDT25 © IGN (CC BY 4.0)
node/1243241623,Peña Alta,Castellón/Castelló,685.0,40.0122546,-0.4036685,684.0,62.0,62.0,False,False,622.0,40.017974,-0.406331,5.4,False,Calculada sobre MDT25 © IGN (CC BY 4.0)
node/1243241756,Penya de Marco,Castellón/Castelló,539.0,39.9620237,-0.332015,537.0,104.0,104.0,False,False,433.0,39.967474,-0.334485,21.0,False,Calculada sobre MDT25 © IGN (CC BY 4.0)
node/1243241778,Tossal Negre,Castellón/Castelló,422.0,39.9707659,-0.3025399,421.0,45.0,45.0,False,False,376.0,39.971502,-0.30418,7.8,False,Calculada sobre MDT25 © IGN (CC BY 4.0)
node/1243241788,Peña de los Pajaritos,Castellón/Castelló,691.0,39.9050271,-0.6416215,686.0,7.0,7.0,False,False,679.0,39.904549,-0.641922,24.6,False,Calculada sobre MDT25 © IGN (CC BY 4.0)
node/1243241816,Cerro de la Masadica,Castellón/Castelló,1048.0,39.9090428,-0.7453112,1047.0,41.0,41.0,False,False,1006.0,39.910664,-0.745534,31.2,False,Calculada sobre MDT25 © IGN (CC BY 4.0)
node/1243241945,el Rodeno,Castellón/Castelló,538.0,39.8100813,-0.2852124,539.0,159.0,159.0,False,False,380.0,39.807485,-0.301258,11.1,False,Calculada sobre MDT25 © IGN (CC BY 4.0)
node/1243241969,Moleta del Terme,Castellón/Castelló,947.0,40.6551795,0.214453,946.0,24.0,24.0,False,False,922.0,40.655289,0.210719,16.2,False,Calculada sobre MDT25 © IGN (CC BY 4.0)
node/1243241971,Puntal de Bastero,Castellón/Castelló,782.0,39.8001156,-0.5327232,783.0,62.0,62.0,False,False,721.0,39.796161,-0.530888,11.2,False,Calculada sobre MDT25 © IGN (CC BY 4.0)
node/1243241982,Alto del Navajo,Castellón/Castelló,1105.0,39.9447251,-0.7101324,1103.0,29.0,29.0,False,False,1074.0,39.942646,-0.711128,9.0,False,Calculada sobre MDT25 © IGN (CC BY 4.0)
node/1243242109,Puntal de Peiros,Castellón/Castelló,1206.0,39.960721,-0.7735714,1205.0,0.0,0.0,False,True,,,,,False,Calculada sobre MDT25 © IGN (CC BY 4.0)
node/1243242205,la Lloma Bernat,Castellón/Castelló,1172.0,40.2035009,-0.2690685,1170.0,200.0,200.0,False,False,970.0,40.233642,-0.266187,8.7,False,Calculada sobre MDT25 © IGN (CC BY 4.0)
node/1243242241,Cerro de la Segadiza,Castellón/Castelló,727.0,39.8633018,-0.6040217,726.0,28.0,28.0,False,False,698.0,39.866612,-0.604059,15.1,False,Calculada sobre MDT25 © IGN (CC BY 4.0)
node/1243242283,Los Picayos,Castellón/Castelló,853.0,40.0185542,-0.4681832,852.0,16.0,16.0,False,False,836.0,40.017303,-0.467573,13.8,False,Calculada sobre MDT25 © IGN (CC BY 4.0)
node/1243242395,Tossal de Mollet,Castellón/Castelló,703.0,40.080865,-0.0850793,702.0,197.0,197.0,False,False,505.0,40.080654,-0.07854,21.6,False,Calculada sobre MDT25 © IGN (CC BY 4.0)
node/1243242528,Cerro de la Venta,Castellón/Castelló,771.0,39.9041044,-0.6932774,770.0,46.0,46.0,False,False,724.0,39.906057,-0.694508,17.8,False,Calculada sobre MDT25 © IGN (CC BY 4.0)
node/1243242539,Alto del Mazorral,Castellón/Castelló,1111.0,39.9984946,-0.7192979,1111.0,101.0,101.0,False,False,1010.0,39.997588,-0.745019,36.5,False,Calculada sobre MDT25 © IGN (CC BY 4.0)
node/1243242605,La Peñascona,Castellón/Castelló,714.0,39.7811925,-0.4984079,714.0,13.0,13.0,False,False,701.0,39.780608,-0.498752,9.7,False,Calculada sobre MDT25 © IGN (CC BY 4.0)
node/1243242735,Cerro de la Musa,Castellón/Castelló,1467.0,39.9410356,-0.8085569,1467.0,42.0,42.0,False,False,1425.0,39.942564,-0.811783,13.8,False,Calculada sobre MDT25 © IGN (CC BY 4.0)
node/1243242816,Tossal Gros,Castellón/Castelló,938.0,39.8864,-0.3584281,936.0,96.0,96.0,False,False,840.0,39.883175,-0.360848,11.5,False,Calculada sobre MDT25 © IGN (CC BY 4.0)
node/1243242835,Alto de Inglada,Castellón/Castelló,641.0,39.8822292,-0.614572,642.0,15.0,15.0,False,False,627.0,39.879723,-0.617341,92.8,False,Calculada sobre MDT25 © IGN (CC BY 4.0)
node/1243242839,el Morral,Castellón/Castelló,706.0,40.3491836,-0.0425463,707.0,33.0,33.0,False,False,674.0,40.346424,-0.045022,61.9,False,Calculada sobre MDT25 © IGN (CC BY 4.0)
node/1243242850,la Mola,Castellón/Castelló,622.0,40.4286493,0.1020927,623.0,148.0,148.0,False,False,475.0,40.403146,0.059669,24.8,False,Calculada sobre MDT25 © IGN (CC BY 4.0)
node/1243242864,Tossal d'en Corna,Castellón/Castelló,383.0,40.0444951,-0.2476989,382.0,5.0,5.0,False,False,377.0,40.045185,-0.248536,1.4,False,Calculada sobre MDT25 © IGN (CC BY 4.0)
node/1243243240,Peña Agujereada,Castellón/Castelló,761.0,40.0958189,-0.4371225,760.0,8.0,8.0,False,False,752.0,40.09638,-0.43825,15.6,False,Calculada sobre MDT25 © IGN (CC BY 4.0)
node/1243243286,Lloma dels Pericos,Castellón/Castelló,653.0,40.1940201,-0.2168493,653.0,21.0,21.0,False,False,632.0,40.192695,-0.220555,36.6,False,Calculada sobre MDT25 © IGN (CC BY 4.0)
node/1243243570,Rosada,Castellón/Castelló,941.0,40.0631812,-0.5489827,947.0,58.0,58.0,False,False,889.0,40.056451,-0.560199,28.8,False,Calculada sobre MDT25 © IGN (CC BY 4.0)
node/1243243618,Tossal del Cabeço,Castellón/Castelló,589.0,40.1273899,-0.1798698,588.0,74.0,74.0,False,False,514.0,40.136734,-0.187923,24.7,False,Calculada sobre MDT25 © IGN (CC BY 4.0)
node/1243243748,les Mallades,Castellón/Castelló,271.0,39.9066991,-0.226327,272.0,17.0,17.0,False,False,255.0,39.905707,-0.226348,27.7,False,Calculada sobre MDT25 © IGN (CC BY 4.0)
node/1243243832,Alto de las Mirras,Castellón/Castelló,825.0,39.9329569,-0.671969,821.0,8.0,8.0,False,False,813.0,39.933562,-0.673399,50.9,False,Calculada sobre MDT25 © IGN (CC BY 4.0)
node/1243243861,el Carril,Castellón/Castelló,1198.18,40.2599209,-0.2774294,1199.0,98.0,98.0,False,False,1101.0,40.262588,-0.280894,31.2,False,Calculada sobre MDT25 © IGN (CC BY 4.0)
node/1243243914,el Cabeço Roig,Castellón/Castelló,1399.07,40.2089281,-0.3212614,1400.0,104.0,104.0,False,False,1296.0,40.215992,-0.330053,46.2,False,Calculada sobre MDT25 © IGN (CC BY 4.0)
node/1243243926,Moleta de la Sebastiana,Castellón/Castelló,917.0,40.6534739,-0.2404308,916.0,44.0,44.0,False,False,872.0,40.655079,-0.242541,43.7,False,Calculada sobre MDT25 © IGN (CC BY 4.0)
node/1243244001,Puntal del Calero,Castellón/Castelló,981.0,39.8248445,-0.5967643,977.0,27.0,27.0,False,False,950.0,39.82555,-0.600521,5.5,False,Calculada sobre MDT25 © IGN (CC BY 4.0)
node/1243244005,San Cristóbal,Castellón/Castelló,988.0,40.0893848,-0.594229,985.0,48.0,48.0,False,False,937.0,40.089641,-0.596546,23.1,False,Calculada sobre MDT25 © IGN (CC BY 4.0)
node/1243244024,el Malladar,Castellón/Castelló,522.0,39.9664105,-0.3419864,523.0,49.0,49.0,False,False,474.0,39.968126,-0.34324,17.7,False,Calculada sobre MDT25 © IGN (CC BY 4.0)
node/1243244130,El Vago,Castellón/Castelló,838.0,40.0217709,-0.4478549,837.0,24.0,24.0,False,False,813.0,40.023392,-0.447428,8.6,False,Calculada sobre MDT25 © IGN (CC BY 4.0)
node/1243244131,Tossal de la Taladeta,Castellón/Castelló,980.0,40.3021891,-0.1777272,977.0,56.0,56.0,False,False,921.0,40.305742,-0.174156,16.5,False,Calculada sobre MDT25 © IGN (CC BY 4.0)
node/1243244163,Cabeço Roig,Castellón/Castelló,672.0,40.0671555,-0.2996036,670.0,30.0,30.0,False,False,640.0,40.066702,-0.301601,8.3,False,Calculada sobre MDT25 © IGN (CC BY 4.0)
node/1243244177,Alto de la Patorra,Castellón/Castelló,834.0,39.8889117,-0.6819831,832.0,66.0,66.0,False,False,766.0,39.882952,-0.676573,4.8,False,Calculada sobre MDT25 © IGN (CC BY 4.0)
node/1243244199,Alto de la Sillata,Castellón/Castelló,619.0,40.0026114,-0.3465875,616.0,28.0,28.0,False,False,588.0,40.001574,-0.348386,5.2,False,Calculada sobre MDT25 © IGN (CC BY 4.0)
node/1243244221,Punt del Cid,Castellón/Castelló,110.0,39.7528317,-0.207369,108.0,97.0,97.0,False,False,11.0,39.755715,-0.207286,5.5,False,Calculada sobre MDT25 © IGN (CC BY 4.0)
node/1243244226,Cerro Pachón,Castellón/Castelló,892.0,40.0345836,-0.5877919,896.0,55.0,55.0,False,False,841.0,40.034097,-0.589708,14.7,False,Calculada sobre MDT25 © IGN (CC BY 4.0)
node/1243244257,Tossal de la Mola,Castellón/Castelló,755.0,40.4456482,0.0524535,755.0,50.0,50.0,False,False,705.0,40.44643,0.057801,27.5,False,Calculada sobre MDT25 © IGN (CC BY 4.0)
node/1243244265,El Morrón de Campos,Castellón/Castelló,963.0,40.0776867,-0.5474667,968.0,105.0,105.0,False,False,863.0,40.076707,-0.570323,31.6,False,Calculada sobre MDT25 © IGN (CC BY 4.0)
node/1243244297,Peña del Mediodía,Castellón/Castelló,787.0,39.9837475,-0.5116724,784.0,9.0,9.0,False,False,775.0,39.984268,-0.512415,16.2,False,Calculada sobre MDT25 © IGN (CC BY 4.0)
node/1243244300,la Torassa,Castellón/Castelló,1068.0,40.5916725,-0.2468305,1067.0,22.0,22.0,False,False,1045.0,40.590586,-0.248148,7.8,False,Calculada sobre MDT25 © IGN (CC BY 4.0)
node/1243244304,Alt de la Porquera,Castellón/Castelló,896.0,40.0492327,-0.4994457,895.0,63.0,63.0,False,False,832.0,40.042175,-0.503278,8.9,False,Calculada sobre MDT25 © IGN (CC BY 4.0)
node/1243244329,la Lloma,Castellón/Castelló,1162.0,40.3572959,-0.2867282,1160.0,14.0,14.0,False,False,1146.0,40.354798,-0.285433,62.2,False,Calculada sobre MDT25 © IGN (CC BY 4.0)
node/1243244334,Peña Parda,Castellón/Castelló,755.0,39.9205365,-0.3735057,756.0,30.0,30.0,False,False,726.0,39.919992,-0.375521,22.5,False,Calculada sobre MDT25 © IGN (CC BY 4.0)
node/1243263255,Alto del Cerro,Castellón/Castelló,911.0,40.02972,-0.4980832,911.0,9.0,9.0,False,False,902.0,40.029254,-0.499355,8.6,False,Calculada sobre MDT25 © IGN (CC BY 4.0)
node/1243263281,Cerro de las Majadillas,Castellón/Castelló,1313.0,39.9784539,-0.8001254,1313.0,24.0,24.0,False,False,1289.0,39.98042,-0.800915,33.5,False,Calculada sobre MDT25 © IGN (CC BY 4.0)
node/1243263350,Tossal de la Collada,Castellón/Castelló,866.0,40.2500256,-0.0470448,865.0,43.0,43.0,False,False,822.0,40.251907,-0.047377,12.9,False,Calculada sobre MDT25 © IGN (CC BY 4.0)
node/1243263359,Cerro del Rincón,Castellón/Castelló,1187.0,39.8665446,-0.7305459,1189.0,21.0,21.0,False,False,1168.0,39.868123,-0.735237,11.5,False,Calculada sobre MDT25 © IGN (CC BY 4.0)
node/1243263397,Alto del Gafero,Castellón/Castelló,921.0,39.872043,-0.6504174,921.0,55.0,55.0,False,False,866.0,39.863535,-0.651803,6.8,False,Calculada sobre MDT25 © IGN (CC BY 4.0)
node/1243263423,Cerro del Catalán,Castellón/Castelló,926.0,39.9772193,-0.6103803,926.0,50.0,50.0,False,False,876.0,39.982353,-0.614071,12.6,False,Calculada sobre MDT25 © IGN (CC BY 4.0)
node/1243263427,Tossal de la Canada,Castellón/Castelló,877.0,40.2643468,-0.0036211,875.0,97.0,97.0,False,False,778.0,40.266385,-0.006181,25.4,False,Calculada sobre MDT25 © IGN (CC BY 4.0)
node/1243263471,Las Balsillas,Castellón/Castelló,555.0,39.8825294,-0.4342427,552.0,37.0,37.0,False,False,515.0,39.884583,-0.433585,4.6,False,Calculada sobre MDT25 © IGN (CC BY 4.0)
node/1243263696,Cerro de Moliner,Castellón/Castelló,729.0,39.958584,-0.5279275,729.0,13.0,13.0,False,False,716.0,39.957821,-0.528884,13.8,False,Calculada sobre MDT25 © IGN (CC BY 4.0)
node/1243264639,El Alto,Castellón/Castelló,771.0,40.0138314,-0.4251352,770.0,71.0,71.0,False,False,699.0,40.004259,-0.417393,10.5,False,Calculada sobre MDT25 © IGN (CC BY 4.0)
node/1243265159,Puntal del Blayo,Castellón/Castelló,1186.0,39.8792075,-0.7488294,1184.0,15.0,15.0,False,False,1169.0,39.879436,-0.74948,6.4,False,Calculada sobre MDT25 © IGN (CC BY 4.0)
node/1243265276,Alto del Campo,Castellón/Castelló,906.0,40.0021269,-0.4705468,907.0,34.0,34.0,False,False,873.0,40.003615,-0.469836,20.6,False,Calculada sobre MDT25 © IGN (CC BY 4.0)
node/1243265336,Morral Negre,Castellón/Castelló,965.0,40.6137924,0.1573457,964.0,24.0,24.0,False,False,940.0,40.61484,0.158844,30.8,False,Calculada sobre MDT25 © IGN (CC BY 4.0)
node/1243265583,Alt del Fardatxo,Castellón/Castelló,371.0,40.3940398,0.3121503,370.0,28.0,28.0,False,False,342.0,40.391989,0.309191,14.1,False,Calculada sobre MDT25 © IGN (CC BY 4.0)
node/1243265721,Penya Saganta,Castellón/Castelló,726.0,40.0164926,-0.3585098,726.0,39.0,39.0,False,False,687.0,40.012039,-0.362917,12.8,False,Calculada sobre MDT25 © IGN (CC BY 4.0)
node/1243265767,Peñalba,Castellón/Castelló,857.0,40.0362778,-0.4466991,855.0,78.0,78.0,False,False,777.0,40.033125,-0.449702,8.2,False,Calculada sobre MDT25 © IGN (CC BY 4.0)
node/1243265889,el Puntalet,Castellón/Castelló,535.0,39.9214908,-0.3409109,534.0,1.0,1.0,False,False,533.0,39.921244,-0.341544,5.2,False,Calculada sobre MDT25 © IGN (CC BY 4.0)
node/1243265998,Cerro del Navajo,Castellón/Castelló,1071.0,39.8543904,-0.700427,1069.0,68.0,68.0,False,False,1001.0,39.848164,-0.705213,16.8,False,Calculada sobre MDT25 © IGN (CC BY 4.0)
node/1243266109,Puntal de la Canaleta,Castellón/Castelló,1308.0,39.9710851,-0.8051218,1359.0,16.0,16.0,False,False,1343.0,39.972203,-0.807033,17.0,False,Calculada sobre MDT25 © IGN (CC BY 4.0)
node/1243266219,Cerro Gordo,Castellón/Castelló,1186.0,39.8834932,-0.767075,1186.0,32.0,32.0,False,False,1154.0,39.882982,-0.769828,15.3,False,Calculada sobre MDT25 © IGN (CC BY 4.0)
node/1243266299,Mola del Puig Cabrer,Castellón/Castelló,699.0,40.4966466,0.0751758,699.0,29.0,29.0,False,False,670.0,40.496271,0.071863,26.9,False,Calculada sobre MDT25 © IGN (CC BY 4.0)
node/1243266325,Puntal de la Atalaya,Castellón/Castelló,1106.0,40.022069,-0.5753237,1107.0,112.0,112.0,False,False,995.0,40.026007,-0.57974,11.4,False,Calculada sobre MDT25 © IGN (CC BY 4.0)
node/1243266340,Alto de la Cruz,Castellón/Castelló,1123.0,39.937447,-0.7185224,1122.0,25.0,25.0,False,False,1097.0,39.938762,-0.719743,10.4,False,Calculada sobre MDT25 © IGN (CC BY 4.0)
node/1243266429,Carrascosa,Castellón/Castelló,918.0,39.9729572,-0.4634846,915.0,28.0,28.0,False,False,887.0,39.974221,-0.464481,18.6,False,Calculada sobre MDT25 © IGN (CC BY 4.0)
node/1243266452,la Closa,Castellón/Castelló,1193.0,40.6824732,0.1057184,1191.0,28.0,28.0,False,False,1163.0,40.683418,0.104406,14.7,False,Calculada sobre MDT25 © IGN (CC BY 4.0)
node/1243266468,Cerro Pardo,Castellón/Castelló,871.0,40.0602036,-0.5893587,871.0,4.0,4.0,False,False,867.0,40.059734,-0.587925,33.6,False,Calculada sobre MDT25 © IGN (CC BY 4.0)
node/1243266663,les Portadores,Castellón/Castelló,364.0,40.0895505,-0.1008974,362.0,48.0,48.0,False,False,314.0,40.088324,-0.096976,11.2,False,Calculada sobre MDT25 © IGN (CC BY 4.0)
node/1243266853,la Pedrenyera,Castellón/Castelló,910.0,40.2785996,-0.1982526,907.0,43.0,43.0,False,False,864.0,40.280029,-0.20022,4.3,False,Calculada sobre MDT25 © IGN (CC BY 4.0)
node/1243267024,Alto de Sacañet,Castellón/Castelló,1142.0,39.84668,-0.7206442,1141.0,43.0,43.0,False,False,1098.0,39.842426,-0.722642,25.1,False,Calculada sobre MDT25 © IGN (CC BY 4.0)
node/1243267087,Pico del Águila,Valencia/València,878.0,39.7809076,-0.5168445,876.0,127.0,127.0,False,False,749.0,39.752678,-0.498596,15.1,False,Calculada sobre MDT25 © IGN (CC BY 4.0)
node/1243267389,Cerro de la Tarihuela,Castellón/Castelló,504.0,39.9106394,-0.544368,502.0,22.0,22.0,False,False,480.0,39.910923,-0.547534,3.7,False,Calculada sobre MDT25 © IGN (CC BY 4.0)
node/1243267416,El Tossalet,Castellón/Castelló,783.0,40.4600935,0.0722938,783.0,49.0,49.0,False,False,734.0,40.46252,0.070914,65.3,False,Calculada sobre MDT25 © IGN (CC BY 4.0)
node/1243267439,Cerro del Ferrín,Castellón/Castelló,1145.0,39.8895573,-0.7296413,1147.0,43.0,43.0,False,False,1104.0,39.883239,-0.725092,17.8,False,Calculada sobre MDT25 © IGN (CC BY 4.0)
node/1243267457,El Cabezuelo,Castellón/Castelló,1015.0,40.0229458,-0.7315578,1020.0,25.0,25.0,False,False,995.0,40.021268,-0.735159,6.5,False,Calculada sobre MDT25 © IGN (CC BY 4.0)
node/1243267562,Montegordo,Castellón/Castelló,837.0,40.4000299,0.0323535,836.0,228.0,228.0,False,False,608.0,40.406683,0.028016,18.5,False,Calculada sobre MDT25 © IGN (CC BY 4.0)
node/1243267624,La Serratilla,Castellón/Castelló,1104.0,39.9474511,-0.7060885,1101.0,33.0,33.0,False,False,1068.0,39.946184,-0.707792,21.0,False,Calculada sobre MDT25 © IGN (CC BY 4.0)
node/1243267633,Alto de Bellido,Castellón/Castelló,739.0,39.8989882,-0.4405628,740.0,21.0,21.0,False,False,719.0,39.897121,-0.440427,33.1,False,Calculada sobre MDT25 © IGN (CC BY 4.0)
node/1243267700,Alto del Niño,Castellón/Castelló,793.0,39.9433721,-0.6498271,791.0,39.0,39.0,False,False,752.0,39.944154,-0.651388,19.9,False,Calculada sobre MDT25 © IGN (CC BY 4.0)
node/1243267892,Alto del Carro,Castellón/Castelló,844.0,39.9444264,-0.4371874,852.0,31.0,31.0,False,False,821.0,39.942518,-0.436101,127.1,False,Calculada sobre MDT25 © IGN (CC BY 4.0)
node/1243267968,la Talaia,Castellón/Castelló,455.0,40.0819393,-0.008869,454.0,102.0,102.0,False,False,352.0,40.079263,-0.006484,15.2,False,Calculada sobre MDT25 © IGN (CC BY 4.0)
node/1243268012,la Curolla,Castellón/Castelló,559.0,40.5229371,0.1488622,561.0,31.0,31.0,False,False,530.0,40.523732,0.147477,30.9,False,Calculada sobre MDT25 © IGN (CC BY 4.0)
node/1243268224,el Guitó,Castellón/Castelló,628.0,39.9518657,-0.3601852,626.0,77.0,77.0,False,False,549.0,39.948759,-0.363009,6.4,False,Calculada sobre MDT25 © IGN (CC BY 4.0)
node/1243268237,Cerro de la Fonte,Castellón/Castelló,1054.0,39.867852,-0.71494,1052.0,7.0,7.0,False,False,1045.0,39.867294,-0.715974,16.1,False,Calculada sobre MDT25 © IGN (CC BY 4.0)
node/1243268248,Cerro Sabinoso,Castellón/Castelló,654.0,39.7724772,-0.6208855,654.0,12.0,12.0,False,False,642.0,39.766567,-0.623583,18.7,False,Calculada sobre MDT25 © IGN (CC BY 4.0)
node/1243268309,el Tossal,Castellón/Castelló,469.0,39.9641998,-0.3181275,470.0,80.0,80.0,False,False,390.0,39.969175,-0.32037,8.8,False,Calculada sobre MDT25 © IGN (CC BY 4.0)
node/1243268365,Monte de la Palomera,Castellón/Castelló,607.0,39.8418564,-0.3942777,608.0,49.0,49.0,False,False,559.0,39.84533,-0.40028,57.8,False,Calculada sobre MDT25 © IGN (CC BY 4.0)
node/1243268408,Cerro de los Albares,Castellón/Castelló,612.0,39.8609733,-0.5712179,612.0,10.0,10.0,False,False,602.0,39.865031,-0.571381,26.2,False,Calculada sobre MDT25 © IGN (CC BY 4.0)
node/1243268439,les Moletes,Castellón/Castelló,1247.0,40.6855065,0.0721377,1243.0,10.0,10.0,False,False,1233.0,40.685784,0.074936,53.5,False,Calculada sobre MDT25 © IGN (CC BY 4.0)
node/1243268443,Cerro de la Cruz,Castellón/Castelló,1053.0,39.9865296,-0.6734364,1049.0,28.0,28.0,False,False,1021.0,39.98127,-0.660364,19.0,False,Calculada sobre MDT25 © IGN (CC BY 4.0)
node/1243268449,els Campanarets,Castellón/Castelló,1159.0,40.4908205,-0.0166625,1160.0,13.0,13.0,False,False,1147.0,40.488917,-0.016951,41.0,False,Calculada sobre MDT25 © IGN (CC BY 4.0)
node/1243268450,,Castellón/Castelló,276.0,40.3089753,0.1388717,276.0,24.0,24.0,False,False,252.0,40.312465,0.141167,8.5,False,Calculada sobre MDT25 © IGN (CC BY 4.0)
node/1243268602,El Penitente,Castellón/Castelló,739.0,39.7486458,-0.4751465,739.0,31.0,31.0,False,False,708.0,39.74631,-0.474903,23.5,False,Calculada sobre MDT25 © IGN (CC BY 4.0)
node/1243268665,Tossal del Calciner,Castellón/Castelló,749.0,40.2314682,-0.2241446,748.0,60.0,60.0,False,False,688.0,40.231053,-0.23309,22.1,False,Calculada sobre MDT25 © IGN (CC BY 4.0)
node/1243268850,el Cabeço,Castellón/Castelló,699.0,40.2084591,-0.2254959,700.0,43.0,43.0,False,False,657.0,40.207086,-0.229072,36.9,False,Calculada sobre MDT25 © IGN (CC BY 4.0)
node/1243269126,Cerro Vicente,Castellón/Castelló,707.0,39.8992498,-0.6347372,707.0,45.0,45.0,False,False,662.0,39.894687,-0.633196,5.7,False,Calculada sobre MDT25 © IGN (CC BY 4.0)
node/1243269304,Alto de Garramanchel,Castellón/Castelló,1059.0,39.9800512,-0.6545024,1057.0,54.0,54.0,False,False,1003.0,39.990473,-0.670005,28.1,False,Calculada sobre MDT25 © IGN (CC BY 4.0)
node/1243269311,lo Flare,Castellón/Castelló,744.0,40.47385,0.1106182,744.0,30.0,30.0,False,False,714.0,40.476764,0.110781,49.1,False,Calculada sobre MDT25 © IGN (CC BY 4.0)
node/1243269336,lo Tossal Pelat,Castellón/Castelló,694.0,40.3910728,0.1864336,692.0,3.0,3.0,False,False,689.0,40.390723,0.186033,16.8,False,Calculada sobre MDT25 © IGN (CC BY 4.0)
node/1243269369,Calacierto,Castellón/Castelló,1067.0,40.0118933,-0.5391532,1071.0,31.0,31.0,False,False,1040.0,40.006839,-0.546446,62.1,False,Calculada sobre MDT25 © IGN (CC BY 4.0)
node/1243269402,Cerro Margarita,Castellón/Castelló,811.0,39.9650421,-0.6170055,811.0,27.0,27.0,False,False,784.0,39.966903,-0.618413,3.4,False,Calculada sobre MDT25 © IGN (CC BY 4.0)
node/1243269412,Moleta de la Pastora,Castellón/Castelló,908.0,40.4685113,-0.0099695,904.0,1.0,1.0,False,False,903.0,40.468708,-0.010475,19.1,False,Calculada sobre MDT25 © IGN (CC BY 4.0)
node/1243269480,Monte de San Roque,Castellón/Castelló,571.0,39.8680174,-0.4590858,571.0,105.0,105.0,False,False,466.0,39.877093,-0.461633,21.6,False,Calculada sobre MDT25 © IGN (CC BY 4.0)
node/1243269730,Tossal de les Mallades,Castellón/Castelló,1476.0,40.2345461,-0.3328983,1474.0,21.0,21.0,False,False,1453.0,40.23549,-0.335751,56.5,True,Calculada sobre MDT25 © IGN (CC BY 4.0)
node/1243269917,El Jupillo,Castellón/Castelló,761.0,39.9486462,-0.3874613,759.0,7.0,7.0,False,False,752.0,39.950943,-0.389846,13.8,False,Calculada sobre MDT25 © IGN (CC BY 4.0)
node/1243269999,Alto del Rejo,Castellón/Castelló,834.0,39.785565,-0.5754693,836.0,113.0,113.0,False,False,723.0,39.776602,-0.55377,15.5,False,Calculada sobre MDT25 © IGN (CC BY 4.0)
node/1243270420,Alto del Mosquitero,Castellón/Castelló,1208.0,39.9900131,-0.789203,1206.0,48.0,48.0,False,False,1158.0,39.989723,-0.792711,10.4,False,Calculada sobre MDT25 © IGN (CC BY 4.0)
node/1243270679,les Forques,Castellón/Castelló,972.0,40.3729151,-0.1305082,974.0,44.0,44.0,False,False,930.0,40.369849,-0.134677,18.0,False,Calculada sobre MDT25 © IGN (CC BY 4.0)
node/1243270737,El Escorrentador,Castellón/Castelló,1102.0,39.9993136,-0.635915,1102.0,4.0,4.0,False,False,1098.0,39.999457,-0.635438,19.5,False,Calculada sobre MDT25 © IGN (CC BY 4.0)
node/1243271116,Alto del Paso Malo,Castellón/Castelló,1044.0,40.0206453,-0.5890817,1046.0,12.0,12.0,False,False,1034.0,40.021051,-0.590461,10.2,False,Calculada sobre MDT25 © IGN (CC BY 4.0)
node/1243271268,Los García,Castellón/Castelló,1009.0,39.8587549,-0.6830451,1007.0,35.0,35.0,False,False,972.0,39.854243,-0.68251,16.2,False,Calculada sobre MDT25 © IGN (CC BY 4.0)
node/1243271302,Alto de las Palomas,Castellón/Castelló,1156.0,39.9918874,-0.5751493,1154.0,253.0,253.0,False,False,901.0,39.991843,-0.582997,5.4,False,Calculada sobre MDT25 © IGN (CC BY 4.0)
node/1243271364,Puntal del Pino,Castellón/Castelló,917.0,39.8183736,-0.6163089,916.0,25.0,25.0,False,False,891.0,39.819876,-0.620287,38.3,False,Calculada sobre MDT25 © IGN (CC BY 4.0)
node/1243271372,Alto de Cherri,Castellón/Castelló,787.0,39.9741594,-0.4039551,788.0,26.0,26.0,False,False,762.0,39.972013,-0.405436,25.9,False,Calculada sobre MDT25 © IGN (CC BY 4.0)
node/1243271470,Alto de la Cruz,Castellón/Castelló,851.0,39.9910446,-0.5137534,849.0,35.0,35.0,False,False,814.0,39.994927,-0.515835,14.7,False,Calculada sobre MDT25 © IGN (CC BY 4.0)
node/1243271491,Tossal del Pou,Castellón/Castelló,658.0,40.2372168,-0.2018424,657.0,29.0,29.0,False,False,628.0,40.235978,-0.2038,21.5,False,Calculada sobre MDT25 © IGN (CC BY 4.0)
node/1243271884,Peñas Santas,Castellón/Castelló,864.0,40.0140004,-0.4432059,859.0,7.0,7.0,False,False,852.0,40.013863,-0.444269,16.9,False,Calculada sobre MDT25 © IGN (CC BY 4.0)
node/1243271978,Alto de Enguita,Castellón/Castelló,1266.0,39.8513788,-0.7336773,1265.0,21.0,21.0,False,False,1244.0,39.850561,-0.735522,7.6,False,Calculada sobre MDT25 © IGN (CC BY 4.0)
node/1243272039,Pic d'Espadà,Castellón/Castelló,1103.0,39.9011024,-0.3763258,1098.0,382.0,382.0,False,False,716.0,39.913082,-0.388653,29.8,False,Calculada sobre MDT25 © IGN (CC BY 4.0)
node/1243272064,Loma de los Trapos,Castellón/Castelló,769.0,40.0319256,-0.3938421,767.0,55.0,55.0,False,False,712.0,40.028816,-0.397717,21.2,False,Calculada sobre MDT25 © IGN (CC BY 4.0)
node/1243272111,Penya Parda,Castellón/Castelló,534.0,39.9259033,-0.2598678,532.0,140.0,140.0,False,False,392.0,39.924272,-0.277955,15.8,False,Calculada sobre MDT25 © IGN (CC BY 4.0)
node/1243272117,Las Moletas,Castellón/Castelló,1484.0,40.2285947,-0.5146767,1484.0,33.0,33.0,False,False,1451.0,40.229538,-0.513449,7.8,False,Calculada sobre MDT25 © IGN (CC BY 4.0)
node/1243272119,la Creu,Castellón/Castelló,1122.0,40.6345581,0.1189415,1124.0,3.0,3.0,False,False,1121.0,40.634412,0.118093,49.8,False,Calculada sobre MDT25 © IGN (CC BY 4.0)
node/1243272179,Penya Roja,Valencia/València,831.0,39.720114,-0.4635463,830.0,106.0,106.0,False,False,724.0,39.721796,-0.466173,7.6,False,Calculada sobre MDT25 © IGN (CC BY 4.0)
node/1243272184,Alto del Limbo,Castellón/Castelló,1172.0,40.0175015,-0.6725312,1175.0,132.0,132.0,False,False,1043.0,40.011451,-0.660504,7.9,False,Calculada sobre MDT25 © IGN (CC BY 4.0)
node/1243272288,Alto de la Silla,Castellón/Castelló,1012.0,39.857788,-0.6688895,1010.0,20.0,20.0,False,False,990.0,39.858066,-0.670984,5.2,False,Calculada sobre MDT25 © IGN (CC BY 4.0)
node/1243272399,la Pitera,Castellón/Castelló,687.0,39.8663704,-0.2421574,686.0,15.0,15.0,False,False,671.0,39.865749,-0.24111,18.2,False,Calculada sobre MDT25 © IGN (CC BY 4.0)
node/1243272484,,Castellón/Castelló,198.0,39.8377343,-0.2131427,198.0,11.0,11.0,False,False,187.0,39.838502,-0.212989,17.9,False,Calculada sobre MDT25 © IGN (CC BY 4.0)
node/1243272516,Cerro Gordo,Castellón/Castelló,1290.0,39.9483947,-0.7654928,1289.0,128.0,128.0,False,False,1161.0,39.957815,-0.772959,12.0,False,Calculada sobre MDT25 © IGN (CC BY 4.0)
node/1243272529,Tossal dels Pinarejos,Castellón/Castelló,1348.12,40.2577839,-0.2973434,1348.0,33.0,33.0,False,False,1315.0,40.257179,-0.299922,7.8,False,Calculada sobre MDT25 © IGN (CC BY 4.0)
node/1243272612,La Peñuela,Castellón/Castelló,727.0,39.9182325,-0.6479681,724.0,20.0,20.0,False,False,704.0,39.917934,-0.646727,18.8,False,Calculada sobre MDT25 © IGN (CC BY 4.0)
node/1243272861,Cerro del Grillo,Castellón/Castelló,572.0,39.9078529,-0.6016334,572.0,7.0,7.0,False,False,565.0,39.908241,-0.602316,12.8,False,Calculada sobre MDT25 © IGN (CC BY 4.0)
node/1243272889,Vidal,Castellón/Castelló,769.0,39.8661409,-0.3812209,771.0,50.0,50.0,False,False,721.0,39.868014,-0.377504,15.3,False,Calculada sobre MDT25 © IGN (CC BY 4.0)
node/1243272894,Peña de la Hiedra,Castellón/Castelló,667.0,40.068503,-0.4061643,667.0,8.0,8.0,False,False,659.0,40.06884,-0.404988,15.4,False,Calculada sobre MDT25 © IGN (CC BY 4.0)
node/1243272908,El Frontón,Castellón/Castelló,1051.0,39.8970687,-0.7464792,1049.0,48.0,48.0,False,False,1001.0,39.895978,-0.743091,15.6,False,Calculada sobre MDT25 © IGN (CC BY 4.0)
node/1243272953,Cerro de la Pedrera,Castellón/Castelló,685.0,39.8584059,-0.5871127,684.0,5.0,5.0,False,False,679.0,39.858627,-0.588264,24.3,False,Calculada sobre MDT25 © IGN (CC BY 4.0)
node/1243273195,Peñas Pinas,Castellón/Castelló,552.0,39.8474908,-0.5308761,552.0,62.0,62.0,False,False,490.0,39.849771,-0.531304,18.8,False,Calculada sobre MDT25 © IGN (CC BY 4.0)
node/1243273382,la Moleta,Castellón/Castelló,467.0,40.3410912,0.3175028,467.0,35.0,35.0,False,False,432.0,40.338739,0.313058,50.9,False,Calculada sobre MDT25 © IGN (CC BY 4.0)
node/1243273407,Puntal de Monreal,Castellón/Castelló,1383.0,39.917155,-0.7814721,1381.0,35.0,35.0,False,False,1346.0,39.915685,-0.783976,11.9,False,Calculada sobre MDT25 © IGN (CC BY 4.0)
node/1243273476,el Marinet,Castellón/Castelló,1466.0,40.245992,-0.313112,1466.0,93.0,93.0,False,False,1373.0,40.251071,-0.318094,15.9,False,Calculada sobre MDT25 © IGN (CC BY 4.0)
node/1243273547,Puntal del Agrillar,Castellón/Castelló,1614.0,39.9186446,-0.8215429,1614.0,107.0,107.0,False,False,1507.0,39.938483,-0.846438,26.2,False,Calculada sobre MDT25 © IGN (CC BY 4.0)
node/1243273592,Alto del Portillo,Castellón/Castelló,902.0,40.0135162,-0.4792884,902.0,37.0,37.0,False,False,865.0,40.012459,-0.482982,12.0,False,Calculada sobre MDT25 © IGN (CC BY 4.0)
node/1243273627,Alto de la Muza,Castellón/Castelló,925.0,39.9486923,-0.4228585,926.0,37.0,37.0,False,False,889.0,39.953072,-0.424587,13.7,False,Calculada sobre MDT25 © IGN (CC BY 4.0)
node/1243273677,Alto del Cubico,Castellón/Castelló,735.0,40.003461,-0.4107791,734.0,20.0,20.0,False,False,714.0,40.003479,-0.412737,8.3,False,Calculada sobre MDT25 © IGN (CC BY 4.0)
node/1243273682,Peña Rubia,Castellón/Castelló,922.0,39.8303705,-0.5952904,920.0,18.0,18.0,False,False,902.0,39.831116,-0.597406,8.7,False,Calculada sobre MDT25 © IGN (CC BY 4.0)
node/1243273740,Cerro de la Plata,Castellón/Castelló,493.0,39.7726251,-0.4385162,496.0,52.0,52.0,False,False,444.0,39.771453,-0.44042,13.5,False,Calculada sobre MDT25 © IGN (CC BY 4.0)
node/1243273885,Peña Parda,Castellón/Castelló,1175.0,39.9211775,-0.74076,1172.0,28.0,28.0,False,False,1144.0,39.921163,-0.741094,4.2,False,Calculada sobre MDT25 © IGN (CC BY 4.0)
node/1243273888,Cerro de la Pudia,Castellón/Castelló,925.0,40.0546783,-0.5943047,927.0,0.0,0.0,False,True,,,,,False,Calculada sobre MDT25 © IGN (CC BY 4.0)
node/1243273958,Alto Caser,Castellón/Castelló,921.0,39.9852424,-0.5266022,920.0,8.0,8.0,False,False,912.0,39.985938,-0.527286,10.5,False,Calculada sobre MDT25 © IGN (CC BY 4.0)
node/1243273969,Puntal de Centeno,Castellón/Castelló,524.0,39.8923824,-0.2923605,524.0,114.0,114.0,False,False,410.0,39.890721,-0.29741,2.8,False,Calculada sobre MDT25 © IGN (CC BY 4.0)
node/1243273979,la Talaiola,Castellón/Castelló,943.0,40.5794679,0.1634627,943.0,86.0,86.0,False,False,857.0,40.57857,0.159499,13.7,False,Calculada sobre MDT25 © IGN (CC BY 4.0)
node/1243273996,Peña de Santa María,Castellón/Castelló,981.0,39.9248927,-0.7272432,979.0,16.0,16.0,False,False,963.0,39.925604,-0.726322,6.2,False,Calculada sobre MDT25 © IGN (CC BY 4.0)
node/1243274000,Alto de Vistahermosa,Castellón/Castelló,1448.0,39.9267162,-0.7944758,1448.0,21.0,21.0,False,False,1427.0,39.917511,-0.797079,22.4,False,Calculada sobre MDT25 © IGN (CC BY 4.0)
node/1243274139,Gorgojo,Castellón/Castelló,731.0,40.0058332,-0.370534,730.0,25.0,25.0,False,False,705.0,40.008321,-0.367746,9.5,False,Calculada sobre MDT25 © IGN (CC BY 4.0)
node/1243274355,Cinglo de Caldereros,Castellón/Castelló,1391.0,40.2280894,-0.4854017,1389.0,16.0,16.0,False,False,1373.0,40.227611,-0.486783,17.3,False,Calculada sobre MDT25 © IGN (CC BY 4.0)
node/1243274384,el Curulló de Motxellos,Castellón/Castelló,918.0,40.353203,-0.1113479,920.0,51.0,51.0,False,False,869.0,40.354265,-0.114733,18.4,False,Calculada sobre MDT25 © IGN (CC BY 4.0)
node/1243274445,Puntal del Navajo de María,Castellón/Castelló,1194.0,39.8715619,-0.7295543,1197.0,32.0,32.0,False,False,1165.0,39.870812,-0.734564,24.4,False,Calculada sobre MDT25 © IGN (CC BY 4.0)
node/1243274495,Tossal del Baranc de la Cova,Castellón/Castelló,574.0,40.2320671,-0.0595043,587.0,0.0,0.0,False,True,,,,,False,Calculada sobre MDT25 © IGN (CC BY 4.0)
node/1243274552,Pic de la Creu de Ferro,Castellón/Castelló,537.0,39.8607055,-0.2154897,536.0,12.0,12.0,False,False,524.0,39.861344,-0.217032,116.9,False,Calculada sobre MDT25 © IGN (CC BY 4.0)
node/1243274567,El Castillejo,Castellón/Castelló,899.0,39.9658261,-0.4753165,898.0,87.0,87.0,False,False,811.0,39.969116,-0.467889,8.2,False,Calculada sobre MDT25 © IGN (CC BY 4.0)
node/1243274581,Puntal del Estepar,Castellón/Castelló,1505.0,39.928253,-0.8106306,1505.0,70.0,70.0,False,False,1435.0,39.926413,-0.815223,16.7,False,Calculada sobre MDT25 © IGN (CC BY 4.0)
node/1243274753,Altos de Gollorí,Castellón/Castelló,629.0,39.827667,-0.5441942,626.0,54.0,54.0,False,False,572.0,39.82667,-0.546444,17.1,False,Calculada sobre MDT25 © IGN (CC BY 4.0)
node/1243274817,la Sima,Castellón/Castelló,754.0,39.9468235,-0.3672854,754.0,19.0,19.0,False,False,735.0,39.946642,-0.368943,16.0,False,Calculada sobre MDT25 © IGN (CC BY 4.0)
node/1243274841,Alto de la Costalata,Castellón/Castelló,671.0,39.9174052,-0.4980589,671.0,39.0,39.0,False,False,632.0,39.917636,-0.492893,36.6,False,Calculada sobre MDT25 © IGN (CC BY 4.0)
node/1243274845,el Cabeço Pelat,Castellón/Castelló,1376.78,40.2112647,-0.3148753,1377.0,11.0,11.0,False,False,1366.0,40.211412,-0.317015,16.1,False,Calculada sobre MDT25 © IGN (CC BY 4.0)
node/1243274884,Puntal del Bejés,Castellón/Castelló,914.0,39.81957,-0.5951246,912.0,21.0,21.0,False,False,891.0,39.819218,-0.599281,4.9,False,Calculada sobre MDT25 © IGN (CC BY 4.0)
node/1243275005,Tossal de Samaruc,Castellón/Castelló,,40.180095,-0.340711,1107.0,22.0,22.0,False,False,1085.0,40.180293,-0.334684,17.7,False,Calculada sobre MDT25 © IGN (CC BY 4.0)
node/1243275087,Loma de Tripa,Castellón/Castelló,972.0,39.8530111,-0.6740412,970.0,23.0,23.0,False,False,947.0,39.85524,-0.676047,38.8,False,Calculada sobre MDT25 © IGN (CC BY 4.0)
node/1243275101,Alto de la Palanca,Castellón/Castelló,825.0,39.8878851,-0.6709233,825.0,23.0,23.0,False,False,802.0,39.884855,-0.67037,24.0,False,Calculada sobre MDT25 © IGN (CC BY 4.0)
node/1243275114,Montecillo Arenal,Castellón/Castelló,313.0,39.8246239,-0.4373577,310.0,32.0,32.0,False,False,278.0,39.82564,-0.436365,11.9,False,Calculada sobre MDT25 © IGN (CC BY 4.0)
node/1243275241,Alto Fustero,Castellón/Castelló,1137.0,39.9341443,-0.7302261,1138.0,162.0,162.0,False,False,976.0,39.955036,-0.699887,13.0,False,Calculada sobre MDT25 © IGN (CC BY 4.0)
node/1243275251,Muela Benaza,Castellón/Castelló,976.0,40.0362868,-0.595211,974.0,0.0,0.0,False,True,,,,,False,Calculada sobre MDT25 © IGN (CC BY 4.0)
node/1243275278,Tossal de Navarro,Castellón/Castelló,1054.0,40.6247609,-0.2844513,1052.0,9.0,9.0,False,False,1043.0,40.624824,-0.28664,10.4,False,Calculada sobre MDT25 © IGN (CC BY 4.0)
node/1243275285,Alto de Simonet,Castellón/Castelló,597.0,39.879876,-0.5482551,594.0,14.0,14.0,False,False,580.0,39.878767,-0.549849,8.2,False,Calculada sobre MDT25 © IGN (CC BY 4.0)
node/1243275330,Mola Llampera,Castellón/Castelló,822.0,40.642338,0.2257904,819.0,20.0,20.0,False,False,799.0,40.643692,0.222873,28.6,False,Calculada sobre MDT25 © IGN (CC BY 4.0)
node/1243275546,Cerro Ando,Castellón/Castelló,868.0,40.0474423,-0.5136272,868.0,15.0,15.0,False,False,853.0,40.046459,-0.513964,10.0,False,Calculada sobre MDT25 © IGN (CC BY 4.0)
node/1243275634,el Piló,Castellón/Castelló,1455.49,40.2577471,-0.3128044,1454.0,61.0,61.0,False,False,1393.0,40.263118,-0.313208,5.4,False,Calculada sobre MDT25 © IGN (CC BY 4.0)
node/1243276104,Tossal de la Font,Castellón/Castelló,418.0,39.9563374,-0.3365267,418.0,17.0,17.0,False,False,401.0,39.957628,-0.337209,15.1,False,Calculada sobre MDT25 © IGN (CC BY 4.0)
node/1243276342,Puntal Redondo,Castellón/Castelló,1179.0,39.88693,-0.7545767,1177.0,34.0,34.0,False,False,1143.0,39.885575,-0.752496,7.9,False,Calculada sobre MDT25 © IGN (CC BY 4.0)
node/1243276482,Peña Roya,Castellón/Castelló,1073.0,39.9900442,-0.6266564,1074.0,7.0,7.0,False,False,1067.0,39.990482,-0.626085,72.5,False,Calculada sobre MDT25 © IGN (CC BY 4.0)
node/1243276514,Monte Redondo,Castellón/Castelló,1004.0,40.009284,-0.5264667,1006.0,48.0,48.0,False,False,958.0,40.008241,-0.527652,29.5,False,Calculada sobre MDT25 © IGN (CC BY 4.0)
node/1243276704,El Peral,Castellón/Castelló,1095.0,40.0264744,-0.6508829,1099.0,12.0,12.0,False,False,1087.0,40.027241,-0.65059,14.4,False,Calculada sobre MDT25 © IGN (CC BY 4.0)
node/1243276780,Cerro de la Herbasana,Castellón/Castelló,946.0,39.8414962,-0.6557269,945.0,25.0,25.0,False,False,920.0,39.842249,-0.657203,6.3,False,Calculada sobre MDT25 © IGN (CC BY 4.0)
node/1243276837,Alto Pabilo,Castellón/Castelló,755.0,39.8754011,-0.5821625,754.0,9.0,9.0,False,False,745.0,39.876534,-0.582959,87.3,False,Calculada sobre MDT25 © IGN (CC BY 4.0)
node/1243277035,Lomas del Pozo del Junco,Castellón/Castelló,1560.0,39.9577123,-0.8328159,1585.0,27.0,27.0,False,False,1558.0,39.952693,-0.835457,39.9,False,Calculada sobre MDT25 © IGN (CC BY 4.0)
node/1243277054,Moleta del Moro,Castellón/Castelló,1003.0,40.5565347,0.0635492,1006.0,11.0,11.0,False,False,995.0,40.557043,0.064309,15.3,False,Calculada sobre MDT25 © IGN (CC BY 4.0)
node/1243277277,Loma Rasa,Castellón/Castelló,1159.0,39.8379721,-0.7239478,1159.0,19.0,19.0,False,False,1140.0,39.836487,-0.729849,2.8,False,Calculada sobre MDT25 © IGN (CC BY 4.0)
node/1243277338,Tossal d'en Ramos,Castellón/Castelló,1096.0,40.4137968,-0.2140377,1090.0,77.0,77.0,False,False,1013.0,40.420418,-0.213555,15.4,False,Calculada sobre MDT25 © IGN (CC BY 4.0)
node/1243277370,Alto del Almorocho,Castellón/Castelló,971.0,40.1173211,-0.5786043,973.0,11.0,11.0,False,False,962.0,40.119575,-0.574077,23.6,False,Calculada sobre MDT25 © IGN (CC BY 4.0)
node/1243277399,Alto de la Mezquetilla,Castellón/Castelló,669.0,39.9005237,-0.6253304,668.0,13.0,13.0,False,False,655.0,39.900152,-0.625113,10.6,False,Calculada sobre MDT25 © IGN (CC BY 4.0)
node/1243277409,Tossal de la Vila,Castellón/Castelló,954.0,40.2672352,-0.0352318,953.0,164.0,164.0,False,False,789.0,40.276071,-0.032507,46.7,False,Calculada sobre MDT25 © IGN (CC BY 4.0)
node/1243277460,El Escarán,Castellón/Castelló,692.0,39.8744506,-0.6072211,691.0,4.0,4.0,False,False,687.0,39.87388,-0.607021,22.4,False,Calculada sobre MDT25 © IGN (CC BY 4.0)
node/1243277552,Loma de Borray,Castellón/Castelló,885.0,40.0346434,-0.5275041,889.0,12.0,12.0,False,False,877.0,40.034545,-0.52553,26.6,False,Calculada sobre MDT25 © IGN (CC BY 4.0)
node/1243277559,Puntal del Feroz,Castellón/Castelló,1168.0,39.9586339,-0.7568753,1167.0,27.0,27.0,False,False,1140.0,39.956937,-0.762452,3.4,False,Calculada sobre MDT25 © IGN (CC BY 4.0)
node/1243277561,El Cerro,Castellón/Castelló,1055.0,40.0044231,-0.731007,1059.0,32.0,32.0,False,False,1027.0,40.002658,-0.727867,25.5,False,Calculada sobre MDT25 © IGN (CC BY 4.0)
node/1243277566,el Clauet,Castellón/Castelló,402.0,40.1618768,0.0612088,402.0,53.0,53.0,False,False,349.0,40.159302,0.067176,19.3,False,Calculada sobre MDT25 © IGN (CC BY 4.0)
node/1243277573,Loma de Verche,Castellón/Castelló,636.0,39.8517371,-0.5731763,635.0,51.0,51.0,False,False,584.0,39.85148,-0.580332,36.8,False,Calculada sobre MDT25 © IGN (CC BY 4.0)
node/1243277679,Cap d'els Canals,Castellón/Castelló,661.0,40.5915257,0.1732628,658.0,7.0,7.0,False,False,651.0,40.590558,0.173946,66.4,False,Calculada sobre MDT25 © IGN (CC BY 4.0)
node/1243277698,Las Majadas,Castellón/Castelló,666.0,39.9976346,-0.3973696,665.0,106.0,106.0,False,False,559.0,39.994448,-0.401658,15.5,False,Calculada sobre MDT25 © IGN (CC BY 4.0)
node/1243277725,Tossal del Cabeço,Castellón/Castelló,1118.48,40.231753,-0.2950958,1119.0,33.0,33.0,False,False,1086.0,40.231271,-0.299483,15.2,False,Calculada sobre MDT25 © IGN (CC BY 4.0)
node/1243277812,Peñalta,Castellón/Castelló,772.0,39.9609917,-0.4839904,769.0,11.0,11.0,False,False,758.0,39.961565,-0.483094,15.8,False,Calculada sobre MDT25 © IGN (CC BY 4.0)
node/1243277844,El Paso,Castellón/Castelló,1060.0,39.8973282,-0.7220307,1062.0,4.0,4.0,False,False,1058.0,39.896472,-0.722315,5.4,False,Calculada sobre MDT25 © IGN (CC BY 4.0)
node/1243277908,Cerro Molino,Castellón/Castelló,850.0,39.9001575,-0.6980037,848.0,56.0,56.0,False,False,792.0,39.896761,-0.702715,21.9,False,Calculada sobre MDT25 © IGN (CC BY 4.0)
node/1243277931,Mola del Morico,Castellón/Castelló,697.0,40.0701442,0.0024831,698.0,160.0,160.0,False,False,538.0,40.073664,0.009685,11.6,False,Calculada sobre MDT25 © IGN (CC BY 4.0)
node/1243277975,Peñas Blancas,Castellón/Castelló,845.0,39.7318293,-0.457492,845.0,94.0,94.0,False,False,751.0,39.729333,-0.460647,15.9,False,Calculada sobre MDT25 © IGN (CC BY 4.0)
node/1243277992,Tossal del Rubiolar,Castellón/Castelló,1011.0,40.5938447,-0.033687,1009.0,24.0,24.0,False,False,985.0,40.593137,-0.032997,14.0,False,Calculada sobre MDT25 © IGN (CC BY 4.0)
node/1243277996,Alto del Roquetillo,Castellón/Castelló,712.0,39.9079288,-0.5859423,709.0,58.0,58.0,False,False,651.0,39.896874,-0.586338,3.2,False,Calculada sobre MDT25 © IGN (CC BY 4.0)
node/1243278018,La Ereta,Castellón/Castelló,1554.0,40.2336856,-0.5340338,1552.0,15.0,15.0,False,False,1537.0,40.234922,-0.533527,17.2,False,Calculada sobre MDT25 © IGN (CC BY 4.0)
node/1243278024,El Muladar,Castellón/Castelló,723.0,39.9654291,-0.4052323,721.0,15.0,15.0,False,False,706.0,39.965944,-0.405958,14.6,False,Calculada sobre MDT25 © IGN (CC BY 4.0)
node/1243278100,el Quadralbe,Castellón/Castelló,1112.0,40.6565873,-0.3082991,1110.0,3.0,3.0,False,False,1107.0,40.65707,-0.307805,11.0,False,Calculada sobre MDT25 © IGN (CC BY 4.0)
node/1243278105,Alto del Zorro,Castellón/Castelló,902.0,39.8815955,-0.6528144,903.0,50.0,50.0,False,False,853.0,39.879117,-0.653902,14.4,False,Calculada sobre MDT25 © IGN (CC BY 4.0)
node/1243278230,Santa Lucía,Castellón/Castelló,1070.0,39.9883152,-0.740163,1069.0,15.0,15.0,False,False,1054.0,39.991017,-0.731474,11.2,False,Calculada sobre MDT25 © IGN (CC BY 4.0)
node/1243278245,Coll de la Bassa,Castellón/Castelló,264.0,40.4618144,0.2971434,262.0,58.0,58.0,False,False,204.0,40.459408,0.298056,19.1,False,Calculada sobre MDT25 © IGN (CC BY 4.0)
node/1243278341,Alto de los Infantes,Castellón/Castelló,753.0,39.9209952,-0.646635,753.0,4.0,4.0,False,False,749.0,39.921973,-0.646004,60.2,False,Calculada sobre MDT25 © IGN (CC BY 4.0)
node/1243278374,la Moleta,Castellón/Castelló,314.0,40.4212247,0.3058829,313.0,46.0,46.0,False,False,267.0,40.42149,0.30121,29.3,False,Calculada sobre MDT25 © IGN (CC BY 4.0)
node/1243278397,Alto de las Horcas,Castellón/Castelló,832.0,39.9895892,-0.4320418,829.0,70.0,70.0,False,False,759.0,39.98729,-0.434135,25.9,False,Calculada sobre MDT25 © IGN (CC BY 4.0)
node/1243278419,Tossal d'en Boix,Castellón/Castelló,738.0,40.3484764,0.0546401,737.0,44.0,44.0,False,False,693.0,40.345547,0.049411,12.3,False,Calculada sobre MDT25 © IGN (CC BY 4.0)
node/1243278591,Mola d'en Camarás,Castellón/Castelló,1036.0,40.6541564,-0.1663006,1036.0,53.0,53.0,False,False,983.0,40.65242,-0.160754,33.3,False,Calculada sobre MDT25 © IGN (CC BY 4.0)
node/1243278621,Cabezo Pelado,Castellón/Castelló,785.0,40.0748425,-0.3657958,784.0,21.0,21.0,False,False,763.0,40.074069,-0.367267,14.7,False,Calculada sobre MDT25 © IGN (CC BY 4.0)
node/1243278651,el Castellet de Dalt,Castellón/Castelló,1068.0,40.5693318,0.0914059,1066.0,39.0,39.0,False,False,1027.0,40.570311,0.090309,6.4,False,Calculada sobre MDT25 © IGN (CC BY 4.0)
node/1243278676,Alto de la Solana,Castellón/Castelló,1022.0,39.9914411,-0.5878137,1021.0,108.0,108.0,False,False,913.0,39.998674,-0.597397,16.0,False,Calculada sobre MDT25 © IGN (CC BY 4.0)
node/1243278692,Mola Ballestera,Castellón/Castelló,782.0,40.6260653,0.2003373,783.0,54.0,54.0,False,False,729.0,40.626834,0.197533,27.9,False,Calculada sobre MDT25 © IGN (CC BY 4.0)
node/1243278700,Peña de Giberte,Castellón/Castelló,746.0,40.0611756,-0.5776428,750.0,8.0,8.0,False,False,742.0,40.062233,-0.578165,9.2,False,Calculada sobre MDT25 © IGN (CC BY 4.0)
node/1243278706,Cerro Gil,Castellón/Castelló,1254.0,39.9642844,-0.7796129,1253.0,45.0,45.0,False,False,1208.0,39.966811,-0.784082,12.0,False,Calculada sobre MDT25 © IGN (CC BY 4.0)
node/1243278710,la Palomita,Castellón/Castelló,1391.0,40.4367439,-0.3059055,1392.0,43.0,43.0,False,False,1349.0,40.430498,-0.306259,10.5,False,Calculada sobre MDT25 © IGN (CC BY 4.0)
node/1243278739,Cerro de Jaime,Castellón/Castelló,842.0,39.9659763,-0.597411,841.0,60.0,60.0,False,False,781.0,39.97224,-0.593347,5.8,False,Calculada sobre MDT25 © IGN (CC BY 4.0)
node/1243278766,El Cerro del Casimiro,Castellón/Castelló,1004.0,39.9487322,-0.694045,1002.0,28.0,28.0,False,False,974.0,39.952058,-0.697353,20.9,False,Calculada sobre MDT25 © IGN (CC BY 4.0)
node/1243278807,Monte Morterico,Castellón/Castelló,863.0,39.954306,-0.4666243,858.0,62.0,62.0,False,False,796.0,39.956283,-0.46807,81.3,False,Calculada sobre MDT25 © IGN (CC BY 4.0)
node/1243278847,Alto del Cinglo,Castellón/Castelló,947.0,40.0246356,-0.4901138,948.0,131.0,131.0,False,False,817.0,40.020205,-0.48709,44.5,False,Calculada sobre MDT25 © IGN (CC BY 4.0)
node/1243278910,Puntal del Bo,Castellón/Castelló,1145.0,39.9583679,-0.7515474,1144.0,8.0,8.0,False,False,1136.0,39.958331,-0.753041,28.4,False,Calculada sobre MDT25 © IGN (CC BY 4.0)
node/1243278991,el Colomer,Castellón/Castelló,705.0,40.0866485,0.0366973,707.0,35.0,35.0,False,False,672.0,40.086324,0.033698,85.1,False,Calculada sobre MDT25 © IGN (CC BY 4.0)
node/1243278993,el Castellar,Castellón/Castelló,885.0,40.3216542,-0.058803,884.0,60.0,60.0,False,False,824.0,40.320436,-0.0591,14.6,False,Calculada sobre MDT25 © IGN (CC BY 4.0)
node/1243279013,Collet de les Juncoses,Castellón/Castelló,761.0,40.7110494,-0.1562859,761.0,8.0,8.0,False,False,753.0,40.710585,-0.154436,17.4,False,Calculada sobre MDT25 © IGN (CC BY 4.0)
node/1243279059,Montardit,Castellón/Castelló,666.0,40.2619638,-0.1113003,666.0,110.0,110.0,False,False,556.0,40.274443,-0.110487,12.3,False,Calculada sobre MDT25 © IGN (CC BY 4.0)
node/1243279078,Cerro Mina,Castellón/Castelló,1027.0,40.0103063,-0.5984865,1030.0,25.0,25.0,False,False,1005.0,40.011982,-0.598395,31.0,False,Calculada sobre MDT25 © IGN (CC BY 4.0)
node/1243279089,el Turmell,Castellón/Castelló,1276.0,40.5773653,0.0900379,1275.0,247.0,247.0,False,False,1028.0,40.61089,-0.03162,25.6,False,Calculada sobre MDT25 © IGN (CC BY 4.0)
node/1243279474,Tossal de la Caseta,Castellón/Castelló,772.0,40.2390292,-0.2149721,770.0,100.0,100.0,False,False,670.0,40.242526,-0.223219,35.6,False,Calculada sobre MDT25 © IGN (CC BY 4.0)
node/1243279889,Morradelles,Castellón/Castelló,616.0,40.2026257,-0.2170998,615.0,24.0,24.0,False,False,591.0,40.20213,-0.219582,37.9,False,Calculada sobre MDT25 © IGN (CC BY 4.0)
node/1243279893,Roca Alta,Castellón/Castelló,1034.0,40.6600221,-0.2501943,1034.0,12.0,12.0,False,False,1022.0,40.66005,-0.252686,11.3,False,Calculada sobre MDT25 © IGN (CC BY 4.0)
node/1243279917,Muela del Rebalsador,Castellón/Castelló,1270.0,39.9135602,-0.7575519,1268.0,8.0,8.0,False,False,1260.0,39.914937,-0.7568,15.2,False,Calculada sobre MDT25 © IGN (CC BY 4.0)
node/1243280178,el Castell de Sufera,Castellón/Castelló,518.52,40.0916625,0.0503506,480.0,0.0,0.0,False,True,,,,,False,Calculada sobre MDT25 © IGN (CC BY 4.0)
node/1243280450,la Lloma,Castellón/Castelló,358.0,40.0677598,-0.2361306,358.0,8.0,8.0,False,False,350.0,40.067453,-0.237967,15.0,False,Calculada sobre MDT25 © IGN (CC BY 4.0)
node/1243280649,Peña Blanca,Castellón/Castelló,942.0,40.0193108,-0.5363438,942.0,9.0,9.0,False,False,933.0,40.018793,-0.536644,8.3,False,Calculada sobre MDT25 © IGN (CC BY 4.0)
node/1243280788,el Castellar,Castellón/Castelló,453.0,40.1192365,-0.2239979,452.0,63.0,63.0,False,False,389.0,40.122714,-0.222823,18.5,False,Calculada sobre MDT25 © IGN (CC BY 4.0)
node/1243281307,Alt de Vistahermosa,Castellón/Castelló,421.0,40.3580543,0.3494601,422.0,35.0,35.0,False,False,387.0,40.363291,0.343992,15.9,False,Calculada sobre MDT25 © IGN (CC BY 4.0)
node/1243281502,Cerro Aguamala,Castellón/Castelló,895.0,39.9349605,-0.675925,894.0,7.0,7.0,False,False,887.0,39.934319,-0.677469,5.1,False,Calculada sobre MDT25 © IGN (CC BY 4.0)
node/1243281563,Puntal del Cerro Mojón,Castellón/Castelló,1104.0,39.8347163,-0.7073862,1103.0,35.0,35.0,False,False,1068.0,39.829794,-0.710206,3.4,False,Calculada sobre MDT25 © IGN (CC BY 4.0)
node/1243281702,Monte de la Parra,Castellón/Castelló,816.0,39.9700407,-0.6020785,817.0,23.0,23.0,False,False,794.0,39.973073,-0.600929,90.4,False,Calculada sobre MDT25 © IGN (CC BY 4.0)
node/1243281731,la Mola,Castellón/Castelló,703.0,39.979205,-0.3380102,704.0,182.0,182.0,False,False,522.0,39.976518,-0.345842,12.0,False,Calculada sobre MDT25 © IGN (CC BY 4.0)
node/1243281741,Alto de las Quinchas,Castellón/Castelló,688.0,39.9053628,-0.6237107,688.0,38.0,38.0,False,False,650.0,39.901028,-0.623913,37.7,False,Calculada sobre MDT25 © IGN (CC BY 4.0)
node/1243281911,Huérpita,Castellón/Castelló,516.0,39.8810699,-0.4696726,515.0,19.0,19.0,False,False,496.0,39.881522,-0.468485,3.1,False,Calculada sobre MDT25 © IGN (CC BY 4.0)
node/1243282128,Loma de la Cierva,Castellón/Castelló,1022.0,39.9958021,-0.6458396,1027.0,0.0,0.0,False,True,,,,,False,Calculada sobre MDT25 © IGN (CC BY 4.0)
node/1243282172,El Bombo,Castellón/Castelló,693.0,40.0400112,-0.5426379,697.0,40.0,40.0,False,False,657.0,40.038264,-0.54151,8.8,False,Calculada sobre MDT25 © IGN (CC BY 4.0)
node/1243282221,el Tossalet,Castellón/Castelló,427.0,40.1219676,-0.2380665,427.0,23.0,23.0,False,False,404.0,40.123557,-0.239216,3.8,False,Calculada sobre MDT25 © IGN (CC BY 4.0)
node/1243282278,Tossal del Mas de Marco,Castellón/Castelló,527.0,40.0746098,-0.2527306,526.0,49.0,49.0,False,False,477.0,40.080843,-0.25179,17.1,False,Calculada sobre MDT25 © IGN (CC BY 4.0)
node/1243282322,Alto del Castillejo,Castellón/Castelló,861.0,39.9701073,-0.4095651,855.0,91.0,91.0,False,False,764.0,39.968537,-0.411128,22.0,False,Calculada sobre MDT25 © IGN (CC BY 4.0)
node/1243282336,la Solana,Castellón/Castelló,1348.0,40.6979026,0.0758483,1342.0,40.0,40.0,False,False,1302.0,40.702449,0.074816,5.3,False,Calculada sobre MDT25 © IGN (CC BY 4.0)
node/1243282374,Pico de la Rueda,Castellón/Castelló,899.0,39.9955005,-0.5047284,896.0,29.0,29.0,False,False,867.0,39.996475,-0.504066,55.7,False,Calculada sobre MDT25 © IGN (CC BY 4.0)
node/1243366027,El Cerro,Valencia/València,689.0,39.6414895,-0.924738,688.0,97.0,97.0,False,False,591.0,39.643172,-0.930794,1.0,False,Calculada sobre MDT25 © IGN (CC BY 4.0)
node/1243366032,Realto de la Mujer,Valencia/València,728.0,39.2256688,-0.8536134,728.0,16.0,16.0,False,False,712.0,39.224441,-0.855404,10.2,False,Calculada sobre MDT25 © IGN (CC BY 4.0)
node/1243366281,Cerro de Cabeza de Ludén,Valencia/València,523.0,39.3849899,-1.4137271,524.0,15.0,15.0,False,False,509.0,39.386572,-1.414726,27.9,False,Calculada sobre MDT25 © IGN (CC BY 4.0)
node/1243366536,Cerro del Carrascal,Valencia/València,1326.0,40.0576505,-1.1425041,1328.0,115.0,115.0,False,False,1213.0,40.059306,-1.138376,16.2,False,Calculada sobre MDT25 © IGN (CC BY 4.0)
node/1243366551,el Vedat,Valencia/València,303.0,39.0904686,-0.4024998,303.0,40.0,40.0,False,False,263.0,39.090839,-0.400189,3.5,False,Calculada sobre MDT25 © IGN (CC BY 4.0)
node/1243366662,Marianetas,Valencia/València,742.0,39.6885283,-0.956219,742.0,19.0,19.0,False,False,723.0,39.685953,-0.955462,16.0,False,Calculada sobre MDT25 © IGN (CC BY 4.0)
node/1243366875,Peña de la Zorra,Valencia/València,1130.0,39.0924071,-1.2359672,1119.0,8.0,8.0,False,False,1111.0,39.092063,-1.235476,14.1,False,Calculada sobre MDT25 © IGN (CC BY 4.0)
node/1243367025,Pico del Reloj,Valencia/València,762.0,39.2787199,-0.9844619,770.0,0.0,0.0,False,True,,,,,False,Calculada sobre MDT25 © IGN (CC BY 4.0)
node/1243367095,Alt de les Mentires,Valencia/València,772.0,38.8360224,-0.727441,772.0,13.0,13.0,False,False,759.0,38.835329,-0.730624,8.9,False,Calculada sobre MDT25 © IGN (CC BY 4.0)
node/1243367268,El Mojón Lozano,Valencia/València,826.0,39.7954117,-0.5486164,826.0,112.0,112.0,False,False,714.0,39.794004,-0.556657,9.2,False,Calculada sobre MDT25 © IGN (CC BY 4.0)
node/1243367717,Puntal del Juego de la Pelota,Valencia/València,792.0,39.3354624,-0.9272689,793.0,25.0,25.0,False,False,768.0,39.333679,-0.929799,13.9,False,Calculada sobre MDT25 © IGN (CC BY 4.0)
node/1243367778,Cerro Gordo,Valencia/València,1256.0,39.6631782,-1.1537739,1253.0,56.0,56.0,False,False,1197.0,39.659831,-1.157593,20.3,False,Calculada sobre MDT25 © IGN (CC BY 4.0)
node/1243368142,Pata de Yegua,Valencia/València,1114.0,39.9013946,-1.0871373,1114.0,8.0,8.0,False,False,1106.0,39.902591,-1.0856,64.3,False,Calculada sobre MDT25 © IGN (CC BY 4.0)
node/1243368235,Loma Chupena,Valencia/València,904.0,39.7961949,-1.0218346,902.0,53.0,53.0,False,False,849.0,39.792665,-1.017704,36.1,False,Calculada sobre MDT25 © IGN (CC BY 4.0)
node/1243368356,Alto de Palletas,Valencia/València,748.0,39.4161011,-0.9726172,750.0,15.0,15.0,False,False,735.0,39.416703,-0.975839,11.2,False,Calculada sobre MDT25 © IGN (CC BY 4.0)
node/1243368452,el Xocainet,Valencia/València,442.0,39.678043,-0.3505501,439.0,78.0,78.0,False,False,361.0,39.678967,-0.353487,55.1,False,Calculada sobre MDT25 © IGN (CC BY 4.0)
node/1243368619,Cerro de la Estafeta,Valencia/València,881.0,39.1383488,-0.9890522,881.0,21.0,21.0,False,False,860.0,39.137518,-0.982704,5.1,False,Calculada sobre MDT25 © IGN (CC BY 4.0)
node/1243368825,,Valencia/València,235.0,38.8805541,-0.141537,233.0,14.0,14.0,False,False,219.0,38.880256,-0.140765,9.2,False,Calculada sobre MDT25 © IGN (CC BY 4.0)
node/1243368908,Puntal de la Cuesta Blanca,Valencia/València,529.0,39.3583062,-0.8503291,530.0,39.0,39.0,False,False,491.0,39.36078,-0.846886,11.9,False,Calculada sobre MDT25 © IGN (CC BY 4.0)
node/1243368998,Puntal del Povitxol,Valencia/València,281.0,39.7304721,-0.2967248,278.0,44.0,44.0,False,False,234.0,39.731217,-0.294903,24.7,False,Calculada sobre MDT25 © IGN (CC BY 4.0)
node/1243369089,l'Altesó,Valencia/València,313.0,38.9711542,-0.4385591,312.0,50.0,50.0,False,False,262.0,38.972815,-0.440869,29.2,False,Calculada sobre MDT25 © IGN (CC BY 4.0)
node/1243369291,Puntal del Meliquet,Valencia/València,405.0,39.6662688,-0.3955652,404.0,72.0,72.0,False,False,332.0,39.669591,-0.396975,11.8,False,Calculada sobre MDT25 © IGN (CC BY 4.0)
node/1243370270,Loma del Enebral,Valencia/València,708.0,39.5467868,-0.9612156,710.0,5.0,5.0,False,False,705.0,39.547081,-0.960999,10.8,False,Calculada sobre MDT25 © IGN (CC BY 4.0)
node/1243370639,Cinglo de Alejandro,Valencia/València,1205.0,39.9183458,-0.9609404,1206.0,30.0,30.0,False,False,1176.0,39.921224,-0.963104,43.3,False,Calculada sobre MDT25 © IGN (CC BY 4.0)
node/1243371308,El Chaparral,Valencia/València,1706.0,40.0519954,-1.0858672,1710.0,57.0,57.0,False,False,1653.0,40.055447,-1.081328,9.4,False,Calculada sobre MDT25 © IGN (CC BY 4.0)
node/1243371391,Alto del Aljibe,Valencia/València,721.0,39.2252677,-0.8460731,721.0,2.0,2.0,False,False,719.0,39.225857,-0.846673,14.5,False,Calculada sobre MDT25 © IGN (CC BY 4.0)
node/1243371414,La Herrada,Valencia/València,1147.0,39.9167223,-1.0325146,1146.0,83.0,83.0,False,False,1063.0,39.919454,-1.03014,8.6,False,Calculada sobre MDT25 © IGN (CC BY 4.0)
node/1243371440,Alto de Pozo Ramos,Valencia/València,593.0,39.7021719,-1.0156897,591.0,59.0,59.0,False,False,532.0,39.695218,-1.022245,109.6,False,Calculada sobre MDT25 © IGN (CC BY 4.0)
node/1243371608,Loma de la Pelucha,Valencia/València,1164.0,39.852242,-0.7816105,1163.0,16.0,16.0,False,False,1147.0,39.850305,-0.780529,12.8,False,Calculada sobre MDT25 © IGN (CC BY 4.0)
node/1243372048,Puntal de la Umbría,Valencia/València,452.0,39.6773423,-0.9255639,451.0,5.0,5.0,False,False,446.0,39.676636,-0.925423,30.3,False,Calculada sobre MDT25 © IGN (CC BY 4.0)
node/1243372055,Morra del Bailaor,Valencia/València,683.0,39.2847402,-0.7236548,687.0,0.0,0.0,False,True,,,,,False,Calculada sobre MDT25 © IGN (CC BY 4.0)
node/1243372151,Puntal de los Caracoles,Valencia/València,844.0,39.4512348,-1.4135633,843.0,3.0,3.0,False,False,840.0,39.451654,-1.413541,24.2,False,Calculada sobre MDT25 © IGN (CC BY 4.0)
node/1243372225,Loma de los Visos,Valencia/València,957.0,39.6939604,-1.0673591,956.0,33.0,33.0,False,False,923.0,39.680045,-1.057366,15.4,False,Calculada sobre MDT25 © IGN (CC BY 4.0)
node/1243372271,La Moratilla Grande,Valencia/València,1404.0,39.9314541,-1.0376256,1408.0,246.0,246.0,False,False,1162.0,39.938258,-1.036623,9.2,False,Calculada sobre MDT25 © IGN (CC BY 4.0)
node/1243372279,Pico de la Colmena,Valencia/València,569.0,39.3175909,-1.1656475,565.0,72.0,72.0,False,False,493.0,39.3142,-1.164955,7.7,False,Calculada sobre MDT25 © IGN (CC BY 4.0)
node/1243372403,Puntal Alto,Valencia/València,576.0,39.3627899,-0.959936,578.0,25.0,25.0,False,False,553.0,39.363478,-0.959097,28.4,False,Calculada sobre MDT25 © IGN (CC BY 4.0)
node/1243372540,el Picaio,Valencia/València,699.0,39.0073314,-0.3273303,698.0,132.0,132.0,False,False,566.0,39.003116,-0.325756,28.5,False,Calculada sobre MDT25 © IGN (CC BY 4.0)
node/1243372684,Cerro del Majadal,Valencia/València,1234.0,39.6413019,-1.1292147,1233.0,4.0,4.0,False,False,1229.0,39.640707,-1.130716,49.2,False,Calculada sobre MDT25 © IGN (CC BY 4.0)
node/1243372956,Cerro del Bolariquio,Valencia/València,465.0,39.1957846,-1.0629601,462.0,51.0,51.0,False,False,411.0,39.19708,-1.068134,26.6,False,Calculada sobre MDT25 © IGN (CC BY 4.0)
node/1243373136,Morro del Bali,Valencia/València,412.0,39.2636226,-0.7967996,410.0,76.0,76.0,False,False,334.0,39.266202,-0.799946,28.8,False,Calculada sobre MDT25 © IGN (CC BY 4.0)
node/1243373191,Cerro de Ludén,Valencia/València,591.0,39.3979421,-1.4022737,591.0,48.0,48.0,False,False,543.0,39.400592,-1.402215,50.8,False,Calculada sobre MDT25 © IGN (CC BY 4.0)
node/1243373444,Puntal de las Aliagas,Valencia/València,559.0,39.5930816,-0.8724122,557.0,16.0,16.0,False,False,541.0,39.593042,-0.873772,42.2,False,Calculada sobre MDT25 © IGN (CC BY 4.0)
node/1243373704,Cerro de Don Gil,Valencia/València,1242.0,39.6369447,-1.1219714,1240.0,22.0,22.0,False,False,1218.0,39.636541,-1.123837,16.0,False,Calculada sobre MDT25 © IGN (CC BY 4.0)
node/1243373975,Cerro de la Canaleta,Valencia/València,857.0,39.7260982,-1.1807869,858.0,29.0,29.0,False,False,829.0,39.725576,-1.184721,17.3,False,Calculada sobre MDT25 © IGN (CC BY 4.0)
node/1243374018,Cerro Campillo,Valencia/València,848.0,39.7855041,-0.7687239,848.0,150.0,150.0,False,False,698.0,39.792163,-0.766926,36.2,False,Calculada sobre MDT25 © IGN (CC BY 4.0)
node/1243375122,Cerro de Civera,Valencia/València,1081.0,40.176362,-1.2890296,1078.0,24.0,24.0,False,False,1054.0,40.177182,-1.289892,10.4,False,Calculada sobre MDT25 © IGN (CC BY 4.0)
node/1243375213,Alto del Retor,Valencia/València,724.0,39.4613015,-0.819005,724.0,12.0,12.0,False,False,712.0,39.462315,-0.820223,12.5,False,Calculada sobre MDT25 © IGN (CC BY 4.0)
node/1243375587,Cabezo de los Moros,Valencia/València,1244.0,40.03169,-1.150232,1244.0,33.0,33.0,False,False,1211.0,40.030195,-1.148836,11.7,False,Calculada sobre MDT25 © IGN (CC BY 4.0)
node/1243375699,Puntal del Barrancazo,Valencia/València,638.0,39.2492627,-1.0124174,639.0,39.0,39.0,False,False,600.0,39.249852,-1.018307,10.6,False,Calculada sobre MDT25 © IGN (CC BY 4.0)
node/1243375802,Puntal de Lidoneros,Valencia/València,677.0,39.4602877,-0.8060988,675.0,59.0,59.0,False,False,616.0,39.462273,-0.805987,21.2,False,Calculada sobre MDT25 © IGN (CC BY 4.0)
node/1243375952,Cerro Chico,Valencia/València,1222.0,39.6675348,-1.1602545,1221.0,39.0,39.0,False,False,1182.0,39.665317,-1.162693,4.2,False,Calculada sobre MDT25 © IGN (CC BY 4.0)
node/1243375992,Cerro Terrán,Valencia/València,592.0,39.1614944,-0.9805291,595.0,9.0,9.0,False,False,586.0,39.161793,-0.979695,15.7,False,Calculada sobre MDT25 © IGN (CC BY 4.0)
node/1243376282,el Caragol,Valencia/València,264.0,39.7954529,-0.3604973,263.0,11.0,11.0,False,False,252.0,39.796479,-0.361247,21.3,False,Calculada sobre MDT25 © IGN (CC BY 4.0)
node/1243376379,Altos del Rodeno,Valencia/València,1012.0,39.7655122,-0.9253512,1004.0,100.0,100.0,False,False,904.0,39.762841,-0.922254,10.1,False,Calculada sobre MDT25 © IGN (CC BY 4.0)
node/1243376555,Puntal de les Foies,Valencia/València,561.0,39.0232753,-0.2762779,561.0,14.0,14.0,False,False,547.0,39.022009,-0.275959,20.8,False,Calculada sobre MDT25 © IGN (CC BY 4.0)
node/1243376663,Puntal de Cleto,Valencia/València,614.0,39.3635406,-0.9156705,614.0,30.0,30.0,False,False,584.0,39.365571,-0.912028,19.4,False,Calculada sobre MDT25 © IGN (CC BY 4.0)
node/1243376737,Peña de las Contiendas,Valencia/València,601.0,39.0377272,-0.8246236,603.0,13.0,13.0,False,False,590.0,39.035358,-0.825609,32.7,False,Calculada sobre MDT25 © IGN (CC BY 4.0)
node/1243376801,,Valencia/València,55.0,39.6926623,-0.2632723,56.0,6.0,6.0,False,False,50.0,39.691983,-0.264078,17.0,False,Calculada sobre MDT25 © IGN (CC BY 4.0)
node/1243376951,Puntal de Gibraltar,Valencia/València,673.0,39.810547,-1.141814,668.0,17.0,17.0,False,False,651.0,39.810037,-1.141907,9.6,False,Calculada sobre MDT25 © IGN (CC BY 4.0)
node/1243377035,Cabezo Chico,Valencia/València,1248.0,39.8684378,-0.9933331,1251.0,11.0,11.0,False,False,1240.0,39.868122,-0.991858,7.5,False,Calculada sobre MDT25 © IGN (CC BY 4.0)
node/1243377072,Pico del Águila,Valencia/València,665.0,39.1950486,-1.1392308,666.0,31.0,31.0,False,False,635.0,39.196457,-1.140522,15.2,False,Calculada sobre MDT25 © IGN (CC BY 4.0)
node/1243377275,Alt de la Ferradura,Valencia/València,735.0,39.7662687,-0.7592517,736.0,9.0,9.0,False,False,727.0,39.766081,-0.757555,33.8,False,Calculada sobre MDT25 © IGN (CC BY 4.0)
node/1243377356,Penya del Sol,Valencia/València,664.0,38.8831524,-0.6779734,666.0,22.0,22.0,False,False,644.0,38.88934,-0.670975,10.7,False,Calculada sobre MDT25 © IGN (CC BY 4.0)
node/1243377865,Cerro Gordo,Valencia/València,560.0,39.1955242,-1.0043614,562.0,18.0,18.0,False,False,544.0,39.19244,-1.006606,24.4,False,Calculada sobre MDT25 © IGN (CC BY 4.0)
node/1243377990,Picos de Santa María,Valencia/València,1037.0,39.5561178,-0.9302579,1036.0,2.0,2.0,False,False,1034.0,39.555802,-0.931938,21.9,False,Calculada sobre MDT25 © IGN (CC BY 4.0)
node/1243378270,Loma del Águila,Valencia/València,947.0,39.8436036,-1.1010683,948.0,12.0,12.0,False,False,936.0,39.842052,-1.102184,25.6,False,Calculada sobre MDT25 © IGN (CC BY 4.0)
node/1243378396,Cerro del Asno,Valencia/València,876.0,39.4031498,-0.9413513,879.0,50.0,50.0,False,False,829.0,39.404292,-0.936132,37.2,False,Calculada sobre MDT25 © IGN (CC BY 4.0)
node/1243378438,Peña de la Mosca,Valencia/València,1064.0,40.1423503,-1.3029822,1065.0,23.0,23.0,False,False,1042.0,40.144012,-1.300996,15.4,False,Calculada sobre MDT25 © IGN (CC BY 4.0)
node/1243378457,Cerro de la Marica,Valencia/València,997.0,39.693706,-1.1659169,996.0,15.0,15.0,False,False,981.0,39.691512,-1.166955,10.2,False,Calculada sobre MDT25 © IGN (CC BY 4.0)
node/1243378481,Cerrito del Garrón,Valencia/València,896.0,39.7940835,-1.2261436,897.0,5.0,5.0,False,False,892.0,39.795372,-1.226684,25.4,False,Calculada sobre MDT25 © IGN (CC BY 4.0)
node/1243378548,Puntal de los Sebastianes,Valencia/València,1672.0,40.0591735,-1.0973967,1674.0,28.0,28.0,False,False,1646.0,40.061527,-1.094934,10.2,False,Calculada sobre MDT25 © IGN (CC BY 4.0)
node/1243378694,Puntal del Juanero,Valencia/València,773.0,39.1320988,-0.9213906,775.0,15.0,15.0,False,False,760.0,39.130582,-0.921301,15.0,False,Calculada sobre MDT25 © IGN (CC BY 4.0)
node/1243378712,el Puig,Valencia/València,309.1,39.0035185,-0.4896784,304.0,218.0,218.0,False,False,86.0,38.998138,-0.486717,15.3,False,Calculada sobre MDT25 © IGN (CC BY 4.0)
node/1243378759,Alto de la Cabrera,Valencia/València,1506.0,40.0486938,-1.1130555,1505.0,9.0,9.0,False,False,1496.0,40.047642,-1.11349,12.2,False,Calculada sobre MDT25 © IGN (CC BY 4.0)
node/1243378871,Realto de la Sotana,Valencia/València,692.0,39.1947778,-0.8507132,691.0,16.0,16.0,False,False,675.0,39.194211,-0.85285,18.7,False,Calculada sobre MDT25 © IGN (CC BY 4.0)
node/1243378917,La Rápita,Valencia/València,779.0,39.2784414,-0.762498,777.0,28.0,28.0,False,False,749.0,39.278226,-0.757258,25.7,False,Calculada sobre MDT25 © IGN (CC BY 4.0)
node/1243379242,Alto del Águila,Valencia/València,918.0,39.0951482,-0.9736972,920.0,37.0,37.0,False,False,883.0,39.100045,-0.977991,17.1,False,Calculada sobre MDT25 © IGN (CC BY 4.0)
node/1243379408,Cabeza Gorda,Valencia/València,791.0,39.520579,-1.0240848,789.0,55.0,55.0,False,False,734.0,39.522405,-1.032102,14.0,False,Calculada sobre MDT25 © IGN (CC BY 4.0)
node/1243379482,Cerro del Tollo,Valencia/València,788.0,39.7287469,-1.0567736,791.0,56.0,56.0,False,False,735.0,39.729861,-1.05976,45.2,False,Calculada sobre MDT25 © IGN (CC BY 4.0)
node/1243379552,Peñón de las Ubielas,Valencia/València,759.0,39.6022591,-0.9465946,752.0,17.0,17.0,False,False,735.0,39.602276,-0.948899,23.1,False,Calculada sobre MDT25 © IGN (CC BY 4.0)
node/1243379588,Puntal de la Costera,Valencia/València,261.0,39.1597901,-0.6229462,263.0,6.0,6.0,False,False,257.0,39.160898,-0.622117,18.5,False,Calculada sobre MDT25 © IGN (CC BY 4.0)
node/1243379622,Cerro Gordo,Valencia/València,1154.0,39.8110531,-0.8493853,1163.0,31.0,31.0,False,False,1132.0,39.813032,-0.846271,13.7,False,Calculada sobre MDT25 © IGN (CC BY 4.0)
node/1243380555,El Manyo,Valencia/València,513.0,39.6803188,-0.4058257,513.0,53.0,53.0,False,False,460.0,39.683416,-0.400828,8.8,False,Calculada sobre MDT25 © IGN (CC BY 4.0)
node/1243380764,Puntal de la Cueva de las Grajas,Valencia/València,902.0,39.2111571,-1.1563131,901.0,33.0,33.0,False,False,868.0,39.209534,-1.141335,4.8,False,Calculada sobre MDT25 © IGN (CC BY 4.0)
node/1243380854,Puntal del Mediodía,Valencia/València,1102.0,38.9468853,-1.146663,1101.0,5.0,5.0,False,False,1096.0,38.946963,-1.146194,18.3,False,Calculada sobre MDT25 © IGN (CC BY 4.0)
node/1243381837,El Mojón,Valencia/València,936.0,39.8885324,-1.1985412,935.0,34.0,34.0,False,False,901.0,39.888883,-1.200009,27.4,False,Calculada sobre MDT25 © IGN (CC BY 4.0)
node/1243381849,Alto Romero,Castellón/Castelló,821.0,39.7679752,-0.577258,820.0,54.0,54.0,False,False,766.0,39.778582,-0.583764,142.8,False,Calculada sobre MDT25 © IGN (CC BY 4.0)
node/1243382315,Cerro de la Rodena,Valencia/València,919.0,39.8355634,-0.6737557,918.0,8.0,8.0,False,False,910.0,39.836969,-0.674619,30.4,False,Calculada sobre MDT25 © IGN (CC BY 4.0)
node/1243382871,El Montón de Trigo,Valencia/València,631.0,39.2805049,-0.685829,629.0,59.0,59.0,False,False,570.0,39.2791,-0.686807,9.8,False,Calculada sobre MDT25 © IGN (CC BY 4.0)
node/1243383199,Alto del Sabinar,Valencia/València,721.0,39.6687975,-0.9868571,721.0,13.0,13.0,False,False,708.0,39.669517,-0.981593,9.9,False,Calculada sobre MDT25 © IGN (CC BY 4.0)
node/1243383233,Loma del Cercado,Valencia/València,416.0,39.2674079,-0.8030205,415.0,86.0,86.0,False,False,329.0,39.269606,-0.801288,6.9,False,Calculada sobre MDT25 © IGN (CC BY 4.0)
node/1243383465,Puntal del Cerro Gordo,Valencia/València,641.0,39.1778522,-0.8376707,641.0,26.0,26.0,False,False,615.0,39.176631,-0.840073,33.1,False,Calculada sobre MDT25 © IGN (CC BY 4.0)
node/1243383498,El Celeminejo,Valencia/València,671.0,39.2795563,-0.6970241,679.0,31.0,31.0,False,False,648.0,39.277517,-0.697872,17.6,False,Calculada sobre MDT25 © IGN (CC BY 4.0)
node/1243383853,Los Albaidares,Valencia/València,314.0,39.12891,-0.7493683,312.0,35.0,35.0,False,False,277.0,39.131467,-0.750644,18.3,False,Calculada sobre MDT25 © IGN (CC BY 4.0)
node/1243384201,Peña del Marañal,Valencia/València,674.0,39.3276654,-1.1445205,671.0,13.0,13.0,False,False,658.0,39.32872,-1.143113,44.2,False,Calculada sobre MDT25 © IGN (CC BY 4.0)
node/1243384217,Muntanyeta de Villar,Valencia/València,192.0,39.7610386,-0.2811085,193.0,31.0,31.0,False,False,162.0,39.762915,-0.282865,7.8,False,Calculada sobre MDT25 © IGN (CC BY 4.0)
node/1243384226,Peña Rubia,Valencia/València,989.0,40.0254606,-1.2441623,988.0,15.0,15.0,False,False,973.0,40.026035,-1.243283,15.2,False,Calculada sobre MDT25 © IGN (CC BY 4.0)
node/1243384273,el Garbí,Valencia/València,593.0,39.6962941,-0.3699652,592.0,13.0,13.0,False,False,579.0,39.696936,-0.371167,35.2,False,Calculada sobre MDT25 © IGN (CC BY 4.0)
node/1243384612,Pico de la Sierrecilla,Valencia/València,911.0,39.2118066,-1.130704,910.0,218.0,218.0,False,False,692.0,39.248688,-1.412621,24.4,False,Calculada sobre MDT25 © IGN (CC BY 4.0)
node/1243384912,Peñarroya,Valencia/València,699.0,39.6530979,-0.9484222,698.0,27.0,27.0,False,False,671.0,39.653439,-0.950884,14.5,False,Calculada sobre MDT25 © IGN (CC BY 4.0)
node/1243385324,Cerro Hontanares,Valencia/València,741.0,39.3907325,-0.9929965,741.0,16.0,16.0,False,False,725.0,39.390689,-0.995459,15.3,False,Calculada sobre MDT25 © IGN (CC BY 4.0)
node/1243385359,Alto de Caballón,Valencia/València,734.0,39.2582869,-0.7020845,734.0,8.0,8.0,False,False,726.0,39.258949,-0.704274,24.4,False,Calculada sobre MDT25 © IGN (CC BY 4.0)
node/1243385474,Cerro de las Contiendas,Valencia/València,909.0,39.0671874,-0.9828216,910.0,47.0,47.0,False,False,863.0,39.066412,-0.961036,37.3,False,Calculada sobre MDT25 © IGN (CC BY 4.0)
node/1243385536,Puntal del Cuerno,Valencia/València,1111.0,39.1044556,-1.2040982,1107.0,85.0,85.0,False,False,1022.0,39.107963,-1.214552,12.2,False,Calculada sobre MDT25 © IGN (CC BY 4.0)
node/1243385688,El Picayo,Valencia/València,635.0,39.2758755,-0.9748147,636.0,12.0,12.0,False,False,624.0,39.275921,-0.975551,14.1,False,Calculada sobre MDT25 © IGN (CC BY 4.0)
node/1243385714,Cerro Bercuta,Valencia/València,759.0,39.720685,-1.0685534,762.0,64.0,64.0,False,False,698.0,39.724742,-1.063403,45.9,False,Calculada sobre MDT25 © IGN (CC BY 4.0)
node/1243385838,Pico Redondo,Valencia/València,494.0,39.2695157,-1.0604741,491.0,37.0,37.0,False,False,454.0,39.271048,-1.059729,14.8,False,Calculada sobre MDT25 © IGN (CC BY 4.0)
node/1243385939,Cerro Cholo,Valencia/València,768.0,39.6582299,-0.9909557,765.0,8.0,8.0,False,False,757.0,39.658008,-0.993293,4.1,False,Calculada sobre MDT25 © IGN (CC BY 4.0)
node/1243386202,Alto de los Rebollares,Valencia/València,881.0,39.7194978,-1.1456662,881.0,4.0,4.0,False,False,877.0,39.718669,-1.146695,12.9,False,Calculada sobre MDT25 © IGN (CC BY 4.0)
node/1243386246,Cerro Tabarla,Valencia/València,633.0,39.36952,-0.9554481,634.0,7.0,7.0,False,False,627.0,39.369926,-0.954266,24.3,False,Calculada sobre MDT25 © IGN (CC BY 4.0)
node/1243386574,Alto de Tarrac,Valencia/València,784.0,39.5784375,-0.8888841,785.0,13.0,13.0,False,False,772.0,39.580748,-0.89132,30.7,False,Calculada sobre MDT25 © IGN (CC BY 4.0)
node/1243386624,El Gorgo,Valencia/València,909.0,39.7419931,-0.5030876,906.0,202.0,202.0,False,False,704.0,39.801233,-0.589979,21.9,False,Calculada sobre MDT25 © IGN (CC BY 4.0)
node/1243386708,Pico del Buitre,Valencia/València,732.0,39.3634911,-1.0425961,728.0,3.0,3.0,False,False,725.0,39.363348,-1.043249,9.8,False,Calculada sobre MDT25 © IGN (CC BY 4.0)
node/1243386927,Peñarroya,Valencia/València,658.0,39.7526143,-0.5241393,656.0,19.0,19.0,False,False,637.0,39.753429,-0.523078,13.5,False,Calculada sobre MDT25 © IGN (CC BY 4.0)
node/1243387003,Cerro los Carpios,Valencia/València,903.0,39.096366,-1.1717732,901.0,84.0,84.0,False,False,817.0,39.096394,-1.180155,27.5,False,Calculada sobre MDT25 © IGN (CC BY 4.0)
node/1243387073,Alto de Malén,Valencia/València,1031.0,39.5302857,-0.9686939,1032.0,93.0,93.0,False,False,939.0,39.526083,-0.970921,28.3,False,Calculada sobre MDT25 © IGN (CC BY 4.0)
node/1243387154,Puntal de las Palomas,Valencia/València,806.0,39.4042843,-0.9939869,807.0,7.0,7.0,False,False,800.0,39.404672,-0.996511,21.7,False,Calculada sobre MDT25 © IGN (CC BY 4.0)
node/1243387180,Peñas del Portillo de las Saletas,Valencia/València,593.0,39.7321062,-0.9182827,601.0,33.0,33.0,False,False,568.0,39.733054,-0.919065,30.7,False,Calculada sobre MDT25 © IGN (CC BY 4.0)
node/1243387207,Alto de la Girona,Valencia/València,888.0,39.5508599,-0.875096,887.0,27.0,27.0,False,False,860.0,39.551537,-0.870384,15.6,False,Calculada sobre MDT25 © IGN (CC BY 4.0)
node/1243387218,Cerro de las Cambrillas,Valencia/València,1111.0,39.88847,-1.0542776,1111.0,12.0,12.0,False,False,1099.0,39.889233,-1.054395,15.2,False,Calculada sobre MDT25 © IGN (CC BY 4.0)
node/1243387289,Muntanya de la Patà,Valencia/València,56.0,39.5911287,-0.3048012,53.0,43.0,43.0,False,False,10.0,39.594131,-0.307524,6.3,False,Calculada sobre MDT25 © IGN (CC BY 4.0)
node/1243387310,El Tolmo,Valencia/València,878.0,39.1399566,-0.9979144,878.0,39.0,39.0,False,False,839.0,39.138848,-0.994524,9.5,False,Calculada sobre MDT25 © IGN (CC BY 4.0)
node/1243387409,Alto de la Solana,Valencia/València,339.0,39.7894646,-0.3709784,341.0,106.0,106.0,False,False,235.0,39.78998,-0.362664,15.0,False,Calculada sobre MDT25 © IGN (CC BY 4.0)
node/1243387484,Cerro la Hoya,Valencia/València,944.0,39.8084005,-0.7811303,945.0,78.0,78.0,False,False,867.0,39.811783,-0.780017,14.3,False,Calculada sobre MDT25 © IGN (CC BY 4.0)
node/1243387487,Peña del Fraile,Valencia/València,340.0,39.1125359,-0.6958547,340.0,0.0,0.0,False,True,,,,,False,Calculada sobre MDT25 © IGN (CC BY 4.0)
node/1243387507,Alto del Hostal,Valencia/València,984.0,40.0858908,-1.320502,980.0,2.0,2.0,False,False,978.0,40.085299,-1.321223,54.7,False,Calculada sobre MDT25 © IGN (CC BY 4.0)
node/1243387530,Alto de las Pedrizas,Valencia/València,585.0,39.6179343,-0.8865818,585.0,118.0,118.0,False,False,467.0,39.624854,-0.889108,15.6,False,Calculada sobre MDT25 © IGN (CC BY 4.0)
node/1243387653,Puntal de Sácaras,Valencia/València,527.0,39.2295786,-1.0047778,528.0,0.0,0.0,False,True,,,,,False,Calculada sobre MDT25 © IGN (CC BY 4.0)
node/1243387666,Alto Negro,Valencia/València,1257.0,39.8707044,-0.9431877,1255.0,195.0,195.0,False,False,1060.0,39.877409,-0.918215,9.0,False,Calculada sobre MDT25 © IGN (CC BY 4.0)
node/1243387679,Peña del Caño,Valencia/València,945.0,40.0767312,-1.3191909,941.0,10.0,10.0,False,False,931.0,40.07761,-1.319066,24.4,False,Calculada sobre MDT25 © IGN (CC BY 4.0)
node/1243387727,Mola Gran,Valencia/València,832.0,38.8457829,-0.6764109,831.0,18.0,18.0,False,False,813.0,38.847534,-0.675508,4.0,False,Calculada sobre MDT25 © IGN (CC BY 4.0)
node/1243387811,Peñarrubia,Valencia/València,1081.0,40.0530177,-1.1806575,1078.0,5.0,5.0,False,False,1073.0,40.053659,-1.179854,8.3,False,Calculada sobre MDT25 © IGN (CC BY 4.0)
node/1243387919,Carbonero,Valencia/València,1077.0,39.6204524,-1.1371996,1076.0,41.0,41.0,False,False,1035.0,39.622381,-1.139656,18.1,False,Calculada sobre MDT25 © IGN (CC BY 4.0)
node/1243387972,el Palmeral,Valencia/València,338.0,39.1258929,-0.6132516,336.0,46.0,46.0,False,False,290.0,39.148511,-0.633237,20.7,False,Calculada sobre MDT25 © IGN (CC BY 4.0)
node/1243388121,Alto de La Cazoleta,Valencia/València,892.0,39.5257243,-0.8019818,893.0,75.0,75.0,False,False,818.0,39.530071,-0.80618,2.7,False,Calculada sobre MDT25 © IGN (CC BY 4.0)
node/1243388130,Cerro Bon,Valencia/València,1256.0,39.8402344,-0.7595846,1255.0,35.0,35.0,False,False,1220.0,39.840043,-0.762162,5.3,False,Calculada sobre MDT25 © IGN (CC BY 4.0)
node/1243388423,Pico Colaita,Valencia/València,828.0,39.2660748,-0.7009276,826.0,285.0,285.0,False,False,541.0,39.287742,-0.760143,32.6,True,Calculada sobre MDT25 © IGN (CC BY 4.0)
node/1243388521,Alt de la Nevera,Valencia/València,740.0,39.7178492,-0.444995,740.0,50.0,50.0,False,False,690.0,39.716867,-0.446815,11.9,False,Calculada sobre MDT25 © IGN (CC BY 4.0)
node/1243388576,Cerro Valero,Valencia/València,1043.0,39.6859883,-1.1690974,1042.0,19.0,19.0,False,False,1023.0,39.685043,-1.170916,62.3,False,Calculada sobre MDT25 © IGN (CC BY 4.0)
node/1243388645,el Cabeço,Valencia/València,181.0,39.029392,-0.4700799,181.0,75.0,75.0,False,False,106.0,39.028373,-0.437421,25.2,False,Calculada sobre MDT25 © IGN (CC BY 4.0)
node/1243388657,Alt de Lluna,Valencia/València,500.0,38.9878846,-0.3457821,495.0,51.0,51.0,False,False,444.0,38.988532,-0.34795,17.2,False,Calculada sobre MDT25 © IGN (CC BY 4.0)
node/1243388681,la Muntanyeta,Valencia/València,347.0,39.0420136,-0.3246354,347.0,9.0,9.0,False,False,338.0,39.041604,-0.324593,20.5,False,Calculada sobre MDT25 © IGN (CC BY 4.0)
node/1243388764,Puntal de la Surtidera,Valencia/València,1087.0,39.6811467,-1.1680485,1087.0,2.0,2.0,False,False,1085.0,39.680489,-1.16783,145.5,False,Calculada sobre MDT25 © IGN (CC BY 4.0)
node/1243389395,La Morrica,Valencia/València,573.0,39.3630517,-1.3392641,571.0,23.0,23.0,False,False,548.0,39.366609,-1.340018,29.0,False,Calculada sobre MDT25 © IGN (CC BY 4.0)
node/1243389599,La Peña,Valencia/València,1012.0,40.1350317,-1.2798959,1013.0,7.0,7.0,False,False,1006.0,40.135383,-1.280964,21.0,False,Calculada sobre MDT25 © IGN (CC BY 4.0)
node/1243390034,Puntal del Rodeno,Valencia/València,831.0,39.7654783,-0.8826553,833.0,25.0,25.0,False,False,808.0,39.766857,-0.882733,44.9,False,Calculada sobre MDT25 © IGN (CC BY 4.0)
node/1243390261,La Trabina,Valencia/València,1085.0,39.9187303,-1.1624104,1091.0,6.0,6.0,False,False,1085.0,39.917292,-1.1589,60.5,False,Calculada sobre MDT25 © IGN (CC BY 4.0)
node/1243390473,Mojón de la Legua,Valencia/València,754.0,39.2403271,-0.8448103,754.0,8.0,8.0,False,False,746.0,39.241127,-0.844178,10.2,False,Calculada sobre MDT25 © IGN (CC BY 4.0)
node/1243390482,Cerro Coleto,Valencia/València,734.0,39.784167,-0.8118561,734.0,44.0,44.0,False,False,690.0,39.78693,-0.811469,7.6,False,Calculada sobre MDT25 © IGN (CC BY 4.0)
node/1243392609,Puntal de Roldán,Valencia/València,1027.0,39.5146631,-0.8803703,1025.0,25.0,25.0,False,False,1000.0,39.514538,-0.879367,18.7,False,Calculada sobre MDT25 © IGN (CC BY 4.0)
node/1243392697,Loma del Portillo,Valencia/València,948.0,39.1312887,-0.9569938,949.0,8.0,8.0,False,False,941.0,39.127675,-0.960717,21.0,False,Calculada sobre MDT25 © IGN (CC BY 4.0)
node/1243392753,Cerro del Resquijo,Valencia/València,696.0,39.9162105,-1.1969891,691.0,31.0,31.0,False,False,660.0,39.916304,-1.196366,24.8,False,Calculada sobre MDT25 © IGN (CC BY 4.0)
node/1243393039,La Capellanía,Valencia/València,681.0,39.4359745,-1.4526403,684.0,29.0,29.0,False,False,655.0,39.436648,-1.453388,15.7,False,Calculada sobre MDT25 © IGN (CC BY 4.0)
node/1243393110,Puntal de la Cabrera,Valencia/València,967.0,39.8970152,-1.1140944,972.0,61.0,61.0,False,False,911.0,39.892868,-1.110724,20.8,False,Calculada sobre MDT25 © IGN (CC BY 4.0)
node/1243393405,Alto de la Carrasquilla,Valencia/València,643.0,39.6975876,-0.9482074,642.0,11.0,11.0,False,False,631.0,39.69643,-0.949321,9.4,False,Calculada sobre MDT25 © IGN (CC BY 4.0)
node/1243393413,Loma del Mojón,Valencia/València,615.0,39.2454161,-1.0092799,615.0,11.0,11.0,False,False,604.0,39.246983,-1.008539,14.8,False,Calculada sobre MDT25 © IGN (CC BY 4.0)
node/1243396389,Puig del Frare,Valencia/València,464.0,38.8893301,-0.1547786,464.0,19.0,19.0,False,False,445.0,38.888997,-0.157417,6.5,False,Calculada sobre MDT25 © IGN (CC BY 4.0)
node/1243396497,Alto de la Molata,Valencia/València,727.0,39.2932972,-1.0565906,726.0,6.0,6.0,False,False,720.0,39.295554,-1.057023,53.3,False,Calculada sobre MDT25 © IGN (CC BY 4.0)
node/1243396648,Puntal de Aleto,Valencia/València,914.0,39.6518796,-1.0648363,913.0,8.0,8.0,False,False,905.0,39.65249,-1.066296,27.8,False,Calculada sobre MDT25 © IGN (CC BY 4.0)
node/1243396839,Alto de la Buitrera,Valencia/València,762.0,39.37667,-1.0542952,760.0,0.0,0.0,False,True,,,,,False,Calculada sobre MDT25 © IGN (CC BY 4.0)
node/1243396920,Puntal de l'Abella,Valencia/València,662.0,39.6916946,-0.3827892,658.0,89.0,89.0,False,False,569.0,39.694552,-0.385251,11.9,False,Calculada sobre MDT25 © IGN (CC BY 4.0)
node/1243397591,Alts dels Fontanars,Valencia/València,742.0,38.8187867,-0.4663851,741.0,41.0,41.0,False,False,700.0,38.824381,-0.461455,13.3,False,Calculada sobre MDT25 © IGN (CC BY 4.0)
node/1243398709,Alto de las Rochas,Valencia/València,399.0,39.110566,-0.7316817,400.0,8.0,8.0,False,False,392.0,39.109707,-0.731966,21.2,False,Calculada sobre MDT25 © IGN (CC BY 4.0)
node/1243398747,Puntal del Barranco Batanero,Valencia/València,816.0,39.8441739,-1.138927,817.0,14.0,14.0,False,False,803.0,39.844191,-1.136895,5.7,False,Calculada sobre MDT25 © IGN (CC BY 4.0)
node/1243398844,El Cerrito,Valencia/València,593.0,39.7401371,-0.5468085,592.0,25.0,25.0,False,False,567.0,39.74331,-0.545029,9.6,False,Calculada sobre MDT25 © IGN (CC BY 4.0)
node/1243399402,Cerro de la Mata,Valencia/València,753.0,39.7038567,-0.4744192,752.0,106.0,106.0,False,False,646.0,39.704075,-0.469446,13.7,False,Calculada sobre MDT25 © IGN (CC BY 4.0)
node/1243399405,Alt de la Sardina,Valencia/València,507.0,39.0258054,-0.2840357,507.0,26.0,26.0,False,False,481.0,39.026849,-0.280682,13.1,False,Calculada sobre MDT25 © IGN (CC BY 4.0)
node/1243399447,el Portell,Valencia/València,317.0,39.0898534,-0.3938648,316.0,9.0,9.0,False,False,307.0,39.089321,-0.392731,6.3,False,Calculada sobre MDT25 © IGN (CC BY 4.0)
node/1243399498,El Rehoyo,Valencia/València,704.0,39.2794107,-0.7775843,703.0,31.0,31.0,False,False,672.0,39.280811,-0.774565,14.8,False,Calculada sobre MDT25 © IGN (CC BY 4.0)
node/1243399525,Puntal del Piojar,Valencia/València,565.0,39.3784274,-0.8418819,564.0,22.0,22.0,False,False,542.0,39.378971,-0.844006,16.7,False,Calculada sobre MDT25 © IGN (CC BY 4.0)
node/1243399556,Peña Mozoza,Valencia/València,493.0,39.2331917,-1.0841367,488.0,22.0,22.0,False,False,466.0,39.232922,-1.083371,9.0,False,Calculada sobre MDT25 © IGN (CC BY 4.0)
node/1243399600,Picayo de la Punta,Valencia/València,335.0,39.7572224,-0.371862,336.0,9.0,9.0,False,False,327.0,39.756665,-0.373273,21.3,False,Calculada sobre MDT25 © IGN (CC BY 4.0)
node/1243399657,Peñarroya,Valencia/València,1024.0,40.0606049,-1.1809486,1026.0,16.0,16.0,False,False,1010.0,40.059494,-1.178526,16.9,False,Calculada sobre MDT25 © IGN (CC BY 4.0)
node/1243399905,Cerro de la Mozaira,Valencia/València,681.0,39.7436905,-1.0305424,679.0,53.0,53.0,False,False,626.0,39.742942,-1.03401,136.9,False,Calculada sobre MDT25 © IGN (CC BY 4.0)
node/1243399977,Alt de García,Valencia/València,259.0,39.2542235,-0.6084122,259.0,18.0,18.0,False,False,241.0,39.251173,-0.60893,14.8,False,Calculada sobre MDT25 © IGN (CC BY 4.0)
node/1243400191,Cerro de las Cabras,Valencia/València,852.0,39.7159617,-1.0907582,853.0,33.0,33.0,False,False,820.0,39.715194,-1.098959,54.9,False,Calculada sobre MDT25 © IGN (CC BY 4.0)
node/1243400264,Alto de Rives,Valencia/València,757.0,39.2402977,-0.8258283,756.0,18.0,18.0,False,False,738.0,39.239358,-0.833805,36.2,False,Calculada sobre MDT25 © IGN (CC BY 4.0)
node/1243400808,El Tolollo,Valencia/València,831.0,39.6457411,-0.9806898,830.0,11.0,11.0,False,False,819.0,39.643819,-0.980302,17.1,False,Calculada sobre MDT25 © IGN (CC BY 4.0)
node/1243401332,Guartipol,Valencia/València,517.0,39.2805698,-0.9129891,518.0,31.0,31.0,False,False,487.0,39.281935,-0.9206,18.8,False,Calculada sobre MDT25 © IGN (CC BY 4.0)
node/1243401623,Puntal de la Teja,Valencia/València,1001.0,39.1668158,-1.1485567,1001.0,35.0,35.0,False,False,966.0,39.158892,-1.143826,27.0,False,Calculada sobre MDT25 © IGN (CC BY 4.0)
node/1243401675,Muela Catalana,Valencia/València,1372.0,39.9341368,-1.0605742,1373.0,23.0,23.0,False,False,1350.0,39.932383,-1.062243,25.6,False,Calculada sobre MDT25 © IGN (CC BY 4.0)
node/1243401829,Alto Gaspar,Valencia/València,448.0,39.6101352,-0.8388688,446.0,54.0,54.0,False,False,392.0,39.613782,-0.838192,27.4,False,Calculada sobre MDT25 © IGN (CC BY 4.0)
node/1243402209,Pico del Bebeu,Valencia/València,1033.0,39.1720623,-1.1815523,1030.0,4.0,4.0,False,False,1026.0,39.172297,-1.179647,39.4,False,Calculada sobre MDT25 © IGN (CC BY 4.0)
node/1243402340,Cerro del Rodeno,Valencia/València,909.0,39.8912216,-1.1983749,908.0,15.0,15.0,False,False,893.0,39.891121,-1.199073,15.6,False,Calculada sobre MDT25 © IGN (CC BY 4.0)
node/1243402400,La Pieza Roya,Valencia/València,846.0,39.7608691,-0.546376,845.0,78.0,78.0,False,False,767.0,39.764079,-0.536704,7.4,False,Calculada sobre MDT25 © IGN (CC BY 4.0)
node/1243403350,Cerro del Asno,Valencia/València,693.0,39.3723649,-1.1939907,692.0,22.0,22.0,False,False,670.0,39.374455,-1.186595,21.1,False,Calculada sobre MDT25 © IGN (CC BY 4.0)
node/1243403376,Alto de Zaroza,Valencia/València,617.0,39.2448471,-0.9504891,619.0,3.0,3.0,False,False,616.0,39.243957,-0.950979,29.4,False,Calculada sobre MDT25 © IGN (CC BY 4.0)
node/1243403563,Cerro Valero,Valencia/València,993.0,39.6309072,-1.0493894,993.0,0.0,0.0,False,True,,,,,False,Calculada sobre MDT25 © IGN (CC BY 4.0)
node/1243403715,Cerro la Cabeza,Valencia/València,697.0,39.4376345,-1.4552911,695.0,43.0,43.0,False,False,652.0,39.446017,-1.446498,46.7,False,Calculada sobre MDT25 © IGN (CC BY 4.0)
node/1243403842,Rellom del Topero,Valencia/València,712.0,39.7207595,-0.4980749,712.0,29.0,29.0,False,False,683.0,39.723154,-0.497622,42.4,False,Calculada sobre MDT25 © IGN (CC BY 4.0)
node/1243404131,Alto de la Parada,Valencia/València,549.0,39.2370765,-0.7828385,548.0,22.0,22.0,False,False,526.0,39.236631,-0.784651,22.3,False,Calculada sobre MDT25 © IGN (CC BY 4.0)
node/1243404242,La Peraleja,Valencia/València,846.0,39.5277126,-1.489202,834.0,7.0,7.0,False,False,827.0,39.526772,-1.489492,59.5,False,Calculada sobre MDT25 © IGN (CC BY 4.0)
node/1243404326,Cerro de la Cueva Blanca,Valencia/València,835.0,39.1295966,-1.0140843,834.0,1.0,1.0,False,False,833.0,39.129719,-1.013871,13.0,False,Calculada sobre MDT25 © IGN (CC BY 4.0)
node/1243404511,Puntal de Mira Valencia,Valencia/València,1271.0,39.830555,-0.7903488,1268.0,9.0,9.0,False,False,1259.0,39.831758,-0.788138,17.1,False,Calculada sobre MDT25 © IGN (CC BY 4.0)
node/1243404598,Alto de los Visos,Valencia/València,911.0,39.7034071,-1.0756625,908.0,42.0,42.0,False,False,866.0,39.702442,-1.076857,15.7,False,Calculada sobre MDT25 © IGN (CC BY 4.0)
node/1243404647,el Bord,Valencia/València,510.0,39.68829,-0.3799256,506.0,23.0,23.0,False,False,483.0,39.689728,-0.38106,7.0,False,Calculada sobre MDT25 © IGN (CC BY 4.0)
node/1243404890,Puntal dels Moros,Valencia/València,397.0,39.6591109,-0.3988744,394.0,40.0,40.0,False,False,354.0,39.660975,-0.394385,38.1,False,Calculada sobre MDT25 © IGN (CC BY 4.0)
node/1243405487,el Cabeçolet de Morvedre,Valencia/València,58.0,39.7107844,-0.2584699,60.0,28.0,28.0,False,False,32.0,39.710575,-0.259844,17.2,False,Calculada sobre MDT25 © IGN (CC BY 4.0)
node/1243406099,Ceja de las Cañadillas,Valencia/València,552.0,39.3679235,-0.873523,552.0,29.0,29.0,False,False,523.0,39.367322,-0.871931,38.0,False,Calculada sobre MDT25 © IGN (CC BY 4.0)
node/1243406135,Los Cinco Mojones,Valencia/València,881.0,39.540125,-0.9801311,881.0,14.0,14.0,False,False,867.0,39.537956,-0.980175,15.9,False,Calculada sobre MDT25 © IGN (CC BY 4.0)
node/1243406579,Peña del Águila,Valencia/València,1159.0,40.1091857,-1.1482209,1152.0,26.0,26.0,False,False,1126.0,40.106788,-1.149987,20.8,False,Calculada sobre MDT25 © IGN (CC BY 4.0)
node/1243406958,Puntal de la Noria,Valencia/València,653.0,39.3611471,-0.8695327,654.0,79.0,79.0,False,False,575.0,39.367216,-0.86613,5.9,False,Calculada sobre MDT25 © IGN (CC BY 4.0)
node/1243406998,Cerro Negrón,Valencia/València,1061.0,40.0421218,-1.3231283,1062.0,12.0,12.0,False,False,1050.0,40.044203,-1.329558,29.5,False,Calculada sobre MDT25 © IGN (CC BY 4.0)
node/1243407763,Monte Chico,Valencia/València,1004.0,39.0282937,-1.1182286,1006.0,32.0,32.0,False,False,974.0,39.030032,-1.114857,37.1,False,Calculada sobre MDT25 © IGN (CC BY 4.0)
node/1243408796,Alto de la Balsa de Antón,Valencia/València,689.0,39.6803814,-0.9465885,689.0,45.0,45.0,False,False,644.0,39.679316,-0.949536,26.0,False,Calculada sobre MDT25 © IGN (CC BY 4.0)
node/1243409018,Los Castillejos,Valencia/València,459.0,39.3740418,-0.8116248,460.0,31.0,31.0,False,False,429.0,39.372962,-0.811688,5.6,False,Calculada sobre MDT25 © IGN (CC BY 4.0)
node/1243409969,Alt de la Rodana,Valencia/València,261.0,39.7161708,-0.2901479,262.0,4.0,4.0,False,False,258.0,39.71623,-0.289657,11.3,False,Calculada sobre MDT25 © IGN (CC BY 4.0)
node/1243410107,el Palleràs,Valencia/València,398.0,39.6496664,-0.343858,398.0,59.0,59.0,False,False,339.0,39.651156,-0.338816,22.4,False,Calculada sobre MDT25 © IGN (CC BY 4.0)
node/1243410398,Pico del Royo,Valencia/València,803.0,39.2078771,-0.9877027,804.0,1.0,1.0,False,False,803.0,39.208101,-0.987344,5.4,False,Calculada sobre MDT25 © IGN (CC BY 4.0)
node/1243410609,Puntal de la Torrecilla,Valencia/València,841.0,39.7895561,-0.9358621,837.0,4.0,4.0,False,False,833.0,39.789654,-0.935461,41.5,False,Calculada sobre MDT25 © IGN (CC BY 4.0)
node/1243410928,Alto de los Cuchillos,Valencia/València,789.0,39.2634768,-0.691275,789.0,17.0,17.0,False,False,772.0,39.265946,-0.693614,10.7,False,Calculada sobre MDT25 © IGN (CC BY 4.0)
node/1243410938,Penya Blanca,Valencia/València,390.0,39.6981495,-0.5102447,389.0,7.0,7.0,False,False,382.0,39.698888,-0.510744,27.8,False,Calculada sobre MDT25 © IGN (CC BY 4.0)
node/1243411186,Penya de Sant Diego,Valencia/València,388.0,38.9713989,-0.5466913,388.0,42.0,42.0,False,False,346.0,38.969285,-0.549194,14.2,False,Calculada sobre MDT25 © IGN (CC BY 4.0)
node/1243411390,Peñón del Moro,Valencia/València,989.0,39.0372919,-1.1326762,990.0,11.0,11.0,False,False,979.0,39.03888,-1.132818,15.9,False,Calculada sobre MDT25 © IGN (CC BY 4.0)
node/1243411659,Pino Alto,Valencia/València,1027.0,39.126158,-0.9736193,1029.0,8.0,8.0,False,False,1021.0,39.125615,-0.971765,22.7,False,Calculada sobre MDT25 © IGN (CC BY 4.0)
node/1243412148,Puntal del Pedregoso,Valencia/València,1139.0,39.8249406,-0.7672525,1139.0,27.0,27.0,False,False,1112.0,39.8266,-0.765811,13.8,False,Calculada sobre MDT25 © IGN (CC BY 4.0)
node/1243412242,Peñas del Mediodia,Valencia/València,807.0,39.7274066,-1.0403928,806.0,69.0,69.0,False,False,737.0,39.72576,-1.04354,14.6,False,Calculada sobre MDT25 © IGN (CC BY 4.0)
node/1243412275,Alto de Alcance,Valencia/València,522.0,39.2577313,-1.0881589,516.0,36.0,36.0,False,False,480.0,39.258885,-1.08701,62.1,False,Calculada sobre MDT25 © IGN (CC BY 4.0)
node/1243412416,Puntal Redondo,Valencia/València,902.0,39.6513096,-1.0594514,909.0,17.0,17.0,False,False,892.0,39.652364,-1.058724,23.8,False,Calculada sobre MDT25 © IGN (CC BY 4.0)
node/1243412432,Loma de la Corcera,Valencia/València,1067.0,39.5900655,-1.0274471,1066.0,7.0,7.0,False,False,1059.0,39.590104,-1.026403,15.9,False,Calculada sobre MDT25 © IGN (CC BY 4.0)
node/1243412875,Muntanya de la Palomara,Valencia/València,485.0,39.0374932,-0.3481911,482.0,17.0,17.0,False,False,465.0,39.036724,-0.347592,9.9,False,Calculada sobre MDT25 © IGN (CC BY 4.0)
node/1243412914,Cerro de los Bolos,Valencia/València,684.0,39.7796042,-0.8121255,684.0,27.0,27.0,False,False,657.0,39.780853,-0.811662,18.5,False,Calculada sobre MDT25 © IGN (CC BY 4.0)
node/1243412978,El Peñasco,Valencia/València,1268.0,40.0119231,-1.2126935,1267.0,20.0,20.0,False,False,1247.0,40.012232,-1.20966,36.3,False,Calculada sobre MDT25 © IGN (CC BY 4.0)
node/1243413216,Loma del Gallo,Valencia/València,771.0,39.3453535,-0.9459354,772.0,40.0,40.0,False,False,732.0,39.343422,-0.945756,12.0,False,Calculada sobre MDT25 © IGN (CC BY 4.0)
node/1243414010,Alto de la La Canaleja,Valencia/València,961.0,39.1690821,-0.9315945,962.0,2.0,2.0,False,False,960.0,39.16794,-0.932065,54.3,False,Calculada sobre MDT25 © IGN (CC BY 4.0)
node/1243414219,Alto de la Palmosa,Valencia/València,611.0,39.7524748,-0.5787702,611.0,31.0,31.0,False,False,580.0,39.755505,-0.578736,23.2,False,Calculada sobre MDT25 © IGN (CC BY 4.0)
node/1243414433,Cerro de la Escalerilla,Valencia/València,575.0,39.4238891,-1.4982433,569.0,28.0,28.0,False,False,541.0,39.425048,-1.496338,57.1,False,Calculada sobre MDT25 © IGN (CC BY 4.0)
node/1243414788,Cerro de la Cruz,Valencia/València,542.0,39.6924025,-0.922276,539.0,42.0,42.0,False,False,497.0,39.692315,-0.920581,30.1,False,Calculada sobre MDT25 © IGN (CC BY 4.0)
node/1243414794,Alto de la Fuentecha,Valencia/València,418.0,39.2833233,-0.8307289,417.0,38.0,38.0,False,False,379.0,39.283195,-0.829267,13.9,False,Calculada sobre MDT25 © IGN (CC BY 4.0)
node/1243414806,Cerro de Andilla,Valencia/València,1276.0,39.8476503,-0.7715706,1278.0,0.0,0.0,False,True,,,,,False,Calculada sobre MDT25 © IGN (CC BY 4.0)
node/1243414811,Tablacazón,Valencia/València,742.0,39.5779026,-0.9237848,742.0,5.0,5.0,False,False,737.0,39.578399,-0.923408,20.1,False,Calculada sobre MDT25 © IGN (CC BY 4.0)
node/1243415148,Alto del Madroñal,Valencia/València,588.0,39.2808764,-0.8093579,589.0,173.0,173.0,False,False,416.0,39.286038,-0.812658,9.1,False,Calculada sobre MDT25 © IGN (CC BY 4.0)
node/1243415181,Penya Negra,Valencia/València,332.0,39.7284776,-0.315455,331.0,113.0,113.0,False,False,218.0,39.727487,-0.299132,7.5,False,Calculada sobre MDT25 © IGN (CC BY 4.0)
node/1243415380,les Penyes,Valencia/València,432.0,38.8800073,-0.1704966,434.0,74.0,74.0,False,False,360.0,38.881276,-0.164064,22.8,False,Calculada sobre MDT25 © IGN (CC BY 4.0)
node/1243415447,Peña Micaela,Valencia/València,365.0,39.3740282,-0.8027112,366.0,1.0,1.0,False,False,365.0,39.374148,-0.802945,37.5,False,Calculada sobre MDT25 © IGN (CC BY 4.0)
node/1243415848,El Peñón,Valencia/València,568.0,39.3712747,-0.9242249,569.0,31.0,31.0,False,False,538.0,39.372752,-0.923132,13.0,False,Calculada sobre MDT25 © IGN (CC BY 4.0)
node/1243415854,Puntalón del Collado de los Carros,Valencia/València,738.0,39.3108394,-0.9117977,739.0,22.0,22.0,False,False,717.0,39.312285,-0.917382,39.8,False,Calculada sobre MDT25 © IGN (CC BY 4.0)
node/1243415880,Morrón del Poniente,Valencia/València,522.0,39.2175623,-0.7287708,521.0,20.0,20.0,False,False,501.0,39.216393,-0.727956,3.3,False,Calculada sobre MDT25 © IGN (CC BY 4.0)
node/1243415993,La Horca,Valencia/València,822.0,40.0558207,-1.2832323,827.0,25.0,25.0,False,False,802.0,40.054143,-1.285352,14.9,False,Calculada sobre MDT25 © IGN (CC BY 4.0)
node/1243416784,Cerro del Purgatorio,Valencia/València,729.0,39.4777291,-1.4966644,725.0,14.0,14.0,False,False,711.0,39.478429,-1.496061,3.6,False,Calculada sobre MDT25 © IGN (CC BY 4.0)
node/1243417204,Cerro de los Cuchillos,Valencia/València,606.0,39.1060183,-1.0729272,605.0,41.0,41.0,False,False,564.0,39.110014,-1.074562,15.5,False,Calculada sobre MDT25 © IGN (CC BY 4.0)
node/1243417723,Pico de Alcola,Valencia/València,894.0,39.1765673,-1.0134119,894.0,307.0,307.0,False,False,587.0,39.179578,-0.99221,24.6,False,Calculada sobre MDT25 © IGN (CC BY 4.0)
node/1243418546,Loma de Bayo,Valencia/València,1302.0,40.0232965,-1.1379652,1303.0,5.0,5.0,False,False,1298.0,40.022127,-1.137336,7.4,False,Calculada sobre MDT25 © IGN (CC BY 4.0)
node/1243418550,el Montot,Valencia/València,315.0,39.0904411,-0.3761657,314.0,51.0,51.0,False,False,263.0,39.088687,-0.374546,10.3,False,Calculada sobre MDT25 © IGN (CC BY 4.0)
node/1243418585,Pico de la Cobertera,Valencia/València,624.0,39.25956,-0.7685445,624.0,108.0,108.0,False,False,516.0,39.267057,-0.773841,29.2,False,Calculada sobre MDT25 © IGN (CC BY 4.0)
node/1243418635,Pico Colorado,Valencia/València,1123.0,39.1091455,-1.2289858,1118.0,68.0,68.0,False,False,1050.0,39.11171,-1.238745,6.8,False,Calculada sobre MDT25 © IGN (CC BY 4.0)
node/1243418734,Pic de l'Àguila,Valencia/València,452.0,39.6681345,-0.3611245,452.0,23.0,23.0,False,False,429.0,39.66814,-0.362643,6.1,False,Calculada sobre MDT25 © IGN (CC BY 4.0)
node/1243418812,Alto de Juanazo,Valencia/València,760.0,39.2604528,-0.8759325,762.0,33.0,33.0,False,False,729.0,39.260005,-0.878658,10.4,False,Calculada sobre MDT25 © IGN (CC BY 4.0)
node/1243418928,Realto de la Jimena,Valencia/València,756.0,39.2428128,-0.8429641,758.0,11.0,11.0,False,False,747.0,39.242606,-0.838919,10.4,False,Calculada sobre MDT25 © IGN (CC BY 4.0)
node/1243419764,Puntal del Peloto,Valencia/València,1266.0,40.0058588,-1.2208973,1264.0,21.0,21.0,False,False,1243.0,40.00627,-1.21743,27.1,False,Calculada sobre MDT25 © IGN (CC BY 4.0)
node/1243419862,Morro del Porc,Valencia/València,964.0,38.7338635,-0.6307292,956.0,0.0,0.0,False,True,,,,,False,Calculada sobre MDT25 © IGN (CC BY 4.0)
node/1243420513,Cerro de la Pacheca,Valencia/València,1249.0,39.9060022,-1.0561805,1250.0,52.0,52.0,False,False,1198.0,39.906445,-1.06005,10.5,False,Calculada sobre MDT25 © IGN (CC BY 4.0)
node/1243421400,Puntal de l'Assut,Valencia/València,251.0,39.3520471,-0.6487352,250.0,72.0,72.0,False,False,178.0,39.352599,-0.64551,30.0,False,Calculada sobre MDT25 © IGN (CC BY 4.0)
node/1243421560,Navajo Puerta,Valencia/València,1004.0,39.8418946,-0.6802744,1005.0,11.0,11.0,False,False,994.0,39.843613,-0.680238,15.9,False,Calculada sobre MDT25 © IGN (CC BY 4.0)
node/1243421715,el Reixo,Valencia/València,508.0,39.6731834,-0.4530378,507.0,104.0,104.0,False,False,403.0,39.678701,-0.452302,31.2,False,Calculada sobre MDT25 © IGN (CC BY 4.0)
node/1243421777,Lomas de Brez,Valencia/València,673.0,39.686144,-1.0008706,671.0,8.0,8.0,False,False,663.0,39.685193,-1.002417,45.1,False,Calculada sobre MDT25 © IGN (CC BY 4.0)
node/1243422170,Puntal de Marta,Valencia/València,795.0,39.2591188,-1.142848,793.0,50.0,50.0,False,False,743.0,39.252911,-1.135265,6.5,False,Calculada sobre MDT25 © IGN (CC BY 4.0)
node/1243422175,Picaio de Calbet,Valencia/València,451.0,39.7385498,-0.4005064,449.0,142.0,142.0,False,False,307.0,39.745437,-0.414835,92.4,False,Calculada sobre MDT25 © IGN (CC BY 4.0)
node/1243422326,Tossal de Perruca,Valencia/València,492.0,39.7071459,-0.3869351,488.0,38.0,38.0,False,False,450.0,39.704313,-0.388672,11.9,False,Calculada sobre MDT25 © IGN (CC BY 4.0)
node/1243422489,Puntal de Tiero,Valencia/València,983.0,39.683538,-1.1180235,982.0,51.0,51.0,False,False,931.0,39.673798,-1.101843,10.7,False,Calculada sobre MDT25 © IGN (CC BY 4.0)
node/1243422631,Muntanya de la Frontera,Valencia/València,377.0,39.7668483,-0.2825758,378.0,183.0,183.0,False,False,195.0,39.777063,-0.290773,16.9,False,Calculada sobre MDT25 © IGN (CC BY 4.0)
node/1243422844,Alto del Francho,Valencia/València,837.0,39.2233453,-0.9932739,838.0,24.0,24.0,False,False,814.0,39.219058,-0.982688,5.6,False,Calculada sobre MDT25 © IGN (CC BY 4.0)
node/1243422884,La Montaña,Valencia/València,304.0,39.1420217,-0.6165604,305.0,10.0,10.0,False,False,295.0,39.140588,-0.620197,12.7,False,Calculada sobre MDT25 © IGN (CC BY 4.0)
node/1243423015,Morrico de Perico,Valencia/València,707.0,39.299505,-1.0998043,704.0,22.0,22.0,False,False,682.0,39.29826,-1.098114,10.2,False,Calculada sobre MDT25 © IGN (CC BY 4.0)
node/1243423100,Puntal Blanco,Valencia/València,857.0,39.0750756,-0.9810233,858.0,19.0,19.0,False,False,839.0,39.073073,-0.981362,2.2,False,Calculada sobre MDT25 © IGN (CC BY 4.0)
node/1243423116,Alt de la Selleta,Valencia/València,679.0,38.9917611,-0.2843347,678.0,64.0,64.0,False,False,614.0,38.990951,-0.286675,4.1,False,Calculada sobre MDT25 © IGN (CC BY 4.0)
node/1243423123,Puntal de Vives,Valencia/València,720.0,39.2634493,-1.1186987,720.0,48.0,48.0,False,False,672.0,39.264653,-1.123073,129.6,False,Calculada sobre MDT25 © IGN (CC BY 4.0)
node/1243423153,La Atalaya,Valencia/València,1309.0,40.0901047,-1.1446732,1305.0,48.0,48.0,False,False,1257.0,40.089702,-1.137841,11.3,False,Calculada sobre MDT25 © IGN (CC BY 4.0)
node/1243423522,Pico del Vallejo de Oreja,Valencia/València,635.0,39.4575637,-1.50751,629.0,2.0,2.0,False,False,627.0,39.457174,-1.50727,8.0,False,Calculada sobre MDT25 © IGN (CC BY 4.0)
node/1243423594,Puntal Blanc,Valencia/València,374.0,39.6844401,-0.5119889,373.0,58.0,58.0,False,False,315.0,39.685135,-0.510072,14.4,False,Calculada sobre MDT25 © IGN (CC BY 4.0)
node/1243424046,El Puntal,Valencia/València,552.0,39.2509833,-1.1053513,548.0,10.0,10.0,False,False,538.0,39.250412,-1.106071,14.9,False,Calculada sobre MDT25 © IGN (CC BY 4.0)
node/1243424546,Los Pilaricos,Valencia/València,404.0,39.2417049,-1.0874394,398.0,17.0,17.0,False,False,381.0,39.240864,-1.08692,8.3,False,Calculada sobre MDT25 © IGN (CC BY 4.0)
node/1243424785,Loma Rasa,Valencia/València,883.0,39.7077201,-1.1764623,882.0,5.0,5.0,False,False,877.0,39.706743,-1.175883,48.7,False,Calculada sobre MDT25 © IGN (CC BY 4.0)
node/1243424924,Cerro Calvo,Valencia/València,939.0,39.649139,-0.9983711,939.0,88.0,88.0,False,False,851.0,39.644652,-1.002419,12.7,False,Calculada sobre MDT25 © IGN (CC BY 4.0)
node/1243425069,Puntalillo de Elorza,Valencia/València,914.0,39.7939422,-0.8935929,911.0,8.0,8.0,False,False,903.0,39.794521,-0.89298,9.6,False,Calculada sobre MDT25 © IGN (CC BY 4.0)
node/1243425573,Puntal de Belata,Valencia/València,607.0,39.7218281,-0.51537,606.0,44.0,44.0,False,False,562.0,39.721248,-0.513731,22.6,False,Calculada sobre MDT25 © IGN (CC BY 4.0)
node/1243425947,Puntal del Salt,Valencia/València,537.0,39.6749441,-0.3930675,534.0,78.0,78.0,False,False,456.0,39.676984,-0.39524,27.7,False,Calculada sobre MDT25 © IGN (CC BY 4.0)
node/1243426028,Alt de Sumacàrcer,Valencia/València,262.0,39.1039414,-0.6531008,270.0,0.0,0.0,False,True,,,,,False,Calculada sobre MDT25 © IGN (CC BY 4.0)
node/1243426239,Alto de la Cruz,Valencia/València,857.0,39.7651599,-0.5323703,856.0,149.0,149.0,False,False,707.0,39.784473,-0.521381,18.7,False,Calculada sobre MDT25 © IGN (CC BY 4.0)
node/1243426300,Cerro Talayo,Valencia/València,1243.0,39.656705,-1.1496564,1243.0,16.0,16.0,False,False,1227.0,39.654555,-1.151614,44.0,False,Calculada sobre MDT25 © IGN (CC BY 4.0)
node/1243427406,Cerro del Rumbo,Valencia/València,1147.0,39.8586538,-0.8028893,1145.0,40.0,40.0,False,False,1105.0,39.860176,-0.802129,14.8,False,Calculada sobre MDT25 © IGN (CC BY 4.0)
node/1243427490,Puntal del Sordo,Valencia/València,999.0,40.0375945,-1.2788335,1003.0,3.0,3.0,False,False,1000.0,40.037404,-1.280497,42.5,False,Calculada sobre MDT25 © IGN (CC BY 4.0)
node/1243428067,El Atalayón,Valencia/València,1020.0,39.8695881,-1.1865884,1021.0,60.0,60.0,False,False,961.0,39.869582,-1.189991,20.5,False,Calculada sobre MDT25 © IGN (CC BY 4.0)
node/1243429603,Cerro Calvo,Valencia/València,1304.0,40.026676,-1.1615621,1301.0,4.0,4.0,False,False,1297.0,40.025893,-1.16155,12.3,False,Calculada sobre MDT25 © IGN (CC BY 4.0)
node/1243430358,Alt del Pi,Valencia/València,716.0,39.6910691,-0.4002615,717.0,225.0,225.0,False,False,492.0,39.70472,-0.416939,1.4,False,Calculada sobre MDT25 © IGN (CC BY 4.0)
node/1243431019,Puntal de Mateu,Valencia/València,470.0,39.6634704,-0.40767,467.0,50.0,50.0,False,False,417.0,39.662651,-0.408891,31.1,False,Calculada sobre MDT25 © IGN (CC BY 4.0)
node/1243432063,Cerro del Ahorcado,Valencia/València,679.0,39.2705896,-1.0827206,676.0,140.0,140.0,False,False,536.0,39.276347,-1.080449,18.9,False,Calculada sobre MDT25 © IGN (CC BY 4.0)
node/1243433452,El Puntal,Valencia/València,591.0,39.1634625,-1.0835142,592.0,17.0,17.0,False,False,575.0,39.155887,-1.083438,42.9,False,Calculada sobre MDT25 © IGN (CC BY 4.0)
node/1243433669,Cerro Alto,Valencia/València,994.0,39.1726821,-0.9586974,993.0,23.0,23.0,False,False,970.0,39.170819,-0.954841,28.5,False,Calculada sobre MDT25 © IGN (CC BY 4.0)
node/1243433880,Loma del Puzol,Valencia/València,801.0,39.2291045,-1.1304411,798.0,12.0,12.0,False,False,786.0,39.230537,-1.130644,16.9,False,Calculada sobre MDT25 © IGN (CC BY 4.0)
node/1243434467,Realto de la Cueva Agujereada,Valencia/València,708.0,39.2152618,-0.8512516,708.0,5.0,5.0,False,False,703.0,39.216493,-0.851881,20.2,False,Calculada sobre MDT25 © IGN (CC BY 4.0)
node/1243434683,Loma del Torcal,Valencia/València,1282.0,39.8385746,-0.7706006,1281.0,38.0,38.0,False,False,1243.0,39.838292,-0.776534,9.2,False,Calculada sobre MDT25 © IGN (CC BY 4.0)
node/1243435936,Muntanya de Rúbio,Valencia/València,251.0,39.7420301,-0.3244605,252.0,87.0,87.0,False,False,165.0,39.744372,-0.31831,5.8,False,Calculada sobre MDT25 © IGN (CC BY 4.0)
node/1243436872,Cerro del Cinto Liso,Valencia/València,622.0,39.3243083,-1.1278106,616.0,22.0,22.0,False,False,594.0,39.325533,-1.126957,13.3,False,Calculada sobre MDT25 © IGN (CC BY 4.0)
node/1243437071,Cerro de la Fuente,Valencia/València,801.0,39.6583736,-0.9572622,799.0,72.0,72.0,False,False,727.0,39.660453,-0.965538,18.4,False,Calculada sobre MDT25 © IGN (CC BY 4.0)
node/1243438176,Puntal de Tortosilla,Valencia/València,1203.0,39.0299951,-1.2198156,1202.0,18.0,18.0,False,False,1184.0,39.030138,-1.222,16.1,False,Calculada sobre MDT25 © IGN (CC BY 4.0)
node/1243438757,Puntal de la Pedrosa,Valencia/València,819.0,39.775663,-0.6702519,820.0,36.0,36.0,False,False,784.0,39.776949,-0.669052,4.7,False,Calculada sobre MDT25 © IGN (CC BY 4.0)
node/1243439039,Peña del Águila,Valencia/València,1304.0,39.6482963,-1.1539679,1304.0,72.0,72.0,False,False,1232.0,39.647502,-1.14714,29.0,True,Calculada sobre MDT25 © IGN (CC BY 4.0)
node/1243439660,Realto de las Caercas,Valencia/València,769.0,39.2133871,-0.8702828,769.0,16.0,16.0,False,False,753.0,39.214624,-0.872786,35.5,False,Calculada sobre MDT25 © IGN (CC BY 4.0)
node/1243439684,Peñón de Salinas,Valencia/València,440.0,39.1928691,-1.0614085,438.0,36.0,36.0,False,False,402.0,39.193818,-1.061566,16.6,False,Calculada sobre MDT25 © IGN (CC BY 4.0)
node/1243439686,Alto de Benarruel,Valencia/València,1142.0,40.0178783,-1.3477119,1145.0,2.0,2.0,False,False,1143.0,40.016315,-1.348106,74.3,False,Calculada sobre MDT25 © IGN (CC BY 4.0)
node/1243439688,Cerro Rincón del Peñón del Moro,Valencia/València,1065.0,39.0452612,-1.1309841,1066.0,28.0,28.0,False,False,1038.0,39.046232,-1.127714,22.3,False,Calculada sobre MDT25 © IGN (CC BY 4.0)
node/1243440041,Puntal de la Castellana,Valencia/València,753.0,39.405496,-0.9765457,753.0,24.0,24.0,False,False,729.0,39.407037,-0.97699,57.4,False,Calculada sobre MDT25 © IGN (CC BY 4.0)
node/1243440192,Morra del Gallo,Valencia/València,386.0,39.2697687,-0.7937006,370.0,47.0,47.0,False,False,323.0,39.271731,-0.794557,50.4,False,Calculada sobre MDT25 © IGN (CC BY 4.0)
node/1243440603,Pico del Choto,Valencia/València,891.0,39.1372778,-0.9689952,890.0,10.0,10.0,False,False,880.0,39.135921,-0.968577,10.5,False,Calculada sobre MDT25 © IGN (CC BY 4.0)
node/1243440718,Alto Mas del Solaz,Valencia/València,732.0,39.7533871,-0.9531494,730.0,8.0,8.0,False,False,722.0,39.753251,-0.952889,29.2,False,Calculada sobre MDT25 © IGN (CC BY 4.0)
node/1243440780,Peña del Aljibe,Valencia/València,1129.0,39.8243352,-0.7088445,1130.0,52.0,52.0,False,False,1078.0,39.827451,-0.717002,7.7,False,Calculada sobre MDT25 © IGN (CC BY 4.0)
node/1243440886,Alt dels Palaus,Valencia/València,829.0,38.861027,-0.8498708,827.0,59.0,59.0,False,False,768.0,38.870538,-0.853405,6.7,False,Calculada sobre MDT25 © IGN (CC BY 4.0)
node/1243440970,el Xocainet d'Albalat,Valencia/València,425.0,39.6767553,-0.3616635,424.0,41.0,41.0,False,False,383.0,39.676724,-0.363773,17.3,False,Calculada sobre MDT25 © IGN (CC BY 4.0)
node/1243441084,Cerro de la Mazorra,Valencia/València,1086.0,39.6295238,-1.170272,1085.0,104.0,104.0,False,False,981.0,39.642996,-1.17552,22.2,False,Calculada sobre MDT25 © IGN (CC BY 4.0)
node/1243441440,Realto de las Doncellas,Valencia/València,755.0,39.2407142,-0.8370671,756.0,8.0,8.0,False,False,748.0,39.241915,-0.838071,11.9,False,Calculada sobre MDT25 © IGN (CC BY 4.0)
node/1243441586,El Cerro,Valencia/València,728.0,39.3134472,-1.0362622,729.0,16.0,16.0,False,False,713.0,39.314101,-1.034763,25.5,False,Calculada sobre MDT25 © IGN (CC BY 4.0)
node/1243442058,Pico del Carrascal,Valencia/València,621.0,39.2288002,-1.0003591,619.0,4.0,4.0,False,False,615.0,39.228368,-1.000087,33.3,False,Calculada sobre MDT25 © IGN (CC BY 4.0)
node/1243442149,Pico de los Tres Mojones,Valencia/València,929.0,39.3364807,-0.9829274,932.0,13.0,13.0,False,False,919.0,39.336142,-0.980196,13.5,False,Calculada sobre MDT25 © IGN (CC BY 4.0)
node/1243442791,Puntal del Navajo Royo,Valencia/València,817.0,39.7679304,-0.6537744,817.0,76.0,76.0,False,False,741.0,39.780333,-0.658137,17.3,False,Calculada sobre MDT25 © IGN (CC BY 4.0)
node/1243442805,Alt de la Creu,Valencia/València,836.0,38.8267999,-0.7426136,836.0,85.0,85.0,False,False,751.0,38.832544,-0.714874,32.8,False,Calculada sobre MDT25 © IGN (CC BY 4.0)
node/1243443191,Lomas del Bosque,Valencia/València,563.0,39.7075098,-0.9567652,560.0,16.0,16.0,False,False,544.0,39.707175,-0.958334,37.0,False,Calculada sobre MDT25 © IGN (CC BY 4.0)
node/1243443196,Puntal de Zolo,Valencia/València,524.0,39.2470115,-0.9875697,525.0,21.0,21.0,False,False,504.0,39.24773,-0.986501,11.7,False,Calculada sobre MDT25 © IGN (CC BY 4.0)
node/1243444217,Cabeza de Ludén,Valencia/València,639.0,39.403776,-1.4017306,638.0,42.0,42.0,False,False,596.0,39.408288,-1.404943,11.2,False,Calculada sobre MDT25 © IGN (CC BY 4.0)
node/1243444962,Puntal del Rompido,Valencia/València,923.0,39.6730223,-1.1243402,923.0,11.0,11.0,False,False,912.0,39.67125,-1.12523,55.7,False,Calculada sobre MDT25 © IGN (CC BY 4.0)
node/1243445051,Cerro de Palomeras,Valencia/València,1261.0,39.0695966,-1.212481,1258.0,202.0,646.0,True,False,612.0,38.777959,-0.829134,24.2,False,Calculada sobre MDT25 © IGN (CC BY 4.0)
node/1243445108,Loma de Malén,Valencia/València,749.0,39.5494584,-0.9723966,749.0,73.0,73.0,False,False,676.0,39.547305,-0.973794,22.3,False,Calculada sobre MDT25 © IGN (CC BY 4.0)
node/1243445119,La Peña Escoladera,Valencia/València,752.0,39.7781711,-0.5261866,751.0,51.0,51.0,False,False,700.0,39.777984,-0.523365,16.1,False,Calculada sobre MDT25 © IGN (CC BY 4.0)
node/1243445177,Cerro de la Hoz,Valencia/València,734.0,39.7597135,-0.8179545,735.0,70.0,70.0,False,False,665.0,39.764449,-0.813641,11.8,False,Calculada sobre MDT25 © IGN (CC BY 4.0)
node/1243445652,Loma de los Cuatro Cintos,Valencia/València,674.0,39.3575818,-0.9471403,675.0,7.0,7.0,False,False,668.0,39.358956,-0.945301,7.9,False,Calculada sobre MDT25 © IGN (CC BY 4.0)
node/1243445660,Cerro de la Grana,Valencia/València,913.0,39.5323564,-0.8638013,913.0,23.0,23.0,False,False,890.0,39.533148,-0.862512,12.9,False,Calculada sobre MDT25 © IGN (CC BY 4.0)
node/1243445706,Cerro Colmenar,Valencia/València,708.0,39.3765955,-1.1607751,708.0,50.0,50.0,False,False,658.0,39.386157,-1.157266,18.3,False,Calculada sobre MDT25 © IGN (CC BY 4.0)
node/1243445969,Puntal del Fraile,Valencia/València,558.0,39.7353086,-0.5673762,559.0,17.0,17.0,False,False,542.0,39.736113,-0.566871,13.2,False,Calculada sobre MDT25 © IGN (CC BY 4.0)
node/1243446095,La Muela,Valencia/València,708.0,39.642361,-0.9526409,707.0,10.0,10.0,False,False,697.0,39.640633,-0.952719,8.3,False,Calculada sobre MDT25 © IGN (CC BY 4.0)
node/1243446203,Alto del Carcamal,Valencia/València,842.0,39.3027388,-0.8211865,836.0,8.0,8.0,False,False,828.0,39.302628,-0.820549,12.2,False,Calculada sobre MDT25 © IGN (CC BY 4.0)
node/1243446418,Cerro del Estar,Valencia/València,557.0,39.2134777,-1.0867176,552.0,113.0,113.0,False,False,439.0,39.225423,-1.093132,12.8,False,Calculada sobre MDT25 © IGN (CC BY 4.0)
node/1243446639,Loma del Ingeniero,Valencia/València,565.0,39.3714513,-1.3699071,562.0,2.0,2.0,False,False,560.0,39.371965,-1.368332,68.9,False,Calculada sobre MDT25 © IGN (CC BY 4.0)
node/1243447104,Puntal de Agrel,Valencia/València,496.0,39.2416244,-1.0801986,492.0,71.0,71.0,False,False,421.0,39.242053,-1.077039,4.7,False,Calculada sobre MDT25 © IGN (CC BY 4.0)
node/1243447135,Cerro Gordo,Valencia/València,869.0,39.0855357,-1.1053765,869.0,13.0,13.0,False,False,856.0,39.085716,-1.103837,17.4,False,Calculada sobre MDT25 © IGN (CC BY 4.0)
node/1243447140,Pico Redondo,Valencia/València,524.0,39.35123,-1.2973095,522.0,31.0,31.0,False,False,491.0,39.352483,-1.297703,16.4,False,Calculada sobre MDT25 © IGN (CC BY 4.0)
node/1243447208,Alto de la Cruz,Valencia/València,1033.0,39.1037869,-0.9401936,1035.0,0.0,0.0,False,True,,,,,False,Calculada sobre MDT25 © IGN (CC BY 4.0)
node/1243447352,Cerro de la Pará,Valencia/València,861.0,39.7154547,-1.1047011,861.0,20.0,20.0,False,False,841.0,39.715323,-1.10683,32.8,False,Calculada sobre MDT25 © IGN (CC BY 4.0)
node/1243447850,Cerro de las Pedrizas,Valencia/València,1151.0,39.8128297,-0.8653908,1149.0,51.0,51.0,False,False,1098.0,39.815575,-0.861963,18.1,False,Calculada sobre MDT25 © IGN (CC BY 4.0)
node/1243447982,Loma de la Correa,Valencia/València,881.0,39.211604,-1.1640755,878.0,9.0,9.0,False,False,869.0,39.212342,-1.162108,58.7,False,Calculada sobre MDT25 © IGN (CC BY 4.0)
node/1243447989,El Cerro Gordo,Valencia/València,891.0,40.0920946,-1.2841865,891.0,33.0,33.0,False,False,858.0,40.092222,-1.286449,12.4,False,Calculada sobre MDT25 © IGN (CC BY 4.0)
node/1243448022,Puntal del Mugrón,Valencia/València,1067.0,38.9596647,-1.1535304,1068.0,17.0,17.0,False,False,1051.0,38.958997,-1.152228,14.7,False,Calculada sobre MDT25 © IGN (CC BY 4.0)
node/1243448172,Peña Blanca,Valencia/València,961.0,39.1109677,-0.9819465,962.0,8.0,8.0,False,False,954.0,39.112807,-0.986589,7.6,False,Calculada sobre MDT25 © IGN (CC BY 4.0)
node/1243448831,Puntal de Crespo,Valencia/València,515.0,39.2448757,-0.9762275,516.0,24.0,24.0,False,False,492.0,39.243947,-0.976181,18.9,False,Calculada sobre MDT25 © IGN (CC BY 4.0)
node/1243448973,Pic de la Cabreta,Valencia/València,339.0,39.1391612,-0.3639679,334.0,25.0,25.0,False,False,309.0,39.139087,-0.362263,4.6,False,Calculada sobre MDT25 © IGN (CC BY 4.0)
node/1243449057,Picayo de las Nogueras,Valencia/València,1087.0,39.5894817,-1.0761943,1084.0,32.0,32.0,False,False,1052.0,39.590005,-1.074148,11.9,False,Calculada sobre MDT25 © IGN (CC BY 4.0)
node/1243449089,Racó del Soliquer,Valencia/València,331.0,39.6752222,-0.4416572,334.0,14.0,14.0,False,False,320.0,39.676227,-0.442192,10.3,False,Calculada sobre MDT25 © IGN (CC BY 4.0)
node/1243449092,el Pinar,Valencia/València,489.0,39.6605049,-0.4144572,488.0,129.0,129.0,False,False,359.0,39.666835,-0.404655,4.8,False,Calculada sobre MDT25 © IGN (CC BY 4.0)
node/1243449324,Altico Redondo,Valencia/València,319.0,39.1201819,-0.7157233,318.0,53.0,53.0,False,False,265.0,39.117736,-0.716384,2.1,False,Calculada sobre MDT25 © IGN (CC BY 4.0)
node/1243450505,Alt de l'Aixer,Valencia/València,757.0,38.8674735,-0.6808519,755.0,9.0,9.0,False,False,746.0,38.865899,-0.681537,26.7,False,Calculada sobre MDT25 © IGN (CC BY 4.0)
node/1243450588,la Selleta,Valencia/València,283.0,39.5331322,-0.5826286,282.0,108.0,108.0,False,False,174.0,39.523184,-0.58392,9.6,False,Calculada sobre MDT25 © IGN (CC BY 4.0)
node/1243450867,Loma de los Blanquizares,Valencia/València,775.0,39.1508796,-0.8706902,776.0,10.0,10.0,False,False,766.0,39.150894,-0.873549,22.5,False,Calculada sobre MDT25 © IGN (CC BY 4.0)
node/1243450934,Alto de las Pedrizas,Valencia/València,213.0,39.6002431,-0.7103036,209.0,28.0,28.0,False,False,181.0,39.596893,-0.709164,18.6,False,Calculada sobre MDT25 © IGN (CC BY 4.0)
node/1243451011,Cerro del Royo,Valencia/València,1251.0,39.8452595,-0.7769469,1249.0,9.0,9.0,False,False,1240.0,39.844403,-0.77809,5.2,False,Calculada sobre MDT25 © IGN (CC BY 4.0)
node/1243451287,Cerro de la Cueva,Valencia/València,1569.0,40.0406255,-1.0983819,1574.0,11.0,11.0,False,False,1563.0,40.041075,-1.097555,30.6,False,Calculada sobre MDT25 © IGN (CC BY 4.0)
node/1243451870,Pico de los Campillos,Valencia/València,1213.0,40.1386856,-1.337986,1213.0,16.0,16.0,False,False,1197.0,40.138729,-1.34045,10.0,False,Calculada sobre MDT25 © IGN (CC BY 4.0)
node/1243451934,El Morrón,Valencia/València,867.0,39.7123749,-1.0544548,864.0,129.0,129.0,False,False,735.0,39.726186,-1.055487,34.0,False,Calculada sobre MDT25 © IGN (CC BY 4.0)
node/1243451977,El Cegarrón,Valencia/València,725.0,39.2444766,-0.8072858,727.0,10.0,10.0,False,False,717.0,39.244777,-0.810465,34.0,False,Calculada sobre MDT25 © IGN (CC BY 4.0)
node/1243452233,Puntal de la Bassa,Valencia/València,492.0,39.0295835,-0.2880865,490.0,51.0,51.0,False,False,439.0,39.029432,-0.285203,26.6,False,Calculada sobre MDT25 © IGN (CC BY 4.0)
node/1243452387,el Cierro,Valencia/València,737.0,39.7043138,-0.4257196,736.0,147.0,147.0,False,False,589.0,39.708998,-0.437191,8.4,False,Calculada sobre MDT25 © IGN (CC BY 4.0)
node/1243452417,Lloma de Valeta,Valencia/València,324.0,39.0676037,-0.3556438,324.0,15.0,15.0,False,False,309.0,39.068446,-0.355939,7.9,False,Calculada sobre MDT25 © IGN (CC BY 4.0)
node/1243452674,Alto de Tona,Valencia/València,1052.0,39.1156346,-0.9509207,1053.0,10.0,10.0,False,False,1043.0,39.117407,-0.953206,32.8,False,Calculada sobre MDT25 © IGN (CC BY 4.0)
node/1243452715,Penya de Poquet,Valencia/València,252.0,38.9238013,-0.2328944,242.0,39.0,39.0,False,False,203.0,38.922818,-0.233915,15.6,False,Calculada sobre MDT25 © IGN (CC BY 4.0)
node/1243452903,Los Pelados,Valencia/València,905.0,39.5741098,-0.940851,905.0,42.0,42.0,False,False,863.0,39.571531,-0.94253,16.5,False,Calculada sobre MDT25 © IGN (CC BY 4.0)
node/1243453308,Cerro de Mojón Alto,Valencia/València,791.0,39.22755,-0.8821184,793.0,9.0,9.0,False,False,784.0,39.228363,-0.885113,21.3,False,Calculada sobre MDT25 © IGN (CC BY 4.0)
node/1243453329,La Lámpara,Valencia/València,1069.0,39.8680906,-1.0697538,1067.0,47.0,47.0,False,False,1020.0,39.870592,-1.070999,12.5,False,Calculada sobre MDT25 © IGN (CC BY 4.0)
node/1243453410,Alto de la Cruz,Valencia/València,839.0,40.1320087,-1.2523136,836.0,11.0,11.0,False,False,825.0,40.133611,-1.252839,27.0,False,Calculada sobre MDT25 © IGN (CC BY 4.0)
node/1243453434,Cerro de la Cueva,Valencia/València,975.0,39.7978318,-1.1897289,975.0,78.0,78.0,False,False,897.0,39.79961,-1.194747,16.2,False,Calculada sobre MDT25 © IGN (CC BY 4.0)
node/1243453445,El Momperet,Valencia/València,1149.0,39.8908674,-1.0544085,1151.0,144.0,144.0,False,False,1007.0,39.887672,-1.068766,20.9,False,Calculada sobre MDT25 © IGN (CC BY 4.0)
node/1243453602,Cerro Julián,Valencia/València,1142.0,39.8299372,-0.749199,1141.0,19.0,19.0,False,False,1122.0,39.828591,-0.75231,22.7,False,Calculada sobre MDT25 © IGN (CC BY 4.0)
node/1243453816,Alt de les Moles,Valencia/València,843.0,38.7673976,-0.7253406,843.0,0.0,0.0,False,True,,,,,False,Calculada sobre MDT25 © IGN (CC BY 4.0)
node/1243454080,Loma de Garzón,Valencia/València,593.0,39.2811271,-0.9268595,595.0,137.0,137.0,False,False,458.0,39.290603,-0.926721,26.0,False,Calculada sobre MDT25 © IGN (CC BY 4.0)
node/1243454515,Alt del Sespar,Valencia/València,710.0,38.9922277,-0.2977357,710.0,5.0,5.0,False,False,705.0,38.992358,-0.298743,18.3,False,Calculada sobre MDT25 © IGN (CC BY 4.0)
node/1243454988,Pic de Gausa,Valencia/València,219.0,39.6675288,-0.3170257,218.0,29.0,29.0,False,False,189.0,39.666663,-0.317822,31.0,False,Calculada sobre MDT25 © IGN (CC BY 4.0)
node/1243455101,Muntanyeta de Fava,Valencia/València,246.0,39.7631984,-0.3115189,246.0,20.0,20.0,False,False,226.0,39.764004,-0.310253,26.1,False,Calculada sobre MDT25 © IGN (CC BY 4.0)
node/1243456200,Puntal de Massalari,Valencia/València,599.0,39.095534,-0.2975592,596.0,40.0,40.0,False,False,556.0,39.101137,-0.308179,23.0,False,Calculada sobre MDT25 © IGN (CC BY 4.0)
node/1243456219,El Crestó,Valencia/València,476.0,39.6917844,-0.4774699,477.0,10.0,10.0,False,False,467.0,39.692101,-0.478046,26.9,False,Calculada sobre MDT25 © IGN (CC BY 4.0)
node/1243456265,Loma de los Calzoncillos,Valencia/València,745.0,39.3861299,-0.9894981,745.0,23.0,23.0,False,False,722.0,39.389959,-0.992287,5.4,False,Calculada sobre MDT25 © IGN (CC BY 4.0)
node/1243456286,Peña del Castillejo,Valencia/València,699.0,39.6572423,-0.9823813,697.0,19.0,19.0,False,False,678.0,39.655391,-0.98521,17.0,False,Calculada sobre MDT25 © IGN (CC BY 4.0)
node/1243456434,El Retoret,Valencia/València,587.0,39.3705915,-0.8310792,588.0,72.0,72.0,False,False,516.0,39.367346,-0.848716,11.3,False,Calculada sobre MDT25 © IGN (CC BY 4.0)
node/1243459380,Pico de la Teja,Valencia/València,965.0,39.1671136,-1.1303114,964.0,1.0,1.0,False,False,963.0,39.162714,-1.129258,86.5,False,Calculada sobre MDT25 © IGN (CC BY 4.0)
node/1243459382,Pico de la Muela,Valencia/València,898.0,40.0544176,-1.2628819,904.0,37.0,37.0,False,False,867.0,40.051162,-1.251723,59.2,False,Calculada sobre MDT25 © IGN (CC BY 4.0)
node/1243459830,Pico de los Hermanillos,Valencia/València,686.0,39.3844709,-1.2695309,687.0,0.0,0.0,False,True,,,,,False,Calculada sobre MDT25 © IGN (CC BY 4.0)
node/1243460335,Muela Modorra,Valencia/València,994.0,39.9019559,-1.1070518,996.0,0.0,0.0,False,True,,,,,False,Calculada sobre MDT25 © IGN (CC BY 4.0)
node/1243460347,Puntal del Conejo,Valencia/València,1063.0,39.1407608,-1.1476286,1063.0,264.0,264.0,False,False,799.0,39.152278,-1.167144,22.8,False,Calculada sobre MDT25 © IGN (CC BY 4.0)
node/1243460576,el Pericó,Valencia/València,176.0,38.926399,-0.1597167,175.0,134.0,134.0,False,False,41.0,38.928063,-0.170851,21.6,False,Calculada sobre MDT25 © IGN (CC BY 4.0)
node/1243460695,Morro del Pozo de Tello,Valencia/València,958.0,39.5099611,-0.8670322,959.0,13.0,13.0,False,False,946.0,39.510938,-0.867263,28.2,False,Calculada sobre MDT25 © IGN (CC BY 4.0)
node/1243460728,Cerro Alcarroya,Valencia/València,545.0,39.2091989,-1.0735135,540.0,77.0,77.0,False,False,463.0,39.210494,-1.075584,12.2,False,Calculada sobre MDT25 © IGN (CC BY 4.0)
node/1243461001,Cerro de la Vieja,Valencia/València,608.0,39.3991847,-1.357643,601.0,9.0,9.0,False,False,592.0,39.399957,-1.356647,15.3,False,Calculada sobre MDT25 © IGN (CC BY 4.0)
node/1243461775,Puntal de Cueva Redonda,Valencia/València,664.0,39.1862393,-0.8445838,665.0,26.0,26.0,False,False,639.0,39.186247,-0.848461,16.7,False,Calculada sobre MDT25 © IGN (CC BY 4.0)
node/1243462452,La Sierrezuela,Valencia/València,837.0,39.3525141,-1.0083933,837.0,45.0,45.0,False,False,792.0,39.348049,-1.004512,12.6,False,Calculada sobre MDT25 © IGN (CC BY 4.0)
node/1243462493,Puntal de las Viñas,Valencia/València,518.0,39.2553289,-0.9453978,520.0,45.0,45.0,False,False,475.0,39.257997,-0.942458,3.6,False,Calculada sobre MDT25 © IGN (CC BY 4.0)
node/1243462588,Cerro Simón,Valencia/València,788.0,39.4367893,-0.984926,839.0,13.0,13.0,False,False,826.0,39.436735,-0.98804,21.5,False,Calculada sobre MDT25 © IGN (CC BY 4.0)
node/1243462701,Cerro de Terrabona,Valencia/València,291.0,39.1664563,-0.6671494,293.0,0.0,0.0,False,True,,,,,False,Calculada sobre MDT25 © IGN (CC BY 4.0)
node/1243463910,Alto de la Pieza del Carril,Valencia/València,1132.0,40.1608736,-1.3168607,1131.0,12.0,12.0,False,False,1119.0,40.162714,-1.316968,24.6,False,Calculada sobre MDT25 © IGN (CC BY 4.0)
node/1243463971,Puntal de Gorra,Valencia/València,1135.0,39.6189603,-0.9919461,1134.0,61.0,61.0,False,False,1073.0,39.623274,-0.99051,69.5,False,Calculada sobre MDT25 © IGN (CC BY 4.0)
node/1243464444,Alto de la Morrita,Valencia/València,1239.0,40.199191,-1.3124442,1238.0,78.0,78.0,False,False,1160.0,40.202088,-1.314233,20.4,False,Calculada sobre MDT25 © IGN (CC BY 4.0)
node/1243464563,Pico del Bombo,Valencia/València,821.0,39.229855,-0.9556896,822.0,11.0,11.0,False,False,811.0,39.228755,-0.957504,3.9,False,Calculada sobre MDT25 © IGN (CC BY 4.0)
node/1243465491,Punta del Milano,Valencia/València,1172.0,40.0420644,-1.1794306,1170.0,15.0,15.0,False,False,1155.0,40.039443,-1.178181,16.8,False,Calculada sobre MDT25 © IGN (CC BY 4.0)
node/1243466097,Puntal Merino,Valencia/València,800.0,39.4383602,-1.3818802,799.0,18.0,18.0,False,False,781.0,39.441346,-1.384725,24.3,False,Calculada sobre MDT25 © IGN (CC BY 4.0)
node/1243466109,Penya de la Mel,Valencia/València,239.0,39.0269313,-0.361544,334.0,32.0,32.0,False,False,302.0,39.027759,-0.359478,3.2,False,Calculada sobre MDT25 © IGN (CC BY 4.0)
node/1243466207,La Grenya,Valencia/València,653.0,39.273135,-0.6814578,653.0,66.0,66.0,False,False,587.0,39.271845,-0.684438,3.4,False,Calculada sobre MDT25 © IGN (CC BY 4.0)
node/1243466768,Alto de las Pedrizas,Valencia/València,595.0,39.2493281,-1.0479948,591.0,79.0,79.0,False,False,512.0,39.251012,-1.046955,19.9,False,Calculada sobre MDT25 © IGN (CC BY 4.0)
node/1243466916,Alto de Silverio,Valencia/València,1149.0,40.0000942,-1.2316108,1150.0,50.0,50.0,False,False,1100.0,40.001501,-1.229562,32.1,False,Calculada sobre MDT25 © IGN (CC BY 4.0)
node/1243467210,Los Cinco Pinos,Valencia/València,1177.0,39.5835392,-1.014076,1176.0,252.0,252.0,False,False,924.0,39.65721,-1.106668,25.9,True,Calculada sobre MDT25 © IGN (CC BY 4.0)
node/1243468413,Pico los Alticos,Valencia/València,297.0,39.122314,-0.7276345,295.0,17.0,17.0,False,False,278.0,39.121569,-0.728115,16.9,False,Calculada sobre MDT25 © IGN (CC BY 4.0)
node/1243468857,Punta de Cueva Negra,Valencia/València,1074.0,39.0803202,-1.2098022,1065.0,9.0,9.0,False,False,1056.0,39.079287,-1.210073,15.6,False,Calculada sobre MDT25 © IGN (CC BY 4.0)
node/1243469402,Peña del Buitre,Valencia/València,645.0,39.1941542,-1.1468395,642.0,5.0,5.0,False,False,637.0,39.194757,-1.146935,12.7,False,Calculada sobre MDT25 © IGN (CC BY 4.0)
node/1243469742,Alto de Vera,Valencia/València,511.0,39.0981536,-0.8118914,509.0,36.0,36.0,False,False,473.0,39.097659,-0.808665,30.3,False,Calculada sobre MDT25 © IGN (CC BY 4.0)
node/1243470003,Cerro de Altamira,Valencia/València,1151.0,40.1093273,-1.1687112,1145.0,86.0,86.0,False,False,1059.0,40.103756,-1.171773,2.1,False,Calculada sobre MDT25 © IGN (CC BY 4.0)
node/1243470549,Alt del Corso,Valencia/València,742.0,38.7737407,-0.7247999,741.0,40.0,40.0,False,False,701.0,38.77129,-0.727189,2.3,False,Calculada sobre MDT25 © IGN (CC BY 4.0)
node/1249810762,Pic de Sant Gaità,Alicante/Alacant,818.0,38.2638471,-0.8952829,810.0,108.0,108.0,False,False,702.0,38.267095,-0.893009,37.4,False,Calculada sobre MDT25 © IGN (CC BY 4.0)
node/1249810910,Cabezo del Polovar,Alicante/Alacant,566.0,38.6181756,-0.8941357,564.0,58.0,58.0,False,False,506.0,38.621707,-0.895017,42.1,False,Calculada sobre MDT25 © IGN (CC BY 4.0)
node/1249810958,Cerro del Agudo,Alicante/Alacant,731.0,38.2383281,-0.9777423,730.0,237.0,237.0,False,False,493.0,38.255866,-0.920189,18.3,False,Calculada sobre MDT25 © IGN (CC BY 4.0)
node/1249811014,Alt de Creus,Alicante/Alacant,912.0,38.8145531,-0.4500368,918.0,38.0,38.0,False,False,880.0,38.815802,-0.450244,12.3,False,Calculada sobre MDT25 © IGN (CC BY 4.0)
node/1249811072,Alt del Montagut,Alicante/Alacant,1081.0,38.6014258,-0.4439453,1079.0,111.0,111.0,False,False,968.0,38.60918,-0.446956,11.6,False,Calculada sobre MDT25 © IGN (CC BY 4.0)
node/1249811136,Alt de les Florencies,Alicante/Alacant,896.0,38.6686837,-0.4479908,897.0,102.0,102.0,False,False,795.0,38.66673,-0.441752,2.0,False,Calculada sobre MDT25 © IGN (CC BY 4.0)
node/1249811223,Ponotx,Alicante/Alacant,1183.0,38.6128571,-0.1762996,1180.0,258.0,258.0,False,False,922.0,38.614646,-0.184649,27.5,True,Calculada sobre MDT25 © IGN (CC BY 4.0)
node/1249811529,Peña del Marín,Alicante/Alacant,706.0,38.4959712,-0.8278739,700.0,88.0,88.0,False,False,612.0,38.497082,-0.830428,18.0,False,Calculada sobre MDT25 © IGN (CC BY 4.0)
node/1249811698,Pico Mastec,Alicante/Alacant,777.0,38.7313951,-0.470324,776.0,27.0,27.0,False,False,749.0,38.732914,-0.471024,19.3,False,Calculada sobre MDT25 © IGN (CC BY 4.0)
node/1249811738,Cerro de Tácio,Alicante/Alacant,319.0,38.5077571,-0.3218545,315.0,32.0,32.0,False,False,283.0,38.511609,-0.324267,4.2,False,Calculada sobre MDT25 © IGN (CC BY 4.0)
node/1249811817,Alt de la Pedrissa,Alicante/Alacant,433.0,38.6449944,-0.0058493,434.0,36.0,36.0,False,False,398.0,38.645597,-0.007096,18.5,False,Calculada sobre MDT25 © IGN (CC BY 4.0)
node/1249811953,Tossal de la Llosa,Alicante/Alacant,524.0,38.7684514,0.0052387,523.0,37.0,37.0,False,False,486.0,38.768089,0.00291,3.3,False,Calculada sobre MDT25 © IGN (CC BY 4.0)
node/1249812027,Penya de la Mina,Alicante/Alacant,1053.0,38.3295574,-0.9385218,1052.0,137.0,137.0,False,False,915.0,38.328226,-0.961305,15.6,False,Calculada sobre MDT25 © IGN (CC BY 4.0)
node/1249812163,Cim de la Safor,Alicante/Alacant,1013.0,38.8598619,-0.260132,1011.0,442.0,442.0,False,False,569.0,38.812028,-0.292617,13.5,False,Calculada sobre MDT25 © IGN (CC BY 4.0)
node/1249812245,,Alicante/Alacant,902.0,38.7396272,-0.1435214,899.0,3.0,3.0,False,False,896.0,38.738654,-0.143548,8.1,False,Calculada sobre MDT25 © IGN (CC BY 4.0)
node/1249812342,Alt de la Cabanya,Alicante/Alacant,494.0,38.7638237,-0.4073429,492.0,11.0,11.0,False,False,481.0,38.763667,-0.404632,15.4,False,Calculada sobre MDT25 © IGN (CC BY 4.0)
node/1249812403,Alt dels Penjats,Alicante/Alacant,995.0,38.658104,-0.3754322,995.0,28.0,28.0,False,False,967.0,38.654238,-0.376128,6.1,False,Calculada sobre MDT25 © IGN (CC BY 4.0)
node/1249812438,Tossal del Moro,Alicante/Alacant,612.0,38.7076159,-0.3724283,610.0,51.0,51.0,False,False,559.0,38.70669,-0.374786,16.5,False,Calculada sobre MDT25 © IGN (CC BY 4.0)
node/1249812499,Tossal de Farines,Alicante/Alacant,376.0,38.6449696,-0.1431459,379.0,52.0,52.0,False,False,327.0,38.644317,-0.145003,15.8,False,Calculada sobre MDT25 © IGN (CC BY 4.0)
node/1249812598,Alt de Mahoma,Alicante/Alacant,947.0,38.6724026,-0.3454271,947.0,37.0,37.0,False,False,910.0,38.670867,-0.344491,21.3,False,Calculada sobre MDT25 © IGN (CC BY 4.0)
node/1249812646,Penya del Salt de la Mort,Alicante/Alacant,1055.0,38.3624093,-0.9675523,1055.0,422.0,422.0,False,False,633.0,38.345052,-0.970273,21.4,False,Calculada sobre MDT25 © IGN (CC BY 4.0)
node/1249812744,Cabezo Soler,Alicante/Alacant,93.0,38.0895348,-0.6984709,86.0,43.0,43.0,False,False,43.0,38.087516,-0.699221,26.4,False,Calculada sobre MDT25 © IGN (CC BY 4.0)
node/1249812762,,Alicante/Alacant,667.0,38.8108137,-0.2357068,662.0,17.0,17.0,False,False,645.0,38.810728,-0.237107,12.4,False,Calculada sobre MDT25 © IGN (CC BY 4.0)
node/1249812950,Penya Roja,Alicante/Alacant,241.6,38.8035151,0.0573383,241.0,102.0,102.0,False,False,139.0,38.806808,0.047137,27.2,False,Calculada sobre MDT25 © IGN (CC BY 4.0)
node/1249813020,Cabezo Redondo,Alicante/Alacant,468.0,38.0926089,-0.9911166,469.0,60.0,60.0,False,False,409.0,38.094684,-0.991758,36.5,False,Calculada sobre MDT25 © IGN (CC BY 4.0)
node/1249813152,Cabezo Palau,Alicante/Alacant,624.0,38.5254242,-0.8550907,623.0,6.0,6.0,False,False,617.0,38.526134,-0.854504,26.1,False,Calculada sobre MDT25 © IGN (CC BY 4.0)
node/1249813257,Alt de la Reja,Alicante/Alacant,1128.0,38.7778879,-0.4867768,1126.0,46.0,46.0,False,False,1080.0,38.776732,-0.487029,18.8,False,Calculada sobre MDT25 © IGN (CC BY 4.0)
node/1249813393,Penya Alta,Alicante/Alacant,1504.0,38.6497079,-0.2464149,1502.0,28.0,28.0,False,False,1474.0,38.64927,-0.248206,29.6,False,Calculada sobre MDT25 © IGN (CC BY 4.0)
node/1249813537,Bec de l'Àguila,Alicante/Alacant,474.0,38.4636456,-0.527639,469.0,127.0,127.0,False,False,342.0,38.465734,-0.532819,9.8,False,Calculada sobre MDT25 © IGN (CC BY 4.0)
node/1249813563,el Penyó,Alicante/Alacant,752.0,38.7229937,-0.0554517,776.0,145.0,145.0,False,False,631.0,38.723741,-0.059901,15.2,False,Calculada sobre MDT25 © IGN (CC BY 4.0)
node/1249813650,Peñón del Mosquito,Alicante/Alacant,599.0,38.606207,-0.9334045,596.0,37.0,37.0,False,False,559.0,38.608213,-0.934168,30.2,False,Calculada sobre MDT25 © IGN (CC BY 4.0)
node/1249813860,el Puigcampana,Alicante/Alacant,1408.0,38.5972216,-0.193072,1406.0,522.0,522.0,False,False,884.0,38.605381,-0.192762,25.2,False,Calculada sobre MDT25 © IGN (CC BY 4.0)
node/1249813889,Morro de les Rotes,Alicante/Alacant,737.0,38.7339139,-0.2260178,735.0,14.0,14.0,False,False,721.0,38.735262,-0.227078,4.6,False,Calculada sobre MDT25 © IGN (CC BY 4.0)
node/1249814045,Tossal de la Terra Nova,Alicante/Alacant,695.0,38.7243951,-0.3118581,694.0,30.0,30.0,False,False,664.0,38.722827,-0.311803,15.1,False,Calculada sobre MDT25 © IGN (CC BY 4.0)
node/1249814050,la Cilla del Sit,Alicante/Alacant,1147.0,38.4782571,-0.7261061,1144.0,429.0,429.0,False,False,715.0,38.489341,-0.719454,39.6,False,Calculada sobre MDT25 © IGN (CC BY 4.0)
node/1249814063,Penya Roja,Alicante/Alacant,346.0,38.7538448,0.0060401,346.0,7.0,7.0,False,False,339.0,38.754502,0.005792,26.2,False,Calculada sobre MDT25 © IGN (CC BY 4.0)
node/1249814193,Alt del Sebastià,Alicante/Alacant,398.0,38.5190625,-0.3069797,398.0,37.0,37.0,False,False,361.0,38.521329,-0.306131,9.1,False,Calculada sobre MDT25 © IGN (CC BY 4.0)
node/1249814296,Cabeço dels Llorenços,Alicante/Alacant,880.0,38.6930163,-0.6648101,880.0,45.0,45.0,False,False,835.0,38.69417,-0.665824,8.6,False,Calculada sobre MDT25 © IGN (CC BY 4.0)
node/1249814341,Penya de la Moleta,Alicante/Alacant,753.0,38.511874,-0.5600233,758.0,159.0,159.0,False,False,599.0,38.523236,-0.557236,110.9,False,Calculada sobre MDT25 © IGN (CC BY 4.0)
node/1249814405,Cabezo Pardo,Alicante/Alacant,48.0,38.1643823,-0.8458471,48.0,14.0,14.0,False,False,34.0,38.163956,-0.845478,16.9,False,Calculada sobre MDT25 © IGN (CC BY 4.0)
node/1249814496,Moleta d’Aitana,Alicante/Alacant,1466.0,38.656146,-0.3006617,1463.0,84.0,84.0,False,False,1379.0,38.655974,-0.294197,36.9,False,Calculada sobre MDT25 © IGN (CC BY 4.0)
node/1249814546,Morro de Serrella,Alicante/Alacant,1182.4,38.6976248,-0.3260642,1182.0,38.0,38.0,False,False,1144.0,38.698501,-0.321624,11.9,False,Calculada sobre MDT25 © IGN (CC BY 4.0)
node/1249814599,Alt de la Bola,Alicante/Alacant,848.0,38.4723446,-0.8770175,845.0,317.0,317.0,False,False,528.0,38.470325,-0.90745,9.9,False,Calculada sobre MDT25 © IGN (CC BY 4.0)
node/1249815009,Alt Redó,Alicante/Alacant,944.0,38.8194185,-0.4479816,948.0,46.0,46.0,False,False,902.0,38.820434,-0.445759,66.9,False,Calculada sobre MDT25 © IGN (CC BY 4.0)
node/1249815357,Alt del Carrascalet,Alicante/Alacant,1245.0,38.5287218,-0.6646367,1244.0,106.0,106.0,False,False,1138.0,38.519941,-0.660569,10.4,False,Calculada sobre MDT25 © IGN (CC BY 4.0)
node/1249815448,Pico del Chinar,Alicante/Alacant,518.0,38.1249706,-0.9080275,516.0,30.0,30.0,False,False,486.0,38.123154,-0.90628,17.4,False,Calculada sobre MDT25 © IGN (CC BY 4.0)
node/1249815480,Pico Patot,Alicante/Alacant,608.0,38.7476857,-0.4010348,607.0,26.0,26.0,False,False,581.0,38.746795,-0.395464,16.4,False,Calculada sobre MDT25 © IGN (CC BY 4.0)
node/1249815680,Alt de Cortina,Alicante/Alacant,515.0,38.5640491,-0.181263,516.0,8.0,8.0,False,False,508.0,38.563025,-0.182937,18.7,False,Calculada sobre MDT25 © IGN (CC BY 4.0)
node/1249815781,Penyal Roig,Alicante/Alacant,792.0,38.7648857,-0.0989907,788.0,90.0,90.0,False,False,698.0,38.764404,-0.100808,10.5,False,Calculada sobre MDT25 © IGN (CC BY 4.0)
node/1249815828,Alt de Sant Juri,Alicante/Alacant,812.0,38.2699912,-0.8851946,810.0,210.0,210.0,False,False,600.0,38.276729,-0.877584,13.1,False,Calculada sobre MDT25 © IGN (CC BY 4.0)
node/1249815941,El Penyat,Alicante/Alacant,598.0,38.7178618,-0.0142015,598.0,27.0,27.0,False,False,571.0,38.718743,-0.01382,20.0,False,Calculada sobre MDT25 © IGN (CC BY 4.0)
node/1249816055,Alt de Senabre,Alicante/Alacant,863.0,38.8172465,-0.4534375,863.0,10.0,10.0,False,False,853.0,38.817428,-0.452489,18.4,False,Calculada sobre MDT25 © IGN (CC BY 4.0)
node/1249816103,la Moleta,Alicante/Alacant,1077.0,38.6522428,-0.422229,1078.0,23.0,23.0,False,False,1055.0,38.650584,-0.424518,35.8,False,Calculada sobre MDT25 © IGN (CC BY 4.0)
node/1249816147,Altet del Regadiuet,Alicante/Alacant,867.0,38.6742314,-0.4395605,868.0,86.0,86.0,False,False,782.0,38.679677,-0.436406,21.7,False,Calculada sobre MDT25 © IGN (CC BY 4.0)
node/1249816225,Peña Moia,Alicante/Alacant,398.0,38.6410727,-0.1458751,398.0,70.0,70.0,False,False,328.0,38.643817,-0.152203,16.2,False,Calculada sobre MDT25 © IGN (CC BY 4.0)
node/1249816308,Alt de la Serra del Carrascal,Alicante/Alacant,1208.0,38.6707097,-0.3086797,1207.0,33.0,33.0,False,False,1174.0,38.669391,-0.299725,16.6,False,Calculada sobre MDT25 © IGN (CC BY 4.0)
node/1249816452,Tossal del Molló,Alicante/Alacant,701.0,38.8006791,-0.2269716,700.0,15.0,15.0,False,False,685.0,38.799715,-0.22861,19.6,False,Calculada sobre MDT25 © IGN (CC BY 4.0)
node/1249816495,Peñón del Barbero ó del Llam,Alicante/Alacant,805.0,38.5198015,-0.3878226,803.0,41.0,41.0,False,False,762.0,38.52028,-0.38903,6.8,False,Calculada sobre MDT25 © IGN (CC BY 4.0)
node/1249816796,Tossal Gran,Alicante/Alacant,592.0,38.76103,0.0024012,590.0,77.0,77.0,False,False,513.0,38.762778,-0.000764,16.3,False,Calculada sobre MDT25 © IGN (CC BY 4.0)
node/1249816843,Pico Cortado,Alicante/Alacant,453.0,38.1279145,-0.8897443,448.0,52.0,52.0,False,False,396.0,38.126277,-0.891931,18.7,False,Calculada sobre MDT25 © IGN (CC BY 4.0)
node/1249816926,Alt del Serrellar,Alicante/Alacant,668.0,38.8371175,-0.3776849,669.0,45.0,45.0,False,False,624.0,38.839351,-0.374524,9.6,False,Calculada sobre MDT25 © IGN (CC BY 4.0)
node/1249816970,Biscoy,Alicante/Alacant,1164.0,38.6510278,-0.5986274,1162.0,203.0,203.0,False,False,959.0,38.65299,-0.590176,23.5,False,Calculada sobre MDT25 © IGN (CC BY 4.0)
node/1249817052,Alt del Cerincal,Alicante/Alacant,1226.0,38.7666898,-0.4949656,1222.0,34.0,34.0,False,False,1188.0,38.76817,-0.4974,37.8,False,Calculada sobre MDT25 © IGN (CC BY 4.0)
node/1249817097,Alt de la Capitana,Alicante/Alacant,541.0,38.6018664,-0.2576139,542.0,25.0,25.0,False,False,517.0,38.602637,-0.257452,17.3,False,Calculada sobre MDT25 © IGN (CC BY 4.0)
node/1249817240,Alt de Ximo,Alicante/Alacant,269.0,38.5223275,-0.2850772,264.0,22.0,22.0,False,False,242.0,38.523784,-0.285681,12.6,False,Calculada sobre MDT25 © IGN (CC BY 4.0)
node/1249817377,Alto de Don Pedro,Alicante/Alacant,867.0,38.4818621,-0.9321649,864.0,207.0,207.0,False,False,657.0,38.482933,-0.958099,23.7,False,Calculada sobre MDT25 © IGN (CC BY 4.0)
node/1249817492,Alt de l'Espino,Alicante/Alacant,465.0,38.5065712,-0.4223499,463.0,35.0,35.0,False,False,428.0,38.509756,-0.422378,12.9,False,Calculada sobre MDT25 © IGN (CC BY 4.0)
node/1249817525,Penyó Mulero,Alicante/Alacant,1308.0,38.6495981,-0.2179774,1306.0,51.0,51.0,False,False,1255.0,38.649634,-0.225501,34.5,False,Calculada sobre MDT25 © IGN (CC BY 4.0)
node/1249817635,Penya de l'Àguila,Alicante/Alacant,484.0,38.8128227,0.1008518,482.0,30.0,30.0,False,False,452.0,38.812507,0.104377,7.4,False,Calculada sobre MDT25 © IGN (CC BY 4.0)
node/1249817681,Cabezo Lodroño,Alicante/Alacant,616.0,38.0979386,-0.9927799,614.0,44.0,44.0,False,False,570.0,38.098336,-0.994509,31.8,False,Calculada sobre MDT25 © IGN (CC BY 4.0)
node/1249817804,Cabezo Andreu,Alicante/Alacant,688.0,38.5568606,-0.9716591,686.0,62.0,62.0,False,False,624.0,38.552611,-0.975063,36.3,False,Calculada sobre MDT25 © IGN (CC BY 4.0)
node/1249817876,el Teix,Alicante/Alacant,1263.0,38.771263,-0.4984025,1260.0,88.0,88.0,False,False,1172.0,38.763952,-0.489779,29.9,False,Calculada sobre MDT25 © IGN (CC BY 4.0)
node/1249817930,Penyó Diví,Alicante/Alacant,1119.0,38.6293876,-0.2354165,1118.0,37.0,37.0,False,False,1081.0,38.631835,-0.234803,5.1,False,Calculada sobre MDT25 © IGN (CC BY 4.0)
node/1249818066,Alt d'Alfaro,Alicante/Alacant,1166.0,38.7486697,-0.2444938,1165.0,393.0,393.0,False,False,772.0,38.733452,-0.274596,23.8,False,Calculada sobre MDT25 © IGN (CC BY 4.0)
node/1249818132,Cabeçó Ventós,Alicante/Alacant,900.0,38.4763396,-0.6146318,898.0,280.0,280.0,False,False,618.0,38.485117,-0.620427,12.5,False,Calculada sobre MDT25 © IGN (CC BY 4.0)
node/1249818385,el Castellar,Alicante/Alacant,877.0,38.6902282,-0.5051949,876.0,28.0,28.0,False,False,848.0,38.69064,-0.505853,10.3,False,Calculada sobre MDT25 © IGN (CC BY 4.0)
node/1249818420,Alt de Jerónimo,Alicante/Alacant,394.0,38.5257708,-0.2949461,395.0,73.0,73.0,False,False,322.0,38.528021,-0.3033,11.2,False,Calculada sobre MDT25 © IGN (CC BY 4.0)
node/1249818505,Penya Grossa,Alicante/Alacant,856.31,38.7842029,-0.4758546,868.0,0.0,0.0,False,True,,,,,False,Calculada sobre MDT25 © IGN (CC BY 4.0)
node/1249818543,Penya Alta,Alicante/Alacant,627.0,38.5048572,-0.5222674,622.0,91.0,91.0,False,False,531.0,38.508989,-0.522456,9.0,False,Calculada sobre MDT25 © IGN (CC BY 4.0)
node/1249818610,Tossal del Xarpolar,Alicante/Alacant,901.0,38.8062246,-0.2853633,899.0,41.0,41.0,False,False,858.0,38.805923,-0.28191,1.0,False,Calculada sobre MDT25 © IGN (CC BY 4.0)
node/1249818651,,Alicante/Alacant,929.0,38.5645696,-0.422739,928.0,29.0,29.0,False,False,899.0,38.565362,-0.420966,24.2,False,Calculada sobre MDT25 © IGN (CC BY 4.0)
node/1249818676,Tossal de Florent,Alicante/Alacant,1131.0,38.6966154,-0.2766933,1129.0,184.0,184.0,False,False,945.0,38.70085,-0.286757,34.1,False,Calculada sobre MDT25 © IGN (CC BY 4.0)
node/1249818726,Tossal de Grau,Alicante/Alacant,668.0,38.5998982,-0.1722681,668.0,62.0,62.0,False,False,606.0,38.601325,-0.173976,5.2,False,Calculada sobre MDT25 © IGN (CC BY 4.0)
node/1249818972,Penya del Fred,Alicante/Alacant,370.0,38.75691,0.0135901,374.0,7.0,7.0,False,False,367.0,38.757909,0.013414,59.2,False,Calculada sobre MDT25 © IGN (CC BY 4.0)
node/1249819161,el Cantal,Alicante/Alacant,484.0,38.5225486,-0.3200197,482.0,58.0,58.0,False,False,424.0,38.521915,-0.321878,10.0,False,Calculada sobre MDT25 © IGN (CC BY 4.0)
node/1249819230,Alt de la Cava,Valencia/València,1078.0,38.7661931,-0.5342672,1074.0,18.0,18.0,False,False,1056.0,38.766446,-0.532848,6.9,False,Calculada sobre MDT25 © IGN (CC BY 4.0)
node/1249819273,Les Planisses,Alicante/Alacant,1241.0,38.5247649,-0.6637708,1240.0,11.0,11.0,False,False,1229.0,38.526994,-0.664068,72.1,False,Calculada sobre MDT25 © IGN (CC BY 4.0)
node/1249819348,Cabezo Pisana,Alicante/Alacant,261.0,38.0153036,-0.951669,260.0,68.0,68.0,False,False,192.0,38.014614,-0.947245,12.2,False,Calculada sobre MDT25 © IGN (CC BY 4.0)
node/1249819385,Alto de Calibet,Alicante/Alacant,504.0,38.755173,-0.4087814,501.0,8.0,8.0,False,False,493.0,38.754935,-0.406962,9.4,False,Calculada sobre MDT25 © IGN (CC BY 4.0)
node/1249819501,la Penya,Alicante/Alacant,942.0,38.63327,-0.3329103,944.0,60.0,60.0,False,False,884.0,38.634783,-0.332614,19.2,False,Calculada sobre MDT25 © IGN (CC BY 4.0)
node/1249819554,Morro dels Regalls,Alicante/Alacant,1322.0,38.7181987,-0.2570611,1322.0,41.0,41.0,False,False,1281.0,38.717624,-0.252772,2.6,False,Calculada sobre MDT25 © IGN (CC BY 4.0)
node/1249819607,la Mamelleta,Alicante/Alacant,551.0,38.5775831,-0.1674899,548.0,139.0,139.0,False,False,409.0,38.57983,-0.169941,27.7,True,Calculada sobre MDT25 © IGN (CC BY 4.0)
node/1249943400,Creu del Vilar,Castellón/Castelló,787.0,40.7626463,-0.1648086,786.0,3.0,3.0,False,False,783.0,40.762612,-0.164062,12.0,False,Calculada sobre MDT25 © IGN (CC BY 4.0)
node/1249943425,Pico Royo,Castellón/Castelló,1162.0,40.6343421,-0.331136,1159.0,67.0,67.0,False,False,1092.0,40.636683,-0.331681,17.0,False,Calculada sobre MDT25 © IGN (CC BY 4.0)
node/1249943467,Llomet de Collet,Castellón/Castelló,1051.0,40.5631352,-0.1980497,1051.0,20.0,20.0,False,False,1031.0,40.564509,-0.203155,38.4,False,Calculada sobre MDT25 © IGN (CC BY 4.0)
node/1249943690,Tossal d'en Sabater,Castellón/Castelló,1024.0,40.7063537,-0.0064418,1024.0,94.0,94.0,False,False,930.0,40.703092,-0.000898,19.6,False,Calculada sobre MDT25 © IGN (CC BY 4.0)
node/1249943878,Cerro de Toni,Castellón/Castelló,1268.0,40.5434758,-0.2770188,1268.0,69.0,69.0,False,False,1199.0,40.516862,-0.282443,20.0,False,Calculada sobre MDT25 © IGN (CC BY 4.0)
node/1249943999,Cantal de Blaiet,Castellón/Castelló,724.0,40.7094317,-0.1788522,722.0,13.0,13.0,False,False,709.0,40.708524,-0.180563,17.2,False,Calculada sobre MDT25 © IGN (CC BY 4.0)
node/1249944109,Curolles,Castellón/Castelló,1049.0,40.5896994,-0.2818173,1050.0,37.0,37.0,False,False,1013.0,40.580128,-0.28195,37.1,False,Calculada sobre MDT25 © IGN (CC BY 4.0)
node/1249944360,Lloma del Riu,Castellón/Castelló,1094.0,40.5204008,-0.1970032,1095.0,20.0,20.0,False,False,1075.0,40.516197,-0.198084,44.6,False,Calculada sobre MDT25 © IGN (CC BY 4.0)
node/1249944478,la Tenalla,Castellón/Castelló,1121.0,40.6839733,0.1654153,1117.0,12.0,12.0,False,False,1105.0,40.684254,0.164785,6.1,False,Calculada sobre MDT25 © IGN (CC BY 4.0)
node/1249944523,Penya de la Caldereta,Castellón/Castelló,966.0,40.5418945,-0.234046,1018.0,2.0,2.0,False,False,1016.0,40.54136,-0.233045,69.3,False,Calculada sobre MDT25 © IGN (CC BY 4.0)
node/1249944886,Tossal de l'Albagés,Castellón/Castelló,1481.0,40.2663006,-0.3080089,1481.0,124.0,124.0,False,False,1357.0,40.241191,-0.329063,10.5,False,Calculada sobre MDT25 © IGN (CC BY 4.0)
node/1249945800,Pic de la Mola,Castellón/Castelló,482.0,40.3963188,0.2904499,482.0,164.0,164.0,False,False,318.0,40.399258,0.275382,16.6,False,Calculada sobre MDT25 © IGN (CC BY 4.0)
node/1249946392,Mola del Mangraner,Castellón/Castelló,848.0,40.6890513,0.2102065,846.0,79.0,79.0,False,False,767.0,40.69373,0.204874,19.9,False,Calculada sobre MDT25 © IGN (CC BY 4.0)
node/1249948656,Monte del Bobalar,Castellón/Castelló,1016.0,40.6411574,-0.3649575,1014.0,3.0,3.0,False,False,1011.0,40.640593,-0.364633,12.6,False,Calculada sobre MDT25 © IGN (CC BY 4.0)
node/1249949073,Cerro de Morredondo,Castellón/Castelló,783.0,39.9272051,-0.6546454,778.0,43.0,43.0,False,False,735.0,39.928275,-0.656904,25.2,False,Calculada sobre MDT25 © IGN (CC BY 4.0)
node/1249949389,Collet de la Buitrera,Castellón/Castelló,1091.0,40.6076281,-0.2379528,1090.0,31.0,31.0,False,False,1059.0,40.608104,-0.236792,6.8,False,Calculada sobre MDT25 © IGN (CC BY 4.0)
node/1249949748,Tozal del Mas de Gazulla,Castellón/Castelló,1095.0,40.6164924,-0.3317863,1093.0,0.0,0.0,False,True,,,,,False,Calculada sobre MDT25 © IGN (CC BY 4.0)
node/1249949904,Tossal de Montargull,Castellón/Castelló,1109.0,40.562666,-0.2137166,1110.0,110.0,110.0,False,False,1000.0,40.567693,-0.223102,68.1,False,Calculada sobre MDT25 © IGN (CC BY 4.0)
node/1249950195,Vilarroig,Castellón/Castelló,846.0,40.7277527,-0.1920571,846.0,38.0,38.0,False,False,808.0,40.726205,-0.194616,11.2,False,Calculada sobre MDT25 © IGN (CC BY 4.0)
node/1249952212,Creu de la Tossa,Castellón/Castelló,854.0,40.7543452,-0.1773415,856.0,57.0,57.0,False,False,799.0,40.760333,-0.181335,9.4,False,Calculada sobre MDT25 © IGN (CC BY 4.0)
node/1249953181,Roca de la Taüt,Castellón/Castelló,922.0,40.6968246,-0.2111167,921.0,7.0,7.0,False,False,914.0,40.696935,-0.2133,11.8,False,Calculada sobre MDT25 © IGN (CC BY 4.0)
node/1249954039,La Fita,Castellón/Castelló,1649.0,40.2640586,-0.3833859,1649.0,249.0,249.0,False,False,1400.0,40.289565,-0.49831,21.5,False,Calculada sobre MDT25 © IGN (CC BY 4.0)
node/1249954419,Mola de Palanques,Castellón/Castelló,774.0,40.7148164,-0.1627449,775.0,56.0,56.0,False,False,719.0,40.707087,-0.149554,8.3,False,Calculada sobre MDT25 © IGN (CC BY 4.0)
node/1249955218,el Morral,Castellón/Castelló,552.0,40.1028959,-0.0630904,550.0,61.0,61.0,False,False,489.0,40.099636,-0.063358,16.7,False,Calculada sobre MDT25 © IGN (CC BY 4.0)
node/1249956315,Morral Llampat,Castellón/Castelló,1042.6,40.7000108,0.2433543,1034.0,0.0,0.0,False,True,,,,,False,Calculada sobre MDT25 © IGN (CC BY 4.0)
node/1249956617,,Castellón/Castelló,1129.0,40.5381256,-0.2311712,1130.0,4.0,4.0,False,False,1126.0,40.537029,-0.230862,28.9,False,Calculada sobre MDT25 © IGN (CC BY 4.0)
node/1249957056,la Nevera,Castellón/Castelló,1195.0,40.2635787,-0.2535593,1195.0,97.0,97.0,False,False,1098.0,40.260047,-0.268651,22.4,False,Calculada sobre MDT25 © IGN (CC BY 4.0)
node/1249957561,Tossal Gross,Castellón/Castelló,882.0,40.6985163,-0.1571791,881.0,13.0,13.0,False,False,868.0,40.695985,-0.155945,11.9,False,Calculada sobre MDT25 © IGN (CC BY 4.0)
node/1249957983,La Cruz del Herrero,Castellón/Castelló,1639.0,40.2385227,-0.5321907,1639.0,68.0,68.0,False,False,1571.0,40.246893,-0.535149,39.2,False,Calculada sobre MDT25 © IGN (CC BY 4.0)
node/1249958682,Moleta de Mitjavila,Castellón/Castelló,614.0,40.6771075,0.2664131,612.0,17.0,17.0,False,False,595.0,40.677848,0.265333,19.7,False,Calculada sobre MDT25 © IGN (CC BY 4.0)
node/1249958916,Mola del Fitó,Castellón/Castelló,985.0,40.6898428,0.2642952,984.0,36.0,36.0,False,False,948.0,40.693855,0.264636,13.2,False,Calculada sobre MDT25 © IGN (CC BY 4.0)
node/1249959098,Tossal de les Navades,Castellón/Castelló,1288.0,40.3099388,-0.280073,1288.0,90.0,90.0,False,False,1198.0,40.303686,-0.285717,91.5,False,Calculada sobre MDT25 © IGN (CC BY 4.0)
node/1249959203,Franco,Castellón/Castelló,862.0,39.9016558,-0.6823559,862.0,104.0,104.0,False,False,758.0,39.91466,-0.685446,46.6,False,Calculada sobre MDT25 © IGN (CC BY 4.0)
node/1249960019,el Maset,Castellón/Castelló,972.0,40.5888601,-0.2304157,970.0,27.0,27.0,False,False,943.0,40.587941,-0.231716,19.0,False,Calculada sobre MDT25 © IGN (CC BY 4.0)
node/1249960736,Cabeço Negre,Castellón/Castelló,882.0,40.7789127,-0.1717938,882.0,45.0,45.0,False,False,837.0,40.781115,-0.174827,17.9,False,Calculada sobre MDT25 © IGN (CC BY 4.0)
node/1249960980,Cerro de la Manzanera,Castellón/Castelló,1268.0,40.6228253,-0.3672197,1267.0,13.0,13.0,False,False,1254.0,40.622913,-0.369466,15.9,False,Calculada sobre MDT25 © IGN (CC BY 4.0)
node/1249961021,Valderán,Castellón/Castelló,381.0,40.0152791,-0.2904183,381.0,41.0,41.0,False,False,340.0,40.018369,-0.295599,5.3,False,Calculada sobre MDT25 © IGN (CC BY 4.0)
node/1249961451,el Tossal,Castellón/Castelló,1103.0,40.6002323,-0.282173,1102.0,93.0,93.0,False,False,1009.0,40.596993,-0.280972,13.8,False,Calculada sobre MDT25 © IGN (CC BY 4.0)
node/1260540571,Cerro del Cabezo,Valencia/València,957.0,39.8038349,-1.1613001,958.0,146.0,146.0,False,False,812.0,39.805327,-1.171528,88.2,False,Calculada sobre MDT25 © IGN (CC BY 4.0)
node/1260540725,Penya del Colom,Valencia/València,312.0,39.0010592,-0.2298849,312.0,19.0,19.0,False,False,293.0,39.001133,-0.231154,35.5,False,Calculada sobre MDT25 © IGN (CC BY 4.0)
node/1260541194,Cerro de la Peña Roya,Valencia/València,921.0,39.7986696,-1.0673994,921.0,17.0,17.0,False,False,904.0,39.801166,-1.067685,5.6,False,Calculada sobre MDT25 © IGN (CC BY 4.0)
node/1260541527,Cingle de Just,Valencia/València,256.0,39.0033787,-0.2170593,253.0,67.0,67.0,False,False,186.0,39.002475,-0.221288,18.8,False,Calculada sobre MDT25 © IGN (CC BY 4.0)
node/1260541661,Alt de Pinaro,Valencia/València,682.0,38.8353849,-0.3842175,677.0,72.0,72.0,False,False,605.0,38.835835,-0.388476,25.5,False,Calculada sobre MDT25 © IGN (CC BY 4.0)
node/1260541697,Cerro del Nido del Águila,Valencia/València,442.0,39.7183939,-0.9655915,440.0,55.0,55.0,False,False,385.0,39.716824,-0.969132,25.3,False,Calculada sobre MDT25 © IGN (CC BY 4.0)
node/1260542143,Alt de l'Escudella,Valencia/València,474.0,39.0279539,-0.2664901,473.0,13.0,13.0,False,False,460.0,39.028352,-0.267919,15.5,False,Calculada sobre MDT25 © IGN (CC BY 4.0)
node/1260542245,Puntal dels Cocons,Valencia/València,491.0,39.0293314,-0.2690398,490.0,49.0,49.0,False,False,441.0,39.026871,-0.272018,19.2,False,Calculada sobre MDT25 © IGN (CC BY 4.0)
node/1260542258,Cerro Negro,Valencia/València,1350.0,39.9181771,-1.052542,1352.0,98.0,98.0,False,False,1254.0,39.922702,-1.04906,16.0,False,Calculada sobre MDT25 © IGN (CC BY 4.0)
node/1260542332,Pico de las Salinas,Valencia/València,563.0,39.2749942,-0.8921378,562.0,186.0,186.0,False,False,376.0,39.279581,-0.889949,11.6,False,Calculada sobre MDT25 © IGN (CC BY 4.0)
node/1260542391,Tossal del Corral Nou,Valencia/València,351.0,38.9448622,-0.5169652,350.0,29.0,29.0,False,False,321.0,38.945876,-0.517984,13.3,False,Calculada sobre MDT25 © IGN (CC BY 4.0)
node/1260542646,Cerro de la Mesa,Valencia/València,762.0,39.7807086,-1.0974023,762.0,21.0,21.0,False,False,741.0,39.78076,-1.100367,138.2,False,Calculada sobre MDT25 © IGN (CC BY 4.0)
node/1260543037,Cerro de la Parra,Valencia/València,602.0,39.1445886,-1.0755094,602.0,11.0,11.0,False,False,591.0,39.143619,-1.077118,16.9,False,Calculada sobre MDT25 © IGN (CC BY 4.0)
node/1260543213,Tossal de l'Aigua,Valencia/València,590.0,38.9490008,-0.2889162,589.0,37.0,37.0,False,False,552.0,38.948692,-0.290307,23.0,False,Calculada sobre MDT25 © IGN (CC BY 4.0)
node/1260543244,Cerro del Altarejo,Valencia/València,701.0,39.7241569,-0.931482,702.0,51.0,51.0,False,False,651.0,39.73022,-0.936944,15.0,False,Calculada sobre MDT25 © IGN (CC BY 4.0)
node/1260543428,Cerro Ardalejo,Valencia/València,1037.0,39.4915222,-0.9418913,1038.0,154.0,154.0,False,False,884.0,39.497682,-0.944128,9.1,False,Calculada sobre MDT25 © IGN (CC BY 4.0)
node/1260543446,Muntanyetes de la Foia,Valencia/València,66.0,38.9245989,-0.1459941,66.0,45.0,45.0,False,False,21.0,38.92504,-0.148482,11.0,False,Calculada sobre MDT25 © IGN (CC BY 4.0)
node/1260543625,Puntal Redondo,Valencia/València,869.0,39.3239848,-0.9254658,870.0,32.0,32.0,False,False,838.0,39.322827,-0.927509,17.5,False,Calculada sobre MDT25 © IGN (CC BY 4.0)
node/1260543708,Alt dels Tres Cocons,Valencia/València,591.0,39.0262354,-0.3347973,591.0,49.0,49.0,False,False,542.0,39.026242,-0.332392,18.1,False,Calculada sobre MDT25 © IGN (CC BY 4.0)
node/1260543993,Cerro de los Vagos,Valencia/València,523.0,39.2596561,-0.9619314,524.0,52.0,52.0,False,False,472.0,39.260263,-0.95601,10.2,False,Calculada sobre MDT25 © IGN (CC BY 4.0)
node/1260544310,Cerro Molinar,Valencia/València,607.0,39.7707924,-1.0500465,607.0,16.0,16.0,False,False,591.0,39.771872,-1.053327,36.2,False,Calculada sobre MDT25 © IGN (CC BY 4.0)
node/1260544561,Tossal del Coello,Valencia/València,266.0,38.9118457,-0.267613,264.0,79.0,79.0,False,False,185.0,38.909469,-0.269603,23.9,False,Calculada sobre MDT25 © IGN (CC BY 4.0)
node/1260544573,Cerro del Rabosero,Valencia/València,1167.0,39.6162717,-1.0969558,1164.0,73.0,73.0,False,False,1091.0,39.622707,-1.104114,59.2,False,Calculada sobre MDT25 © IGN (CC BY 4.0)
node/1260545026,Pico de la Matrona,Valencia/València,548.0,39.2751328,-0.8670283,546.0,166.0,166.0,False,False,380.0,39.281233,-0.869322,38.9,False,Calculada sobre MDT25 © IGN (CC BY 4.0)
node/1260545106,Penya Negra,Valencia/València,436.0,39.0327924,-0.258222,434.0,54.0,54.0,False,False,380.0,39.032683,-0.260533,6.9,False,Calculada sobre MDT25 © IGN (CC BY 4.0)
node/1260545246,Pico Tambucar,Valencia/València,599.0,39.2604252,-0.9298742,600.0,210.0,210.0,False,False,390.0,39.268838,-0.95692,71.8,False,Calculada sobre MDT25 © IGN (CC BY 4.0)
node/1260545520,El Encumbrado,Valencia/València,805.0,39.8261697,-1.1363121,805.0,57.0,57.0,False,False,748.0,39.826312,-1.131536,16.6,False,Calculada sobre MDT25 © IGN (CC BY 4.0)
node/1260545630,Cerro del Pino,Valencia/València,1001.0,39.0312097,-0.943123,1002.0,25.0,25.0,False,False,977.0,39.027399,-0.945698,44.2,False,Calculada sobre MDT25 © IGN (CC BY 4.0)
node/1260545797,Cerro Pedroso,Valencia/València,871.0,39.7808551,-0.6641644,877.0,94.0,94.0,False,False,783.0,39.777291,-0.674878,125.3,False,Calculada sobre MDT25 © IGN (CC BY 4.0)
node/1260546042,Tossal Gros,Castellón/Castelló,1151.0,40.7260971,-0.0437419,1146.0,48.0,48.0,False,False,1098.0,40.72507,-0.041051,26.5,False,Calculada sobre MDT25 © IGN (CC BY 4.0)
node/1260546243,Tossal de la Barca,Valencia/València,410.0,38.8755079,-0.3459504,409.0,31.0,31.0,False,False,378.0,38.874079,-0.346449,16.9,False,Calculada sobre MDT25 © IGN (CC BY 4.0)
node/1260546377,Cerro Pantanillo,Valencia/València,977.0,39.4847148,-0.9309603,978.0,18.0,18.0,False,False,960.0,39.485535,-0.932278,20.4,False,Calculada sobre MDT25 © IGN (CC BY 4.0)
node/1260547364,Cerro de los Ángeles,Valencia/València,905.0,39.3096943,-0.9448172,905.0,76.0,76.0,False,False,829.0,39.313481,-0.946633,23.2,False,Calculada sobre MDT25 © IGN (CC BY 4.0)
node/1260547575,el Calderó,Valencia/València,297.0,38.945718,-0.5094129,294.0,33.0,33.0,False,False,261.0,38.947054,-0.509867,7.1,False,Calculada sobre MDT25 © IGN (CC BY 4.0)
node/1260547615,Cerro de la Delantera,Valencia/València,856.0,39.7495018,-1.0879299,855.0,8.0,8.0,False,False,847.0,39.750137,-1.087202,11.3,False,Calculada sobre MDT25 © IGN (CC BY 4.0)
node/1260547655,Cerro Bureles,Castellón/Castelló,1013.0,40.6578709,-0.378776,1017.0,64.0,64.0,False,False,953.0,40.654105,-0.384503,17.8,False,Calculada sobre MDT25 © IGN (CC BY 4.0)
node/1260547675,Cerro Agrás,Valencia/València,512.0,39.2395525,-1.0716871,521.0,92.0,92.0,False,False,429.0,39.244237,-1.072924,33.1,False,Calculada sobre MDT25 © IGN (CC BY 4.0)
node/1260547780,Alt de les Aligues,Valencia/València,581.0,38.9453992,-0.291471,581.0,16.0,16.0,False,False,565.0,38.946694,-0.291537,21.0,False,Calculada sobre MDT25 © IGN (CC BY 4.0)
node/1260547829,Cerro Truquet,Valencia/València,741.0,39.7456073,-0.8542558,741.0,106.0,106.0,False,False,635.0,39.742783,-0.859547,20.9,False,Calculada sobre MDT25 © IGN (CC BY 4.0)
node/1260547994,Morreta Redona,Valencia/València,674.0,38.8359145,-0.4239522,674.0,27.0,27.0,False,False,647.0,38.834589,-0.423655,6.2,False,Calculada sobre MDT25 © IGN (CC BY 4.0)
node/1260548051,Pico de Juan Navarro,Valencia/València,1164.0,39.5710818,-1.0996817,1161.0,153.0,153.0,False,False,1008.0,39.577086,-1.096626,3.4,False,Calculada sobre MDT25 © IGN (CC BY 4.0)
node/1260548105,Cerro de Enmedio,Valencia/València,789.0,39.7740604,-1.0969107,787.0,87.0,87.0,False,False,700.0,39.787935,-1.098417,18.3,False,Calculada sobre MDT25 © IGN (CC BY 4.0)
node/1260548423,la Roca Mola,Castellón/Castelló,1047.0,40.7271232,0.0144724,1040.0,8.0,8.0,False,False,1032.0,40.726989,0.01527,21.9,False,Calculada sobre MDT25 © IGN (CC BY 4.0)
node/1260548505,Puntal de la Nevera,Valencia/València,1116.0,39.4259343,-0.9137509,1117.0,406.0,406.0,False,False,711.0,39.444829,-0.935807,21.9,False,Calculada sobre MDT25 © IGN (CC BY 4.0)
node/1260548534,Pico de Casa Blanca,Valencia/València,881.0,38.9929321,-1.1490964,880.0,37.0,37.0,False,False,843.0,38.993136,-1.145856,20.1,False,Calculada sobre MDT25 © IGN (CC BY 4.0)
node/1260548590,La Muela,Valencia/València,1545.0,39.9581358,-1.0682045,1548.0,318.0,318.0,False,False,1230.0,39.967095,-1.050433,4.4,False,Calculada sobre MDT25 © IGN (CC BY 4.0)
node/1260548918,Pico de Ricartes,Valencia/València,843.0,39.288434,-0.9980608,844.0,6.0,6.0,False,False,838.0,39.29027,-0.997747,34.3,False,Calculada sobre MDT25 © IGN (CC BY 4.0)
node/1260548997,Penya del Romaní,Valencia/València,564.0,38.9889552,-0.3340463,559.0,51.0,51.0,False,False,508.0,38.990004,-0.333465,7.8,False,Calculada sobre MDT25 © IGN (CC BY 4.0)
node/1260549010,Cerro Escorpión,Valencia/València,656.0,39.7120065,-1.0032963,654.0,214.0,214.0,False,False,440.0,39.725214,-0.998345,8.3,False,Calculada sobre MDT25 © IGN (CC BY 4.0)
node/1260549404,el Mondúver,Valencia/València,843.0,39.0090947,-0.2665786,838.0,577.0,577.0,False,False,261.0,38.896462,-0.370115,31.6,False,Calculada sobre MDT25 © IGN (CC BY 4.0)
node/1260549668,Tossal d'Ataranes,Valencia/València,614.0,38.9574176,-0.2948151,614.0,15.0,15.0,False,False,599.0,38.958072,-0.296584,35.5,False,Calculada sobre MDT25 © IGN (CC BY 4.0)
node/1260549680,Cerro Pelado,Valencia/València,1025.0,39.6086681,-1.4008146,1027.0,23.0,23.0,False,False,1004.0,39.612077,-1.400566,23.7,False,Calculada sobre MDT25 © IGN (CC BY 4.0)
node/1260549770,Tossal Redó,Valencia/València,481.0,38.8775697,-0.3353459,481.0,47.0,47.0,False,False,434.0,38.876047,-0.333986,28.6,False,Calculada sobre MDT25 © IGN (CC BY 4.0)
node/1260549781,Penya Negra,Valencia/València,589.0,39.0021134,-0.2555216,586.0,60.0,60.0,False,False,526.0,39.002871,-0.257065,12.3,False,Calculada sobre MDT25 © IGN (CC BY 4.0)
node/1260549787,Cerro Herrera,Valencia/València,696.0,39.3701159,-0.9843956,696.0,34.0,34.0,False,False,662.0,39.370197,-0.982697,12.8,False,Calculada sobre MDT25 © IGN (CC BY 4.0)
node/1260549824,Puntal de la Font Nova,Valencia/València,750.6,39.0154731,-0.2808152,748.0,58.0,58.0,False,False,690.0,39.016427,-0.287722,28.8,False,Calculada sobre MDT25 © IGN (CC BY 4.0)
node/1260549989,,Valencia/València,1057.0,39.3261455,-0.9515423,1058.0,12.0,12.0,False,False,1046.0,39.325934,-0.950328,20.2,False,Calculada sobre MDT25 © IGN (CC BY 4.0)
node/1260550034,el Tossalet Redó,Valencia/València,277.0,38.9481439,-0.5048893,275.0,22.0,22.0,False,False,253.0,38.947887,-0.506665,27.9,False,Calculada sobre MDT25 © IGN (CC BY 4.0)
node/1260550056,Alto del Gamonal,Valencia/València,1005.0,39.8025805,-1.0503957,1006.0,42.0,42.0,False,False,964.0,39.804084,-1.053586,14.2,False,Calculada sobre MDT25 © IGN (CC BY 4.0)
node/1260550109,Penyal de Ferragud,Valencia/València,372.0,39.039537,-0.2414491,373.0,16.0,16.0,False,False,357.0,39.039258,-0.243239,14.8,False,Calculada sobre MDT25 © IGN (CC BY 4.0)
node/1260550182,Penya del Frontó,Valencia/València,580.0,38.9748839,-0.2832143,608.0,16.0,16.0,False,False,592.0,38.975575,-0.284088,3.0,False,Calculada sobre MDT25 © IGN (CC BY 4.0)
node/1260550194,Cerro Matraquera,Valencia/València,578.0,39.7069102,-0.8944949,574.0,44.0,44.0,False,False,530.0,39.708966,-0.894711,24.0,False,Calculada sobre MDT25 © IGN (CC BY 4.0)
node/1260550395,,Valencia/València,844.0,38.8399171,-0.4021647,843.0,48.0,48.0,False,False,795.0,38.836632,-0.403998,5.9,False,Calculada sobre MDT25 © IGN (CC BY 4.0)
node/1260550411,Pico Rocha del Cabetero,Valencia/València,1101.0,39.638035,-1.3470673,1100.0,12.0,12.0,False,False,1088.0,39.639481,-1.346913,18.2,False,Calculada sobre MDT25 © IGN (CC BY 4.0)
node/1260550647,el Piló de Don Carlos,Valencia/València,399.0,39.0254781,-0.2546775,398.0,84.0,84.0,False,False,314.0,39.024787,-0.259971,11.2,False,Calculada sobre MDT25 © IGN (CC BY 4.0)
node/1260551146,el Xim,Valencia/València,494.0,38.9896551,-0.3872934,493.0,145.0,145.0,False,False,348.0,38.980956,-0.391518,13.3,False,Calculada sobre MDT25 © IGN (CC BY 4.0)
node/1260551525,Cerro Negro,Valencia/València,789.0,39.8002459,-1.1282403,790.0,41.0,41.0,False,False,749.0,39.802387,-1.128388,14.6,False,Calculada sobre MDT25 © IGN (CC BY 4.0)
node/1260552387,el Montot,Valencia/València,419.0,39.0456876,-0.6225747,418.0,159.0,159.0,False,False,259.0,39.083893,-0.656785,23.3,False,Calculada sobre MDT25 © IGN (CC BY 4.0)
node/1260552747,Penya de la Mel,Valencia/València,420.0,38.9539155,-0.5185202,421.0,29.0,29.0,False,False,392.0,38.949168,-0.524504,9.9,False,Calculada sobre MDT25 © IGN (CC BY 4.0)
node/1260552910,Cerro de Peña Blanca,Valencia/València,514.0,39.7102287,-0.9621943,514.0,16.0,16.0,False,False,498.0,39.709682,-0.96001,90.6,False,Calculada sobre MDT25 © IGN (CC BY 4.0)
node/1260553665,el Piló de les Hortes,Valencia/València,147.0,39.0089299,-0.2261106,141.0,54.0,54.0,False,False,87.0,39.008019,-0.227133,11.1,False,Calculada sobre MDT25 © IGN (CC BY 4.0)
node/1260554027,Alt de la Falconera,Valencia/València,456.0,38.9748197,-0.2253809,449.0,45.0,45.0,False,False,404.0,38.97415,-0.22355,15.1,False,Calculada sobre MDT25 © IGN (CC BY 4.0)
node/1260554202,Cerro de Loriguilla,Valencia/València,658.0,39.6909633,-0.90572,658.0,228.0,228.0,False,False,430.0,39.695298,-0.898625,70.4,False,Calculada sobre MDT25 © IGN (CC BY 4.0)
node/1260554837,Collet de Feltrer,Castellón/Castelló,1111.0,40.7273005,-0.0647628,1110.0,112.0,112.0,False,False,998.0,40.720831,-0.077938,14.9,False,Calculada sobre MDT25 © IGN (CC BY 4.0)
node/1260554942,Pico de la Vieja,Valencia/València,819.0,39.4391255,-1.0640751,818.0,13.0,13.0,False,False,805.0,39.440259,-1.062884,3.0,False,Calculada sobre MDT25 © IGN (CC BY 4.0)
node/1260554948,Cerro del Águila,Valencia/València,677.0,39.3680844,-0.9727451,679.0,30.0,30.0,False,False,649.0,39.36961,-0.974879,19.8,False,Calculada sobre MDT25 © IGN (CC BY 4.0)
node/1260554969,Pic de les Àligues,Valencia/València,633.84,39.0204328,-0.2970965,632.0,8.0,8.0,False,False,624.0,39.020003,-0.296247,32.3,False,Calculada sobre MDT25 © IGN (CC BY 4.0)
node/1260555533,el Tossal,Valencia/València,137.0,38.9965882,-0.4644975,138.0,9.0,9.0,False,False,129.0,38.995631,-0.46458,7.7,False,Calculada sobre MDT25 © IGN (CC BY 4.0)
node/1260555654,Cerro del Rey,Valencia/València,696.0,39.7720216,-1.0309676,694.0,57.0,57.0,False,False,637.0,39.773964,-1.0305,19.4,False,Calculada sobre MDT25 © IGN (CC BY 4.0)
node/1260556276,Muntanyeta del Calamau,Valencia/València,56.0,39.0244066,-0.2202287,56.0,16.0,16.0,False,False,40.0,39.024547,-0.221289,21.5,False,Calculada sobre MDT25 © IGN (CC BY 4.0)
node/1260556518,Alt de la Lletrera,Valencia/València,718.0,38.988676,-0.2927275,718.0,58.0,58.0,False,False,660.0,38.987995,-0.295157,18.1,False,Calculada sobre MDT25 © IGN (CC BY 4.0)
node/1260556627,Cerro la Muela,Valencia/València,592.0,39.7048076,-0.9676085,591.0,68.0,68.0,False,False,523.0,39.71018,-0.988574,15.3,False,Calculada sobre MDT25 © IGN (CC BY 4.0)
node/1260596845,Pico del Cerro Cardete,Valencia/València,1125.0,39.6420772,-1.3503456,1128.0,212.0,212.0,False,False,916.0,39.636536,-1.393885,17.2,False,Calculada sobre MDT25 © IGN (CC BY 4.0)
node/1268534250,Cabezo del Chocolaino,Alicante/Alacant,541.0,38.6023738,-0.8901412,538.0,21.0,21.0,False,False,517.0,38.601014,-0.89677,10.9,False,Calculada sobre MDT25 © IGN (CC BY 4.0)
node/1268535842,Cabecico Judas,Alicante/Alacant,534.0,38.5856949,-0.8785233,532.0,30.0,30.0,False,False,502.0,38.586095,-0.88142,31.4,False,Calculada sobre MDT25 © IGN (CC BY 4.0)
node/1268536290,Cabezo Redondo,Alicante/Alacant,575.0,38.6434314,-0.8901885,576.0,42.0,42.0,False,False,534.0,38.6444,-0.891767,15.5,False,Calculada sobre MDT25 © IGN (CC BY 4.0)
node/1268536833,Cabezo Jordán,Alicante/Alacant,567.0,38.6069252,-0.9056204,567.0,45.0,45.0,False,False,522.0,38.60496,-0.903257,18.4,False,Calculada sobre MDT25 © IGN (CC BY 4.0)
node/1268537519,Gaspar,Alicante/Alacant,786.0,38.6004399,-0.9599642,784.0,177.0,177.0,False,False,607.0,38.554781,-0.983321,13.1,False,Calculada sobre MDT25 © IGN (CC BY 4.0)
node/1308758137,la Creu,Valencia/València,339.0,38.9179309,-0.2340554,338.0,25.0,25.0,False,False,313.0,38.916749,-0.234439,8.3,False,Calculada sobre MDT25 © IGN (CC BY 4.0)
node/1308758402,Tossal Redó,Valencia/València,801.0,38.8656632,-0.2372026,802.0,20.0,20.0,False,False,782.0,38.864578,-0.237903,7.6,False,Calculada sobre MDT25 © IGN (CC BY 4.0)
node/1308758636,Alt de la Creu Blanc,Valencia/València,191.0,38.9389637,-0.2155158,190.0,2.0,2.0,False,False,188.0,38.939284,-0.215971,18.1,False,Calculada sobre MDT25 © IGN (CC BY 4.0)
node/1323432542,La Naveta,Alicante/Alacant,490.0,38.1056553,-0.978927,489.0,81.0,81.0,False,False,408.0,38.103971,-0.981525,8.2,False,Calculada sobre MDT25 © IGN (CC BY 4.0)
node/1426245189,El Tejo,Valencia/València,1248.0,39.5188823,-0.9879612,1248.0,493.0,493.0,False,False,755.0,39.505085,-1.033463,7.7,False,Calculada sobre MDT25 © IGN (CC BY 4.0)
node/1612904750,la Rodana del Pic,Valencia/València,322.0,39.54181,-0.6077768,321.0,99.0,99.0,False,False,222.0,39.534566,-0.622501,22.8,False,Calculada sobre MDT25 © IGN (CC BY 4.0)
node/1661050856,Mola de Segart,Valencia/València,565.0,39.6714594,-0.380681,564.0,125.0,125.0,False,False,439.0,39.676106,-0.386238,78.0,False,Calculada sobre MDT25 © IGN (CC BY 4.0)
node/1699455964,Molló de la Falconera,Valencia/València,456.0,38.9741149,-0.2211937,456.0,363.0,363.0,False,False,93.0,38.973394,-0.23916,4.9,False,Calculada sobre MDT25 © IGN (CC BY 4.0)
node/1822383989,Alt de Guisop,Alicante/Alacant,1249.0,38.5108174,-0.6554654,1247.0,150.0,150.0,False,False,1097.0,38.532274,-0.66906,20.8,False,Calculada sobre MDT25 © IGN (CC BY 4.0)
node/1822383990,Alt de Peret,Alicante/Alacant,981.0,38.5419469,-0.7349214,986.0,32.0,32.0,False,False,954.0,38.547882,-0.729653,8.6,False,Calculada sobre MDT25 © IGN (CC BY 4.0)
node/1822383991,Alt de la Casa Castalla,Alicante/Alacant,1107.03,38.5571265,-0.6939394,1107.0,112.0,112.0,False,False,995.0,38.547918,-0.685478,12.4,False,Calculada sobre MDT25 © IGN (CC BY 4.0)
node/1822383992,la Patada del Cavall,Alicante/Alacant,935.0,38.503911,-0.7562734,934.0,214.0,214.0,False,False,720.0,38.522015,-0.731613,12.0,False,Calculada sobre MDT25 © IGN (CC BY 4.0)
node/1822383993,Cid,Alicante/Alacant,1104.0,38.4538041,-0.7191452,1102.0,144.0,144.0,False,False,958.0,38.47409,-0.711338,25.6,False,Calculada sobre MDT25 © IGN (CC BY 4.0)
node/1822383994,Despenyador,Alicante/Alacant,1261.0,38.5329365,-0.6721161,1260.0,176.0,176.0,False,False,1084.0,38.503872,-0.634429,10.6,False,Calculada sobre MDT25 © IGN (CC BY 4.0)
node/1822383995,el Xocolate,Alicante/Alacant,1051.27,38.5514513,-0.7441857,1051.0,70.0,70.0,False,False,981.0,38.554446,-0.742929,10.2,False,Calculada sobre MDT25 © IGN (CC BY 4.0)
node/1822383996,els Castellarets,Alicante/Alacant,901.0,38.4958685,-0.7143793,895.0,120.0,120.0,False,False,775.0,38.501589,-0.712188,10.4,False,Calculada sobre MDT25 © IGN (CC BY 4.0)
node/1822383998,les Fermoses,Alicante/Alacant,1075.0,38.5386757,-0.7165779,1074.0,13.0,13.0,False,False,1061.0,38.54108,-0.715813,21.1,False,Calculada sobre MDT25 © IGN (CC BY 4.0)
node/1822383999,Maigmonet,Alicante/Alacant,1182.0,38.5050986,-0.6363091,1180.0,58.0,58.0,False,False,1122.0,38.505119,-0.640409,10.2,False,Calculada sobre MDT25 © IGN (CC BY 4.0)
node/1822384001,Pic del Flare,Alicante/Alacant,1125.0,38.5213689,-0.6868464,1122.0,8.0,8.0,False,False,1114.0,38.522029,-0.686308,29.9,False,Calculada sobre MDT25 © IGN (CC BY 4.0)
node/1822384002,Rasos de Catí,Alicante/Alacant,999.0,38.4901418,-0.6852318,996.0,51.0,51.0,False,False,945.0,38.490416,-0.682447,34.8,False,Calculada sobre MDT25 © IGN (CC BY 4.0)
node/1822384003,la Replana,Alicante/Alacant,1229.4,38.5706959,-0.7301063,1228.0,234.0,234.0,False,False,994.0,38.554059,-0.711386,23.7,False,Calculada sobre MDT25 © IGN (CC BY 4.0)
node/1830792716,Tossal Gran,Alicante/Alacant,688.2,38.8145452,-0.1496332,685.0,123.0,123.0,False,False,562.0,38.817366,-0.157102,69.0,False,Calculada sobre MDT25 © IGN (CC BY 4.0)
node/1836094628,Montcabrer,Alicante/Alacant,1390.0,38.7578464,-0.4878421,1384.0,520.0,520.0,False,False,864.0,38.63811,-0.503655,95.7,False,Calculada sobre MDT25 © IGN (CC BY 4.0)
node/1889022390,Serra de Toix,Alicante/Alacant,338.0,38.6352988,0.0138548,340.0,207.0,207.0,False,False,133.0,38.639681,0.01276,14.0,False,Calculada sobre MDT25 © IGN (CC BY 4.0)
node/1929932097,,Alicante/Alacant,660.0,38.7076327,0.0038013,651.0,6.0,6.0,False,False,645.0,38.707277,0.00295,8.4,False,Calculada sobre MDT25 © IGN (CC BY 4.0)
node/1929935043,la Sella del Cau,Alicante/Alacant,689.0,38.7057111,0.0021155,688.0,4.0,4.0,False,False,684.0,38.705289,0.001429,8.2,False,Calculada sobre MDT25 © IGN (CC BY 4.0)
node/1929935745,Tossalet del Castellet,Alicante/Alacant,725.0,38.7043036,0.0004391,722.0,194.0,194.0,False,False,528.0,38.689998,-0.025936,21.6,False,Calculada sobre MDT25 © IGN (CC BY 4.0)
node/1935675367,Alt de Benicadell,Valencia/València,1105.0,38.832622,-0.4063146,1102.0,510.0,510.0,False,False,592.0,38.796856,-0.522301,11.6,True,Calculada sobre MDT25 © IGN (CC BY 4.0)
node/1960860340,Creu del Cardenal,Valencia/València,542.0,39.1263717,-0.3474295,536.0,24.0,24.0,False,False,512.0,39.124753,-0.346026,1.9,False,Calculada sobre MDT25 © IGN (CC BY 4.0)
node/1962462590,la Creu,Alicante/Alacant,405.0,38.7389514,0.0414431,406.0,140.0,140.0,False,False,266.0,38.730435,0.030661,31.1,False,Calculada sobre MDT25 © IGN (CC BY 4.0)
node/1977576968,Covatelles,Valencia/València,358.1,38.9027121,-0.1506224,357.0,87.0,87.0,False,False,270.0,38.894305,-0.162681,19.2,False,Calculada sobre MDT25 © IGN (CC BY 4.0)
node/2066246746,,Alicante/Alacant,432.1,38.7496067,0.070978,431.0,207.0,207.0,False,False,224.0,38.723484,0.064005,10.3,False,Calculada sobre MDT25 © IGN (CC BY 4.0)
node/2083371218,Ocaive,Alicante/Alacant,317.0,38.7785743,0.014297,303.0,20.0,20.0,False,False,283.0,38.777264,0.013941,28.6,False,Calculada sobre MDT25 © IGN (CC BY 4.0)
node/2235215438,Cim Carrascal,Alicante/Alacant,998.0,38.723344,-0.0891085,993.0,77.0,77.0,False,False,916.0,38.726532,-0.099465,13.3,False,Calculada sobre MDT25 © IGN (CC BY 4.0)
node/2338047148,Penya Blanca,Valencia/València,429.0,38.9688799,-0.4754063,425.0,61.0,61.0,False,False,364.0,38.969205,-0.471582,20.2,False,Calculada sobre MDT25 © IGN (CC BY 4.0)
node/2338065016,La Creu,Valencia/València,394.0,38.9813677,-0.461612,391.0,29.0,29.0,False,False,362.0,38.981339,-0.459896,26.3,False,Calculada sobre MDT25 © IGN (CC BY 4.0)
node/2510476124,el Capurutxo,Valencia/València,901.0,38.8035315,-0.898795,896.0,47.0,47.0,False,False,849.0,38.802693,-0.900639,8.7,False,Calculada sobre MDT25 © IGN (CC BY 4.0)
node/2529044837,Tossal Gros,Castellón/Castelló,348.0,40.0222848,-0.0663143,354.0,9.0,9.0,False,False,345.0,40.022712,-0.066955,7.6,False,Calculada sobre MDT25 © IGN (CC BY 4.0)
node/2533225079,Balconada de Llopis,Alicante/Alacant,1124.0,38.760168,-0.4817573,1123.0,3.0,3.0,False,False,1120.0,38.759971,-0.482727,33.7,False,Calculada sobre MDT25 © IGN (CC BY 4.0)
node/2552146930,Penyó Rapel,Alicante/Alacant,1211.0,38.6573005,-0.2462473,1206.0,30.0,30.0,False,False,1176.0,38.656471,-0.24793,19.0,False,Calculada sobre MDT25 © IGN (CC BY 4.0)
node/2552147000,Alt de Tagarina,Alicante/Alacant,1434.0,38.6498004,-0.2402313,1429.0,10.0,10.0,False,False,1419.0,38.649796,-0.241867,42.6,False,Calculada sobre MDT25 © IGN (CC BY 4.0)
node/2639237026,Tossal de Molines,Alicante/Alacant,603.0,38.8154483,-0.1334417,603.0,22.0,22.0,False,False,581.0,38.8166,-0.134965,11.4,False,Calculada sobre MDT25 © IGN (CC BY 4.0)
node/2640681440,Penya del Corb,Alicante/Alacant,502.2,38.8369708,-0.2149446,503.0,7.0,7.0,False,False,496.0,38.837239,-0.215347,11.4,False,Calculada sobre MDT25 © IGN (CC BY 4.0)
node/2640792293,Penya Roja,Alicante/Alacant,854.0,38.8095288,-0.2573623,850.0,33.0,33.0,False,False,817.0,38.80861,-0.261945,24.3,False,Calculada sobre MDT25 © IGN (CC BY 4.0)
node/2641942926,Penya de la Cova,Alicante/Alacant,980.6,38.742182,-0.2617876,979.0,0.0,0.0,False,True,,,,,False,Calculada sobre MDT25 © IGN (CC BY 4.0)
node/2641942927,Morro dels Apostols,Alicante/Alacant,983.0,38.742408,-0.260704,987.0,0.0,0.0,False,True,,,,,False,Calculada sobre MDT25 © IGN (CC BY 4.0)
node/2649889151,Tossal de la Pedrisseta,Alicante/Alacant,369.0,38.673228,-0.008604,369.0,6.0,6.0,False,False,363.0,38.674034,-0.009359,22.3,False,Calculada sobre MDT25 © IGN (CC BY 4.0)
node/2656099949,el Piló dels Madallars,Valencia/València,491.0,39.0277871,-0.2768793,489.0,20.0,20.0,False,False,469.0,39.026768,-0.27722,11.0,False,Calculada sobre MDT25 © IGN (CC BY 4.0)
node/2734387072,Pico del Águila,Alicante/Alacant,605.0,38.0941114,-1.0172623,604.0,240.0,240.0,False,False,364.0,38.093811,-1.006606,18.8,False,Calculada sobre MDT25 © IGN (CC BY 4.0)
node/2735403337,la Mama del Sit,Alicante/Alacant,841.0,38.4523583,-0.7058774,838.0,36.0,36.0,False,False,802.0,38.452833,-0.707141,11.6,False,Calculada sobre MDT25 © IGN (CC BY 4.0)
node/2788690948,Penyalba,Valencia/València,770.3,39.0174028,-0.2901639,766.0,78.0,78.0,False,False,688.0,39.011146,-0.273778,39.8,False,Calculada sobre MDT25 © IGN (CC BY 4.0)
node/2793012450,,Valencia/València,535.9,39.0212383,-0.2781208,535.0,11.0,11.0,False,False,524.0,39.020917,-0.277444,22.3,False,Calculada sobre MDT25 © IGN (CC BY 4.0)
node/2793020532,,Valencia/València,463.3,39.0302941,-0.2840217,463.0,17.0,17.0,False,False,446.0,39.029841,-0.283455,1.3,False,Calculada sobre MDT25 © IGN (CC BY 4.0)
node/2864130798,Cim dels Orgues,Castellón/Castelló,729.0,39.9364447,-0.3431708,728.0,42.0,42.0,False,False,686.0,39.933589,-0.34955,13.5,False,Calculada sobre MDT25 © IGN (CC BY 4.0)
node/2907291726,Tossal de les Manueles,Alicante/Alacant,582.0,38.7965487,-0.127431,582.0,36.0,36.0,False,False,546.0,38.797205,-0.124806,24.8,False,Calculada sobre MDT25 © IGN (CC BY 4.0)
node/2933443440,Cerro Carpio,Valencia/València,1049.0,39.7254516,-1.2179569,1048.0,169.0,169.0,False,False,879.0,39.706499,-1.189012,4.3,False,Calculada sobre MDT25 © IGN (CC BY 4.0)
node/2933443441,Cerro San Cristóbal,Valencia/València,1021.0,39.7226832,-1.2242775,1022.0,44.0,44.0,False,False,978.0,39.725037,-1.222654,21.3,False,Calculada sobre MDT25 © IGN (CC BY 4.0)
node/2941864475,Agulla del Salandó,Castellón/Castelló,368.0,40.0676619,0.044431,362.0,53.0,53.0,False,False,309.0,40.071404,0.044466,54.3,False,Calculada sobre MDT25 © IGN (CC BY 4.0)
node/2956203762,Teixereta,Alicante/Alacant,1353.0,38.6569125,-0.5548491,1339.0,28.0,28.0,False,False,1311.0,38.65738,-0.552109,14.6,False,Calculada sobre MDT25 © IGN (CC BY 4.0)
node/3016407429,La Plana,Valencia/València,620.0,38.9815725,-0.6535179,619.0,48.0,48.0,False,False,571.0,38.965642,-0.679441,0.9,False,Calculada sobre MDT25 © IGN (CC BY 4.0)
node/3023053532,el Montí,Castellón/Castelló,612.0,39.9458262,-0.2893823,612.0,225.0,225.0,False,False,387.0,39.934405,-0.2875,12.0,False,Calculada sobre MDT25 © IGN (CC BY 4.0)
node/3041540265,Cim de la Penya Roja,Alicante/Alacant,252.0,38.844836,-0.0060438,246.0,20.0,20.0,False,False,226.0,38.844255,-0.007424,25.5,False,Calculada sobre MDT25 © IGN (CC BY 4.0)
node/3048779821,El Gavilán,Valencia/València,1751.0,40.0718948,-1.1108069,1748.0,39.0,39.0,False,False,1709.0,40.074556,-1.106591,39.8,False,Calculada sobre MDT25 © IGN (CC BY 4.0)
node/3056896514,Alto de las Barracas,Valencia/València,1838.0,40.0773455,-1.0906766,1835.0,120.0,120.0,False,False,1715.0,40.07191,-1.082625,11.4,False,Calculada sobre MDT25 © IGN (CC BY 4.0)
node/3056978747,la Serreta,Alicante/Alacant,1051.7,38.6879533,-0.4364362,1049.0,283.0,283.0,False,False,766.0,38.669874,-0.441353,7.3,False,Calculada sobre MDT25 © IGN (CC BY 4.0)
node/3113735814,Puntal de Sòria,Alicante/Alacant,919.0,38.5104,-0.7511939,925.0,56.0,56.0,False,False,869.0,38.505721,-0.751045,6.0,False,Calculada sobre MDT25 © IGN (CC BY 4.0)
node/3122689827,Bodoix,Alicante/Alacant,541.0,38.8224288,-0.1230274,539.0,70.0,70.0,False,False,469.0,38.82067,-0.126453,16.9,False,Calculada sobre MDT25 © IGN (CC BY 4.0)
node/3152544257,Molló dels Quatre Termes,Valencia/València,580.0,39.0203536,-0.2753421,575.0,3.0,3.0,False,False,572.0,39.01997,-0.27546,11.4,False,Calculada sobre MDT25 © IGN (CC BY 4.0)
node/3166267342,Llometes del Pla de Toni Bou,Valencia/València,569.11,39.0155197,-0.2700078,567.0,4.0,4.0,False,False,563.0,39.015348,-0.270441,12.8,False,Calculada sobre MDT25 © IGN (CC BY 4.0)
node/3166277417,Alt Redó,Valencia/València,564.11,39.0172465,-0.2721041,557.0,14.0,14.0,False,False,543.0,39.016759,-0.272985,30.8,False,Calculada sobre MDT25 © IGN (CC BY 4.0)
node/3166304528,el Picaio,Valencia/València,423.48,39.0116018,-0.2525183,422.0,4.0,4.0,False,False,418.0,39.011791,-0.253256,24.0,False,Calculada sobre MDT25 © IGN (CC BY 4.0)
node/3166704629,Penya del Romeral,Valencia/València,543.0,38.9868983,-0.3306181,534.0,0.0,0.0,False,True,,,,,False,Calculada sobre MDT25 © IGN (CC BY 4.0)
node/3169766665,Penyo de Montoig,Valencia/València,478.0,38.944182,-0.284383,478.0,6.0,6.0,False,False,472.0,38.944521,-0.285274,10.9,False,Calculada sobre MDT25 © IGN (CC BY 4.0)
node/3188664137,Penya Foradà,Alicante/Alacant,738.0,38.8122648,-0.2442524,726.0,14.0,14.0,False,False,712.0,38.811607,-0.245709,56.1,False,Calculada sobre MDT25 © IGN (CC BY 4.0)
node/3251644599,,Alicante/Alacant,645.0,38.6963058,-0.0082988,655.0,35.0,35.0,False,False,620.0,38.698049,-0.006059,28.3,False,Calculada sobre MDT25 © IGN (CC BY 4.0)
node/3264770366,Penyetes Roges,Alicante/Alacant,373.0,38.8266111,-0.0344956,372.0,94.0,94.0,False,False,278.0,38.827832,-0.034602,17.0,False,Calculada sobre MDT25 © IGN (CC BY 4.0)
node/3280611015,Castellet de Garga,Alicante/Alacant,826.5,38.7681013,-0.1467773,823.0,54.0,54.0,False,False,769.0,38.768194,-0.144959,19.9,False,Calculada sobre MDT25 © IGN (CC BY 4.0)
node/3323317786,,Valencia/València,286.9,38.9618063,-0.5067702,285.0,24.0,24.0,False,False,261.0,38.96099,-0.508513,24.2,False,Calculada sobre MDT25 © IGN (CC BY 4.0)
node/3335655721,el Cati,Valencia/València,296.0,38.9050851,-0.1582968,293.0,33.0,33.0,False,False,260.0,38.904733,-0.156213,24.5,False,Calculada sobre MDT25 © IGN (CC BY 4.0)
node/3369779225,el Penyot,Alicante/Alacant,600.0,38.7193254,-0.0137273,599.0,58.0,58.0,False,False,541.0,38.699837,-0.014319,11.7,False,Calculada sobre MDT25 © IGN (CC BY 4.0)
node/3385778023,el Penyó,Valencia/València,649.0,38.8829457,-0.6898479,619.0,53.0,53.0,False,False,566.0,38.881175,-0.690838,74.1,False,Calculada sobre MDT25 © IGN (CC BY 4.0)
node/3385784750,Penya de l'Àguila,Valencia/València,438.0,38.8858931,-0.6872443,434.0,6.0,6.0,False,False,428.0,38.88539,-0.687531,24.4,False,Calculada sobre MDT25 © IGN (CC BY 4.0)
node/3405607141,el Tossal,Valencia/València,722.0,38.8917446,-0.6681373,725.0,119.0,119.0,False,False,606.0,38.879844,-0.680507,14.5,False,Calculada sobre MDT25 © IGN (CC BY 4.0)
node/3405618475,Morret de la Font d'Espanya,Valencia/València,635.0,38.8938194,-0.6610835,639.0,33.0,33.0,False,False,606.0,38.893895,-0.66218,7.6,False,Calculada sobre MDT25 © IGN (CC BY 4.0)
node/3414523126,Peña del Pastor,Valencia/València,479.0,39.2735559,-0.8830055,482.0,25.0,25.0,False,False,457.0,39.272455,-0.882049,15.4,False,Calculada sobre MDT25 © IGN (CC BY 4.0)
node/3432314841,El Jaquetó,Alicante/Alacant,885.0,38.4876448,-0.6712243,870.0,24.0,24.0,False,False,846.0,38.487522,-0.672795,21.7,False,Calculada sobre MDT25 © IGN (CC BY 4.0)
node/3434673955,El Molló,Castellón/Castelló,861.0,39.8535289,-0.2984761,862.0,25.0,25.0,False,False,837.0,39.856194,-0.294382,10.9,False,Calculada sobre MDT25 © IGN (CC BY 4.0)
node/3434673957,Pico de Tarraguán,Castellón/Castelló,766.0,39.8671951,-0.3058646,767.0,107.0,107.0,False,False,660.0,39.867449,-0.313521,10.3,False,Calculada sobre MDT25 © IGN (CC BY 4.0)
node/3434673958,Pico de la Bellota,Castellón/Castelló,956.0,39.869768,-0.3434163,958.0,84.0,84.0,False,False,874.0,39.875621,-0.345646,11.7,False,Calculada sobre MDT25 © IGN (CC BY 4.0)
node/3434673959,Pico de la Nevera,Castellón/Castelló,877.0,39.8574465,-0.2920295,876.0,223.0,223.0,False,False,653.0,39.867131,-0.299797,22.6,False,Calculada sobre MDT25 © IGN (CC BY 4.0)
node/3434673960,Puntal de l'Aljub,Castellón/Castelló,944.0,39.8720608,-0.3247975,948.0,94.0,94.0,False,False,854.0,39.874262,-0.335469,17.8,False,Calculada sobre MDT25 © IGN (CC BY 4.0)
node/3437404642,Peña del Castellet,Castellón/Castelló,691.0,39.8551778,-0.3050822,682.0,28.0,28.0,False,False,654.0,39.854633,-0.304671,20.2,False,Calculada sobre MDT25 © IGN (CC BY 4.0)
node/3437517297,El Puntalón,Castellón/Castelló,619.0,39.849449,-0.3104693,616.0,37.0,37.0,False,False,579.0,39.850255,-0.310101,23.3,False,Calculada sobre MDT25 © IGN (CC BY 4.0)
node/3439516006,Ambra,Alicante/Alacant,301.0,38.8286889,-0.1107632,296.0,60.0,60.0,False,False,236.0,38.826629,-0.112392,12.3,False,Calculada sobre MDT25 © IGN (CC BY 4.0)
node/3593959051,Alt del Collado dels Caragols,Valencia/València,731.0,38.9974241,-0.2888661,730.0,30.0,30.0,False,False,700.0,38.99922,-0.293575,16.6,False,Calculada sobre MDT25 © IGN (CC BY 4.0)
node/3607383380,la Capella,Alicante/Alacant,1077.0,38.8319963,-0.4076379,1102.0,510.0,510.0,False,False,592.0,38.796856,-0.522301,125.2,True,Calculada sobre MDT25 © IGN (CC BY 4.0)
node/3615572560,Alt de la Nevera,Valencia/València,1032.0,38.8310969,-0.4140249,1048.0,48.0,48.0,False,False,1000.0,38.832271,-0.410492,24.6,False,Calculada sobre MDT25 © IGN (CC BY 4.0)
node/3618528881,Montagut,Alicante/Alacant,559.0,38.4186578,-0.7674137,558.0,134.0,134.0,False,False,424.0,38.427215,-0.768661,7.5,False,Calculada sobre MDT25 © IGN (CC BY 4.0)
node/3685408243,Cim de la Solana,Alicante/Alacant,945.0,38.7612285,-0.2754882,941.0,65.0,65.0,False,False,876.0,38.759421,-0.287128,31.1,False,Calculada sobre MDT25 © IGN (CC BY 4.0)
node/3685661738,,Alicante/Alacant,909.0,38.7627341,-0.2857169,909.0,12.0,12.0,False,False,897.0,38.762068,-0.284726,12.3,False,Calculada sobre MDT25 © IGN (CC BY 4.0)
node/3687909449,Altico de las Rochas,Valencia/València,285.0,39.1154615,-0.7344884,284.0,28.0,28.0,False,False,256.0,39.11427,-0.735,17.9,False,Calculada sobre MDT25 © IGN (CC BY 4.0)
node/3707351391,Caire,Alicante/Alacant,1049.0,38.5253626,-0.9476224,1047.0,37.0,37.0,False,False,1010.0,38.52005,-0.955043,9.7,False,Calculada sobre MDT25 © IGN (CC BY 4.0)
node/3759214226,les Campanilles,Castellón/Castelló,572.0,40.3059068,0.2926111,569.0,414.0,414.0,False,False,155.0,40.289487,0.223318,10.2,False,Calculada sobre MDT25 © IGN (CC BY 4.0)
node/3796862267,Penya del Cingle,Alicante/Alacant,297.0,38.7747741,0.0392884,296.0,21.0,21.0,False,False,275.0,38.776542,0.04182,77.2,False,Calculada sobre MDT25 © IGN (CC BY 4.0)
node/3848869846,Piquet del Baladre,Alicante/Alacant,1026.0,38.7395446,-0.4869755,1019.0,6.0,6.0,False,False,1013.0,38.740007,-0.486592,18.2,False,Calculada sobre MDT25 © IGN (CC BY 4.0)
node/3868559545,,Alicante/Alacant,928.0,38.7234908,-0.0789374,929.0,2.0,2.0,False,False,927.0,38.723549,-0.079172,7.2,False,Calculada sobre MDT25 © IGN (CC BY 4.0)
node/3875331466,Alt de Petillo,Alicante/Alacant,675.0,38.562804,-0.2447364,676.0,419.0,419.0,False,False,257.0,38.573728,-0.235025,19.9,False,Calculada sobre MDT25 © IGN (CC BY 4.0)
node/3876159388,Turó del Castell de Marinyén,Valencia/València,237.0,39.0481963,-0.275663,240.0,13.0,13.0,False,False,227.0,39.048118,-0.275244,42.3,False,Calculada sobre MDT25 © IGN (CC BY 4.0)
node/3876170859,el Pilo Roig,Valencia/València,282.0,39.0434239,-0.2758771,280.0,26.0,26.0,False,False,254.0,39.042254,-0.274892,11.1,False,Calculada sobre MDT25 © IGN (CC BY 4.0)
node/3885358694,Alts de València,Valencia/València,335.0,39.3098634,-0.525103,334.0,37.0,37.0,False,False,297.0,39.309195,-0.529255,21.0,False,Calculada sobre MDT25 © IGN (CC BY 4.0)
node/3890706259,Penya Aledra,Alicante/Alacant,685.0,38.7603133,-0.2367867,676.0,23.0,23.0,False,False,653.0,38.760962,-0.23759,22.5,True,Calculada sobre MDT25 © IGN (CC BY 4.0)
node/3890706260,Penya Calera,Alicante/Alacant,673.0,38.7594651,-0.2360711,676.0,23.0,23.0,False,False,653.0,38.760962,-0.23759,123.2,True,Calculada sobre MDT25 © IGN (CC BY 4.0)
node/3915164372,la Creu,Alicante/Alacant,599.0,38.8180369,-0.0837583,598.0,114.0,114.0,False,False,484.0,38.812543,-0.089356,8.4,False,Calculada sobre MDT25 © IGN (CC BY 4.0)
node/3915167265,Cabal de Sagra,Alicante/Alacant,386.0,38.8153068,-0.0716963,383.0,27.0,27.0,False,False,356.0,38.81508,-0.073707,24.5,False,Calculada sobre MDT25 © IGN (CC BY 4.0)
node/3923348966,el Pinar de Ruiz,Alicante/Alacant,774.0,38.7111461,-0.1928754,777.0,6.0,6.0,False,False,771.0,38.711029,-0.193231,124.8,False,Calculada sobre MDT25 © IGN (CC BY 4.0)
node/3928553591,Tossal d'en Fos,Castellón/Castelló,868.6,40.2814748,-0.000693,868.0,10.0,10.0,False,False,858.0,40.282241,-0.00107,37.1,False,Calculada sobre MDT25 © IGN (CC BY 4.0)
node/3928620130,Tossal de l'Ereta,Castellón/Castelló,1072.0,40.288761,-0.0098801,1072.0,58.0,58.0,False,False,1014.0,40.290265,-0.006596,26.5,False,Calculada sobre MDT25 © IGN (CC BY 4.0)
node/3928620156,la Talaia,Castellón/Castelló,1062.0,40.2955331,-0.0059726,1059.0,62.0,62.0,False,False,997.0,40.29378,-0.003206,21.4,False,Calculada sobre MDT25 © IGN (CC BY 4.0)
node/3928622566,Collet de l'Agrévol,Castellón/Castelló,959.0,40.3004934,-0.0098764,959.0,16.0,16.0,False,False,943.0,40.299323,-0.008549,7.9,False,Calculada sobre MDT25 © IGN (CC BY 4.0)
node/3930019757,Tossal de Barra,Castellón/Castelló,389.69,40.265928,0.2706754,387.0,18.0,18.0,False,False,369.0,40.268945,0.273196,24.0,False,Calculada sobre MDT25 © IGN (CC BY 4.0)
node/3947680618,Puig de la Llorença,Alicante/Alacant,442.0,38.7231402,0.1614508,439.0,314.0,314.0,False,False,125.0,38.729547,0.149372,0.2,False,Calculada sobre MDT25 © IGN (CC BY 4.0)
node/3950003430,Alt de la Creu,Alicante/Alacant,762.5,38.8459845,-0.3615997,759.0,47.0,47.0,False,False,712.0,38.850605,-0.354235,31.4,False,Calculada sobre MDT25 © IGN (CC BY 4.0)
node/3950077822,,Valencia/València,835.0,38.8669586,-0.323571,833.0,238.0,238.0,False,False,595.0,38.835879,-0.380411,34.0,False,Calculada sobre MDT25 © IGN (CC BY 4.0)
node/3950077824,,Alicante/Alacant,821.0,38.8693322,-0.3168379,820.0,28.0,28.0,False,False,792.0,38.868251,-0.318143,9.8,False,Calculada sobre MDT25 © IGN (CC BY 4.0)
node/3950087540,Tossal de la Cova,Alicante/Alacant,604.3,38.8664322,-0.3100619,602.0,30.0,30.0,False,False,572.0,38.866735,-0.310997,9.5,False,Calculada sobre MDT25 © IGN (CC BY 4.0)
node/3951795124,la Solana,Alicante/Alacant,549.0,38.7589274,-0.0199442,545.0,118.0,118.0,False,False,427.0,38.759255,-0.012706,28.8,False,Calculada sobre MDT25 © IGN (CC BY 4.0)
node/3953718262,la Creueta de Dénia,Alicante/Alacant,695.0,38.80779,0.1198427,694.0,26.0,26.0,False,False,668.0,38.80754,0.12172,11.4,False,Calculada sobre MDT25 © IGN (CC BY 4.0)
node/3985809275,el Portitxolet,Valencia/València,382.0,39.0088146,-0.2965931,379.0,4.0,4.0,False,False,375.0,39.009202,-0.296658,19.1,False,Calculada sobre MDT25 © IGN (CC BY 4.0)
node/3986487478,Alt del Garbuller,Valencia/València,595.0,39.0040767,-0.3155384,591.0,54.0,54.0,False,False,537.0,39.005187,-0.317884,65.5,False,Calculada sobre MDT25 © IGN (CC BY 4.0)
node/4012866252,Penya Rabosa,Alicante/Alacant,1032.0,38.7024358,-0.1885473,1028.0,0.0,0.0,False,True,,,,,False,Calculada sobre MDT25 © IGN (CC BY 4.0)
node/4012866265,Penyó de la Neu,Alicante/Alacant,925.0,38.7047005,-0.1994891,926.0,0.0,0.0,False,True,,,,,False,Calculada sobre MDT25 © IGN (CC BY 4.0)
node/4012866266,el Castellet,Alicante/Alacant,1049.0,38.7055927,-0.2010867,1046.0,173.0,173.0,False,False,873.0,38.71022,-0.206486,65.0,False,Calculada sobre MDT25 © IGN (CC BY 4.0)
node/4012867386,,Alicante/Alacant,1165.0,38.6972133,-0.1730681,1160.0,60.0,60.0,False,False,1100.0,38.694934,-0.170294,4.6,True,Calculada sobre MDT25 © IGN (CC BY 4.0)
node/4012868089,Morrets de Pastor,Alicante/Alacant,1156.0,38.697618,-0.1738515,1160.0,60.0,60.0,False,False,1100.0,38.694934,-0.170294,78.7,True,Calculada sobre MDT25 © IGN (CC BY 4.0)
node/4012871465,,Alicante/Alacant,1154.0,38.6983509,-0.1764358,1151.0,15.0,15.0,False,False,1136.0,38.697992,-0.175634,12.9,False,Calculada sobre MDT25 © IGN (CC BY 4.0)
node/4012876230,Penyó Gelat,Alicante/Alacant,1081.0,38.7004038,-0.1824521,1074.0,27.0,27.0,False,False,1047.0,38.699719,-0.181889,1.4,False,Calculada sobre MDT25 © IGN (CC BY 4.0)
node/4012876231,Penya de l'Altar Gelat,Alicante/Alacant,1080.0,38.7011003,-0.1853881,1086.0,42.0,42.0,False,False,1044.0,38.700893,-0.183855,17.1,False,Calculada sobre MDT25 © IGN (CC BY 4.0)
node/4012897566,,Alicante/Alacant,1185.75,38.7136697,-0.2276803,1176.0,2.0,2.0,False,False,1174.0,38.713884,-0.227905,5.1,False,Calculada sobre MDT25 © IGN (CC BY 4.0)
node/4012902800,el Tord,Alicante/Alacant,1322.0,38.7141377,-0.238544,1317.0,2.0,2.0,False,False,1315.0,38.714817,-0.238793,24.8,False,Calculada sobre MDT25 © IGN (CC BY 4.0)
node/4012913544,Penya Alta - Cim de l'Aixortà,Alicante/Alacant,1219.0,38.6949149,-0.1628194,1218.0,359.0,359.0,False,False,859.0,38.703918,-0.197246,26.2,True,Calculada sobre MDT25 © IGN (CC BY 4.0)
node/4012913545,Morro del Serrellar,Alicante/Alacant,1137.62,38.6940911,-0.1609798,1128.0,0.0,0.0,False,True,,,,,False,Calculada sobre MDT25 © IGN (CC BY 4.0)
node/4012920423,el Pla de l'Espinar,Alicante/Alacant,1045.0,38.7010923,-0.1724116,1043.0,20.0,20.0,False,False,1023.0,38.700657,-0.174092,19.9,False,Calculada sobre MDT25 © IGN (CC BY 4.0)
node/4012950115,,Alicante/Alacant,824.65,38.7086419,-0.1644417,823.0,24.0,24.0,False,False,799.0,38.707037,-0.167804,63.1,False,Calculada sobre MDT25 © IGN (CC BY 4.0)
node/4014706665,Pla de la Casa,Alicante/Alacant,1385.0,38.7165256,-0.2746227,1382.0,411.0,411.0,False,False,971.0,38.697297,-0.298676,28.9,False,Calculada sobre MDT25 © IGN (CC BY 4.0)
node/4014738424,Racó d'Ametla,Alicante/Alacant,1301.0,38.7128211,-0.2370261,1300.0,12.0,12.0,False,False,1288.0,38.713433,-0.237409,65.2,False,Calculada sobre MDT25 © IGN (CC BY 4.0)
node/4016575119,Torremundo,Castellón/Castelló,717.0,40.0957614,-0.2586508,717.0,44.0,44.0,False,False,673.0,40.097088,-0.262573,18.3,False,Calculada sobre MDT25 © IGN (CC BY 4.0)
node/4017571629,els Penyonets,Alicante/Alacant,689.0,38.6795027,-0.1678663,699.0,0.0,0.0,False,True,,,,,False,Calculada sobre MDT25 © IGN (CC BY 4.0)
node/4049379629,,Alicante/Alacant,842.0,38.7087265,-0.054184,838.0,42.0,42.0,False,False,796.0,38.705408,-0.056341,25.6,False,Calculada sobre MDT25 © IGN (CC BY 4.0)
node/4055266291,El Pinar,Castellón/Castelló,1102.0,39.9814365,-0.4508329,1099.0,216.0,216.0,False,False,883.0,39.999677,-0.485501,17.3,False,Calculada sobre MDT25 © IGN (CC BY 4.0)
node/4173799417,Picatxo,Alicante/Alacant,244.0,38.8079329,0.0449548,243.0,160.0,160.0,False,False,83.0,38.79735,0.06429,9.0,False,Calculada sobre MDT25 © IGN (CC BY 4.0)
node/4174241539,el Miquelet,Alicante/Alacant,245.0,38.8086508,0.0419947,242.0,56.0,56.0,False,False,186.0,38.808473,0.043754,10.9,False,Calculada sobre MDT25 © IGN (CC BY 4.0)
node/4210572305,,Alicante/Alacant,,38.0957853,-1.0229211,510.0,10.0,10.0,False,False,500.0,38.095427,-1.022241,38.0,False,Calculada sobre MDT25 © IGN (CC BY 4.0)
node/4210572308,Cabezo del Burro,Alicante/Alacant,313.0,38.0906186,-0.9939254,310.0,2.0,2.0,False,False,308.0,38.09067,-0.994149,27.9,False,Calculada sobre MDT25 © IGN (CC BY 4.0)
node/4225455122,Tossalet de les Cases de Borras,Castellón/Castelló,944.0,40.6245982,-0.0854767,944.0,26.0,26.0,False,False,918.0,40.62577,-0.085339,18.5,False,Calculada sobre MDT25 © IGN (CC BY 4.0)
node/4230119477,Lloma dels 4 Vents,Valencia/València,226.0,38.9872494,-0.5065915,226.0,63.0,63.0,False,False,163.0,38.985529,-0.507941,13.1,False,Calculada sobre MDT25 © IGN (CC BY 4.0)
node/4230177474,Penya Roja,Valencia/València,307.0,38.9835204,-0.5115551,306.0,41.0,41.0,False,False,265.0,38.982819,-0.518137,19.2,False,Calculada sobre MDT25 © IGN (CC BY 4.0)
node/4230330004,Lloma Plana,Valencia/València,293.0,38.9709906,-0.5375936,292.0,35.0,35.0,False,False,257.0,38.972863,-0.53724,8.6,False,Calculada sobre MDT25 © IGN (CC BY 4.0)
node/4266220629,El Alto del Carril,Valencia/València,580.0,39.2288926,-0.7726878,579.0,16.0,16.0,False,False,563.0,39.227638,-0.785513,33.1,False,Calculada sobre MDT25 © IGN (CC BY 4.0)
node/4266220630,Alto del Atajo,Valencia/València,568.0,39.2317389,-0.7723764,569.0,0.0,0.0,False,True,,,,,False,Calculada sobre MDT25 © IGN (CC BY 4.0)
node/4266295899,Loma del Pino del Pajaro,Valencia/València,564.5,39.2221635,-0.7513571,563.0,17.0,17.0,False,False,546.0,39.221867,-0.75471,15.1,False,Calculada sobre MDT25 © IGN (CC BY 4.0)
node/4268162669,Pico del Ave,Valencia/València,952.4,39.305207,-0.7784335,949.0,367.0,367.0,False,False,582.0,39.306066,-0.860162,0.5,False,Calculada sobre MDT25 © IGN (CC BY 4.0)
node/4269569719,Loma Larga,Valencia/València,684.0,39.234873,-0.8138268,684.0,7.0,7.0,False,False,677.0,39.235635,-0.815383,23.1,False,Calculada sobre MDT25 © IGN (CC BY 4.0)
node/4269570466,Peña de la Mora,Valencia/València,592.0,39.2336894,-0.7891282,590.0,4.0,4.0,False,False,586.0,39.234479,-0.789932,24.1,False,Calculada sobre MDT25 © IGN (CC BY 4.0)
node/4270006123,Pico Nabo,Castellón/Castelló,404.0,39.8625395,-0.4876247,400.0,14.0,14.0,False,False,386.0,39.863007,-0.486993,28.6,False,Calculada sobre MDT25 © IGN (CC BY 4.0)
node/4283419911,Bolón,Alicante/Alacant,655.0,38.4738058,-0.8167917,654.0,191.0,191.0,False,False,463.0,38.477817,-0.824128,54.4,False,Calculada sobre MDT25 © IGN (CC BY 4.0)
node/4330158215,el Penyó,Valencia/València,403.0,39.0383158,-0.2505982,404.0,28.0,28.0,False,False,376.0,39.039966,-0.254186,103.4,False,Calculada sobre MDT25 © IGN (CC BY 4.0)
node/4348733635,Creu d'Eslida,Castellón/Castelló,691.12,39.865043,-0.3200327,691.0,14.0,14.0,False,False,677.0,39.865368,-0.320908,8.9,False,Calculada sobre MDT25 © IGN (CC BY 4.0)
node/4359973578,La Mola,Alicante/Alacant,540.0,38.4064689,-0.7989202,538.0,184.0,184.0,False,False,354.0,38.406781,-0.807938,20.7,False,Calculada sobre MDT25 © IGN (CC BY 4.0)
node/4413767603,Alt del Ginebral,Alicante/Alacant,1324.0,38.6578221,-0.5272561,1322.0,14.0,14.0,False,False,1308.0,38.657846,-0.53141,13.6,False,Calculada sobre MDT25 © IGN (CC BY 4.0)
node/4419182434,el Dit d'Oltà,Alicante/Alacant,589.5,38.6611757,0.0147044,586.0,371.0,371.0,False,False,215.0,38.664799,-0.000551,22.8,False,Calculada sobre MDT25 © IGN (CC BY 4.0)
node/4441049894,Cabeç de Montnegre,Alicante/Alacant,515.0,38.4782967,-0.5098266,516.0,111.0,111.0,False,False,405.0,38.480239,-0.515704,106.9,False,Calculada sobre MDT25 © IGN (CC BY 4.0)
node/4441132035,Penyeta Roja,Castellón/Castelló,288.0,40.020715,-0.061288,288.0,12.0,12.0,False,False,276.0,40.020793,-0.062351,21.3,False,Calculada sobre MDT25 © IGN (CC BY 4.0)
node/4456154754,Morro del Barco,Alicante/Alacant,528.0,38.7188956,-0.003325,526.0,8.0,8.0,False,False,518.0,38.718471,-0.003194,12.5,False,Calculada sobre MDT25 © IGN (CC BY 4.0)
node/4456185922,,Alicante/Alacant,562.0,38.7129665,-0.0011481,562.0,46.0,46.0,False,False,516.0,38.708549,-0.002746,5.6,False,Calculada sobre MDT25 © IGN (CC BY 4.0)
node/4470209059,,Alicante/Alacant,791.0,38.6289352,-0.1634232,786.0,171.0,171.0,False,False,615.0,38.628667,-0.168308,7.1,False,Calculada sobre MDT25 © IGN (CC BY 4.0)
node/4470219833,Penyó Cabal,Alicante/Alacant,1184.0,38.6183254,-0.1864068,1182.0,288.0,288.0,False,False,894.0,38.624405,-0.187713,10.1,False,Calculada sobre MDT25 © IGN (CC BY 4.0)
node/4471750807,Penyó Roc,Alicante/Alacant,1108.0,38.6420232,-0.1871326,1104.0,126.0,126.0,False,False,978.0,38.650681,-0.193866,17.1,False,Calculada sobre MDT25 © IGN (CC BY 4.0)
node/4471770985,el Carrascal,Alicante/Alacant,1085.0,38.6320036,-0.1852615,1081.0,149.0,149.0,False,False,932.0,38.637388,-0.184334,51.6,False,Calculada sobre MDT25 © IGN (CC BY 4.0)
node/4475377804,Puntal Gros,Alicante/Alacant,285.0,38.3201367,-0.6793212,283.0,58.0,58.0,False,False,225.0,38.324095,-0.678605,28.1,False,Calculada sobre MDT25 © IGN (CC BY 4.0)
node/4475527374,Tossal de Sant Antoni,Alicante/Alacant,312.0,38.3172338,-0.6922883,308.0,66.0,66.0,False,False,242.0,38.317421,-0.694258,8.8,False,Calculada sobre MDT25 © IGN (CC BY 4.0)
node/4481489804,Roca del Migdia,Castellón/Castelló,1533.0,40.2204649,-0.3383245,1526.0,6.0,6.0,False,False,1520.0,40.220715,-0.339562,39.7,False,Calculada sobre MDT25 © IGN (CC BY 4.0)
node/4510168635,Cormo de la Penya,Castellón/Castelló,726.0,40.0908781,-0.0598367,726.0,407.0,407.0,False,False,319.0,40.090773,-0.007445,14.4,False,Calculada sobre MDT25 © IGN (CC BY 4.0)
node/4535691006,,Castellón/Castelló,405.0,39.9224876,-0.2404035,403.0,9.0,9.0,False,False,394.0,39.920694,-0.240952,15.7,False,Calculada sobre MDT25 © IGN (CC BY 4.0)
node/4535691233,la Ràpita,Castellón/Castelló,471.0,39.9121506,-0.2379788,470.0,249.0,249.0,False,False,221.0,39.899559,-0.242385,17.7,False,Calculada sobre MDT25 © IGN (CC BY 4.0)
node/4698771320,la Creueta,Valencia/València,429.0,39.6624611,-0.4173526,423.0,1.0,1.0,False,False,422.0,39.662383,-0.41706,8.0,False,Calculada sobre MDT25 © IGN (CC BY 4.0)
node/4741655126,Pic de la Font de Cabres,Castellón/Castelló,639.0,39.8624982,-0.2244403,632.0,69.0,69.0,False,False,563.0,39.861329,-0.225799,21.0,False,Calculada sobre MDT25 © IGN (CC BY 4.0)
node/4742388445,Peña del Sol,Alicante/Alacant,495.0,38.4524446,-0.78952,494.0,7.0,7.0,False,False,487.0,38.452145,-0.788518,14.6,False,Calculada sobre MDT25 © IGN (CC BY 4.0)
node/4798735472,La Barchilla,Valencia/València,1105.0,39.0898722,-0.9169106,1116.0,6.0,6.0,False,False,1110.0,39.089725,-0.916431,12.6,False,Calculada sobre MDT25 © IGN (CC BY 4.0)
node/4798735473,La Media Barchilla,Valencia/València,1102.0,39.0900568,-0.9211563,1102.0,8.0,8.0,False,False,1094.0,39.090012,-0.919891,15.7,False,Calculada sobre MDT25 © IGN (CC BY 4.0)
node/4798735474,El Celemín,Valencia/València,1081.0,39.0895469,-0.9257467,1065.0,16.0,16.0,False,False,1049.0,39.089644,-0.924527,23.0,False,Calculada sobre MDT25 © IGN (CC BY 4.0)
node/4837104449,la Mola,Alicante/Alacant,537.87,38.6478665,0.0181269,537.0,44.0,44.0,False,False,493.0,38.652147,0.018452,12.4,False,Calculada sobre MDT25 © IGN (CC BY 4.0)
node/4837104463,Pinet,Alicante/Alacant,502.0,38.6549531,0.0224289,506.0,0.0,0.0,False,True,,,,,False,Calculada sobre MDT25 © IGN (CC BY 4.0)
node/4868333790,El Piquet,Valencia/València,580.0,38.9680497,-0.6833778,592.0,2.0,2.0,False,False,590.0,38.966398,-0.683456,58.5,False,Calculada sobre MDT25 © IGN (CC BY 4.0)
node/4897702804,Monte del Cascalbar,Castellón/Castelló,822.0,39.8880286,-0.4215549,817.0,84.0,84.0,False,False,733.0,39.889839,-0.416724,14.8,False,Calculada sobre MDT25 © IGN (CC BY 4.0)
node/4897702829,Alto de la Sabina,Castellón/Castelló,787.0,39.8951048,-0.4348023,788.0,74.0,74.0,False,False,714.0,39.889777,-0.424036,15.9,False,Calculada sobre MDT25 © IGN (CC BY 4.0)
node/4897702840,Penyaroy Sud,Castellón/Castelló,924.0,39.8881459,-0.4087535,920.0,9.0,9.0,False,False,911.0,39.888538,-0.40888,21.8,False,Calculada sobre MDT25 © IGN (CC BY 4.0)
node/5003881957,Puntals del Ginebre,Alicante/Alacant,845.0,38.4818,-0.73731,842.0,92.0,92.0,False,False,750.0,38.4813,-0.73461,13.1,False,Calculada sobre MDT25 © IGN (CC BY 4.0)
node/5036938034,Lloma del Vidre,Valencia/València,894.0,38.8597019,-0.241152,895.0,11.0,11.0,False,False,884.0,38.859716,-0.241836,9.4,False,Calculada sobre MDT25 © IGN (CC BY 4.0)
node/5036953993,Morro del Piquera,Valencia/València,780.0,38.8628798,-0.2300735,778.0,23.0,23.0,False,False,755.0,38.863541,-0.232181,12.4,False,Calculada sobre MDT25 © IGN (CC BY 4.0)
node/5051180194,el Benacantil,Alicante/Alacant,167.0,38.3484449,-0.4796061,163.0,121.0,121.0,False,False,42.0,38.352395,-0.478316,16.5,False,Calculada sobre MDT25 © IGN (CC BY 4.0)
node/5051225632,Serra Grossa,Alicante/Alacant,177.0,38.3588761,-0.4590049,173.0,114.0,114.0,False,False,59.0,38.362665,-0.463655,68.5,False,Calculada sobre MDT25 © IGN (CC BY 4.0)
node/5077713067,El Castellet,Alicante/Alacant,416.0,38.7719337,-0.0668381,412.0,121.0,121.0,False,False,291.0,38.771591,-0.072897,5.0,False,Calculada sobre MDT25 © IGN (CC BY 4.0)
node/5109812168,el Picaio,Valencia/València,373.0,39.6443294,-0.3150684,370.0,93.0,93.0,False,False,277.0,39.647228,-0.324692,35.6,False,Calculada sobre MDT25 © IGN (CC BY 4.0)
node/5174675054,Penya del Castellet,Alicante/Alacant,725.0,38.695194,-0.1228877,716.0,12.0,12.0,False,False,704.0,38.695367,-0.12343,28.8,False,Calculada sobre MDT25 © IGN (CC BY 4.0)
node/5262739944,Cabrera,Alicante/Alacant,873.0,38.5386926,-0.8658459,872.0,315.0,315.0,False,False,557.0,38.547616,-0.883697,5.8,False,Calculada sobre MDT25 © IGN (CC BY 4.0)
node/5268517123,el Rodeno de la Creu,Valencia/València,325.0,39.6726216,-0.3445271,326.0,55.0,55.0,False,False,271.0,39.674983,-0.346644,15.9,False,Calculada sobre MDT25 © IGN (CC BY 4.0)
node/5312062468,Morral Desplegat,Castellón/Castelló,1012.6,40.7162833,0.2273394,1012.0,116.0,116.0,False,False,896.0,40.721269,0.226616,49.1,False,Calculada sobre MDT25 © IGN (CC BY 4.0)
node/5312062515,Tossal d'en Cervera,Castellón/Castelló,1347.5,40.7241334,0.1972873,1346.0,149.0,149.0,False,False,1197.0,40.722476,0.18317,11.1,False,Calculada sobre MDT25 © IGN (CC BY 4.0)
node/5314915416,,Castellón/Castelló,689.0,39.8678669,-0.3122191,687.0,17.0,17.0,False,False,670.0,39.868077,-0.311451,10.0,False,Calculada sobre MDT25 © IGN (CC BY 4.0)
node/5378221823,Castillejo,Castellón/Castelló,643.0,39.8599619,-0.3557923,638.0,32.0,32.0,False,False,606.0,39.860336,-0.356756,36.5,False,Calculada sobre MDT25 © IGN (CC BY 4.0)
node/5417545927,Penya Muntesa,Alicante/Alacant,1008.0,38.4891325,-0.6801546,1004.0,105.0,105.0,False,False,899.0,38.504693,-0.675396,12.9,False,Calculada sobre MDT25 © IGN (CC BY 4.0)
node/5487962795,el Mig Armut,Valencia/València,211.0,39.031232,-0.419699,207.0,21.0,21.0,False,False,186.0,39.032479,-0.419368,14.2,False,Calculada sobre MDT25 © IGN (CC BY 4.0)
node/5499699197,La Lastra,Castellón/Castelló,1042.0,39.936341,-0.427847,1043.0,125.0,125.0,False,False,918.0,39.934386,-0.414757,26.9,False,Calculada sobre MDT25 © IGN (CC BY 4.0)
node/5506623515,Penya Negra,Castellón/Castelló,276.0,39.9109336,-0.2128283,273.0,39.0,39.0,False,False,234.0,39.906545,-0.214325,15.5,False,Calculada sobre MDT25 © IGN (CC BY 4.0)
node/5615417320,Penya del Migdia,Castellón/Castelló,584.0,39.8422583,-0.2556628,578.0,113.0,113.0,False,False,465.0,39.848892,-0.252012,10.9,False,Calculada sobre MDT25 © IGN (CC BY 4.0)
node/5618302911,Cabeçó d'Or,Alicante/Alacant,1210.0,38.5277519,-0.3952898,1208.0,414.0,414.0,False,False,794.0,38.562578,-0.396967,12.5,False,Calculada sobre MDT25 © IGN (CC BY 4.0)
node/5638646334,la Serratella,Valencia/València,373.0,38.8665034,-0.5897732,374.0,56.0,56.0,False,False,318.0,38.865478,-0.583016,14.5,False,Calculada sobre MDT25 © IGN (CC BY 4.0)
node/5652650551,,Alicante/Alacant,1177.0,38.5046593,-0.638465,1170.0,10.0,10.0,False,False,1160.0,38.504848,-0.638124,21.1,False,Calculada sobre MDT25 © IGN (CC BY 4.0)
node/5652650833,,Alicante/Alacant,1242.0,38.5283272,-0.6627873,1241.0,3.0,3.0,False,False,1238.0,38.528795,-0.66401,62.8,False,Calculada sobre MDT25 © IGN (CC BY 4.0)
node/5871345263,Mola d'Ares,Castellón/Castelló,1323.0,40.4681555,-0.1284455,1320.0,0.0,0.0,False,True,,,,,False,Calculada sobre MDT25 © IGN (CC BY 4.0)
node/5927857685,Alto del Pinar,Castellón/Castelló,1044.0,39.9688549,-0.425224,1045.0,122.0,122.0,False,False,923.0,39.975937,-0.440121,31.7,False,Calculada sobre MDT25 © IGN (CC BY 4.0)
node/5927857686,Alto de San Cristóbal,Castellón/Castelló,869.0,39.9846835,-0.4344535,866.0,67.0,67.0,False,False,799.0,39.983298,-0.436919,16.3,False,Calculada sobre MDT25 © IGN (CC BY 4.0)
node/5927872485,Pic Batalla,Castellón/Castelló,974.0,39.8865944,-0.3369199,972.0,216.0,216.0,False,False,756.0,39.880861,-0.338429,13.9,False,Calculada sobre MDT25 © IGN (CC BY 4.0)
node/5928710435,Penya del Pastor,Castellón/Castelló,991.0,39.8972388,-0.3568899,990.0,12.0,12.0,False,False,978.0,39.897516,-0.357666,17.7,False,Calculada sobre MDT25 © IGN (CC BY 4.0)
node/5935276664,Puntal del Gordo,Castellón/Castelló,764.0,39.9229353,-0.3895426,763.0,16.0,16.0,False,False,747.0,39.922122,-0.390064,18.5,False,Calculada sobre MDT25 © IGN (CC BY 4.0)
node/5935276665,Peña Negra,Castellón/Castelló,684.0,39.9175416,-0.374136,682.0,13.0,13.0,False,False,669.0,39.91796,-0.375306,27.2,False,Calculada sobre MDT25 © IGN (CC BY 4.0)
node/5935276667,el Cuquello,Castellón/Castelló,802.0,39.8640219,-0.2848935,804.0,14.0,14.0,False,False,790.0,39.864505,-0.283827,12.2,False,Calculada sobre MDT25 © IGN (CC BY 4.0)
node/5935276670,El Rubial,Castellón/Castelló,538.0,39.847698,-0.3342891,539.0,52.0,52.0,False,False,487.0,39.85031,-0.332013,14.5,False,Calculada sobre MDT25 © IGN (CC BY 4.0)
node/5935411505,l'Algepsar,Castellón/Castelló,229.0,39.8817498,-0.2203059,227.0,28.0,28.0,False,False,199.0,39.880608,-0.222099,6.5,False,Calculada sobre MDT25 © IGN (CC BY 4.0)
node/5935411506,el Racó,Castellón/Castelló,316.0,39.8753031,-0.2225804,312.0,15.0,15.0,False,False,297.0,39.874548,-0.222928,15.4,False,Calculada sobre MDT25 © IGN (CC BY 4.0)
node/5935411507,Puntal Redó,Castellón/Castelló,376.0,39.8522017,-0.214806,370.0,18.0,18.0,False,False,352.0,39.853625,-0.214422,9.5,False,Calculada sobre MDT25 © IGN (CC BY 4.0)
node/5935411508,Penya de Lleixos,Castellón/Castelló,300.0,39.9019634,-0.2239385,299.0,43.0,43.0,False,False,256.0,39.901974,-0.2303,21.1,False,Calculada sobre MDT25 © IGN (CC BY 4.0)
node/5935411510,el Mallol,Castellón/Castelló,619.0,39.9021275,-0.3294826,619.0,20.0,20.0,False,False,599.0,39.902246,-0.328244,21.3,True,Calculada sobre MDT25 © IGN (CC BY 4.0)
node/5935411511,Penya de la Campana,Castellón/Castelló,667.0,39.9071233,-0.3403831,670.0,86.0,86.0,False,False,584.0,39.905456,-0.350343,15.1,False,Calculada sobre MDT25 © IGN (CC BY 4.0)
node/5935411512,l'Alto,Castellón/Castelló,577.0,39.9220072,-0.3038609,574.0,48.0,48.0,False,False,526.0,39.925241,-0.300147,26.2,False,Calculada sobre MDT25 © IGN (CC BY 4.0)
node/6027682875,la Gorrissa,Valencia/València,586.0,39.68185,-0.445649,584.0,103.0,103.0,False,False,481.0,39.687658,-0.449932,19.0,False,Calculada sobre MDT25 © IGN (CC BY 4.0)
node/6038876413,Alto de la Pedralbilla,Valencia/València,687.0,39.7105424,-0.496262,688.0,38.0,38.0,False,False,650.0,39.714958,-0.493544,6.6,False,Calculada sobre MDT25 © IGN (CC BY 4.0)
node/6129460805,Cerro de Corcolilla,Valencia/València,1226.0,39.9288446,-1.0169582,1224.0,77.0,77.0,False,False,1147.0,39.928179,-1.026672,8.5,False,Calculada sobre MDT25 © IGN (CC BY 4.0)
node/6190988400,Mollons de Sant Bernabé,Castellón/Castelló,1279.0,40.6724641,0.0970524,1278.0,76.0,76.0,False,False,1202.0,40.678026,0.095578,138.2,False,Calculada sobre MDT25 © IGN (CC BY 4.0)
node/6194770228,Peña Elvira,Castellón/Castelló,1326.0,39.9262203,-0.754407,1323.0,8.0,8.0,False,False,1315.0,39.925678,-0.753232,7.9,False,Calculada sobre MDT25 © IGN (CC BY 4.0)
node/6194785599,Peñas de amador,Castellón/Castelló,1134.0,39.9308649,-0.7293684,1133.0,21.0,21.0,False,False,1112.0,39.932881,-0.729885,2.4,False,Calculada sobre MDT25 © IGN (CC BY 4.0)
node/6195214938,cerrito,Castellón/Castelló,1037.0,39.9839394,-0.7488988,1039.0,0.0,0.0,False,True,,,,,False,Calculada sobre MDT25 © IGN (CC BY 4.0)
node/6195237767,Puntal de Viñas,Castellón/Castelló,1571.0,39.9640536,-0.8318322,1571.0,27.0,27.0,False,False,1544.0,39.961417,-0.832255,7.5,False,Calculada sobre MDT25 © IGN (CC BY 4.0)
node/6195242188,cerro del Baile,Castellón/Castelló,1537.0,39.9570383,-0.8170347,1536.0,11.0,11.0,False,False,1525.0,39.956415,-0.81778,12.7,False,Calculada sobre MDT25 © IGN (CC BY 4.0)
node/6195247582,Cerro de Pascua,Castellón/Castelló,1568.0,39.9713651,-0.838885,1568.0,39.0,39.0,False,False,1529.0,39.96286,-0.837185,20.4,False,Calculada sobre MDT25 © IGN (CC BY 4.0)
node/6195257013,Alto de la Sabina Tuerta,Castellón/Castelló,1302.0,39.9686646,-0.7949488,1302.0,22.0,22.0,False,False,1280.0,39.969133,-0.79952,24.1,False,Calculada sobre MDT25 © IGN (CC BY 4.0)
node/6205275664,Punta del Agua,Castellón/Castelló,1200.0,40.0044933,-0.7729203,1199.0,32.0,32.0,False,False,1167.0,39.993843,-0.784379,52.1,False,Calculada sobre MDT25 © IGN (CC BY 4.0)
node/6205280769,Puntal de la Covatilla,Castellón/Castelló,1563.0,39.9519238,-0.8262168,1562.0,24.0,24.0,False,False,1538.0,39.951672,-0.829051,18.7,False,Calculada sobre MDT25 © IGN (CC BY 4.0)
node/6205307192,Cerro de la Umbria Negra,Castellón/Castelló,1553.0,39.9006658,-0.8038344,1552.0,40.0,40.0,False,False,1512.0,39.89764,-0.806196,20.8,False,Calculada sobre MDT25 © IGN (CC BY 4.0)
node/6228027353,Puntal del Mas,Castellón/Castelló,1357.0,39.9289238,-0.7717818,1355.0,40.0,40.0,False,False,1315.0,39.934294,-0.779573,54.9,False,Calculada sobre MDT25 © IGN (CC BY 4.0)
node/6228033921,Puntal de Cabrera,Castellón/Castelló,1389.0,39.9364449,-0.7900267,1388.0,39.0,39.0,False,False,1349.0,39.934776,-0.793015,27.1,False,Calculada sobre MDT25 © IGN (CC BY 4.0)
node/6228044112,Cerro del obrero,Castellón/Castelló,1415.0,39.9439142,-0.801075,1414.0,7.0,7.0,False,False,1407.0,39.94282,-0.801534,26.3,False,Calculada sobre MDT25 © IGN (CC BY 4.0)
node/6228047417,Peña Juliana,Castellón/Castelló,1474.0,39.901348,-0.7798916,1474.0,62.0,62.0,False,False,1412.0,39.888259,-0.786614,15.8,False,Calculada sobre MDT25 © IGN (CC BY 4.0)
node/6228068537,Cerro Moreno,Castellón/Castelló,1579.0,39.9045771,-0.8226243,1578.0,23.0,23.0,False,False,1555.0,39.903383,-0.824143,10.8,False,Calculada sobre MDT25 © IGN (CC BY 4.0)
node/6287011926,el Puntal,Castellón/Castelló,614.0,39.8569018,-0.2628726,614.0,60.0,60.0,False,False,554.0,39.860576,-0.269955,23.4,False,Calculada sobre MDT25 © IGN (CC BY 4.0)
node/6287011927,el Cantal,Castellón/Castelló,631.0,39.8612796,-0.2463985,631.0,52.0,52.0,False,False,579.0,39.862239,-0.24505,16.4,False,Calculada sobre MDT25 © IGN (CC BY 4.0)
node/6287043796,El Madroñal,Castellón/Castelló,687.0,39.9798003,-0.3685785,690.0,87.0,87.0,False,False,603.0,39.965338,-0.369104,72.8,False,Calculada sobre MDT25 © IGN (CC BY 4.0)
node/6319084841,,Castellón/Castelló,997.0,39.8945739,-0.3821443,997.0,105.0,105.0,False,False,892.0,39.896928,-0.381372,122.7,False,Calculada sobre MDT25 © IGN (CC BY 4.0)
node/6337874045,Cingles de Mondragon,Castellón/Castelló,648.0,39.8531898,-0.2397512,647.0,105.0,105.0,False,False,542.0,39.857663,-0.242019,48.6,False,Calculada sobre MDT25 © IGN (CC BY 4.0)
node/6337883028,els Sants de la Pedra,Castellón/Castelló,582.0,39.8460347,-0.2465347,579.0,13.0,13.0,False,False,566.0,39.84694,-0.245662,4.4,False,Calculada sobre MDT25 © IGN (CC BY 4.0)
node/6355630626,Alt de Mariola,Valencia/València,1069.0,38.7495304,-0.5348703,1068.0,20.0,20.0,False,False,1048.0,38.750246,-0.533694,25.9,False,Calculada sobre MDT25 © IGN (CC BY 4.0)
node/6356824470,Alt de Montagut,Alicante/Alacant,1222.63,38.7729774,-0.4947143,1217.0,4.0,4.0,False,False,1213.0,38.773491,-0.493473,11.8,False,Calculada sobre MDT25 © IGN (CC BY 4.0)
node/6363425067,La Dehesa,Castellón/Castelló,763.0,39.8666591,-0.3997391,762.0,176.0,176.0,False,False,586.0,39.876002,-0.382168,31.1,False,Calculada sobre MDT25 © IGN (CC BY 4.0)
node/6395579066,Las Muelas,Valencia/València,812.0,39.765692,-0.5078428,814.0,35.0,35.0,False,False,779.0,39.763675,-0.507244,7.9,False,Calculada sobre MDT25 © IGN (CC BY 4.0)
node/6401955639,Muntanya Redona,Valencia/València,429.0,39.6819478,-0.3429157,427.0,99.0,99.0,False,False,328.0,39.680853,-0.347294,23.2,False,Calculada sobre MDT25 © IGN (CC BY 4.0)
node/6402704630,,Castellón/Castelló,1699.0,40.2226467,-0.3447066,1694.0,10.0,10.0,False,False,1684.0,40.223318,-0.345042,5.9,False,Calculada sobre MDT25 © IGN (CC BY 4.0)
node/6417176017,la Ratlla,Valencia/València,625.0,39.103127,-0.310859,624.0,519.0,519.0,False,False,105.0,39.084605,-0.343487,16.0,False,Calculada sobre MDT25 © IGN (CC BY 4.0)
node/6417176018,Cavall Bernat,Valencia/València,587.0,39.1297353,-0.3481944,582.0,88.0,88.0,False,False,494.0,39.127725,-0.347939,21.5,False,Calculada sobre MDT25 © IGN (CC BY 4.0)
node/6430722650,Cabeço de Mariola,Alicante/Alacant,1044.0,38.7592114,-0.5519529,1042.0,40.0,40.0,False,False,1002.0,38.7596,-0.550057,30.6,False,Calculada sobre MDT25 © IGN (CC BY 4.0)
node/6438208516,Alt del Canyo,Alicante/Alacant,1253.0,38.6502907,-0.5413465,1250.0,43.0,43.0,False,False,1207.0,38.651895,-0.537646,14.0,False,Calculada sobre MDT25 © IGN (CC BY 4.0)
node/6438221421,,Alicante/Alacant,1198.0,38.6626527,-0.549681,1194.0,13.0,13.0,False,False,1181.0,38.662935,-0.548472,30.7,False,Calculada sobre MDT25 © IGN (CC BY 4.0)
node/6438221422,,Alicante/Alacant,1196.0,38.6635579,-0.5470765,1193.0,10.0,10.0,False,False,1183.0,38.662917,-0.547611,19.8,False,Calculada sobre MDT25 © IGN (CC BY 4.0)
node/6438221449,,Alicante/Alacant,992.0,38.6675448,-0.5499149,989.0,17.0,17.0,False,False,972.0,38.667236,-0.549475,13.6,False,Calculada sobre MDT25 © IGN (CC BY 4.0)
node/6438911242,Alt de la Codolla,Valencia/València,1167.0,38.7522497,-0.5180442,1167.0,85.0,85.0,False,False,1082.0,38.759461,-0.511513,16.4,False,Calculada sobre MDT25 © IGN (CC BY 4.0)
node/6438911268,la Lloma del Cavall,Alicante/Alacant,1144.0,38.7552982,-0.5075049,1145.0,32.0,32.0,False,False,1113.0,38.753713,-0.516603,36.0,False,Calculada sobre MDT25 © IGN (CC BY 4.0)
node/6452371952,,Alicante/Alacant,1013.0,38.6635452,-0.5685035,1009.0,16.0,16.0,False,False,993.0,38.663562,-0.5677,6.3,False,Calculada sobre MDT25 © IGN (CC BY 4.0)
node/6452371953,,Alicante/Alacant,1032.0,38.6641652,-0.5662088,1027.0,21.0,21.0,False,False,1006.0,38.663532,-0.566264,5.5,False,Calculada sobre MDT25 © IGN (CC BY 4.0)
node/6452403537,,Alicante/Alacant,1139.0,38.6482988,-0.5181924,1138.0,12.0,12.0,False,False,1126.0,38.650102,-0.516739,5.3,False,Calculada sobre MDT25 © IGN (CC BY 4.0)
node/6452403545,Sambenet Alt,Alicante/Alacant,1137.0,38.6619986,-0.4981169,1135.0,11.0,11.0,False,False,1124.0,38.661201,-0.498544,14.3,False,Calculada sobre MDT25 © IGN (CC BY 4.0)
node/6452403575,,Alicante/Alacant,829.0,38.6735762,-0.4822444,827.0,12.0,12.0,False,False,815.0,38.67281,-0.483198,33.0,False,Calculada sobre MDT25 © IGN (CC BY 4.0)
node/6452407110,Alt de Guerra,Alicante/Alacant,1022.0,38.6671647,-0.4840473,1024.0,11.0,11.0,False,False,1013.0,38.665432,-0.485755,34.0,False,Calculada sobre MDT25 © IGN (CC BY 4.0)
node/6454235348,Tossal del Pobil,Alicante/Alacant,639.0,38.8256183,-0.2813808,641.0,14.0,14.0,False,False,627.0,38.825132,-0.284634,13.7,False,Calculada sobre MDT25 © IGN (CC BY 4.0)
node/6454236089,,Alicante/Alacant,475.0,38.8220987,-0.2683605,475.0,39.0,39.0,False,False,436.0,38.81694,-0.271414,30.5,False,Calculada sobre MDT25 © IGN (CC BY 4.0)
node/6454236126,,Alicante/Alacant,761.0,38.819952,-0.3082999,764.0,16.0,16.0,False,False,748.0,38.818285,-0.309942,18.7,False,Calculada sobre MDT25 © IGN (CC BY 4.0)
node/6454236127,,Alicante/Alacant,764.0,38.8163858,-0.3094582,766.0,13.0,13.0,False,False,753.0,38.816213,-0.308005,25.1,False,Calculada sobre MDT25 © IGN (CC BY 4.0)
node/6454236129,,Alicante/Alacant,767.0,38.8159912,-0.3068202,767.0,176.0,176.0,False,False,591.0,38.827248,-0.278795,5.0,False,Calculada sobre MDT25 © IGN (CC BY 4.0)
node/6454236130,,Alicante/Alacant,723.0,38.8172244,-0.3016287,726.0,7.0,7.0,False,False,719.0,38.817662,-0.30248,3.6,False,Calculada sobre MDT25 © IGN (CC BY 4.0)
node/6454312316,,Alicante/Alacant,652.0,38.7965279,-0.3224017,658.0,146.0,146.0,False,False,512.0,38.786838,-0.3235,14.3,False,Calculada sobre MDT25 © IGN (CC BY 4.0)
node/6454401550,,Valencia/València,836.0,38.7260849,-0.6217929,833.0,20.0,20.0,False,False,813.0,38.725479,-0.621098,15.8,False,Calculada sobre MDT25 © IGN (CC BY 4.0)
node/6454401551,,Valencia/València,834.0,38.7292244,-0.6169108,831.0,9.0,9.0,False,False,822.0,38.728957,-0.614943,3.2,False,Calculada sobre MDT25 © IGN (CC BY 4.0)
node/6455606666,,Valencia/València,947.0,38.7553223,-0.5891003,943.0,60.0,60.0,False,False,883.0,38.756889,-0.582082,35.4,False,Calculada sobre MDT25 © IGN (CC BY 4.0)
node/6455627976,,Valencia/València,965.0,38.754371,-0.5675827,964.0,12.0,12.0,False,False,952.0,38.754547,-0.566915,17.9,False,Calculada sobre MDT25 © IGN (CC BY 4.0)
node/6455627977,,Alicante/Alacant,969.0,38.755531,-0.5656378,967.0,47.0,47.0,False,False,920.0,38.755012,-0.556831,14.6,False,Calculada sobre MDT25 © IGN (CC BY 4.0)
node/6455627978,,Valencia/València,1033.0,38.7566997,-0.5515797,1029.0,11.0,11.0,False,False,1018.0,38.757167,-0.552154,26.3,False,Calculada sobre MDT25 © IGN (CC BY 4.0)
node/6456159000,,Alicante/Alacant,376.0,38.8425089,-0.2972068,373.0,18.0,18.0,False,False,355.0,38.843157,-0.294605,26.5,False,Calculada sobre MDT25 © IGN (CC BY 4.0)
node/6456159001,,Alicante/Alacant,381.0,38.8427706,-0.291859,379.0,3.0,3.0,False,False,376.0,38.84354,-0.29171,18.2,False,Calculada sobre MDT25 © IGN (CC BY 4.0)
node/6456159002,,Alicante/Alacant,471.0,38.8403744,-0.2914834,466.0,21.0,21.0,False,False,445.0,38.840357,-0.290391,26.3,False,Calculada sobre MDT25 © IGN (CC BY 4.0)
node/6456159004,,Alicante/Alacant,480.0,38.8396013,-0.2891941,478.0,22.0,22.0,False,False,456.0,38.839403,-0.288124,8.6,False,Calculada sobre MDT25 © IGN (CC BY 4.0)
node/6456159005,,Alicante/Alacant,564.0,38.838131,-0.2848829,566.0,7.0,7.0,False,False,559.0,38.838382,-0.282979,20.1,False,Calculada sobre MDT25 © IGN (CC BY 4.0)
node/6456159013,,Alicante/Alacant,532.0,38.8465831,-0.2881411,531.0,13.0,13.0,False,False,518.0,38.847266,-0.287249,54.4,False,Calculada sobre MDT25 © IGN (CC BY 4.0)
node/6456207736,,Alicante/Alacant,864.0,38.8074586,-0.2822837,862.0,12.0,12.0,False,False,850.0,38.807505,-0.282138,13.7,True,Calculada sobre MDT25 © IGN (CC BY 4.0)
node/6456207737,Penya del Malladar,Alicante/Alacant,813.0,38.8081756,-0.2823861,862.0,12.0,12.0,False,False,850.0,38.807505,-0.282138,73.8,True,Calculada sobre MDT25 © IGN (CC BY 4.0)
node/6456207739,,Alicante/Alacant,845.0,38.8071984,-0.2893067,858.0,22.0,22.0,False,False,836.0,38.806984,-0.288778,4.3,False,Calculada sobre MDT25 © IGN (CC BY 4.0)
node/6456207740,Tossal de la Creu,Alicante/Alacant,910.0,38.8041975,-0.2782718,910.0,256.0,256.0,False,False,654.0,38.793342,-0.263969,22.8,True,Calculada sobre MDT25 © IGN (CC BY 4.0)
node/6456207741,Tossal de la Cova de l'Hedra,Alicante/Alacant,864.0,38.8038188,-0.2741612,863.0,6.0,6.0,False,False,857.0,38.804412,-0.275059,14.4,False,Calculada sobre MDT25 © IGN (CC BY 4.0)
node/6457573359,,Alicante/Alacant,820.0,38.80534,-0.2688956,820.0,14.0,14.0,False,False,806.0,38.805232,-0.271573,9.4,False,Calculada sobre MDT25 © IGN (CC BY 4.0)
node/6457573360,Tossal dels Quartesos,Alicante/Alacant,856.0,38.8076721,-0.2648116,854.0,79.0,79.0,False,False,775.0,38.807156,-0.267182,12.3,False,Calculada sobre MDT25 © IGN (CC BY 4.0)
node/6457573361,,Alicante/Alacant,709.0,38.8083889,-0.2502712,710.0,20.0,20.0,False,False,690.0,38.809035,-0.251278,15.7,False,Calculada sobre MDT25 © IGN (CC BY 4.0)
node/6460991922,,Alicante/Alacant,695.0,38.8059245,-0.2481732,696.0,10.0,10.0,False,False,686.0,38.806519,-0.249647,13.2,False,Calculada sobre MDT25 © IGN (CC BY 4.0)
node/6460991958,,Alicante/Alacant,667.0,38.7907367,-0.2744144,668.0,16.0,16.0,False,False,652.0,38.79265,-0.272917,8.8,False,Calculada sobre MDT25 © IGN (CC BY 4.0)
node/6460991959,,Alicante/Alacant,675.0,38.791348,-0.2628415,676.0,0.0,0.0,False,True,,,,,False,Calculada sobre MDT25 © IGN (CC BY 4.0)
node/6461119333,Penya Alta,Alicante/Alacant,663.0,38.8112079,-0.2291638,660.0,19.0,19.0,False,False,641.0,38.810612,-0.232217,13.2,False,Calculada sobre MDT25 © IGN (CC BY 4.0)
node/6461119336,,Alicante/Alacant,628.0,38.8177808,-0.2084635,626.0,8.0,8.0,False,False,618.0,38.817061,-0.209799,16.0,False,Calculada sobre MDT25 © IGN (CC BY 4.0)
node/6463624867,,Alicante/Alacant,708.0,38.7964093,-0.2998539,710.0,27.0,27.0,False,False,683.0,38.796329,-0.295514,3.1,False,Calculada sobre MDT25 © IGN (CC BY 4.0)
node/6463624869,Lloma del Pelegrí,Alicante/Alacant,716.0,38.7938332,-0.284896,718.0,25.0,25.0,False,False,693.0,38.795182,-0.284908,19.5,False,Calculada sobre MDT25 © IGN (CC BY 4.0)
node/6463624872,Tossal de la Roca,Alicante/Alacant,679.0,38.7911975,-0.2802796,676.0,30.0,30.0,False,False,646.0,38.792089,-0.277831,11.1,False,Calculada sobre MDT25 © IGN (CC BY 4.0)
node/6463629025,Tossal del Morro Moll,Alicante/Alacant,647.0,38.7854911,-0.2819642,647.0,14.0,14.0,False,False,633.0,38.786087,-0.281225,14.1,False,Calculada sobre MDT25 © IGN (CC BY 4.0)
node/6463629026,,Alicante/Alacant,610.0,38.7831466,-0.2858398,609.0,10.0,10.0,False,False,599.0,38.782785,-0.284516,20.0,False,Calculada sobre MDT25 © IGN (CC BY 4.0)
node/6463629028,Lloma de les Ronxes,Alicante/Alacant,670.0,38.7826006,-0.2794848,670.0,28.0,28.0,False,False,642.0,38.780532,-0.274818,38.1,False,Calculada sobre MDT25 © IGN (CC BY 4.0)
node/6463629077,,Alicante/Alacant,689.0,38.7873962,-0.2646346,689.0,29.0,29.0,False,False,660.0,38.790234,-0.256317,17.5,False,Calculada sobre MDT25 © IGN (CC BY 4.0)
node/6463629078,,Alicante/Alacant,646.0,38.7809766,-0.2686394,644.0,12.0,12.0,False,False,632.0,38.77994,-0.268797,18.5,False,Calculada sobre MDT25 © IGN (CC BY 4.0)
node/6463640242,,Alicante/Alacant,426.0,38.8223284,-0.2505779,427.0,25.0,25.0,False,False,402.0,38.821187,-0.25081,28.0,False,Calculada sobre MDT25 © IGN (CC BY 4.0)
node/6463640243,,Alicante/Alacant,475.0,38.8176954,-0.2502148,477.0,10.0,10.0,False,False,467.0,38.816898,-0.250399,16.0,False,Calculada sobre MDT25 © IGN (CC BY 4.0)
node/6463640244,,Alicante/Alacant,483.0,38.8178141,-0.2459948,485.0,26.0,26.0,False,False,459.0,38.816803,-0.246372,12.6,False,Calculada sobre MDT25 © IGN (CC BY 4.0)
node/6463640259,,Alicante/Alacant,649.0,38.8077522,-0.2347407,647.0,14.0,14.0,False,False,633.0,38.808941,-0.237751,9.6,False,Calculada sobre MDT25 © IGN (CC BY 4.0)
node/6469343305,Tossal del Pedregar,Alicante/Alacant,679.0,38.8065217,-0.3221452,684.0,18.0,18.0,False,False,666.0,38.808813,-0.319223,12.3,False,Calculada sobre MDT25 © IGN (CC BY 4.0)
node/6469343307,,Alicante/Alacant,611.0,38.794165,-0.3211371,613.0,10.0,10.0,False,False,603.0,38.794675,-0.32148,20.3,False,Calculada sobre MDT25 © IGN (CC BY 4.0)
node/6469343311,Tossal del Llombar,Alicante/Alacant,649.0,38.7974462,-0.3344648,651.0,10.0,10.0,False,False,641.0,38.796592,-0.336375,13.1,False,Calculada sobre MDT25 © IGN (CC BY 4.0)
node/6469343313,Penyetes del Magre,Alicante/Alacant,654.0,38.7957471,-0.3373886,656.0,98.0,98.0,False,False,558.0,38.797084,-0.328297,15.1,False,Calculada sobre MDT25 © IGN (CC BY 4.0)
node/6476073198,la Murta,Alicante/Alacant,504.0,38.4520368,-0.608229,504.0,106.0,106.0,False,False,398.0,38.454252,-0.609123,11.3,False,Calculada sobre MDT25 © IGN (CC BY 4.0)
node/6501314781,la Creueta,Valencia/València,492.0,39.0368853,-0.3201292,492.0,7.0,7.0,False,False,485.0,39.03797,-0.323286,12.8,False,Calculada sobre MDT25 © IGN (CC BY 4.0)
node/6668227869,Pico de Tristán,Castellón/Castelló,798.0,39.7358925,-0.4738021,796.0,36.0,36.0,False,False,760.0,39.734725,-0.470367,4.2,False,Calculada sobre MDT25 © IGN (CC BY 4.0)
node/6707741230,Santa Barbara - Monte Pina,Castellón/Castelló,1404.0,40.0286592,-0.6285209,1399.0,411.0,411.0,False,False,988.0,40.008976,-0.69427,8.5,False,Calculada sobre MDT25 © IGN (CC BY 4.0)
node/6753034632,Monte Gordo,Valencia/València,1023.0,39.5335177,-0.82912,1023.0,47.0,47.0,False,False,976.0,39.536602,-0.830118,21.3,False,Calculada sobre MDT25 © IGN (CC BY 4.0)
node/6817764858,Cormo de les Creuetes,Castellón/Castelló,379.0,40.0581545,0.0140672,376.0,101.0,101.0,False,False,275.0,40.05986,0.012301,17.3,False,Calculada sobre MDT25 © IGN (CC BY 4.0)
node/6819418465,el Cantal Gros,Castellón/Castelló,699.0,40.0759172,0.014,698.0,51.0,51.0,False,False,647.0,40.077523,0.017184,15.6,False,Calculada sobre MDT25 © IGN (CC BY 4.0)
node/6819418467,el Caragol de Panxa,Castellón/Castelló,696.0,40.0789347,0.0200283,696.0,38.0,38.0,False,False,658.0,40.080744,0.023189,15.8,False,Calculada sobre MDT25 © IGN (CC BY 4.0)
node/6900502671,Penyes de Moixell,Castellón/Castelló,713.0,39.8570135,-0.2796578,714.0,16.0,16.0,False,False,698.0,39.857646,-0.279422,8.1,False,Calculada sobre MDT25 © IGN (CC BY 4.0)
node/6920678190,Roca del Falcó,Castellón/Castelló,1239.0,40.2268898,-0.3215705,1238.0,20.0,20.0,False,False,1218.0,40.227747,-0.322246,12.3,False,Calculada sobre MDT25 © IGN (CC BY 4.0)
node/6920702057,,Castellón/Castelló,1812.0,40.2228465,-0.3505281,1812.0,438.0,438.0,False,False,1374.0,40.248658,-0.369914,13.0,True,Calculada sobre MDT25 © IGN (CC BY 4.0)
node/6920725631,Lloma de la Carrascosa,Castellón/Castelló,1307.0,40.2156511,-0.3055915,1305.0,43.0,43.0,False,False,1262.0,40.215277,-0.308931,41.5,False,Calculada sobre MDT25 © IGN (CC BY 4.0)
node/6920873374,el Comptador,Castellón/Castelló,1074.0,40.1968936,-0.2686877,1075.0,10.0,10.0,False,False,1065.0,40.197427,-0.267936,40.9,False,Calculada sobre MDT25 © IGN (CC BY 4.0)
node/6949824499,Llom del Matxo Flac,Valencia/València,585.0,39.1158577,-0.3314667,580.0,78.0,78.0,False,False,502.0,39.11754,-0.335889,12.9,False,Calculada sobre MDT25 © IGN (CC BY 4.0)
node/6957219339,Molló dels Tres Termes,Castellón/Castelló,1069.0,40.6369315,0.1393501,1068.0,103.0,103.0,False,False,965.0,40.637378,0.133306,14.5,False,Calculada sobre MDT25 © IGN (CC BY 4.0)
node/7051313649,La Soterraña,Valencia/València,489.0,39.5079061,-0.7676362,490.0,65.0,65.0,False,False,425.0,39.509335,-0.769906,21.2,False,Calculada sobre MDT25 © IGN (CC BY 4.0)
node/7084819078,Pascual,Castellón/Castelló,946.0,39.9011687,-0.4092432,945.0,132.0,132.0,False,False,813.0,39.896984,-0.403883,3.5,False,Calculada sobre MDT25 © IGN (CC BY 4.0)
node/7084853102,Las dos Tetas,Castellón/Castelló,875.0,39.9200431,-0.3912579,874.0,83.0,83.0,False,False,791.0,39.92046,-0.396269,9.9,False,Calculada sobre MDT25 © IGN (CC BY 4.0)
node/7084924385,Mola de la Penya Blanca,Castellón/Castelló,995.0,40.5772213,0.1283463,992.0,26.0,26.0,False,False,966.0,40.578289,0.128477,19.1,False,Calculada sobre MDT25 © IGN (CC BY 4.0)
node/7099964078,Lloma de Velart,Castellón/Castelló,1551.0,40.2367451,-0.3458183,1551.0,61.0,61.0,False,False,1490.0,40.233483,-0.346408,15.6,False,Calculada sobre MDT25 © IGN (CC BY 4.0)
node/7103576613,Alt del Trencall,Valencia/València,506.0,39.233662,-0.6159118,505.0,243.0,243.0,False,False,262.0,39.230649,-0.62961,9.6,False,Calculada sobre MDT25 © IGN (CC BY 4.0)
node/7170524361,Ebrí,Castellón/Castelló,508.0,40.2817425,0.2814422,509.0,55.0,55.0,False,False,454.0,40.290424,0.285995,23.8,False,Calculada sobre MDT25 © IGN (CC BY 4.0)
node/7179687767,Las Moratillas,Valencia/València,791.0,39.4089318,-0.9621756,792.0,22.0,22.0,False,False,770.0,39.408994,-0.960093,14.6,False,Calculada sobre MDT25 © IGN (CC BY 4.0)
node/7179740322,Cerro de Galán,Valencia/València,642.0,39.38547,-0.9662429,641.0,18.0,18.0,False,False,623.0,39.386614,-0.968291,107.8,False,Calculada sobre MDT25 © IGN (CC BY 4.0)
node/7191583049,Tossal de Fraga,Castellón/Castelló,1709.0,40.2234447,-0.3457559,1708.0,13.0,13.0,False,False,1695.0,40.224034,-0.346777,18.8,False,Calculada sobre MDT25 © IGN (CC BY 4.0)
node/7191586777,Mola de la Vila,Castellón/Castelló,947.0,40.65717,-0.2047973,947.0,142.0,142.0,False,False,805.0,40.662549,-0.225378,67.6,False,Calculada sobre MDT25 © IGN (CC BY 4.0)
node/7191609445,Mola del Vilar,Castellón/Castelló,1321.0,40.4536759,-0.1516209,1321.0,182.0,182.0,False,False,1139.0,40.454256,-0.142293,17.2,False,Calculada sobre MDT25 © IGN (CC BY 4.0)
node/7191615769,l'Esparreguera,Castellón/Castelló,1089.0,40.2973285,-0.0860736,1085.0,421.0,421.0,False,False,664.0,40.306611,-0.091173,23.8,False,Calculada sobre MDT25 © IGN (CC BY 4.0)
node/7191616109,Montcàtil,Castellón/Castelló,1116.0,40.3596362,-0.1399393,1118.0,278.0,278.0,False,False,840.0,40.378433,-0.135785,10.3,False,Calculada sobre MDT25 © IGN (CC BY 4.0)
node/7191618416,Tossal de Sant Cristòfol,Castellón/Castelló,1132.0,40.2478198,-0.2903025,1132.0,27.0,27.0,False,False,1105.0,40.250469,-0.292254,14.0,False,Calculada sobre MDT25 © IGN (CC BY 4.0)
node/7191618490,Castell de Culla,Castellón/Castelló,1123.0,40.3375902,-0.166706,1113.0,191.0,191.0,False,False,922.0,40.348065,-0.155319,27.6,False,Calculada sobre MDT25 © IGN (CC BY 4.0)
node/7191640315,Montornés,Castellón/Castelló,441.0,40.0616499,0.0294499,447.0,55.0,55.0,False,False,392.0,40.064815,0.029519,27.3,False,Calculada sobre MDT25 © IGN (CC BY 4.0)
node/7214343745,el Puntalet,Valencia/València,785.0,38.9061164,-0.8229722,784.0,5.0,5.0,False,False,779.0,38.906261,-0.824077,31.9,False,Calculada sobre MDT25 © IGN (CC BY 4.0)
node/7214343746,Alt del Racó,Valencia/València,803.0,38.9021037,-0.822237,802.0,25.0,25.0,False,False,777.0,38.903575,-0.825024,22.0,False,Calculada sobre MDT25 © IGN (CC BY 4.0)
node/7221190210,Lloma dels Castellans,Castellón/Castelló,1025.0,40.6455454,-0.261554,1021.0,41.0,41.0,False,False,980.0,40.647521,-0.265617,8.7,False,Calculada sobre MDT25 © IGN (CC BY 4.0)
node/7221224944,Molló Blanc,Castellón/Castelló,1262.0,40.5615344,-0.2448964,1258.0,133.0,133.0,False,False,1125.0,40.544236,-0.259198,16.7,False,Calculada sobre MDT25 © IGN (CC BY 4.0)
node/7233652051,Torre Algares,Castellón/Castelló,1222.0,40.6158643,-0.3584491,1222.0,40.0,40.0,False,False,1182.0,40.613991,-0.363316,21.1,False,Calculada sobre MDT25 © IGN (CC BY 4.0)
node/7241195100,El Cordeler,Castellón/Castelló,1124.0,40.4451682,-0.1107458,1125.0,44.0,44.0,False,False,1081.0,40.449154,-0.109201,16.8,False,Calculada sobre MDT25 © IGN (CC BY 4.0)
node/7264939823,,Valencia/València,809.0,38.8648361,-0.8562987,806.0,29.0,29.0,False,False,777.0,38.86634,-0.857854,17.8,False,Calculada sobre MDT25 © IGN (CC BY 4.0)
node/7264939910,Penya Roja,Valencia/València,642.0,38.8474651,-0.8500571,632.0,5.0,5.0,False,False,627.0,38.847731,-0.850347,4.0,False,Calculada sobre MDT25 © IGN (CC BY 4.0)
node/7264939911,Moleta del Fraile,Valencia/València,671.0,38.8500351,-0.8733872,667.0,49.0,49.0,False,False,618.0,38.85198,-0.873264,10.6,False,Calculada sobre MDT25 © IGN (CC BY 4.0)
node/7274026095,el Pilar de Ximo,Alicante/Alacant,1078.0,38.657723,-0.5762565,1080.0,18.0,18.0,False,False,1062.0,38.657847,-0.574501,17.9,False,Calculada sobre MDT25 © IGN (CC BY 4.0)
node/7274026096,Cabeç de Guillem,Alicante/Alacant,1135.0,38.6473503,-0.5639559,1135.0,44.0,44.0,False,False,1091.0,38.649795,-0.566442,15.7,False,Calculada sobre MDT25 © IGN (CC BY 4.0)
node/7274048352,Morros de Vistabella,Alicante/Alacant,1063.0,38.6645173,-0.5614561,1066.0,39.0,39.0,False,False,1027.0,38.663418,-0.56081,40.7,False,Calculada sobre MDT25 © IGN (CC BY 4.0)
node/7274055311,Alt de Pilat,Alicante/Alacant,1341.0,38.6586301,-0.5503816,1340.0,38.0,38.0,False,False,1302.0,38.659426,-0.542272,8.0,False,Calculada sobre MDT25 © IGN (CC BY 4.0)
node/7274055312,Cabeç Ras,Alicante/Alacant,1203.0,38.6580912,-0.5669305,1204.0,33.0,33.0,False,False,1171.0,38.657875,-0.56502,9.7,False,Calculada sobre MDT25 © IGN (CC BY 4.0)
node/7367296364,Montemayor,Valencia/València,566.0,39.1177716,-0.7923311,565.0,173.0,173.0,False,False,392.0,39.123268,-0.804979,11.9,False,Calculada sobre MDT25 © IGN (CC BY 4.0)
node/7367793940,Alto de Cazuma,Valencia/València,651.0,39.1055854,-0.8347767,650.0,22.0,22.0,False,False,628.0,39.104711,-0.836488,20.7,False,Calculada sobre MDT25 © IGN (CC BY 4.0)
node/7370360180,Peñon de los Machos,Valencia/València,1094.0,39.001754,-0.9119359,1091.0,4.0,4.0,False,False,1087.0,39.001605,-0.913823,13.9,False,Calculada sobre MDT25 © IGN (CC BY 4.0)
node/7370360182,La Flara,Valencia/València,651.0,39.0202553,-0.8404047,651.0,4.0,4.0,False,False,647.0,39.020516,-0.839058,44.8,False,Calculada sobre MDT25 © IGN (CC BY 4.0)
node/7370360183,La Cruz,Valencia/València,672.0,39.0438963,-0.8347035,674.0,4.0,4.0,False,False,670.0,39.042777,-0.836935,15.7,False,Calculada sobre MDT25 © IGN (CC BY 4.0)
node/7370360184,La Remesa,Valencia/València,623.0,39.0316447,-0.8271913,623.0,8.0,8.0,False,False,615.0,39.030427,-0.826916,41.5,False,Calculada sobre MDT25 © IGN (CC BY 4.0)
node/7370472785,Alto de Fabar,Valencia/València,593.0,39.0267111,-0.8144395,593.0,9.0,9.0,False,False,584.0,39.025478,-0.815228,20.1,False,Calculada sobre MDT25 © IGN (CC BY 4.0)
node/7370472786,Alto de Capitán,Valencia/València,581.0,39.0357541,-0.810322,581.0,9.0,9.0,False,False,572.0,39.033298,-0.81181,53.8,False,Calculada sobre MDT25 © IGN (CC BY 4.0)
node/7370472787,El Tollo,Valencia/València,588.0,39.0363601,-0.816894,589.0,15.0,15.0,False,False,574.0,39.034971,-0.816957,33.8,False,Calculada sobre MDT25 © IGN (CC BY 4.0)
node/7370472788,Peña del Rayo,Valencia/València,606.0,39.0452998,-0.8189937,607.0,11.0,11.0,False,False,596.0,39.045188,-0.821264,8.7,False,Calculada sobre MDT25 © IGN (CC BY 4.0)
node/7370472789,Puntal del Bolo de la Neclera,Valencia/València,504.0,39.0637673,-0.7800523,503.0,14.0,14.0,False,False,489.0,39.067074,-0.775516,47.6,False,Calculada sobre MDT25 © IGN (CC BY 4.0)
node/7370472790,Puntal de la Sima,Valencia/València,524.0,39.0640216,-0.7884557,523.0,10.0,10.0,False,False,513.0,39.063516,-0.789785,16.3,False,Calculada sobre MDT25 © IGN (CC BY 4.0)
node/7373811859,Mola del Pi,Valencia/València,504.0,38.9069769,-0.7533664,504.0,65.0,65.0,False,False,439.0,38.909531,-0.758822,30.2,False,Calculada sobre MDT25 © IGN (CC BY 4.0)
node/7377220952,Marco,Valencia/València,832.0,38.9138844,-0.8424964,831.0,26.0,26.0,False,False,805.0,38.912295,-0.845805,11.2,False,Calculada sobre MDT25 © IGN (CC BY 4.0)
node/7380308796,Cabeço de Cogom,Castellón/Castelló,1154.0,40.1746453,-0.330449,1157.0,48.0,48.0,False,False,1109.0,40.176803,-0.329829,9.9,False,Calculada sobre MDT25 © IGN (CC BY 4.0)
node/7380507272,Tossal de Gossalbo,Castellón/Castelló,870.0,40.1604315,-0.2273593,869.0,134.0,134.0,False,False,735.0,40.161252,-0.252364,30.5,False,Calculada sobre MDT25 © IGN (CC BY 4.0)
node/7380507273,Tossal del Rouret,Castellón/Castelló,848.0,40.1554847,-0.2384612,847.0,81.0,81.0,False,False,766.0,40.160088,-0.231866,5.4,False,Calculada sobre MDT25 © IGN (CC BY 4.0)
node/7395606682,la Penya Roja,Castellón/Castelló,740.0,40.1450182,-0.1978002,741.0,92.0,92.0,False,False,649.0,40.150708,-0.207009,8.2,False,Calculada sobre MDT25 © IGN (CC BY 4.0)
node/7416690656,lo Tossal,Castellón/Castelló,1024.0,40.6224974,0.1587526,1025.0,89.0,89.0,False,False,936.0,40.627562,0.154716,11.7,False,Calculada sobre MDT25 © IGN (CC BY 4.0)
node/7416690657,Tossal de la Borja,Castellón/Castelló,994.0,40.6252361,0.143425,995.0,51.0,51.0,False,False,944.0,40.627668,0.142604,18.0,False,Calculada sobre MDT25 © IGN (CC BY 4.0)
node/7416695219,Mola de la Pena,Castellón/Castelló,1004.0,40.6116649,0.1702634,1006.0,46.0,46.0,False,False,960.0,40.613714,0.167065,51.6,False,Calculada sobre MDT25 © IGN (CC BY 4.0)
node/7416695220,Mola de Bel,Castellón/Castelló,1011.0,40.6151785,0.162998,1010.0,49.0,49.0,False,False,961.0,40.617168,0.164273,0.2,False,Calculada sobre MDT25 © IGN (CC BY 4.0)
node/7434959665,Alt de Pina,Castellón/Castelló,264.0,40.0195795,-0.2867905,261.0,3.0,3.0,False,False,258.0,40.019752,-0.287343,52.8,False,Calculada sobre MDT25 © IGN (CC BY 4.0)
node/7434960304,la Muntanya Pelà,Castellón/Castelló,360.0,40.02799,-0.2920438,382.0,1.0,1.0,False,False,381.0,40.028432,-0.292565,27.6,False,Calculada sobre MDT25 © IGN (CC BY 4.0)
node/7438754598,Tossalet de Roda-soques,Castellón/Castelló,408.0,40.0691025,-0.2433176,409.0,26.0,26.0,False,False,383.0,40.069223,-0.246102,14.3,False,Calculada sobre MDT25 © IGN (CC BY 4.0)
node/7438789643,la Selleta,Castellón/Castelló,352.0,40.0551843,-0.2096075,353.0,55.0,55.0,False,False,298.0,40.052254,-0.214551,16.3,False,Calculada sobre MDT25 © IGN (CC BY 4.0)
node/7438789644,la Pedrera del Xufero,Castellón/Castelló,342.0,40.0511001,-0.2158557,343.0,45.0,45.0,False,False,298.0,40.053246,-0.218321,43.2,False,Calculada sobre MDT25 © IGN (CC BY 4.0)
node/7438803004,Tossal de les Foies,Castellón/Castelló,427.0,40.057724,-0.2307821,424.0,106.0,106.0,False,False,318.0,40.06024,-0.237672,48.5,False,Calculada sobre MDT25 © IGN (CC BY 4.0)
node/7450356654,,Alicante/Alacant,777.0,38.5165029,-0.7609253,775.0,6.0,6.0,False,False,769.0,38.516719,-0.760738,9.3,False,Calculada sobre MDT25 © IGN (CC BY 4.0)
node/7454432843,Puntal del Ferrer,Valencia/València,393.0,39.67072,-0.4460984,398.0,14.0,14.0,False,False,384.0,39.67116,-0.447334,8.4,False,Calculada sobre MDT25 © IGN (CC BY 4.0)
node/7455322696,Chimo,Valencia/València,733.0,39.7406887,-0.5226937,735.0,132.0,132.0,False,False,603.0,39.740708,-0.517991,38.4,False,Calculada sobre MDT25 © IGN (CC BY 4.0)
node/7455346298,La Moratilla,Castellón/Castelló,834.0,39.7366997,-0.484484,833.0,63.0,63.0,False,False,770.0,39.735466,-0.483758,17.3,False,Calculada sobre MDT25 © IGN (CC BY 4.0)
node/7460862065,la Foradà,Alicante/Alacant,989.0,38.5011201,-0.6736244,984.0,79.0,79.0,False,False,905.0,38.496301,-0.672513,40.2,False,Calculada sobre MDT25 © IGN (CC BY 4.0)
node/7461086436,Alto del Cochinet,Alicante/Alacant,801.0,38.5411981,-0.767265,799.0,63.0,63.0,False,False,736.0,38.543635,-0.7665,15.2,False,Calculada sobre MDT25 © IGN (CC BY 4.0)
node/7469618555,la Muela del Tormo,Castellón/Castelló,803.0,40.0744704,-0.4157224,804.0,135.0,135.0,False,False,669.0,40.070826,-0.403153,28.5,False,Calculada sobre MDT25 © IGN (CC BY 4.0)
node/7474143050,La Clapiza,Castellón/Castelló,972.0,39.9730748,-0.7039561,972.0,0.0,0.0,False,True,,,,,False,Calculada sobre MDT25 © IGN (CC BY 4.0)
node/7474201799,Roques Negres,Castellón/Castelló,560.0,40.2257151,-0.134959,560.0,9.0,9.0,False,False,551.0,40.226649,-0.135436,19.1,False,Calculada sobre MDT25 © IGN (CC BY 4.0)
node/7474201800,Collet de Garrido,Castellón/Castelló,554.0,40.2286555,-0.1301676,554.0,15.0,15.0,False,False,539.0,40.22974,-0.132955,20.3,False,Calculada sobre MDT25 © IGN (CC BY 4.0)
node/7474201801,Collet de la Llomera,Castellón/Castelló,532.0,40.2270733,-0.1221805,534.0,24.0,24.0,False,False,510.0,40.228215,-0.125969,16.4,False,Calculada sobre MDT25 © IGN (CC BY 4.0)
node/7476780341,Piedra Partida,Castellón/Castelló,812.0,40.0397002,-0.4897511,812.0,29.0,29.0,False,False,783.0,40.038502,-0.489641,14.2,False,Calculada sobre MDT25 © IGN (CC BY 4.0)
node/7476815769,el Rosaire,Castellón/Castelló,651.0,40.0570324,-0.4790311,651.0,3.0,3.0,False,False,648.0,40.056738,-0.479008,8.2,False,Calculada sobre MDT25 © IGN (CC BY 4.0)
node/7476815770,el Campero,Castellón/Castelló,914.0,40.0522088,-0.4923878,914.0,86.0,86.0,False,False,828.0,40.05015,-0.497126,27.3,False,Calculada sobre MDT25 © IGN (CC BY 4.0)
node/7494924837,els Castellets,Castellón/Castelló,571.0,39.8767166,-0.2785484,570.0,8.0,8.0,False,False,562.0,39.876552,-0.278967,11.7,False,Calculada sobre MDT25 © IGN (CC BY 4.0)
node/7523784521,el Solaig,Castellón/Castelló,325.0,39.9081332,-0.2054491,326.0,107.0,107.0,False,False,219.0,39.907775,-0.209304,3.3,False,Calculada sobre MDT25 © IGN (CC BY 4.0)
node/7523784522,Penya Lilot,Castellón/Castelló,265.0,39.9086473,-0.2110371,268.0,25.0,25.0,False,False,243.0,39.909646,-0.212152,7.9,False,Calculada sobre MDT25 © IGN (CC BY 4.0)
node/7543637642,la Talaia,Castellón/Castelló,344.0,39.9925812,-0.2535989,344.0,119.0,119.0,False,False,225.0,39.993892,-0.260259,23.3,False,Calculada sobre MDT25 © IGN (CC BY 4.0)
node/7551405454,la Buitrera,Valencia/València,292.0,39.6111924,-0.6124846,289.0,117.0,117.0,False,False,172.0,39.62823,-0.5992,23.8,False,Calculada sobre MDT25 © IGN (CC BY 4.0)
node/7551405455,,Valencia/València,256.0,39.6138064,-0.6205518,257.0,47.0,47.0,False,False,210.0,39.613304,-0.618061,9.7,False,Calculada sobre MDT25 © IGN (CC BY 4.0)
node/7554364380,Penya Negra,Castellón/Castelló,529.0,39.9354326,-0.3136589,530.0,34.0,34.0,False,False,496.0,39.934853,-0.316444,11.6,False,Calculada sobre MDT25 © IGN (CC BY 4.0)
node/7554397359,Monte Redó,Castellón/Castelló,608.0,39.9155336,-0.2924882,609.0,88.0,88.0,False,False,521.0,39.917605,-0.29138,14.6,False,Calculada sobre MDT25 © IGN (CC BY 4.0)
node/7556727892,Alt de la Figuerota,Valencia/València,735.0,38.9965924,-0.3036243,732.0,12.0,12.0,False,False,720.0,38.99629,-0.303211,14.0,False,Calculada sobre MDT25 © IGN (CC BY 4.0)
node/7556829394,Tossal de la Caldereta,Valencia/València,470.0,38.9991495,-0.2617873,470.0,46.0,46.0,False,False,424.0,39.000055,-0.261792,37.6,False,Calculada sobre MDT25 © IGN (CC BY 4.0)
node/7563629108,,Alicante/Alacant,783.0,38.516122,-0.7567061,781.0,21.0,21.0,False,False,760.0,38.517334,-0.757565,42.4,False,Calculada sobre MDT25 © IGN (CC BY 4.0)
node/7563804696,Tossal del Tramús,Valencia/València,582.0,38.9953708,-0.2687719,580.0,86.0,86.0,False,False,494.0,38.995982,-0.270608,17.1,False,Calculada sobre MDT25 © IGN (CC BY 4.0)
node/7567531991,Cabeço del Rutlo,Alicante/Alacant,656.0,38.5070875,-0.7733191,653.0,66.0,66.0,False,False,587.0,38.506966,-0.769067,20.9,False,Calculada sobre MDT25 © IGN (CC BY 4.0)
node/7570284522,l'Almorxoneta,Alicante/Alacant,560.0,38.5018183,-0.7807642,561.0,42.0,42.0,False,False,519.0,38.501979,-0.779255,19.2,False,Calculada sobre MDT25 © IGN (CC BY 4.0)
node/7570284523,Puntal de Santa Bàrbera,Alicante/Alacant,547.0,38.4980367,-0.7845676,543.0,19.0,19.0,False,False,524.0,38.500007,-0.782182,22.2,False,Calculada sobre MDT25 © IGN (CC BY 4.0)
node/7570284524,el Rutlo,Alicante/Alacant,589.0,38.5042343,-0.7760838,585.0,12.0,12.0,False,False,573.0,38.50461,-0.775447,21.6,False,Calculada sobre MDT25 © IGN (CC BY 4.0)
node/7601754376,la Talaia,Castellón/Castelló,922.0,39.9354304,-0.3953144,920.0,79.0,79.0,False,False,841.0,39.934728,-0.399824,13.5,False,Calculada sobre MDT25 © IGN (CC BY 4.0)
node/7603057296,les Àguiles,Castellón/Castelló,521.0,39.9441742,-0.3369785,521.0,23.0,23.0,False,False,498.0,39.943459,-0.338051,20.9,False,Calculada sobre MDT25 © IGN (CC BY 4.0)
node/7603244132,Creueta dels Trons,Castellón/Castelló,692.0,39.9212185,-0.3477647,690.0,63.0,63.0,False,False,627.0,39.923543,-0.353448,9.1,False,Calculada sobre MDT25 © IGN (CC BY 4.0)
node/7603278470,Alt de Molina,Castellón/Castelló,739.0,39.9304261,-0.3696677,739.0,47.0,47.0,False,False,692.0,39.931553,-0.368936,9.1,False,Calculada sobre MDT25 © IGN (CC BY 4.0)
node/7603316370,Picaio,Castellón/Castelló,1016.0,39.8970297,-0.3599941,1014.0,52.0,52.0,False,False,962.0,39.898397,-0.366696,29.3,False,Calculada sobre MDT25 © IGN (CC BY 4.0)
node/7603580089,Sierra de la Villa,Alicante/Alacant,780.0,38.6402275,-0.8484766,779.0,212.0,212.0,False,False,567.0,38.669981,-0.800794,3.8,False,Calculada sobre MDT25 © IGN (CC BY 4.0)
node/7625005661,Peñas de Castellón,Castellón/Castelló,789.0,40.1168448,-0.372396,786.0,8.0,8.0,False,False,778.0,40.117178,-0.37147,14.6,False,Calculada sobre MDT25 © IGN (CC BY 4.0)
node/7636134241,La muntanyeta del Cabeçol,Valencia/València,27.0,39.5979906,-0.3105447,26.0,13.0,13.0,False,False,13.0,39.598507,-0.311721,5.1,False,Calculada sobre MDT25 © IGN (CC BY 4.0)
node/7639816176,Tossal de Ribalta,Castellón/Castelló,276.0,40.0435796,0.0045491,276.0,123.0,123.0,False,False,153.0,40.050272,0.008655,4.8,False,Calculada sobre MDT25 © IGN (CC BY 4.0)
node/7644752105,Morral Blanc,Castellón/Castelló,676.0,40.0871392,0.0264993,671.0,0.0,0.0,False,True,,,,,False,Calculada sobre MDT25 © IGN (CC BY 4.0)
node/7647036259,Tossal del Llop,Castellón/Castelló,1183.0,40.2685493,-0.2503241,1181.0,25.0,25.0,False,False,1156.0,40.265929,-0.250776,17.6,False,Calculada sobre MDT25 © IGN (CC BY 4.0)
node/7650657795,Alt del Pinar,Castellón/Castelló,974.0,39.8776515,-0.3579525,974.0,180.0,180.0,False,False,794.0,39.890356,-0.359695,16.8,False,Calculada sobre MDT25 © IGN (CC BY 4.0)
node/7653926100,Canterica El Primo,Castellón/Castelló,897.0,40.1098562,-0.3614586,895.0,29.0,29.0,False,False,866.0,40.112444,-0.361387,43.8,False,Calculada sobre MDT25 © IGN (CC BY 4.0)
node/7653926289,La Talaya,Castellón/Castelló,859.0,40.0945391,-0.3595358,858.0,29.0,29.0,False,False,829.0,40.095092,-0.360885,18.6,False,Calculada sobre MDT25 © IGN (CC BY 4.0)
node/7653926504,Alto de Sanahúja,Castellón/Castelló,791.0,40.0731664,-0.3679827,790.0,103.0,103.0,False,False,687.0,40.07123,-0.371187,127.4,False,Calculada sobre MDT25 © IGN (CC BY 4.0)
node/7682171471,El Basal,Castellón/Castelló,619.0,40.0370509,-0.3807271,617.0,22.0,22.0,False,False,595.0,40.03748,-0.382446,7.0,False,Calculada sobre MDT25 © IGN (CC BY 4.0)
node/7682171472,Monte Redondo,Castellón/Castelló,588.0,40.0377884,-0.3770776,588.0,13.0,13.0,False,False,575.0,40.037394,-0.37864,7.4,False,Calculada sobre MDT25 © IGN (CC BY 4.0)
node/7682379879,el Cabeço Blanc,Castellón/Castelló,786.0,40.0697177,-0.3121813,785.0,39.0,39.0,False,False,746.0,40.070566,-0.322553,14.6,False,Calculada sobre MDT25 © IGN (CC BY 4.0)
node/7682420433,Tossal de l'Andreva,Castellón/Castelló,724.0,40.231938,-0.2086701,722.0,0.0,0.0,False,True,,,,,False,Calculada sobre MDT25 © IGN (CC BY 4.0)
node/7682420607,Tossal Pelat,Castellón/Castelló,751.0,40.2359623,-0.2312483,750.0,32.0,32.0,False,False,718.0,40.236537,-0.236392,10.3,False,Calculada sobre MDT25 © IGN (CC BY 4.0)
node/7682420608,el Tossalet,Castellón/Castelló,755.0,40.2386849,-0.2385094,755.0,18.0,18.0,False,False,737.0,40.239095,-0.239815,14.7,False,Calculada sobre MDT25 © IGN (CC BY 4.0)
node/7682420609,,Castellón/Castelló,1082.0,40.2473282,-0.2656665,1081.0,14.0,14.0,False,False,1067.0,40.248476,-0.265002,30.5,False,Calculada sobre MDT25 © IGN (CC BY 4.0)
node/7682420610,,Castellón/Castelló,1085.0,40.2504121,-0.263128,1084.0,0.0,0.0,False,True,,,,,False,Calculada sobre MDT25 © IGN (CC BY 4.0)
node/7685882726,Tossal de n'Arques,Castellón/Castelló,431.0,40.1156344,-0.111424,433.0,25.0,25.0,False,False,408.0,40.111281,-0.114476,25.7,False,Calculada sobre MDT25 © IGN (CC BY 4.0)
node/7685994500,la Moleta,Castellón/Castelló,1056.0,40.3010017,-0.0804013,1058.0,12.0,12.0,False,False,1046.0,40.300736,-0.081426,20.8,False,Calculada sobre MDT25 © IGN (CC BY 4.0)
node/7700648734,Roca de la Ullera,Castellón/Castelló,619.0,40.1970461,-0.1657089,619.0,17.0,17.0,False,False,602.0,40.200697,-0.160611,21.8,False,Calculada sobre MDT25 © IGN (CC BY 4.0)
node/7721732798,Lloma dels Galls,Alicante/Alacant,110.0,38.359334,-0.5137444,104.0,28.0,28.0,False,False,76.0,38.36013,-0.513523,16.0,False,Calculada sobre MDT25 © IGN (CC BY 4.0)
node/7741926786,Alt de la Montera,Alicante/Alacant,337.23,38.5336842,-0.0893361,338.0,70.0,70.0,False,False,268.0,38.53543,-0.086227,15.1,False,Calculada sobre MDT25 © IGN (CC BY 4.0)
node/7741995927,el Volador,Alicante/Alacant,615.97,38.5933506,-0.2146487,612.0,12.0,12.0,False,False,600.0,38.593273,-0.213898,11.4,False,Calculada sobre MDT25 © IGN (CC BY 4.0)
node/7742037055,Bèrnia,Alicante/Alacant,1126.0,38.6634851,-0.0549927,1124.0,536.0,536.0,False,False,588.0,38.715925,-0.053609,16.9,False,Calculada sobre MDT25 © IGN (CC BY 4.0)
node/7768165218,el Reboll,Castellón/Castelló,175.0,40.0573424,0.0473918,175.0,83.0,83.0,False,False,92.0,40.062625,0.052867,27.7,False,Calculada sobre MDT25 © IGN (CC BY 4.0)
node/7768277947,Tossal de l'Alqueria,Alicante/Alacant,422.65,38.5750381,-0.1991084,423.0,6.0,6.0,False,False,417.0,38.575808,-0.199366,26.8,False,Calculada sobre MDT25 © IGN (CC BY 4.0)
node/7768277948,Tossal de Gostinet,Alicante/Alacant,502.73,38.5778576,-0.2019558,504.0,18.0,18.0,False,False,486.0,38.578543,-0.200694,38.6,False,Calculada sobre MDT25 © IGN (CC BY 4.0)
node/7768278084,Tossal d'Avellà,Alicante/Alacant,744.0,38.6011282,-0.2080412,736.0,2.0,2.0,False,False,734.0,38.600781,-0.20758,15.3,False,Calculada sobre MDT25 © IGN (CC BY 4.0)
node/7772658265,Mola del Mas d'en Riera,Castellón/Castelló,852.0,40.6553965,0.1388294,852.0,22.0,22.0,False,False,830.0,40.660452,0.137639,62.3,False,Calculada sobre MDT25 © IGN (CC BY 4.0)
node/7772661758,Pic de l'Espinosa,Castellón/Castelló,1205.0,40.6502997,0.0897431,1202.0,34.0,34.0,False,False,1168.0,40.650369,0.085725,23.0,False,Calculada sobre MDT25 © IGN (CC BY 4.0)
node/7773392437,Tossal de n'Aguilar,Castellón/Castelló,1249.0,40.6602138,0.0960017,1251.0,87.0,87.0,False,False,1164.0,40.670351,0.104686,5.7,False,Calculada sobre MDT25 © IGN (CC BY 4.0)
node/7779225830,la Tossa,Castellón/Castelló,865.0,40.6595954,0.2423674,864.0,63.0,63.0,False,False,801.0,40.660343,0.239346,33.5,False,Calculada sobre MDT25 © IGN (CC BY 4.0)
node/7779225831,Penya de l'Àguila,Castellón/Castelló,873.0,40.6602848,0.2363763,866.0,66.0,66.0,False,False,800.0,40.659143,0.233966,83.1,True,Calculada sobre MDT25 © IGN (CC BY 4.0)
node/7779343079,Morral Desplegat,Castellón/Castelló,856.0,40.7092466,0.2220831,848.0,34.0,34.0,False,False,814.0,40.710109,0.223118,30.6,False,Calculada sobre MDT25 © IGN (CC BY 4.0)
node/7779438012,,Castellón/Castelló,690.0,40.70586,0.2317637,686.0,52.0,52.0,False,False,634.0,40.706537,0.230047,5.6,False,Calculada sobre MDT25 © IGN (CC BY 4.0)
node/7798248396,la Roca,Castellón/Castelló,1073.0,40.2449172,-0.2859563,1067.0,16.0,16.0,False,False,1051.0,40.245402,-0.28746,60.0,False,Calculada sobre MDT25 © IGN (CC BY 4.0)
node/7798248397,la Roca Penyanposos,Castellón/Castelló,1055.0,40.2467674,-0.2880639,1070.0,4.0,4.0,False,False,1066.0,40.246787,-0.288874,50.6,False,Calculada sobre MDT25 © IGN (CC BY 4.0)
node/7804004585,el Muixacre,Castellón/Castelló,1275.0,40.5437739,-0.0848603,1272.0,39.0,39.0,False,False,1233.0,40.537674,-0.074406,28.5,False,Calculada sobre MDT25 © IGN (CC BY 4.0)
node/7823000788,la Creueta,Alicante/Alacant,424.0,38.4335523,-0.6260068,432.0,4.0,4.0,False,False,428.0,38.434531,-0.625239,72.0,False,Calculada sobre MDT25 © IGN (CC BY 4.0)
node/7850143055,,Castellón/Castelló,374.0,40.0618673,0.0087293,370.0,4.0,4.0,False,False,366.0,40.0622,0.008887,17.8,False,Calculada sobre MDT25 © IGN (CC BY 4.0)
node/7850143056,,Castellón/Castelló,397.0,40.0625054,0.0104523,391.0,3.0,3.0,False,False,388.0,40.062837,0.010381,13.8,False,Calculada sobre MDT25 © IGN (CC BY 4.0)
node/7891369884,la Tarta,Alicante/Alacant,497.0,38.4434039,-0.6182134,496.0,58.0,58.0,False,False,438.0,38.450617,-0.618696,12.9,False,Calculada sobre MDT25 © IGN (CC BY 4.0)
node/7945818638,El Nugorro,Castellón/Castelló,782.0,40.4534163,0.0295011,779.0,11.0,11.0,False,False,768.0,40.454131,0.030442,24.0,False,Calculada sobre MDT25 © IGN (CC BY 4.0)
node/7945922971,Morral del Voltor,Castellón/Castelló,865.0,40.4694852,0.0788723,863.0,127.0,127.0,False,False,736.0,40.466593,0.061665,28.2,False,Calculada sobre MDT25 © IGN (CC BY 4.0)
node/7951827859,Moleta de la Clocha,Castellón/Castelló,1431.0,40.2059621,-0.3595264,1430.0,56.0,56.0,False,False,1374.0,40.207468,-0.360934,51.6,False,Calculada sobre MDT25 © IGN (CC BY 4.0)
node/7960825320,Tozal del Montudillo,Castellón/Castelló,1220.0,40.2010321,-0.3671433,1218.0,13.0,13.0,False,False,1205.0,40.201295,-0.366754,18.5,False,Calculada sobre MDT25 © IGN (CC BY 4.0)
node/7998177906,la Rueta de Pa,Castellón/Castelló,404.0,40.0881691,0.0653964,405.0,22.0,22.0,False,False,383.0,40.086157,0.065646,54.1,False,Calculada sobre MDT25 © IGN (CC BY 4.0)
node/7998229194,Tossal Redó,Castellón/Castelló,545.0,40.0965346,0.0485933,544.0,0.0,0.0,False,True,,,,,False,Calculada sobre MDT25 © IGN (CC BY 4.0)
node/8019708700,el Molló Roig,Castellón/Castelló,302.0,40.0740747,0.0942415,302.0,44.0,44.0,False,False,258.0,40.076569,0.087494,35.2,False,Calculada sobre MDT25 © IGN (CC BY 4.0)
node/8022891027,el Puntal,Castellón/Castelló,422.0,40.0904618,0.1061938,421.0,124.0,124.0,False,False,297.0,40.082759,0.083377,9.3,False,Calculada sobre MDT25 © IGN (CC BY 4.0)
node/8022891028,Tossal Redó,Castellón/Castelló,407.0,40.08695,0.1083262,406.0,7.0,7.0,False,False,399.0,40.087747,0.107349,15.6,False,Calculada sobre MDT25 © IGN (CC BY 4.0)
node/8022918473,Alt del Pla,Castellón/Castelló,149.0,40.119808,0.1208312,148.0,9.0,9.0,False,False,139.0,40.119152,0.120219,34.9,False,Calculada sobre MDT25 © IGN (CC BY 4.0)
node/8037953980,Penya de Migdia,Valencia/València,741.0,38.8354997,-0.4133476,748.0,9.0,9.0,False,False,739.0,38.835261,-0.413263,8.2,False,Calculada sobre MDT25 © IGN (CC BY 4.0)
node/8041980205,Alto de Cinco Pinos,Valencia/València,1176.0,39.5835938,-1.0138968,1176.0,252.0,252.0,False,False,924.0,39.65721,-1.106668,10.1,True,Calculada sobre MDT25 © IGN (CC BY 4.0)
node/8072385178,,Castellón/Castelló,208.0,40.0669644,0.0615036,208.0,22.0,22.0,False,False,186.0,40.068505,0.060458,26.9,False,Calculada sobre MDT25 © IGN (CC BY 4.0)
node/8072385179,,Castellón/Castelló,228.0,40.0710109,0.0607989,224.0,22.0,22.0,False,False,202.0,40.072755,0.061527,28.5,False,Calculada sobre MDT25 © IGN (CC BY 4.0)
node/8090489081,Cerrito del Enebral,Castellón/Castelló,1206.0,40.0318362,-0.6495613,1213.0,59.0,59.0,False,False,1154.0,40.032043,-0.643101,12.5,False,Calculada sobre MDT25 © IGN (CC BY 4.0)
node/8090489082,Alto de la Torre de Ragudo,Castellón/Castelló,1069.0,39.9636229,-0.656017,1069.0,12.0,12.0,False,False,1057.0,39.963212,-0.658346,22.7,False,Calculada sobre MDT25 © IGN (CC BY 4.0)
node/8094874130,Puntal Gros,Alicante/Alacant,1086.0,38.3291884,-0.9718394,1084.0,484.0,484.0,False,False,600.0,38.41376,-1.009582,26.8,False,Calculada sobre MDT25 © IGN (CC BY 4.0)
node/8116683791,la Mesquita,Castellón/Castelló,778.0,39.8840249,-0.3538157,771.0,6.0,6.0,False,False,765.0,39.88281,-0.354723,26.6,False,Calculada sobre MDT25 © IGN (CC BY 4.0)
node/8173258677,,Castellón/Castelló,1211.0,40.6712023,0.0633384,1205.0,21.0,21.0,False,False,1184.0,40.672348,0.063672,3.4,False,Calculada sobre MDT25 © IGN (CC BY 4.0)
node/8173258680,,Castellón/Castelló,1287.0,40.6754052,0.0701037,1282.0,34.0,34.0,False,False,1248.0,40.677178,0.068329,10.9,False,Calculada sobre MDT25 © IGN (CC BY 4.0)
node/8173258681,,Castellón/Castelló,1282.0,40.6829075,0.0830547,1277.0,41.0,41.0,False,False,1236.0,40.683227,0.086354,5.4,False,Calculada sobre MDT25 © IGN (CC BY 4.0)
node/8173258682,,Castellón/Castelló,1268.0,40.686675,0.0791122,1263.0,46.0,46.0,False,False,1217.0,40.685964,0.068141,13.7,False,Calculada sobre MDT25 © IGN (CC BY 4.0)
node/8173258683,Mola de Ca Josep,Castellón/Castelló,1254.0,40.6918846,0.0881384,1250.0,5.0,5.0,False,False,1245.0,40.691702,0.089408,18.4,False,Calculada sobre MDT25 © IGN (CC BY 4.0)
node/8173258684,,Castellón/Castelló,1249.0,40.6868324,0.093418,1248.0,39.0,39.0,False,False,1209.0,40.685053,0.093833,8.8,False,Calculada sobre MDT25 © IGN (CC BY 4.0)
node/8173258686,,Castellón/Castelló,1282.0,40.6847694,0.0879885,1277.0,51.0,51.0,False,False,1226.0,40.681428,0.086271,7.2,False,Calculada sobre MDT25 © IGN (CC BY 4.0)
node/8173258687,,Castellón/Castelló,1223.0,40.6885719,0.0995392,1219.0,38.0,38.0,False,False,1181.0,40.687762,0.101945,20.0,False,Calculada sobre MDT25 © IGN (CC BY 4.0)
node/8173258688,,Castellón/Castelló,1202.0,40.686675,0.1107557,1206.0,4.0,4.0,False,False,1202.0,40.687749,0.110819,50.4,False,Calculada sobre MDT25 © IGN (CC BY 4.0)
node/8173258689,,Castellón/Castelló,1204.0,40.6608367,0.1044937,1205.0,16.0,16.0,False,False,1189.0,40.66321,0.102285,22.2,False,Calculada sobre MDT25 © IGN (CC BY 4.0)
node/8173258690,,Castellón/Castelló,1198.0,40.6533552,0.0891641,1198.0,28.0,28.0,False,False,1170.0,40.652298,0.089362,9.2,False,Calculada sobre MDT25 © IGN (CC BY 4.0)
node/8173258691,,Castellón/Castelló,1131.0,40.6451779,0.0886452,1131.0,23.0,23.0,False,False,1108.0,40.646234,0.088786,18.7,False,Calculada sobre MDT25 © IGN (CC BY 4.0)
node/8173258694,,Castellón/Castelló,1171.0,40.6590971,0.0449096,1171.0,39.0,39.0,False,False,1132.0,40.660518,0.042728,15.0,False,Calculada sobre MDT25 © IGN (CC BY 4.0)
node/8173258696,,Castellón/Castelló,1132.0,40.6660115,0.0613575,1132.0,8.0,8.0,False,False,1124.0,40.665431,0.061285,11.0,False,Calculada sobre MDT25 © IGN (CC BY 4.0)
node/8196063996,Tossal de Raca,Castellón/Castelló,458.0,40.0498052,-0.0153153,456.0,138.0,138.0,False,False,318.0,40.054484,-0.014896,7.9,False,Calculada sobre MDT25 © IGN (CC BY 4.0)
node/8222434585,Tossal de Purri,Castellón/Castelló,498.0,40.0534034,-0.0894896,496.0,15.0,15.0,False,False,481.0,40.053664,-0.088778,16.3,False,Calculada sobre MDT25 © IGN (CC BY 4.0)
node/8227948986,Pic Prim,Alicante/Alacant,1344.0,38.5948381,-0.2018753,1338.0,60.0,60.0,False,False,1278.0,38.596299,-0.199143,17.8,False,Calculada sobre MDT25 © IGN (CC BY 4.0)
node/8243957286,Fabuquello,Castellón/Castelló,562.0,40.3071517,0.2957004,560.0,3.0,3.0,False,False,557.0,40.307479,0.29594,13.5,False,Calculada sobre MDT25 © IGN (CC BY 4.0)
node/8254151114,Alt de la Bota,Castellón/Castelló,445.0,40.3499088,0.3332953,443.0,92.0,92.0,False,False,351.0,40.34479,0.321889,30.3,False,Calculada sobre MDT25 © IGN (CC BY 4.0)
node/8258653727,el Recingle Alt,Alicante/Alacant,1359.0,38.7061004,-0.3076644,1356.0,172.0,172.0,False,False,1184.0,38.712015,-0.282597,15.0,False,Calculada sobre MDT25 © IGN (CC BY 4.0)
node/8259421115,Penya Meralda,Alicante/Alacant,1288.0,38.7032963,-0.2999944,1284.0,41.0,41.0,False,False,1243.0,38.70475,-0.299545,75.6,False,Calculada sobre MDT25 © IGN (CC BY 4.0)
node/8262220037,el Corralet,Castellón/Castelló,828.0,39.8793595,-0.3381467,824.0,23.0,23.0,False,False,801.0,39.878829,-0.338215,9.9,False,Calculada sobre MDT25 © IGN (CC BY 4.0)
node/8273520493,Lloma Redonda,Alicante/Alacant,368.0,38.4098732,-0.7109485,367.0,64.0,64.0,False,False,303.0,38.411674,-0.710447,11.2,False,Calculada sobre MDT25 © IGN (CC BY 4.0)
node/8276470240,Muntanya de la Cova de Brauli,Valencia/València,330.0,39.6710005,-0.3525884,327.0,12.0,12.0,False,False,315.0,39.671535,-0.353479,7.8,False,Calculada sobre MDT25 © IGN (CC BY 4.0)
node/8276470265,els Rodenos Negres,Valencia/València,421.0,39.6660855,-0.3678628,419.0,4.0,4.0,False,False,415.0,39.666446,-0.36737,22.9,False,Calculada sobre MDT25 © IGN (CC BY 4.0)
node/8276470347,el Rodeno del Tender,Valencia/València,473.0,39.6750875,-0.3851948,471.0,31.0,31.0,False,False,440.0,39.67426,-0.384268,12.7,False,Calculada sobre MDT25 © IGN (CC BY 4.0)
node/8276470350,Pic de l'Aigua Amarga,Valencia/València,408.0,39.6637571,-0.3569308,402.0,63.0,63.0,False,False,339.0,39.665361,-0.359252,5.2,False,Calculada sobre MDT25 © IGN (CC BY 4.0)
node/8276470351,la Trona,Valencia/València,461.0,39.6737363,-0.3892847,457.0,1.0,1.0,False,False,456.0,39.673935,-0.389817,21.0,False,Calculada sobre MDT25 © IGN (CC BY 4.0)
node/8281769360,Pic de les Gralles,Valencia/València,476.0,39.1236875,-0.351771,474.0,12.0,12.0,False,False,462.0,39.123297,-0.351286,10.4,False,Calculada sobre MDT25 © IGN (CC BY 4.0)
node/8282160638,Cim de la Roca Blanca,Castellón/Castelló,631.0,40.0659818,-0.0021751,624.0,80.0,80.0,False,False,544.0,40.06719,-0.001151,41.6,False,Calculada sobre MDT25 © IGN (CC BY 4.0)
node/8289892962,Llomet del Cove,Castellón/Castelló,622.0,39.861002,-0.2356843,621.0,20.0,20.0,False,False,601.0,39.861581,-0.236309,13.7,False,Calculada sobre MDT25 © IGN (CC BY 4.0)
node/8291743337,Cabeç de Domingo,Alicante/Alacant,1103.0,38.5990673,-0.5370909,1102.0,31.0,31.0,False,False,1071.0,38.600259,-0.535107,13.2,False,Calculada sobre MDT25 © IGN (CC BY 4.0)
node/8291743338,Penyeta de l'Àguila,Alicante/Alacant,1084.0,38.5980108,-0.5441237,1082.0,24.0,24.0,False,False,1058.0,38.598567,-0.540331,29.6,False,Calculada sobre MDT25 © IGN (CC BY 4.0)
node/8291743339,Alt de Daroca,Alicante/Alacant,854.0,38.5920194,-0.5705863,854.0,15.0,15.0,False,False,839.0,38.592201,-0.569824,9.6,False,Calculada sobre MDT25 © IGN (CC BY 4.0)
node/8291743340,Cabeç del Quarter,Alicante/Alacant,1036.0,38.5941945,-0.5554841,1033.0,53.0,53.0,False,False,980.0,38.595005,-0.553082,21.7,False,Calculada sobre MDT25 © IGN (CC BY 4.0)
node/8291743341,Cabeç Roig,Alicante/Alacant,914.0,38.5912396,-0.5639184,912.0,23.0,23.0,False,False,889.0,38.591838,-0.563235,45.9,False,Calculada sobre MDT25 © IGN (CC BY 4.0)
node/8291743342,Lloma Pelada,Alicante/Alacant,988.0,38.6311869,-0.4965949,987.0,9.0,9.0,False,False,978.0,38.63051,-0.495878,14.6,False,Calculada sobre MDT25 © IGN (CC BY 4.0)
node/8291743343,Cabeç del Mal Any,Alicante/Alacant,1003.0,38.6276919,-0.500865,1001.0,20.0,20.0,False,False,981.0,38.626539,-0.499749,0.7,False,Calculada sobre MDT25 © IGN (CC BY 4.0)
node/8291743344,Cabeç de l'Ermita,Alicante/Alacant,1045.0,38.6243057,-0.5046952,1044.0,14.0,14.0,False,False,1030.0,38.622567,-0.50362,15.5,False,Calculada sobre MDT25 © IGN (CC BY 4.0)
node/8291743345,Cabeç de Barberà,Alicante/Alacant,1117.0,38.6203241,-0.5077636,1113.0,36.0,36.0,False,False,1077.0,38.61857,-0.506342,22.7,False,Calculada sobre MDT25 © IGN (CC BY 4.0)
node/8291743346,Cabeç de Castelló,Alicante/Alacant,1122.0,38.6171932,-0.5109769,1124.0,40.0,40.0,False,False,1084.0,38.617257,-0.508111,29.1,False,Calculada sobre MDT25 © IGN (CC BY 4.0)
node/8291743347,Cabeç de Barret,Alicante/Alacant,1096.0,38.6145861,-0.5150807,1094.0,30.0,30.0,False,False,1064.0,38.611551,-0.515198,12.2,False,Calculada sobre MDT25 © IGN (CC BY 4.0)
node/8291743348,el Cremat,Alicante/Alacant,1242.0,38.6062528,-0.5156601,1240.0,222.0,222.0,False,False,1018.0,38.607124,-0.487218,14.1,False,Calculada sobre MDT25 © IGN (CC BY 4.0)
node/8291743349,Cabeç de Corbó,Alicante/Alacant,1204.0,38.6149015,-0.5048963,1203.0,52.0,52.0,False,False,1151.0,38.611824,-0.506863,12.6,False,Calculada sobre MDT25 © IGN (CC BY 4.0)
node/8291743350,Morro de la Penya,Alicante/Alacant,1114.0,38.6225978,-0.4326162,1113.0,30.0,30.0,False,False,1083.0,38.623746,-0.433231,7.2,False,Calculada sobre MDT25 © IGN (CC BY 4.0)
node/8291743351,els Plans,Alicante/Alacant,1330.0,38.6359381,-0.4284903,1327.0,7.0,7.0,False,False,1320.0,38.636937,-0.42874,85.2,False,Calculada sobre MDT25 © IGN (CC BY 4.0)
node/8291743352,Penya de Gori,Alicante/Alacant,1081.0,38.6512842,-0.4241458,1078.0,13.0,13.0,False,False,1065.0,38.651465,-0.423624,6.3,False,Calculada sobre MDT25 © IGN (CC BY 4.0)
node/8291743353,Morret de Jeroni,Alicante/Alacant,1132.0,38.6424498,-0.423493,1133.0,3.0,3.0,False,False,1130.0,38.642238,-0.423955,14.6,False,Calculada sobre MDT25 © IGN (CC BY 4.0)
node/8291743354,Penya del Carrascal,Alicante/Alacant,1214.0,38.6439231,-0.4143718,1213.0,105.0,105.0,False,False,1108.0,38.638028,-0.416926,15.0,False,Calculada sobre MDT25 © IGN (CC BY 4.0)
node/8303088538,Penya de la Safra,Alicante/Alacant,843.0,38.4105006,-0.8901175,844.0,92.0,92.0,False,False,752.0,38.406861,-0.885806,15.0,False,Calculada sobre MDT25 © IGN (CC BY 4.0)
node/8307312153,Penyes Roges,Alicante/Alacant,552.0,38.4773999,-0.5658784,552.0,6.0,6.0,False,False,546.0,38.477897,-0.565072,9.3,False,Calculada sobre MDT25 © IGN (CC BY 4.0)
node/8308590778,l'Escobelleta,Alicante/Alacant,636.0,38.4833255,-0.5657529,588.0,0.0,0.0,False,True,,,,,False,Calculada sobre MDT25 © IGN (CC BY 4.0)
node/8320267431,Altet de la Mosca,Alicante/Alacant,655.0,38.4797861,-0.5665754,651.0,5.0,5.0,False,False,646.0,38.480178,-0.566428,22.2,False,Calculada sobre MDT25 © IGN (CC BY 4.0)
node/8320275345,Altet de la Planxeta,Alicante/Alacant,506.0,38.4767233,-0.5786687,503.0,13.0,13.0,False,False,490.0,38.477945,-0.578252,13.9,False,Calculada sobre MDT25 © IGN (CC BY 4.0)
node/8334089436,El Racó de Xomarra,Alicante/Alacant,1224.0,38.6199846,-0.4505843,1222.0,97.0,97.0,False,False,1125.0,38.624254,-0.446134,9.6,False,Calculada sobre MDT25 © IGN (CC BY 4.0)
node/8334089438,Penya de la Botzina,Alicante/Alacant,1223.0,38.6465448,-0.428562,1228.0,1.0,1.0,False,False,1227.0,38.645277,-0.429016,43.1,False,Calculada sobre MDT25 © IGN (CC BY 4.0)
node/8334089439,Penyes de Martí,Alicante/Alacant,938.0,38.6522693,-0.4089547,934.0,0.0,0.0,False,True,,,,,False,Calculada sobre MDT25 © IGN (CC BY 4.0)
node/8334089440,Penya de Migjorn,Alicante/Alacant,1203.0,38.6423676,-0.4147024,1204.0,3.0,3.0,False,False,1201.0,38.64271,-0.414748,13.8,False,Calculada sobre MDT25 © IGN (CC BY 4.0)
node/8346354738,Morro de la Solaneta,Alicante/Alacant,1011.0,38.6840473,-0.2893983,1007.0,40.0,40.0,False,False,967.0,38.681795,-0.290638,32.8,False,Calculada sobre MDT25 © IGN (CC BY 4.0)
node/8346354739,Moleta de Xarquera,Alicante/Alacant,1122.0,38.6804784,-0.29879,1118.0,92.0,92.0,False,False,1026.0,38.678353,-0.297664,17.7,False,Calculada sobre MDT25 © IGN (CC BY 4.0)
node/8369732230,el Penyó,Alicante/Alacant,771.0,38.6313043,-0.1655674,770.0,34.0,34.0,False,False,736.0,38.63039,-0.165082,4.6,False,Calculada sobre MDT25 © IGN (CC BY 4.0)
node/8376246406,la Cucala,Castellón/Castelló,405.0,40.0325431,-0.1093467,403.0,99.0,99.0,False,False,304.0,40.042211,-0.108017,21.5,False,Calculada sobre MDT25 © IGN (CC BY 4.0)
node/8376246407,Cormo del Perdiguer,Castellón/Castelló,390.0,40.0356639,-0.1056398,385.0,28.0,28.0,False,False,357.0,40.03523,-0.108019,33.3,False,Calculada sobre MDT25 © IGN (CC BY 4.0)
node/8376246408,,Castellón/Castelló,247.0,40.0189485,-0.1128682,249.0,16.0,16.0,False,False,233.0,40.02216,-0.107693,29.6,False,Calculada sobre MDT25 © IGN (CC BY 4.0)
node/8395415514,l'Abeller,Castellón/Castelló,284.0,40.0218207,-0.1259482,284.0,0.0,0.0,False,True,,,,,False,Calculada sobre MDT25 © IGN (CC BY 4.0)
node/8402523970,Serra Mitjana,Alicante/Alacant,407.0,38.3821584,-0.5963101,406.0,202.0,202.0,False,False,204.0,38.38899,-0.601258,22.1,False,Calculada sobre MDT25 © IGN (CC BY 4.0)
node/8407562722,la Torreta,Castellón/Castelló,1043.5,39.9059728,-0.3813004,1037.0,26.0,26.0,False,False,1011.0,39.903837,-0.378185,4.6,False,Calculada sobre MDT25 © IGN (CC BY 4.0)
node/8409345062,el Montnegro,Castellón/Castelló,504.0,40.0502073,-0.1049709,503.0,104.0,104.0,False,False,399.0,40.055119,-0.101903,7.1,False,Calculada sobre MDT25 © IGN (CC BY 4.0)
node/8410123006,el Molinàs,Castellón/Castelló,306.0,40.0339144,-0.0638873,299.0,79.0,79.0,False,False,220.0,40.026215,-0.062997,4.8,False,Calculada sobre MDT25 © IGN (CC BY 4.0)
node/8412835426,Tossal Blanc,Castellón/Castelló,564.0,40.0600008,-0.1034267,564.0,20.0,20.0,False,False,544.0,40.059596,-0.100834,25.8,False,Calculada sobre MDT25 © IGN (CC BY 4.0)
node/8419183583,Sierra de las Águilas,Alicante/Alacant,505.0,38.385575,-0.6425715,503.0,34.0,34.0,False,False,469.0,38.391373,-0.640963,104.8,False,Calculada sobre MDT25 © IGN (CC BY 4.0)
node/8419183584,Alt de Sant Pascual,Alicante/Alacant,555.0,38.3809225,-0.656411,553.0,277.0,277.0,False,False,276.0,38.40828,-0.67534,99.0,False,Calculada sobre MDT25 © IGN (CC BY 4.0)
node/8422626796,,Alicante/Alacant,1504.0,38.6487696,-0.2513368,1502.0,39.0,39.0,False,False,1463.0,38.649609,-0.253076,23.7,False,Calculada sobre MDT25 © IGN (CC BY 4.0)
node/8425119253,Alto del Cinto de la Cabra,Valencia/València,1018.0,39.1681089,-0.9520447,1015.0,276.0,276.0,False,False,739.0,39.136241,-0.92287,4.9,False,Calculada sobre MDT25 © IGN (CC BY 4.0)
node/8436137934,Cim de Segària,Alicante/Alacant,508.0,38.8381981,-0.0208651,506.0,334.0,334.0,False,False,172.0,38.840694,-0.06229,33.4,False,Calculada sobre MDT25 © IGN (CC BY 4.0)
node/8440151561,,Valencia/València,614.0,38.9986623,-0.3598817,626.0,152.0,152.0,False,False,474.0,38.99879,-0.35334,38.9,False,Calculada sobre MDT25 © IGN (CC BY 4.0)
node/8455772755,la Velleta,Alicante/Alacant,661.0,38.4797537,-0.7549171,650.0,73.0,73.0,False,False,577.0,38.480693,-0.749817,16.9,False,Calculada sobre MDT25 © IGN (CC BY 4.0)
node/8467927620,els Carrers de l'Hedra,Valencia/València,414.0,38.9805001,-0.4390025,413.0,17.0,17.0,False,False,396.0,38.980235,-0.440313,14.8,False,Calculada sobre MDT25 © IGN (CC BY 4.0)
node/8467927621,les Bateries Altes,Valencia/València,436.0,38.9787601,-0.4425819,436.0,151.0,151.0,False,False,285.0,38.980327,-0.43425,9.9,False,Calculada sobre MDT25 © IGN (CC BY 4.0)
node/8467935109,Alt del Palmeral,Valencia/València,344.0,38.9669011,-0.4809254,343.0,15.0,15.0,False,False,328.0,38.966885,-0.478878,22.8,False,Calculada sobre MDT25 © IGN (CC BY 4.0)
node/8467935110,Penya de l'Aventador,Valencia/València,254.0,38.9653058,-0.4876176,249.0,0.0,0.0,False,True,,,,,False,Calculada sobre MDT25 © IGN (CC BY 4.0)
node/8471122529,Alt de la Canyada,Alicante/Alacant,354.0,38.33784,-0.676987,354.0,65.0,65.0,False,False,289.0,38.350103,-0.683782,28.4,False,Calculada sobre MDT25 © IGN (CC BY 4.0)
node/8493225245,Pico del Águila,Alicante/Alacant,568.0,38.1214361,-0.9007562,565.0,525.0,525.0,False,False,40.0,38.137369,-0.932971,12.4,False,Calculada sobre MDT25 © IGN (CC BY 4.0)
node/8497660802,Alt de les Pedreres,Alicante/Alacant,1055.0,38.7148571,-0.49948,1056.0,166.0,166.0,False,False,890.0,38.718648,-0.509479,6.6,False,Calculada sobre MDT25 © IGN (CC BY 4.0)
node/8497660807,Mola Alta de Serelles,Alicante/Alacant,1104.0,38.7282307,-0.4924183,1105.0,93.0,93.0,False,False,1012.0,38.733878,-0.494859,29.6,False,Calculada sobre MDT25 © IGN (CC BY 4.0)
node/8497672617,Pic de les Àguiles,Alicante/Alacant,925.0,38.7137881,-0.4901942,922.0,23.0,23.0,False,False,899.0,38.715304,-0.490045,10.5,False,Calculada sobre MDT25 © IGN (CC BY 4.0)
node/8505053843,Alt de la Buitrera,Castellón/Castelló,837.0,39.9503185,-0.3828563,832.0,135.0,135.0,False,False,697.0,39.942731,-0.385184,2.0,False,Calculada sobre MDT25 © IGN (CC BY 4.0)
node/8508144335,Alt de l'Aspre,Alicante/Alacant,912.0,38.6630901,-0.0686038,900.0,82.0,82.0,False,False,818.0,38.662127,-0.06386,24.7,False,Calculada sobre MDT25 © IGN (CC BY 4.0)
node/8508152027,Penyot de l'Orenga,Alicante/Alacant,784.0,38.6720689,-0.0642403,782.0,39.0,39.0,False,False,743.0,38.669552,-0.063557,7.0,False,Calculada sobre MDT25 © IGN (CC BY 4.0)
node/8508157912,Alt del Carrascalet,Alicante/Alacant,997.0,38.7348231,-0.7896311,998.0,56.0,56.0,False,False,942.0,38.736909,-0.802193,23.1,False,Calculada sobre MDT25 © IGN (CC BY 4.0)
node/8508199930,,Alicante/Alacant,1115.0,38.6868522,-0.688837,1115.0,8.0,8.0,False,False,1107.0,38.687406,-0.688174,45.5,False,Calculada sobre MDT25 © IGN (CC BY 4.0)
node/8515246463,Talamantes,Castellón/Castelló,481.0,39.948434,-0.3501986,479.0,11.0,11.0,False,False,468.0,39.947136,-0.351075,5.7,False,Calculada sobre MDT25 © IGN (CC BY 4.0)
node/8525457188,Penyes Monteses,Alicante/Alacant,1354.0,38.7521455,-0.4807954,1348.0,49.0,49.0,False,False,1299.0,38.756175,-0.484299,20.1,False,Calculada sobre MDT25 © IGN (CC BY 4.0)
node/8526092108,Penya Foradada,Alicante/Alacant,976.0,38.7082702,-0.2107147,970.0,23.0,23.0,False,False,947.0,38.710617,-0.213658,14.1,False,Calculada sobre MDT25 © IGN (CC BY 4.0)
node/8533489150,Tossal Redó,Castellón/Castelló,342.0,40.125701,-0.111144,338.0,72.0,72.0,False,False,266.0,40.123798,-0.11072,12.3,False,Calculada sobre MDT25 © IGN (CC BY 4.0)
node/8541503554,Tossal de la Llobera,Castellón/Castelló,353.0,40.0391941,-0.0391763,352.0,18.0,18.0,False,False,334.0,40.04042,-0.03719,13.0,False,Calculada sobre MDT25 © IGN (CC BY 4.0)
node/8546064954,Pic dels Covarxos,Castellón/Castelló,206.0,40.0719703,0.066452,205.0,23.0,23.0,False,False,182.0,40.073314,0.065949,23.1,False,Calculada sobre MDT25 © IGN (CC BY 4.0)
node/8551694094,Penya del Migdia,Valencia/València,323.0,39.0770383,-0.2851135,328.0,0.0,0.0,False,True,,,,,False,Calculada sobre MDT25 © IGN (CC BY 4.0)
node/8551744895,les Creus,Valencia/València,540.0,39.079743,-0.2785689,540.0,105.0,105.0,False,False,435.0,39.081991,-0.288679,32.1,False,Calculada sobre MDT25 © IGN (CC BY 4.0)
node/8551744901,Alt del Badall,Valencia/València,453.0,39.0834928,-0.3006595,454.0,29.0,29.0,False,False,425.0,39.084781,-0.302154,16.6,False,Calculada sobre MDT25 © IGN (CC BY 4.0)
node/8551744902,el Piló de la Font del Barber,Valencia/València,501.0,39.0881022,-0.3089905,497.0,86.0,86.0,False,False,411.0,39.083032,-0.294708,2.5,False,Calculada sobre MDT25 © IGN (CC BY 4.0)
node/8551744923,Puntal dels Germanells,Valencia/València,311.0,39.1016123,-0.2942544,307.0,30.0,30.0,False,False,277.0,39.101518,-0.295446,11.8,False,Calculada sobre MDT25 © IGN (CC BY 4.0)
node/8567979035,Alt de la Penya,Alicante/Alacant,981.0,38.6566265,-0.0343511,978.0,28.0,28.0,False,False,950.0,38.656888,-0.034775,13.2,False,Calculada sobre MDT25 © IGN (CC BY 4.0)
node/8569938146,Alt del Morteret,Valencia/València,704.0,38.9973939,-0.3228904,703.0,85.0,85.0,False,False,618.0,38.997351,-0.319912,17.1,False,Calculada sobre MDT25 © IGN (CC BY 4.0)
node/8580958576,Tossal de Vallés,Alicante/Alacant,240.0,38.5453812,-0.0820417,240.0,14.0,14.0,False,False,226.0,38.544577,-0.082703,10.1,False,Calculada sobre MDT25 © IGN (CC BY 4.0)
node/8590269906,Alt del Cabeçô Gros,Valencia/València,656.0,38.7897294,-0.6121599,655.0,27.0,27.0,False,False,628.0,38.787731,-0.614136,15.9,False,Calculada sobre MDT25 © IGN (CC BY 4.0)
node/8603660831,Tabaià,Alicante/Alacant,403.0,38.327404,-0.6999058,402.0,128.0,128.0,False,False,274.0,38.331829,-0.693801,5.7,False,Calculada sobre MDT25 © IGN (CC BY 4.0)
node/8614528013,,Alicante/Alacant,354.0,38.3400723,-0.6785628,353.0,37.0,37.0,False,False,316.0,38.339184,-0.678409,9.3,False,Calculada sobre MDT25 © IGN (CC BY 4.0)
node/8615201195,la Mola,Alicante/Alacant,787.4,38.7832816,-0.4993292,784.0,22.0,22.0,False,False,762.0,38.78263,-0.499484,11.7,False,Calculada sobre MDT25 © IGN (CC BY 4.0)
node/8630272879,Alt de Camara,Alicante/Alacant,841.0,38.4986297,-0.8356385,836.0,258.0,258.0,False,False,578.0,38.498201,-0.854473,92.2,False,Calculada sobre MDT25 © IGN (CC BY 4.0)
node/8647621810,Alt del Mig,Valencia/València,974.0,38.8235594,-0.4406902,976.0,66.0,66.0,False,False,910.0,38.825653,-0.437223,10.7,False,Calculada sobre MDT25 © IGN (CC BY 4.0)
node/8648260901,Alt de la Malladeta,Valencia/València,459.0,38.98575,-0.4147822,458.0,78.0,78.0,False,False,380.0,38.983702,-0.403538,55.6,False,Calculada sobre MDT25 © IGN (CC BY 4.0)
node/8648260902,Alt de la Corsa,Valencia/València,433.0,38.9955525,-0.4120141,428.0,95.0,95.0,False,False,333.0,38.99161,-0.414793,6.5,False,Calculada sobre MDT25 © IGN (CC BY 4.0)
node/8653221603,Castell de Quirella,Valencia/València,295.0,39.0013161,-0.3939843,292.0,23.0,23.0,False,False,269.0,39.000812,-0.393098,85.3,False,Calculada sobre MDT25 © IGN (CC BY 4.0)
node/8653221604,Castellet de Virella,Valencia/València,365.0,38.9987335,-0.3966907,349.0,70.0,70.0,False,False,279.0,38.996581,-0.395274,71.2,False,Calculada sobre MDT25 © IGN (CC BY 4.0)
node/8695312147,Penya Massanet,Alicante/Alacant,723.0,38.7723338,-0.1982544,720.0,24.0,24.0,False,False,696.0,38.773321,-0.198558,10.0,False,Calculada sobre MDT25 © IGN (CC BY 4.0)
node/8706681389,Tossal de la Ràpita,Alicante/Alacant,233.0,38.688085,0.0286747,233.0,56.0,56.0,False,False,177.0,38.689774,0.026644,10.3,False,Calculada sobre MDT25 © IGN (CC BY 4.0)
node/8713465988,Tossal Roig,Castellón/Castelló,466.0,40.0595808,-0.0243663,459.0,160.0,160.0,False,False,299.0,40.065379,-0.01823,11.4,False,Calculada sobre MDT25 © IGN (CC BY 4.0)
node/8718930944,lo Molló,Castellón/Castelló,627.0,40.4115748,0.2001722,632.0,56.0,56.0,False,False,576.0,40.41563,0.205474,18.6,False,Calculada sobre MDT25 © IGN (CC BY 4.0)
node/8719784118,El Turio,Castellón/Castelló,655.0,40.0088373,-0.3431079,654.0,116.0,116.0,False,False,538.0,40.00467,-0.345923,40.2,False,Calculada sobre MDT25 © IGN (CC BY 4.0)
node/8740035343,Tossal del Maset,Castellón/Castelló,1151.0,40.6689394,0.0407655,1146.0,70.0,70.0,False,False,1076.0,40.667312,0.041263,31.2,False,Calculada sobre MDT25 © IGN (CC BY 4.0)
node/8804420457,,Alicante/Alacant,329.0,38.8208697,-0.2266954,330.0,14.0,14.0,False,False,316.0,38.819934,-0.226386,20.2,False,Calculada sobre MDT25 © IGN (CC BY 4.0)
node/8815875391,Alt de Ponce,Alicante/Alacant,927.0,38.515421,-0.6921279,927.0,38.0,38.0,False,False,889.0,38.516982,-0.693064,11.6,False,Calculada sobre MDT25 © IGN (CC BY 4.0)
node/8815875392,Alt de Cascales,Alicante/Alacant,923.0,38.51791,-0.6942952,922.0,29.0,29.0,False,False,893.0,38.518799,-0.693866,15.1,False,Calculada sobre MDT25 © IGN (CC BY 4.0)
node/8833484853,Peña de la Hiedra,Castellón/Castelló,951.0,40.0053638,-0.4680713,951.0,89.0,89.0,False,False,862.0,40.007158,-0.467069,45.1,False,Calculada sobre MDT25 © IGN (CC BY 4.0)
node/8849221929,el Puntal,Castellón/Castelló,693.0,39.8648471,-0.2378102,689.0,148.0,148.0,False,False,541.0,39.865528,-0.250763,91.8,False,Calculada sobre MDT25 © IGN (CC BY 4.0)
node/8853813296,la Picossa,Castellón/Castelló,1205.0,40.1802048,-0.3101446,1208.0,39.0,39.0,False,False,1169.0,40.184849,-0.317475,15.2,False,Calculada sobre MDT25 © IGN (CC BY 4.0)
node/8856286202,la Talaia Grossa,Castellón/Castelló,636.0,40.397263,0.2173112,632.0,155.0,155.0,False,False,477.0,40.403585,0.217567,4.7,False,Calculada sobre MDT25 © IGN (CC BY 4.0)
node/8856315656,la Bastida,Castellón/Castelló,598.0,40.4396159,0.1994972,597.0,110.0,110.0,False,False,487.0,40.424625,0.205901,29.0,False,Calculada sobre MDT25 © IGN (CC BY 4.0)
node/8858077259,Pico de La Justa,Alicante/Alacant,431.0,38.4576327,-0.5396243,428.0,42.0,42.0,False,False,386.0,38.459381,-0.541344,15.9,False,Calculada sobre MDT25 © IGN (CC BY 4.0)
node/8887862252,Tossal del Senyal,Alicante/Alacant,441.0,38.5708741,-0.1590627,441.0,63.0,63.0,False,False,378.0,38.568166,-0.162653,10.9,False,Calculada sobre MDT25 © IGN (CC BY 4.0)
node/8896000444,Reconco,Alicante/Alacant,1205.0,38.6297143,-0.7192447,1204.0,187.0,187.0,False,False,1017.0,38.635203,-0.702488,21.6,False,Calculada sobre MDT25 © IGN (CC BY 4.0)
node/8913141725,Alto de Lorenza,Castellón/Castelló,972.0,39.9363266,-0.4229992,970.0,10.0,10.0,False,False,960.0,39.936613,-0.423742,15.2,False,Calculada sobre MDT25 © IGN (CC BY 4.0)
node/8954995094,Cabeç dels Nanos,Alicante/Alacant,582.0,38.5462324,-0.5090343,585.0,44.0,44.0,False,False,541.0,38.544578,-0.51177,13.0,False,Calculada sobre MDT25 © IGN (CC BY 4.0)
node/8981426576,,Alicante/Alacant,394.0,38.4519915,-0.5852893,394.0,50.0,50.0,False,False,344.0,38.453557,-0.586229,12.1,False,Calculada sobre MDT25 © IGN (CC BY 4.0)
node/8981426577,Altet dels Talls,Alicante/Alacant,426.0,38.4522312,-0.5908189,427.0,64.0,64.0,False,False,363.0,38.455197,-0.589326,51.0,False,Calculada sobre MDT25 © IGN (CC BY 4.0)
node/8981426579,Lloma de la Canyaeta Blanca,Alicante/Alacant,475.0,38.4573148,-0.6411383,473.0,57.0,57.0,False,False,416.0,38.459208,-0.642479,7.6,False,Calculada sobre MDT25 © IGN (CC BY 4.0)
node/8982267849,Alto de la Capilla del Fraile,Alicante/Alacant,1238.0,38.4967331,-1.0136732,1236.0,600.0,600.0,False,False,636.0,38.458182,-1.065948,19.2,False,Calculada sobre MDT25 © IGN (CC BY 4.0)
node/8990644666,Puntal dels Talls,Alicante/Alacant,382.0,38.4303639,-0.6016575,380.0,41.0,41.0,False,False,339.0,38.437389,-0.599656,26.0,False,Calculada sobre MDT25 © IGN (CC BY 4.0)
node/8998639638,el Cormet de Pelabous,Castellón/Castelló,523.0,40.0738698,-0.0960694,521.0,19.0,19.0,False,False,502.0,40.075834,-0.092816,5.1,False,Calculada sobre MDT25 © IGN (CC BY 4.0)
node/9009820428,Tossal de les Forques,Castellón/Castelló,848.0,40.2644824,-0.1990262,846.0,21.0,21.0,False,False,825.0,40.265153,-0.199658,6.5,False,Calculada sobre MDT25 © IGN (CC BY 4.0)
node/9018444422,la Pedrissa de Baix,Castellón/Castelló,276.0,40.0179286,-0.1887879,276.0,77.0,77.0,False,False,199.0,40.016571,-0.191694,35.7,False,Calculada sobre MDT25 © IGN (CC BY 4.0)
node/9020781574,Tossal de les Calçades,Castellón/Castelló,934.0,40.2044714,-0.2552484,932.0,22.0,22.0,False,False,910.0,40.20458,-0.256195,11.3,False,Calculada sobre MDT25 © IGN (CC BY 4.0)
node/9021071206,,Alicante/Alacant,,38.3427434,-0.5554727,131.0,68.0,68.0,False,False,63.0,38.343315,-0.560148,31.2,True,Calculada sobre MDT25 © IGN (CC BY 4.0)
node/9026202551,Coll d'en Berri,Castellón/Castelló,256.0,40.3300456,0.3501123,257.0,38.0,38.0,False,False,219.0,40.33345,0.348108,10.3,False,Calculada sobre MDT25 © IGN (CC BY 4.0)
node/9026515494,sa Mallada Gran,Alicante/Alacant,1002.0,38.7234825,-0.1155558,1001.0,130.0,130.0,False,False,871.0,38.726279,-0.144042,13.9,False,Calculada sobre MDT25 © IGN (CC BY 4.0)
node/9026520312,Cocoll,Alicante/Alacant,1048.0,38.7362211,-0.1492696,1043.0,280.0,280.0,False,False,763.0,38.711138,-0.160455,92.9,False,Calculada sobre MDT25 © IGN (CC BY 4.0)
node/9029617748,la Vella,Alicante/Alacant,838.0,38.2779066,-0.8586096,834.0,413.0,413.0,False,False,421.0,38.280241,-0.910062,9.2,False,Calculada sobre MDT25 © IGN (CC BY 4.0)
node/9066646975,,Castellón/Castelló,1221.0,40.6492669,0.0799336,1219.0,17.0,17.0,False,False,1202.0,40.651138,0.082213,20.6,False,Calculada sobre MDT25 © IGN (CC BY 4.0)
node/9067812314,,Castellón/Castelló,,40.6371002,0.1624633,1036.0,49.0,49.0,False,False,987.0,40.640116,0.148509,79.6,False,Calculada sobre MDT25 © IGN (CC BY 4.0)
node/9067812733,Tossal del Mas Roig,Castellón/Castelló,1081.0,40.6403983,0.0833775,1082.0,35.0,35.0,False,False,1047.0,40.641941,0.080903,14.7,False,Calculada sobre MDT25 © IGN (CC BY 4.0)
node/9077779526,Moleta del Forat,Castellón/Castelló,1064.0,40.6989431,0.1936934,1064.0,48.0,48.0,False,False,1016.0,40.699745,0.190962,10.7,False,Calculada sobre MDT25 © IGN (CC BY 4.0)
node/9077779527,Tossal del Portell,Castellón/Castelló,1026.0,40.7001606,0.1973015,1024.0,56.0,56.0,False,False,968.0,40.699597,0.19628,13.0,False,Calculada sobre MDT25 © IGN (CC BY 4.0)
node/9077779533,Morral del Crebalòs,Castellón/Castelló,1042.0,40.7020229,0.2053853,1028.0,38.0,38.0,False,False,990.0,40.701633,0.20407,15.6,False,Calculada sobre MDT25 © IGN (CC BY 4.0)
node/9081105506,la Punta del Serrall,Castellón/Castelló,1129.0,40.7038474,0.1758803,1130.0,25.0,25.0,False,False,1105.0,40.702843,0.176612,37.8,False,Calculada sobre MDT25 © IGN (CC BY 4.0)
node/9084459687,Puntal d'Artana,Castellón/Castelló,449.0,39.8894228,-0.2802936,450.0,7.0,7.0,False,False,443.0,39.889384,-0.278752,18.0,False,Calculada sobre MDT25 © IGN (CC BY 4.0)
node/9100160654,el Gaidó,Castellón/Castelló,477.0,40.1425065,0.0168964,480.0,177.0,177.0,False,False,303.0,40.119081,0.021075,12.7,False,Calculada sobre MDT25 © IGN (CC BY 4.0)
node/9143970466,Penya del Migdia,Castellón/Castelló,841.0,40.658557,0.2315232,840.0,5.0,5.0,False,False,835.0,40.658126,0.230073,21.0,False,Calculada sobre MDT25 © IGN (CC BY 4.0)
node/9144052776,,Castellón/Castelló,695.0,40.6357995,0.2168505,692.0,4.0,4.0,False,False,688.0,40.636244,0.215421,23.3,False,Calculada sobre MDT25 © IGN (CC BY 4.0)
node/9144052798,Mola dels Teixets,Castellón/Castelló,946.0,40.6534344,0.2040452,945.0,0.0,0.0,False,True,,,,,False,Calculada sobre MDT25 © IGN (CC BY 4.0)
node/9144052799,Mola de la Font Morta,Castellón/Castelló,966.0,40.6504034,0.1904069,965.0,17.0,17.0,False,False,948.0,40.650523,0.187727,27.6,False,Calculada sobre MDT25 © IGN (CC BY 4.0)
node/9159548019,el Palmeral,Valencia/València,201.0,39.1324779,-0.3263712,197.0,22.0,22.0,False,False,175.0,39.132439,-0.327519,7.3,False,Calculada sobre MDT25 © IGN (CC BY 4.0)
node/9159548020,la Simeta,Valencia/València,210.0,39.1340425,-0.3301692,209.0,69.0,69.0,False,False,140.0,39.134365,-0.332941,16.1,False,Calculada sobre MDT25 © IGN (CC BY 4.0)
node/9162278091,,Valencia/València,350.0,39.0685186,-0.6773127,352.0,70.0,70.0,False,False,282.0,39.087858,-0.686134,24.1,False,Calculada sobre MDT25 © IGN (CC BY 4.0)
node/9162752427,Pic del Flare,Castellón/Castelló,284.0,40.0070962,-0.2284942,286.0,75.0,75.0,False,False,211.0,40.008482,-0.220433,8.4,False,Calculada sobre MDT25 © IGN (CC BY 4.0)
node/9173446120,Tossal del Puig,Alicante/Alacant,622.0,38.8164496,-0.1548423,621.0,23.0,23.0,False,False,598.0,38.815918,-0.153129,31.9,False,Calculada sobre MDT25 © IGN (CC BY 4.0)
node/9173515349,el Xillibre,Alicante/Alacant,757.0,38.8304629,-0.1772744,753.0,185.0,185.0,False,False,568.0,38.828019,-0.187776,3.4,False,Calculada sobre MDT25 © IGN (CC BY 4.0)
node/9175240278,Lloma Redona,Alicante/Alacant,984.0,38.7469054,-0.3602484,984.0,46.0,46.0,False,False,938.0,38.746984,-0.353752,35.6,False,Calculada sobre MDT25 © IGN (CC BY 4.0)
node/9180672227,Morrón de Ventura,Castellón/Castelló,859.0,39.9591807,-0.4677403,856.0,4.0,4.0,False,False,852.0,39.959459,-0.469124,19.2,False,Calculada sobre MDT25 © IGN (CC BY 4.0)
node/9211322173,Alt del Cavall,Alicante/Alacant,708.0,38.8080505,-0.0926073,700.0,65.0,65.0,False,False,635.0,38.806429,-0.097089,23.9,False,Calculada sobre MDT25 © IGN (CC BY 4.0)
node/9211322174,Penya del Migdia,Alicante/Alacant,696.0,38.8021869,-0.1101166,696.0,9.0,9.0,False,False,687.0,38.80199,-0.108782,10.8,False,Calculada sobre MDT25 © IGN (CC BY 4.0)
node/9230052760,Tossal de la Creu,Valencia/València,153.0,38.9156695,-0.12764,154.0,79.0,79.0,False,False,75.0,38.914217,-0.1296,17.1,False,Calculada sobre MDT25 © IGN (CC BY 4.0)
node/9230637906,Morrón Royo,Castellón/Castelló,533.55,40.0799386,-0.3838612,501.0,3.0,3.0,False,False,498.0,40.079841,-0.383462,13.6,False,Calculada sobre MDT25 © IGN (CC BY 4.0)
node/9238638637,Tossal Gros,Alicante/Alacant,518.0,38.7597441,-0.0504292,518.0,216.0,216.0,False,False,302.0,38.769143,-0.020636,19.8,False,Calculada sobre MDT25 © IGN (CC BY 4.0)
node/9238956226,Alt de l'Hedra,Valencia/València,678.0,39.0027442,-0.3484135,672.0,88.0,88.0,False,False,584.0,39.004862,-0.34301,13.9,False,Calculada sobre MDT25 © IGN (CC BY 4.0)
node/9258375595,l'Espino,Castellón/Castelló,672.0,39.9259037,-0.2908264,670.0,195.0,195.0,False,False,475.0,39.914373,-0.297649,19.5,False,Calculada sobre MDT25 © IGN (CC BY 4.0)
node/9262004860,Alt de Sant Jaume,Valencia/València,957.0,38.7505183,-0.6021346,953.0,97.0,97.0,False,False,856.0,38.749728,-0.595267,34.0,False,Calculada sobre MDT25 © IGN (CC BY 4.0)
node/9262004884,Pic de la Creu,Alicante/Alacant,960.0,38.7248458,-0.6466075,959.0,12.0,12.0,False,False,947.0,38.725529,-0.645825,9.3,False,Calculada sobre MDT25 © IGN (CC BY 4.0)
node/9294500880,Peñaescabia,Castellón/Castelló,1319.0,39.9265099,-0.7457521,1316.0,33.0,33.0,False,False,1283.0,39.925357,-0.748269,15.6,False,Calculada sobre MDT25 © IGN (CC BY 4.0)
node/9294783348,Tossal del Perro,Castellón/Castelló,857.0,40.1109276,-0.2819464,855.0,142.0,142.0,False,False,713.0,40.118775,-0.284582,10.8,False,Calculada sobre MDT25 © IGN (CC BY 4.0)
node/9297576044,Peña Escabia,Castellón/Castelló,1331.0,39.9232635,-0.7483209,1330.0,3.0,3.0,False,False,1327.0,39.924023,-0.749191,41.9,False,Calculada sobre MDT25 © IGN (CC BY 4.0)
node/9325753170,Cabeço de Sant Just,Castellón/Castelló,792.0,40.0978842,-0.281009,791.0,105.0,105.0,False,False,686.0,40.101559,-0.280282,15.2,False,Calculada sobre MDT25 © IGN (CC BY 4.0)
node/9331632649,Pico Castro,Valencia/València,897.0,40.0702745,-1.2810934,897.0,96.0,96.0,False,False,801.0,40.079112,-1.283259,4.3,False,Calculada sobre MDT25 © IGN (CC BY 4.0)
node/9363591373,,Alicante/Alacant,,38.6005161,-0.2944631,734.0,43.0,43.0,False,False,691.0,38.6015,-0.295671,10.4,False,Calculada sobre MDT25 © IGN (CC BY 4.0)
node/9373379192,Alt de les Olles,Valencia/València,673.0,38.8024914,-0.580967,671.0,25.0,25.0,False,False,646.0,38.804312,-0.555435,17.0,False,Calculada sobre MDT25 © IGN (CC BY 4.0)
node/9384166780,Pico del Águila,Castellón/Castelló,573.0,40.0260124,-0.3662024,571.0,17.0,17.0,False,False,554.0,40.025898,-0.368242,7.3,False,Calculada sobre MDT25 © IGN (CC BY 4.0)
node/9391392313,Cabeç Bord,Valencia/València,238.0,39.6249243,-0.3785071,237.0,0.0,0.0,False,True,,,,,False,Calculada sobre MDT25 © IGN (CC BY 4.0)
node/9393091558,Montaña del Churro,Castellón/Castelló,549.0,40.0404174,-0.3323617,548.0,34.0,34.0,False,False,514.0,40.040804,-0.330751,14.1,False,Calculada sobre MDT25 © IGN (CC BY 4.0)
node/9393145588,Tossal de Benages,Castellón/Castelló,1455.0,40.2425445,-0.3369356,1454.0,24.0,24.0,False,False,1430.0,40.241646,-0.339036,59.0,False,Calculada sobre MDT25 © IGN (CC BY 4.0)
node/9395580329,Tossal Gros,Castellón/Castelló,107.0,40.0677166,0.1215017,108.0,33.0,33.0,False,False,75.0,40.069088,0.122914,23.9,False,Calculada sobre MDT25 © IGN (CC BY 4.0)
node/9395633886,Alto del Sapo,Valencia/València,827.0,39.7149871,-0.4608195,826.0,50.0,50.0,False,False,776.0,39.7163,-0.462,8.9,False,Calculada sobre MDT25 © IGN (CC BY 4.0)
node/9395633887,Alto del Hombre Muerto,Valencia/València,816.0,39.7169249,-0.4627235,816.0,23.0,23.0,False,False,793.0,39.718563,-0.4625,13.2,False,Calculada sobre MDT25 © IGN (CC BY 4.0)
node/9401025628,Tossal de Peret,Castellón/Castelló,945.0,40.1928411,-0.295162,944.0,20.0,20.0,False,False,924.0,40.193391,-0.297464,23.4,False,Calculada sobre MDT25 © IGN (CC BY 4.0)
node/9413053558,,Alicante/Alacant,200.0,38.826357,-0.0267399,199.0,4.0,4.0,False,False,195.0,38.826517,-0.02717,14.8,False,Calculada sobre MDT25 © IGN (CC BY 4.0)
node/9426710946,Tossal de la Bassa,Castellón/Castelló,1041.0,40.2989234,0.0037368,1040.0,9.0,9.0,False,False,1031.0,40.298366,0.00229,9.9,False,Calculada sobre MDT25 © IGN (CC BY 4.0)
node/9437298769,Aliagar,Valencia/València,506.0,39.5861647,-0.7720014,505.0,119.0,119.0,False,False,386.0,39.573946,-0.780059,8.7,False,Calculada sobre MDT25 © IGN (CC BY 4.0)
node/9438242384,Alto del Baste,Valencia/València,569.0,39.5532451,-0.7851051,573.0,149.0,149.0,False,False,424.0,39.546837,-0.787615,8.6,False,Calculada sobre MDT25 © IGN (CC BY 4.0)
node/9438264064,Cerrito Royo,Valencia/València,264.0,39.5651134,-0.7387798,265.0,1.0,1.0,False,False,264.0,39.564826,-0.73932,26.7,False,Calculada sobre MDT25 © IGN (CC BY 4.0)
node/9441809635,el Morronet Roig,Castellón/Castelló,1506.0,40.2402014,-0.361806,1503.0,6.0,6.0,False,False,1497.0,40.239921,-0.362025,25.4,False,Calculada sobre MDT25 © IGN (CC BY 4.0)
node/9446046087,Tossal del Coix,Castellón/Castelló,978.0,40.2842851,-0.0072309,974.0,8.0,8.0,False,False,966.0,40.285542,-0.006805,38.9,False,Calculada sobre MDT25 © IGN (CC BY 4.0)
node/9447691604,la Copa,Castellón/Castelló,846.48,40.0827533,-0.5235124,847.0,86.0,86.0,False,False,761.0,40.089747,-0.526756,24.0,False,Calculada sobre MDT25 © IGN (CC BY 4.0)
node/9450236214,,Castellón/Castelló,705.0,40.0579114,-0.520975,708.0,60.0,60.0,False,False,648.0,40.056498,-0.520046,22.1,False,Calculada sobre MDT25 © IGN (CC BY 4.0)
node/9453571026,Monte del Estrecho,Castellón/Castelló,647.0,39.8797395,-0.3866191,644.0,58.0,58.0,False,False,586.0,39.881051,-0.386361,8.1,False,Calculada sobre MDT25 © IGN (CC BY 4.0)
node/9453770448,El Hocino,Valencia/València,504.0,39.5824712,-0.7752067,505.0,21.0,21.0,False,False,484.0,39.58393,-0.772172,19.6,False,Calculada sobre MDT25 © IGN (CC BY 4.0)
node/9472075713,Tossal del Turco,Castellón/Castelló,1190.0,40.3853839,-0.2605636,1199.0,0.0,0.0,False,True,,,,,False,Calculada sobre MDT25 © IGN (CC BY 4.0)
node/9472547065,Cap del Tossal,Castellón/Castelló,1046.0,40.3743509,-0.2638463,1042.0,20.0,20.0,False,False,1022.0,40.377097,-0.266576,9.1,False,Calculada sobre MDT25 © IGN (CC BY 4.0)
node/9486218717,,Alicante/Alacant,1351.0,38.710375,-0.2919497,1350.0,59.0,59.0,False,False,1291.0,38.708298,-0.297111,35.5,False,Calculada sobre MDT25 © IGN (CC BY 4.0)
node/9487693310,El Pino Negro,Castellón/Castelló,682.0,39.981203,-0.3564872,681.0,18.0,18.0,False,False,663.0,39.979492,-0.357729,6.9,False,Calculada sobre MDT25 © IGN (CC BY 4.0)
node/9487715155,Alto de la Carrasqueta,Castellón/Castelló,671.5,39.9711941,-0.3668586,672.0,35.0,35.0,False,False,637.0,39.97226,-0.366496,23.3,False,Calculada sobre MDT25 © IGN (CC BY 4.0)
node/9490418955,Sierra del Fraile,Alicante/Alacant,1043.0,38.6119202,-0.7783334,1044.0,230.0,230.0,False,False,814.0,38.61842,-0.742935,15.1,False,Calculada sobre MDT25 © IGN (CC BY 4.0)
node/9490457905,Peña Rubia,Alicante/Alacant,893.0,38.5875418,-0.8214121,887.0,54.0,54.0,False,False,833.0,38.590124,-0.818732,8.1,False,Calculada sobre MDT25 © IGN (CC BY 4.0)
node/9497967740,Pic de la Coma,Alicante/Alacant,337.0,38.8375468,-0.1413086,336.0,9.0,9.0,False,False,327.0,38.837041,-0.14192,8.0,False,Calculada sobre MDT25 © IGN (CC BY 4.0)
node/9522857268,Peña de María,Valencia/València,361.0,39.5994132,-0.8551674,358.0,24.0,24.0,False,False,334.0,39.598804,-0.856418,7.5,False,Calculada sobre MDT25 © IGN (CC BY 4.0)
node/9536461673,Tossal del Morquí,Valencia/València,456.0,38.9020031,-0.3020199,454.0,105.0,105.0,False,False,349.0,38.898498,-0.30144,18.1,False,Calculada sobre MDT25 © IGN (CC BY 4.0)
node/9559188358,El Castillico,Valencia/València,791.0,39.7357516,-0.5015285,788.0,22.0,22.0,False,False,766.0,39.736738,-0.500923,14.1,False,Calculada sobre MDT25 © IGN (CC BY 4.0)
node/9559188451,Alto del Rodeno del Collado de la Moneda,Valencia/València,845.0,39.7408166,-0.506619,843.0,25.0,25.0,False,False,818.0,39.74134,-0.505424,39.1,False,Calculada sobre MDT25 © IGN (CC BY 4.0)
node/9561030247,Alto del Vizcaíno,Castellón/Castelló,664.0,39.8216177,-0.5294678,663.0,37.0,37.0,False,False,626.0,39.820759,-0.53322,21.8,False,Calculada sobre MDT25 © IGN (CC BY 4.0)
node/9572834145,Muntanyeta Solina,Castellón/Castelló,303.0,39.9001773,-0.2559469,302.0,25.0,25.0,False,False,277.0,39.90101,-0.25607,21.7,False,Calculada sobre MDT25 © IGN (CC BY 4.0)
node/9572899748,la Ferreria,Castellón/Castelló,345.0,39.9138226,-0.2529567,342.0,7.0,7.0,False,False,335.0,39.914236,-0.253494,23.0,False,Calculada sobre MDT25 © IGN (CC BY 4.0)
node/9572944633,el Pinet,Castellón/Castelló,465.0,39.9293473,-0.2811361,465.0,50.0,50.0,False,False,415.0,39.92775,-0.282205,12.1,False,Calculada sobre MDT25 © IGN (CC BY 4.0)
node/9581601733,Tossal de la Creueta,Valencia/València,408.0,38.8910319,-0.3472056,407.0,106.0,106.0,False,False,301.0,38.888374,-0.351104,6.7,False,Calculada sobre MDT25 © IGN (CC BY 4.0)
node/9586244048,Xautena,Castellón/Castelló,371.0,39.9171008,-0.2742871,373.0,8.0,8.0,False,False,365.0,39.917671,-0.275,17.2,False,Calculada sobre MDT25 © IGN (CC BY 4.0)
node/9605716517,la Buitrera,Valencia/València,786.09,39.7722546,-0.5107276,786.0,20.0,20.0,False,False,766.0,39.773214,-0.510986,25.8,False,Calculada sobre MDT25 © IGN (CC BY 4.0)
node/9623451473,Tossal del Mas de Ximet,Castellón/Castelló,650.95,40.2997707,-0.0306183,650.0,7.0,7.0,False,False,643.0,40.299628,-0.029123,30.0,False,Calculada sobre MDT25 © IGN (CC BY 4.0)
node/9671287357,Pico de los Ajos,Valencia/València,1082.0,39.513949,-0.870291,1082.0,239.0,239.0,False,False,843.0,39.525618,-0.894153,7.5,False,Calculada sobre MDT25 © IGN (CC BY 4.0)
node/9672060363,Alts del Sastre,Valencia/València,419.0,39.2627807,-0.6622087,420.0,57.0,57.0,False,False,363.0,39.263129,-0.665312,9.2,False,Calculada sobre MDT25 © IGN (CC BY 4.0)
node/9672060364,El diente de la Vieja,Valencia/València,756.0,39.2721859,-0.698989,756.0,30.0,30.0,False,False,726.0,39.271255,-0.700105,19.5,False,Calculada sobre MDT25 © IGN (CC BY 4.0)
node/9672896013,Sima del Cuscurrús,Valencia/València,812.0,39.5299548,-0.8238754,812.0,4.0,4.0,False,False,808.0,39.530185,-0.82421,4.3,False,Calculada sobre MDT25 © IGN (CC BY 4.0)
node/9684862445,Llomet Pelat,Castellón/Castelló,568.0,39.8749287,-0.2695885,568.0,6.0,6.0,False,False,562.0,39.87454,-0.269986,9.6,False,Calculada sobre MDT25 © IGN (CC BY 4.0)
node/9714053647,Tossal de l'Assut,Castellón/Castelló,294.16,40.0535424,-0.0389569,292.0,81.0,81.0,False,False,211.0,40.054576,-0.035991,25.8,False,Calculada sobre MDT25 © IGN (CC BY 4.0)
node/9750361372,,Castellón/Castelló,284.0,40.0616909,0.0364932,281.0,12.0,12.0,False,False,269.0,40.06218,0.035556,6.9,False,Calculada sobre MDT25 © IGN (CC BY 4.0)
node/9764853027,Morro de Pinareta,Alicante/Alacant,1112.0,38.670974,-0.2531648,1110.0,60.0,60.0,False,False,1050.0,38.670367,-0.254581,40.8,False,Calculada sobre MDT25 © IGN (CC BY 4.0)
node/9765689859,Altet de Nono,Alicante/Alacant,1161.0,38.6259051,-0.2531437,1159.0,131.0,131.0,False,False,1028.0,38.630258,-0.244339,6.5,False,Calculada sobre MDT25 © IGN (CC BY 4.0)
node/9765689860,Alt de la Penya de Sella,Alicante/Alacant,1107.0,38.6239936,-0.25819,1106.0,31.0,31.0,False,False,1075.0,38.625598,-0.256864,16.2,False,Calculada sobre MDT25 © IGN (CC BY 4.0)
node/9776371609,el Portell de Just d'Alfafara,Alicante/Alacant,1087.0,38.7636621,-0.5422889,1085.0,63.0,63.0,False,False,1022.0,38.76501,-0.539515,22.9,True,Calculada sobre MDT25 © IGN (CC BY 4.0)
node/9841398635,Coll de Cabres,Castellón/Castelló,766.0,40.4213262,0.0454509,767.0,82.0,82.0,False,False,685.0,40.444554,0.043569,2.2,False,Calculada sobre MDT25 © IGN (CC BY 4.0)
node/9864410603,Puntal de la Alameda,Valencia/València,740.0,39.7795333,-0.5389769,738.0,22.0,22.0,False,False,716.0,39.777875,-0.539423,43.3,False,Calculada sobre MDT25 © IGN (CC BY 4.0)
node/9914225111,,Castellón/Castelló,1218.0,40.6631853,0.1093476,1218.0,39.0,39.0,False,False,1179.0,40.662913,0.104932,50.7,False,Calculada sobre MDT25 © IGN (CC BY 4.0)
node/9914225318,Punta del Mas Nou,Castellón/Castelló,1236.0,40.6894027,0.1590383,1234.0,109.0,109.0,False,False,1125.0,40.700807,0.160539,21.7,False,Calculada sobre MDT25 © IGN (CC BY 4.0)
node/9938953895,,Valencia/València,356.0,39.0014958,-0.23648,354.0,100.0,100.0,False,False,254.0,39.000472,-0.241282,37.5,False,Calculada sobre MDT25 © IGN (CC BY 4.0)
node/9938953896,Penya Roja,Valencia/València,235.0,39.0020042,-0.2259681,232.0,4.0,4.0,False,False,228.0,39.001269,-0.227396,15.1,False,Calculada sobre MDT25 © IGN (CC BY 4.0)
node/9947090506,El Murtadell,Valencia/València,448.0,38.904036,-0.2720789,446.0,85.0,85.0,False,False,361.0,38.900153,-0.275724,10.1,False,Calculada sobre MDT25 © IGN (CC BY 4.0)
node/9947090508,Penya Negra,Valencia/València,455.0,38.8980058,-0.2689204,451.0,15.0,15.0,False,False,436.0,38.897072,-0.269213,20.8,False,Calculada sobre MDT25 © IGN (CC BY 4.0)
node/9951229503,El Alto,Castellón/Castelló,664.0,39.8596443,-0.3248138,664.0,24.0,24.0,False,False,640.0,39.861624,-0.324561,10.9,False,Calculada sobre MDT25 © IGN (CC BY 4.0)
node/9951237880,Alto del Pinaret,Castellón/Castelló,719.0,39.8640351,-0.3255426,720.0,29.0,29.0,False,False,691.0,39.865456,-0.324704,12.7,False,Calculada sobre MDT25 © IGN (CC BY 4.0)
node/9952573615,Penya Blanca dels Hedrers,Alicante/Alacant,906.0,38.7831166,-0.1605698,905.0,26.0,26.0,False,False,879.0,38.781392,-0.159683,13.5,False,Calculada sobre MDT25 © IGN (CC BY 4.0)
node/9952574747,Tossal dels Endrets,Alicante/Alacant,804.0,38.7919342,-0.1494817,804.0,30.0,30.0,False,False,774.0,38.789718,-0.150144,2.2,False,Calculada sobre MDT25 © IGN (CC BY 4.0)
node/9952637917,Penya Blanca de la Mallada de Figuera,Alicante/Alacant,954.0,38.7782028,-0.1678315,954.0,363.0,363.0,False,False,591.0,38.781533,-0.184137,124.3,False,Calculada sobre MDT25 © IGN (CC BY 4.0)
node/9953114873,Coll de Pau,Castellón/Castelló,511.0,40.1410007,-0.1799877,511.0,12.0,12.0,False,False,499.0,40.141309,-0.181573,12.2,False,Calculada sobre MDT25 © IGN (CC BY 4.0)
node/9954458074,Tossal Redó,Castellón/Castelló,799.0,40.1620238,-0.2167038,799.0,85.0,85.0,False,False,714.0,40.159589,-0.220439,11.1,False,Calculada sobre MDT25 © IGN (CC BY 4.0)
node/9954733610,Tossal del Castellet,Castellón/Castelló,779.0,40.1551046,-0.2068748,778.0,22.0,22.0,False,False,756.0,40.156853,-0.209692,14.0,False,Calculada sobre MDT25 © IGN (CC BY 4.0)
node/9955981575,la Rodana,Valencia/València,191.0,39.6903248,-0.3393841,190.0,8.0,8.0,False,False,182.0,39.690614,-0.340798,54.2,False,Calculada sobre MDT25 © IGN (CC BY 4.0)
node/9959035591,la Balona,Castellón/Castelló,452.0,39.8211276,-0.2621993,450.0,23.0,23.0,False,False,427.0,39.821453,-0.263036,9.2,False,Calculada sobre MDT25 © IGN (CC BY 4.0)
node/9963865087,Tossal Redó,Valencia/València,530.0,39.021745,-0.2706061,530.0,36.0,36.0,False,False,494.0,39.022814,-0.271886,21.0,False,Calculada sobre MDT25 © IGN (CC BY 4.0)
node/9963918996,el Piló,Valencia/València,348.0,39.0364312,-0.245169,345.0,23.0,23.0,False,False,322.0,39.036857,-0.246509,25.6,False,Calculada sobre MDT25 © IGN (CC BY 4.0)
node/9983079634,Pico del Tío Gaspar,Valencia/València,1154.0,39.5905832,-1.00091,1152.0,0.0,0.0,False,True,,,,,False,Calculada sobre MDT25 © IGN (CC BY 4.0)
node/9983079636,Pico Ropé,Valencia/València,1140.0,39.6212422,-0.9796231,1140.0,72.0,72.0,False,False,1068.0,39.606686,-1.00817,49.4,False,Calculada sobre MDT25 © IGN (CC BY 4.0)
node/9984145406,Los Altos,Valencia/València,1288.0,39.8486721,-0.882412,1287.0,177.0,177.0,False,False,1110.0,39.865999,-0.897516,14.4,False,Calculada sobre MDT25 © IGN (CC BY 4.0)
node/9984152640,l'Ouet,Valencia/València,528.0,39.1117048,-0.324592,522.0,27.0,27.0,False,False,495.0,39.112126,-0.325685,19.4,False,Calculada sobre MDT25 © IGN (CC BY 4.0)
node/9984188405,Cerro de Simón,Valencia/València,1222.0,39.8158766,-0.8412267,1222.0,134.0,134.0,False,False,1088.0,39.829906,-0.869697,1.4,False,Calculada sobre MDT25 © IGN (CC BY 4.0)
node/9984197250,Peñas de Dios,Valencia/València,1167.0,39.8048277,-0.8760802,1164.0,72.0,72.0,False,False,1092.0,39.810076,-0.869142,29.4,True,Calculada sobre MDT25 © IGN (CC BY 4.0)
node/9984216631,Azagadores,Valencia/València,1132.0,39.8001608,-0.9014838,1131.0,71.0,71.0,False,False,1060.0,39.802479,-0.897117,17.6,False,Calculada sobre MDT25 © IGN (CC BY 4.0)
node/9984223523,Alto del Alamín,Valencia/València,1182.0,39.8425477,-0.9333355,1181.0,104.0,104.0,False,False,1077.0,39.852422,-0.931535,21.3,False,Calculada sobre MDT25 © IGN (CC BY 4.0)
node/9984232657,Nevera,Valencia/València,1247.0,39.8493477,-0.895596,1245.0,3.0,3.0,False,False,1242.0,39.849509,-0.894805,9.5,False,Calculada sobre MDT25 © IGN (CC BY 4.0)
node/9984274002,el Mirador,Valencia/València,575.0,39.0302946,-0.3188403,572.0,3.0,3.0,False,False,569.0,39.029776,-0.319553,13.7,False,Calculada sobre MDT25 © IGN (CC BY 4.0)
node/9984283030,,Valencia/València,605.0,39.025106,-0.3261154,604.0,235.0,235.0,False,False,369.0,39.014553,-0.323592,10.5,False,Calculada sobre MDT25 © IGN (CC BY 4.0)
node/9984327946,Puntal dels Germanells,Valencia/València,594.0,39.0991374,-0.3046319,589.0,20.0,20.0,False,False,569.0,39.098098,-0.303381,18.5,False,Calculada sobre MDT25 © IGN (CC BY 4.0)
node/9984350859,Les Orelles d'Ase,Valencia/València,548.0,39.1210715,-0.3429638,546.0,16.0,16.0,False,False,530.0,39.120849,-0.342703,26.8,False,Calculada sobre MDT25 © IGN (CC BY 4.0)
node/9984371833,Castellano,Valencia/València,1055.0,39.7581661,-0.9156074,1053.0,219.0,219.0,False,False,834.0,39.76838,-0.917126,8.6,False,Calculada sobre MDT25 © IGN (CC BY 4.0)
node/9984403318,Peñaparda,Valencia/València,1312.0,39.8348947,-0.7794269,1311.0,16.0,16.0,False,False,1295.0,39.835675,-0.781,14.4,False,Calculada sobre MDT25 © IGN (CC BY 4.0)
node/9985088885,Mojon Blanco,Valencia/València,1529.0,39.9730056,-0.9660059,1526.0,1.0,1.0,False,False,1525.0,39.974451,-0.967379,73.8,False,Calculada sobre MDT25 © IGN (CC BY 4.0)
node/9985206657,Sancho,Valencia/València,1522.0,39.9553192,-0.932704,1520.0,32.0,32.0,False,False,1488.0,39.961595,-0.940833,11.9,False,Calculada sobre MDT25 © IGN (CC BY 4.0)
node/9991715845,Pic dels Francesos,Valencia/València,234.0,39.1760926,-0.2510293,230.0,227.0,227.0,False,False,3.0,39.18301,-0.264831,17.0,False,Calculada sobre MDT25 © IGN (CC BY 4.0)
node/9991741039,El Remedio,Valencia/València,1306.0,39.6299669,-1.1311564,1304.0,445.0,445.0,False,False,859.0,39.763406,-1.227797,38.6,False,Calculada sobre MDT25 © IGN (CC BY 4.0)
node/9991755797,Peña del Aguila,Valencia/València,1304.0,39.6480558,-1.1538716,1304.0,72.0,72.0,False,False,1232.0,39.647502,-1.14714,3.9,True,Calculada sobre MDT25 © IGN (CC BY 4.0)
node/9991793045,Picarcho,Valencia/València,1302.0,39.8333999,-1.210552,1299.0,218.0,218.0,False,False,1081.0,39.837939,-1.211858,21.9,False,Calculada sobre MDT25 © IGN (CC BY 4.0)
node/9993761305,Negrete,Valencia/València,1293.0,39.6352107,-1.1421171,1292.0,51.0,51.0,False,False,1241.0,39.637667,-1.137789,10.7,False,Calculada sobre MDT25 © IGN (CC BY 4.0)
node/9993773479,Cabezo,Valencia/València,1298.0,39.8665555,-0.9855183,1297.0,254.0,254.0,False,False,1043.0,39.877475,-0.985739,24.2,False,Calculada sobre MDT25 © IGN (CC BY 4.0)
node/9993775209,Marisancho,Valencia/València,1291.0,39.6553277,-1.1630231,1288.0,10.0,10.0,False,False,1278.0,39.652447,-1.160703,50.9,False,Calculada sobre MDT25 © IGN (CC BY 4.0)
node/9993814511,Morro Blau,Alicante/Alacant,1125.0,38.6868496,-0.153761,1124.0,8.0,8.0,False,False,1116.0,38.687132,-0.155083,9.4,False,Calculada sobre MDT25 © IGN (CC BY 4.0)
node/10008213164,Alto de la Yerba,Valencia/València,1041.0,39.5406353,-0.8347982,1042.0,181.0,181.0,False,False,861.0,39.529316,-0.862338,17.6,False,Calculada sobre MDT25 © IGN (CC BY 4.0)
node/10008232193,Peña Roya,Valencia/València,951.0,39.560719,-0.8631557,947.0,14.0,14.0,False,False,933.0,39.558564,-0.860567,9.4,False,Calculada sobre MDT25 © IGN (CC BY 4.0)
node/10008237466,Alto de Morros,Valencia/València,997.0,39.5541955,-0.8546171,996.0,49.0,49.0,False,False,947.0,39.548857,-0.847192,38.5,False,Calculada sobre MDT25 © IGN (CC BY 4.0)
node/10008253791,El Remedio,Valencia/València,1053.0,39.7776122,-0.9924811,1052.0,136.0,136.0,False,False,916.0,39.817228,-0.95362,3.6,False,Calculada sobre MDT25 © IGN (CC BY 4.0)
node/10008262915,El Resinero,Valencia/València,1498.0,39.8807956,-0.7955175,1496.0,37.0,37.0,False,False,1459.0,39.881098,-0.800877,34.2,False,Calculada sobre MDT25 © IGN (CC BY 4.0)
node/10008283244,Tortajada,Valencia/València,1517.0,40.0122931,-1.1679653,1514.0,205.0,205.0,False,False,1309.0,40.01664,-1.146273,30.4,False,Calculada sobre MDT25 © IGN (CC BY 4.0)
node/10009945467,Tossal del Corral,Castellón/Castelló,1172.0,40.5795768,0.0060512,1173.0,9.0,9.0,False,False,1164.0,40.580628,0.006615,32.0,False,Calculada sobre MDT25 © IGN (CC BY 4.0)
node/10011070472,Peña del Diablo,Castellón/Castelló,1466.0,39.8842332,-0.7888739,1464.0,3.0,3.0,False,False,1461.0,39.884263,-0.789666,17.9,False,Calculada sobre MDT25 © IGN (CC BY 4.0)
node/10011642461,la Puntassa,Castellón/Castelló,1334.0,40.7084931,0.0774358,1343.0,0.0,0.0,False,True,,,,,False,Calculada sobre MDT25 © IGN (CC BY 4.0)
node/10018843514,Cerro de la Vihuela,Valencia/València,1274.0,39.8674799,-0.7797829,1273.0,110.0,110.0,False,False,1163.0,39.870005,-0.786032,23.7,False,Calculada sobre MDT25 © IGN (CC BY 4.0)
node/10018856534,Cinglos de los Tarragones,Valencia/València,1446.0,39.8752442,-0.800715,1445.0,7.0,7.0,False,False,1438.0,39.875882,-0.798997,4.9,False,Calculada sobre MDT25 © IGN (CC BY 4.0)
node/10018904048,Picarazos,Valencia/València,1133.0,39.8101299,-0.8893991,1133.0,89.0,89.0,False,False,1044.0,39.804785,-0.887702,42.0,False,Calculada sobre MDT25 © IGN (CC BY 4.0)
node/10019945077,el Montnegrell,Castellón/Castelló,916.0,40.7681915,-0.1438804,913.0,4.0,4.0,False,False,909.0,40.768878,-0.144248,16.5,False,Calculada sobre MDT25 © IGN (CC BY 4.0)
node/10030171972,Alto de la Sima,Valencia/València,986.0,39.5433158,-0.8379545,987.0,2.0,2.0,False,False,985.0,39.543035,-0.836899,9.4,False,Calculada sobre MDT25 © IGN (CC BY 4.0)
node/10030184557,Cerro del Morro,Valencia/València,964.0,39.5472486,-0.845516,966.0,10.0,10.0,False,False,956.0,39.546777,-0.844347,1.7,False,Calculada sobre MDT25 © IGN (CC BY 4.0)
node/10034231766,La Muela,Valencia/València,1123.0,39.8276693,-0.8804382,1122.0,43.0,43.0,False,False,1079.0,39.83012,-0.881376,12.6,False,Calculada sobre MDT25 © IGN (CC BY 4.0)
node/10053730605,Pico Martés,Valencia/València,1080.0,39.3246405,-0.9461454,1084.0,442.0,442.0,False,False,642.0,39.419978,-1.117171,17.3,False,Calculada sobre MDT25 © IGN (CC BY 4.0)
node/10056739129,Lausilla,Castellón/Castelló,1299.0,39.8760535,-0.756059,1294.0,82.0,82.0,False,False,1212.0,39.86605,-0.756056,24.2,False,Calculada sobre MDT25 © IGN (CC BY 4.0)
node/10056741332,Cerro de los Majanos,Castellón/Castelló,1280.0,39.8621385,-0.7484775,1280.0,28.0,28.0,False,False,1252.0,39.858926,-0.74869,11.6,False,Calculada sobre MDT25 © IGN (CC BY 4.0)
node/10058844960,Pico de los Ajos,Valencia/València,1060.0,39.3234896,-0.9386563,1060.0,8.0,8.0,False,False,1052.0,39.323749,-0.941402,12.5,False,Calculada sobre MDT25 © IGN (CC BY 4.0)
node/10059768708,Morro del Serrellat,Alicante/Alacant,598.0,38.4667764,-0.7530919,598.0,10.0,10.0,False,False,588.0,38.466323,-0.75227,2.5,False,Calculada sobre MDT25 © IGN (CC BY 4.0)
node/10066912990,,Alicante/Alacant,1289.0,38.7104141,-0.3009069,1284.0,0.0,0.0,False,True,,,,,False,Calculada sobre MDT25 © IGN (CC BY 4.0)
node/10075583136,Collet de la Torre d'Ametla,Castellón/Castelló,803.0,40.674888,-0.1805223,804.0,24.0,24.0,False,False,780.0,40.672519,-0.172322,28.2,False,Calculada sobre MDT25 © IGN (CC BY 4.0)
node/10076898291,Pinarejos,Valencia/València,934.0,39.7895805,-0.8358493,936.0,93.0,93.0,False,False,843.0,39.794417,-0.838385,8.4,False,Calculada sobre MDT25 © IGN (CC BY 4.0)
node/10087984459,el Campanaret,Castellón/Castelló,359.0,40.0454786,-0.0942111,363.0,0.0,0.0,False,True,,,,,False,Calculada sobre MDT25 © IGN (CC BY 4.0)
node/10113611099,Alto del Viso,Valencia/València,1507.0,39.9815899,-1.0021837,1508.0,40.0,40.0,False,False,1468.0,39.97949,-0.985088,40.1,False,Calculada sobre MDT25 © IGN (CC BY 4.0)
node/10113612579,Alto de la Zorra,Valencia/València,1463.0,39.9457966,-0.9194033,1461.0,23.0,23.0,False,False,1438.0,39.946645,-0.923432,24.1,False,Calculada sobre MDT25 © IGN (CC BY 4.0)
node/10123399502,la Mola,Castellón/Castelló,885.0,40.2692929,-0.0077601,885.0,124.0,124.0,False,False,761.0,40.273808,-0.005853,8.2,False,Calculada sobre MDT25 © IGN (CC BY 4.0)
node/10129075771,el Picaio,Castellón/Castelló,1304.0,40.389101,-0.2411876,1299.0,122.0,122.0,False,False,1177.0,40.391567,-0.259512,64.0,False,Calculada sobre MDT25 © IGN (CC BY 4.0)
node/10158127371,,Alicante/Alacant,842.0,38.4533934,-0.7075372,836.0,26.0,26.0,False,False,810.0,38.455118,-0.708787,40.5,False,Calculada sobre MDT25 © IGN (CC BY 4.0)
node/10162797635,La Villa,Valencia/València,1215.0,39.8215033,-0.8568306,1214.0,21.0,21.0,False,False,1193.0,39.822884,-0.85531,6.6,False,Calculada sobre MDT25 © IGN (CC BY 4.0)
node/10178739842,Pinocha,Valencia/València,1156.0,39.8477121,-0.8630266,1156.0,43.0,43.0,False,False,1113.0,39.846997,-0.868292,28.1,False,Calculada sobre MDT25 © IGN (CC BY 4.0)
node/10178741717,Mataja,Valencia/València,1019.0,39.7803605,-0.9257567,1018.0,162.0,162.0,False,False,856.0,39.783189,-0.901499,13.3,False,Calculada sobre MDT25 © IGN (CC BY 4.0)
node/10178751261,Bellida,Castellón/Castelló,1323.0,39.8485969,-0.7401262,1324.0,7.0,7.0,False,False,1317.0,39.849111,-0.741998,64.4,False,Calculada sobre MDT25 © IGN (CC BY 4.0)
node/10180744463,Alt de l'Almuixic,Valencia/València,209.0,38.8973312,-0.1255094,208.0,110.0,110.0,False,False,98.0,38.896695,-0.131459,17.2,False,Calculada sobre MDT25 © IGN (CC BY 4.0)
node/10201934647,Alt de Fontcalent,Alicante/Alacant,446.0,38.3523044,-0.5903489,445.0,308.0,308.0,False,False,137.0,38.365327,-0.589736,9.8,False,Calculada sobre MDT25 © IGN (CC BY 4.0)
node/10212207689,Alto Molinero,Valencia/València,1423.0,39.9160275,-0.9159201,1423.0,11.0,11.0,False,False,1412.0,39.917424,-0.914078,16.8,False,Calculada sobre MDT25 © IGN (CC BY 4.0)
node/10225167663,Coll dels Navarros,Castellón/Castelló,206.0,40.4233335,0.3528518,204.0,68.0,68.0,False,False,136.0,40.42156,0.345701,31.4,False,Calculada sobre MDT25 © IGN (CC BY 4.0)
node/10225433026,Torda,Valencia/València,1238.0,39.8366184,-0.867308,1238.0,78.0,78.0,False,False,1160.0,39.838546,-0.874105,11.7,False,Calculada sobre MDT25 © IGN (CC BY 4.0)
node/10227861245,Puntal de la Sarnosa,Valencia/València,921.0,39.4923793,-0.8600192,920.0,13.0,13.0,False,False,907.0,39.494596,-0.860495,5.9,False,Calculada sobre MDT25 © IGN (CC BY 4.0)
node/10238853488,Mola Redona,Castellón/Castelló,693.0,40.5488252,0.1788354,684.0,80.0,80.0,False,False,604.0,40.551484,0.178297,9.0,False,Calculada sobre MDT25 © IGN (CC BY 4.0)
node/10238853490,Mola Llarga,Castellón/Castelló,687.0,40.5530146,0.1789317,688.0,87.0,87.0,False,False,601.0,40.548143,0.176958,22.8,False,Calculada sobre MDT25 © IGN (CC BY 4.0)
node/10242532497,El Pedregal,Valencia/València,566.0,39.7401405,-0.5369854,564.0,20.0,20.0,False,False,544.0,39.741149,-0.538688,25.3,False,Calculada sobre MDT25 © IGN (CC BY 4.0)
node/10266499001,Peña del Rayo,Valencia/València,697.0,39.7381955,-0.5243786,694.0,28.0,28.0,False,False,666.0,39.739251,-0.523586,21.7,False,Calculada sobre MDT25 © IGN (CC BY 4.0)
node/10287165757,Mont del Sardo,Castellón/Castelló,454.0,39.9357964,-0.2562641,454.0,18.0,18.0,False,False,436.0,39.934793,-0.256183,17.3,False,Calculada sobre MDT25 © IGN (CC BY 4.0)
node/10287165758,Tossal del Fideuer,Castellón/Castelló,501.0,39.9329043,-0.2556604,502.0,52.0,52.0,False,False,450.0,39.93073,-0.25576,8.4,False,Calculada sobre MDT25 © IGN (CC BY 4.0)
node/10292178708,Penyes Altes,Valencia/València,765.0,38.8597778,-0.3517777,764.0,6.0,6.0,False,False,758.0,38.858707,-0.353934,8.8,False,Calculada sobre MDT25 © IGN (CC BY 4.0)
node/10292198735,els Crestalls de Montnegre,Alicante/Alacant,649.0,38.8116643,-0.1222203,646.0,105.0,105.0,False,False,541.0,38.815797,-0.129815,44.1,False,Calculada sobre MDT25 © IGN (CC BY 4.0)
node/10292214751,Alt de Senabre,Alicante/Alacant,429.0,38.8197025,-0.3482793,429.0,55.0,55.0,False,False,374.0,38.815334,-0.348344,38.7,False,Calculada sobre MDT25 © IGN (CC BY 4.0)
node/10292215742,Tossal Negre,Alicante/Alacant,698.0,38.8257028,-0.4080464,695.0,42.0,42.0,False,False,653.0,38.826825,-0.408674,8.2,False,Calculada sobre MDT25 © IGN (CC BY 4.0)
node/10292215743,Tossal Blanc,Alicante/Alacant,690.0,38.8266329,-0.4036819,686.0,25.0,25.0,False,False,661.0,38.827848,-0.404029,12.7,False,Calculada sobre MDT25 © IGN (CC BY 4.0)
node/10292239839,,Alicante/Alacant,474.0,38.8380164,-0.183166,471.0,48.0,48.0,False,False,423.0,38.836846,-0.180229,16.3,False,Calculada sobre MDT25 © IGN (CC BY 4.0)
node/10294301775,Tossal de la Nevera,Castellón/Castelló,1286.0,40.4677938,-0.0299841,1286.0,241.0,241.0,False,False,1045.0,40.457465,-0.054898,7.5,False,Calculada sobre MDT25 © IGN (CC BY 4.0)
node/10297500986,,Alicante/Alacant,,38.3192531,-0.7630584,368.0,89.0,89.0,False,False,279.0,38.324275,-0.780972,7.1,False,Calculada sobre MDT25 © IGN (CC BY 4.0)
node/10300301814,el Molló,Castellón/Castelló,776.0,40.4462023,0.0612844,775.0,75.0,75.0,False,False,700.0,40.450115,0.046178,15.5,False,Calculada sobre MDT25 © IGN (CC BY 4.0)
node/10300301818,Tossalet de na Molinos,Castellón/Castelló,632.0,40.4374061,0.0571039,632.0,69.0,69.0,False,False,563.0,40.438628,0.054795,3.9,False,Calculada sobre MDT25 © IGN (CC BY 4.0)
node/10300928972,Alto Bellota,Castellón/Castelló,1052.0,40.0143048,-0.5508949,1050.0,46.0,46.0,False,False,1004.0,40.010915,-0.547471,7.2,False,Calculada sobre MDT25 © IGN (CC BY 4.0)
node/10301086862,Cerro de la Silla,Castellón/Castelló,785.0,40.0357303,-0.5383569,794.0,6.0,6.0,False,False,788.0,40.035476,-0.537509,2.2,False,Calculada sobre MDT25 © IGN (CC BY 4.0)
node/10301091357,Rosada I,Castellón/Castelló,950.0,40.0542155,-0.5622844,948.0,2.0,2.0,False,False,946.0,40.054249,-0.562622,4.9,False,Calculada sobre MDT25 © IGN (CC BY 4.0)
node/10301094849,Alto Pino Rey,Castellón/Castelló,1118.0,40.0285659,-0.6017343,1119.0,13.0,13.0,False,False,1106.0,40.028957,-0.602486,22.7,False,Calculada sobre MDT25 © IGN (CC BY 4.0)
node/10301095330,Peña Agujereada,Castellón/Castelló,1052.0,40.0123511,-0.54875,1039.0,17.0,17.0,False,False,1022.0,40.01344,-0.549724,15.0,False,Calculada sobre MDT25 © IGN (CC BY 4.0)
node/10301105175,Monte Calvario,Castellón/Castelló,687.0,40.0340371,-0.5588364,691.0,48.0,48.0,False,False,643.0,40.032183,-0.562822,13.7,False,Calculada sobre MDT25 © IGN (CC BY 4.0)
node/10301106746,,Castellón/Castelló,934.0,40.0200708,-0.5506758,930.0,8.0,8.0,False,False,922.0,40.019772,-0.550962,16.2,False,Calculada sobre MDT25 © IGN (CC BY 4.0)
node/10301111334,,Castellón/Castelló,946.0,40.018029,-0.5507241,952.0,15.0,15.0,False,False,937.0,40.017509,-0.550457,17.9,False,Calculada sobre MDT25 © IGN (CC BY 4.0)
node/10301138492,Peña Redonda,Castellón/Castelló,905.0,40.1015283,-0.5536745,910.0,104.0,104.0,False,False,806.0,40.105067,-0.548197,19.8,False,Calculada sobre MDT25 © IGN (CC BY 4.0)
node/10310601046,Monte de Elvira,Castellón/Castelló,1028.0,40.0040711,-0.5223325,1027.0,53.0,53.0,False,False,974.0,40.004491,-0.531302,8.0,False,Calculada sobre MDT25 © IGN (CC BY 4.0)
node/10311387942,Penya Alta,Alicante/Alacant,806.0,38.7056185,-0.0563046,802.0,6.0,6.0,False,False,796.0,38.706083,-0.056313,2.8,False,Calculada sobre MDT25 © IGN (CC BY 4.0)
node/10311387993,Penyes de s'Ombria,Alicante/Alacant,898.0,38.6998673,-0.0584959,896.0,302.0,302.0,False,False,594.0,38.686472,-0.055681,22.2,False,Calculada sobre MDT25 © IGN (CC BY 4.0)
node/10312843456,Coll Redó,Castellón/Castelló,601.0,40.4900736,0.1389223,602.0,26.0,26.0,False,False,576.0,40.490022,0.136758,20.7,False,Calculada sobre MDT25 © IGN (CC BY 4.0)
node/10313908316,Coll de la Creu,Castellón/Castelló,566.0,40.5643597,0.1836428,567.0,41.0,41.0,False,False,526.0,40.562348,0.184421,24.3,False,Calculada sobre MDT25 © IGN (CC BY 4.0)
node/10313908476,Collet Gros,Castellón/Castelló,485.0,40.5352277,0.2676018,485.0,9.0,9.0,False,False,476.0,40.535115,0.264584,72.5,False,Calculada sobre MDT25 © IGN (CC BY 4.0)
node/10572869973,el Tossal,Alicante/Alacant,773.0,38.7335263,-0.2832026,775.0,5.0,5.0,False,False,770.0,38.732911,-0.280368,124.0,False,Calculada sobre MDT25 © IGN (CC BY 4.0)
node/10580190819,Alt dels Canyarets,Alicante/Alacant,874.0,38.5876244,-0.4524483,871.0,7.0,7.0,False,False,864.0,38.588342,-0.451999,14.3,False,Calculada sobre MDT25 © IGN (CC BY 4.0)
node/10592148103,Alt de Carraposa,Valencia/València,250.0,39.0096441,-0.5842879,251.0,89.0,89.0,False,False,162.0,39.008907,-0.591419,9.8,False,Calculada sobre MDT25 © IGN (CC BY 4.0)
node/10595159060,,Alicante/Alacant,654.0,38.7247342,-0.3183128,656.0,31.0,31.0,False,False,625.0,38.724289,-0.316636,5.6,False,Calculada sobre MDT25 © IGN (CC BY 4.0)
node/10597393378,Lloma de l'Ull del Moro,Alicante/Alacant,908.0,38.6869217,-0.4500054,908.0,46.0,46.0,False,False,862.0,38.686468,-0.448233,19.8,False,Calculada sobre MDT25 © IGN (CC BY 4.0)
node/10597393394,El Capenal,Alicante/Alacant,808.0,38.7298304,-0.4751013,799.0,19.0,19.0,False,False,780.0,38.73125,-0.477409,30.1,False,Calculada sobre MDT25 © IGN (CC BY 4.0)
node/10597434680,Alto de la Covalta,Alicante/Alacant,882.0,38.8058723,-0.4988844,880.0,288.0,288.0,False,False,592.0,38.808419,-0.462886,26.5,False,Calculada sobre MDT25 © IGN (CC BY 4.0)
node/10597438452,la Lloma,Alicante/Alacant,973.0,38.7716438,-0.4796348,973.0,30.0,30.0,False,False,943.0,38.771268,-0.484344,17.3,False,Calculada sobre MDT25 © IGN (CC BY 4.0)
node/10597438453,,Alicante/Alacant,1257.0,38.7678482,-0.5072278,1256.0,41.0,41.0,False,False,1215.0,38.768974,-0.503414,23.8,False,Calculada sobre MDT25 © IGN (CC BY 4.0)
node/10602799154,,Alicante/Alacant,837.0,38.5274175,-0.522611,832.0,143.0,143.0,False,False,689.0,38.530926,-0.526578,8.2,False,Calculada sobre MDT25 © IGN (CC BY 4.0)
node/10602801039,els Almadens,Alicante/Alacant,696.0,38.5321155,-0.4766178,694.0,30.0,30.0,False,False,664.0,38.532683,-0.471745,24.7,False,Calculada sobre MDT25 © IGN (CC BY 4.0)
node/10602802110,Grana,Alicante/Alacant,1095.0,38.5878153,-0.3858177,1093.0,15.0,15.0,False,False,1078.0,38.587606,-0.388027,66.9,False,Calculada sobre MDT25 © IGN (CC BY 4.0)
node/10602819956,Aitana Oriental,Alicante/Alacant,1549.0,38.650336,-0.2598497,1548.0,9.0,9.0,False,False,1539.0,38.650009,-0.260529,14.4,False,Calculada sobre MDT25 © IGN (CC BY 4.0)
node/10604590689,Alt del Molló,Alicante/Alacant,1140.0,38.5228603,-0.6843189,1136.0,22.0,22.0,False,False,1114.0,38.524229,-0.683657,21.3,False,Calculada sobre MDT25 © IGN (CC BY 4.0)
node/10604619510,Alt de la Martina,Alicante/Alacant,1093.0,38.5827883,-0.5404035,1091.0,83.0,83.0,False,False,1008.0,38.585214,-0.537343,25.4,False,Calculada sobre MDT25 © IGN (CC BY 4.0)
node/10609142497,Tossal de la Mamelleta,Alicante/Alacant,537.0,38.5822635,-0.1692487,532.0,91.0,91.0,False,False,441.0,38.583676,-0.170651,3.6,False,Calculada sobre MDT25 © IGN (CC BY 4.0)
node/10609142499,el Castellet,Alicante/Alacant,564.0,38.6277204,-0.1571585,558.0,57.0,57.0,False,False,501.0,38.62843,-0.158555,1.0,False,Calculada sobre MDT25 © IGN (CC BY 4.0)
node/10609166972,L'Almèdia,Alicante/Alacant,686.0,38.6659168,-0.1378129,686.0,124.0,124.0,False,False,562.0,38.670672,-0.145105,8.1,False,Calculada sobre MDT25 © IGN (CC BY 4.0)
node/10609178613,Panxa Blanca,Alicante/Alacant,987.0,38.6571712,-0.0356255,982.0,108.0,108.0,False,False,874.0,38.657883,-0.038469,4.0,False,Calculada sobre MDT25 © IGN (CC BY 4.0)
node/10609183875,,Alicante/Alacant,1102.0,38.6629756,-0.0513926,1096.0,12.0,12.0,False,False,1084.0,38.663413,-0.052317,22.1,False,Calculada sobre MDT25 © IGN (CC BY 4.0)
node/10609184085,Tossal de Marraix,Alicante/Alacant,551.0,38.5775948,-0.1676876,548.0,139.0,139.0,False,False,409.0,38.57983,-0.169941,17.5,True,Calculada sobre MDT25 © IGN (CC BY 4.0)
node/10609194782,Penya de la Xata,Alicante/Alacant,817.0,38.6089553,-0.2084567,810.0,101.0,101.0,False,False,709.0,38.608623,-0.20584,6.4,False,Calculada sobre MDT25 © IGN (CC BY 4.0)
node/10609195560,Penya de l'Or,Alicante/Alacant,661.0,38.6794409,-0.1250103,658.0,83.0,83.0,False,False,575.0,38.681522,-0.128295,7.6,False,Calculada sobre MDT25 © IGN (CC BY 4.0)
node/10609196160,Tossal de Navarro,Alicante/Alacant,686.0,38.6993828,-0.0039798,684.0,97.0,97.0,False,False,587.0,38.701103,-0.002195,4.1,False,Calculada sobre MDT25 © IGN (CC BY 4.0)
node/10609210633,la Campana,Alicante/Alacant,803.0,38.6606787,-0.0791286,802.0,66.0,66.0,False,False,736.0,38.66129,-0.075385,3.5,False,Calculada sobre MDT25 © IGN (CC BY 4.0)
node/10612718658,L' Ascensió,Alicante/Alacant,1012.0,38.7355939,-0.7563172,1012.0,305.0,305.0,False,False,707.0,38.73787,-0.654623,16.4,False,Calculada sobre MDT25 © IGN (CC BY 4.0)
node/10612720351,Cabeç Gordo,Alicante/Alacant,1062.0,38.6640674,-0.7271477,1053.0,22.0,22.0,False,False,1031.0,38.665412,-0.726806,1.0,False,Calculada sobre MDT25 © IGN (CC BY 4.0)
node/10612720403,Fernoveta,Alicante/Alacant,995.0,38.63792,-0.5851327,992.0,74.0,74.0,False,False,918.0,38.64321,-0.585621,13.6,False,Calculada sobre MDT25 © IGN (CC BY 4.0)
node/10612846578,,Alicante/Alacant,1335.0,38.7117805,-0.2946114,1334.0,12.0,12.0,False,False,1322.0,38.712024,-0.292659,20.2,False,Calculada sobre MDT25 © IGN (CC BY 4.0)
node/10612846579,Mela,Alicante/Alacant,1123.0,38.7009274,-0.2765329,1120.0,85.0,85.0,False,False,1035.0,38.698577,-0.276208,20.5,False,Calculada sobre MDT25 © IGN (CC BY 4.0)
node/10618479130,Morral del Sereno,Castellón/Castelló,760.0,40.3327113,-0.1954187,680.0,5.0,5.0,False,False,675.0,40.332606,-0.195398,43.2,False,Calculada sobre MDT25 © IGN (CC BY 4.0)
node/10650267887,Safra,Alicante/Alacant,852.0,38.3989122,-0.8796931,850.0,328.0,328.0,False,False,522.0,38.442293,-0.901959,6.6,False,Calculada sobre MDT25 © IGN (CC BY 4.0)
node/10650275252,Algarejo,Alicante/Alacant,1043.0,38.3683165,-0.9680424,1042.0,38.0,38.0,False,False,1004.0,38.364406,-0.96916,17.2,False,Calculada sobre MDT25 © IGN (CC BY 4.0)
node/10650275257,Cruz de la Muela,Alicante/Alacant,463.0,38.1020354,-0.9515658,464.0,38.0,38.0,False,False,426.0,38.103497,-0.954168,9.9,False,Calculada sobre MDT25 © IGN (CC BY 4.0)
node/10650275258,Peña de Orihuela,Alicante/Alacant,634.0,38.099027,-0.9992364,633.0,526.0,526.0,False,False,107.0,38.1018,-1.053145,11.4,False,Calculada sobre MDT25 © IGN (CC BY 4.0)
node/10652722292,el Castellet,Castellón/Castelló,1140.0,40.3049286,-0.3689652,1137.0,14.0,14.0,False,False,1123.0,40.304477,-0.368632,4.9,False,Calculada sobre MDT25 © IGN (CC BY 4.0)
node/10665671539,Torre del Aguiló,Alicante/Alacant,147.0,38.5191666,-0.1721136,146.0,56.0,56.0,False,False,90.0,38.519831,-0.175734,21.1,False,Calculada sobre MDT25 © IGN (CC BY 4.0)
node/10665686441,Mascarat,Alicante/Alacant,417.0,38.6383917,0.0008484,414.0,50.0,50.0,False,False,364.0,38.64151,-0.00583,73.0,False,Calculada sobre MDT25 © IGN (CC BY 4.0)
node/10665717191,Castellet de Calp,Alicante/Alacant,254.0,38.6380512,0.0090066,252.0,77.0,77.0,False,False,175.0,38.637918,0.01125,9.3,False,Calculada sobre MDT25 © IGN (CC BY 4.0)
node/10665733873,Cap d'Or,Alicante/Alacant,165.0,38.6843107,0.1513213,165.0,59.0,59.0,False,False,106.0,38.686015,0.151771,17.3,False,Calculada sobre MDT25 © IGN (CC BY 4.0)
node/10665751491,,Alicante/Alacant,829.0,38.7683435,-0.139186,826.0,30.0,30.0,False,False,796.0,38.767779,-0.137208,51.7,True,Calculada sobre MDT25 © IGN (CC BY 4.0)
node/10665751492,Tossal del Port,Alicante/Alacant,421.0,38.7740289,-0.0778032,417.0,112.0,112.0,False,False,305.0,38.770782,-0.085589,12.2,False,Calculada sobre MDT25 © IGN (CC BY 4.0)
node/10665752234,Penya de la Terra Nova,Alicante/Alacant,1296.0,38.7202123,-0.258619,1294.0,23.0,23.0,False,False,1271.0,38.719996,-0.257857,17.3,False,Calculada sobre MDT25 © IGN (CC BY 4.0)
node/10665760138,el Somo d'Aialt,Alicante/Alacant,884.0,38.7148863,-0.1506989,884.0,108.0,108.0,False,False,776.0,38.718529,-0.149525,40.2,False,Calculada sobre MDT25 © IGN (CC BY 4.0)
node/10665760139,es Crestall,Alicante/Alacant,984.0,38.7240511,-0.1435784,982.0,95.0,95.0,False,False,887.0,38.720963,-0.138503,23.3,False,Calculada sobre MDT25 © IGN (CC BY 4.0)
node/10665767537,,Alicante/Alacant,1261.0,38.7191945,-0.2439348,1266.0,10.0,10.0,False,False,1256.0,38.718976,-0.243233,12.0,False,Calculada sobre MDT25 © IGN (CC BY 4.0)
node/10665770048,,Alicante/Alacant,1305.0,38.7157143,-0.2363436,1301.0,38.0,38.0,False,False,1263.0,38.715922,-0.237888,39.8,False,Calculada sobre MDT25 © IGN (CC BY 4.0)
node/10665771555,Tossal Blanc,Alicante/Alacant,972.0,38.7647348,-0.3088717,969.0,54.0,54.0,False,False,915.0,38.762004,-0.311195,20.1,False,Calculada sobre MDT25 © IGN (CC BY 4.0)
node/10665771556,Penya del Castellet,Alicante/Alacant,558.0,38.6808365,-0.2036874,558.0,41.0,41.0,False,False,517.0,38.67997,-0.203641,18.4,False,Calculada sobre MDT25 © IGN (CC BY 4.0)
node/10675045996,Tossal de la Costa,Castellón/Castelló,773.0,40.2606206,-0.2005486,770.0,8.0,8.0,False,False,762.0,40.261561,-0.2001,16.1,False,Calculada sobre MDT25 © IGN (CC BY 4.0)
node/10679397991,Mont de Ripoll,Alicante/Alacant,220.0,38.3218329,-0.6284052,218.0,22.0,22.0,False,False,196.0,38.32265,-0.628896,35.8,False,Calculada sobre MDT25 © IGN (CC BY 4.0)
node/10679414435,Alt del Sanxo,Alicante/Alacant,228.6,38.3154541,-0.5826403,228.0,16.0,16.0,False,False,212.0,38.314767,-0.584836,21.2,False,Calculada sobre MDT25 © IGN (CC BY 4.0)
node/10687104980,Alt del Realet,Alicante/Alacant,697.0,38.591901,-0.2402869,690.0,142.0,142.0,False,False,548.0,38.595904,-0.23934,41.8,False,Calculada sobre MDT25 © IGN (CC BY 4.0)
node/10692138701,Tossal del Segall,Castellón/Castelló,338.0,40.1255441,-0.1234574,339.0,23.0,23.0,False,False,316.0,40.125193,-0.121515,126.9,False,Calculada sobre MDT25 © IGN (CC BY 4.0)
node/10719842704,Los Torrojones,Castellón/Castelló,1532.0,40.252104,-0.4054545,1532.0,51.0,51.0,False,False,1481.0,40.258051,-0.396887,24.2,False,Calculada sobre MDT25 © IGN (CC BY 4.0)
node/10719853905,Tozal de Maluendas,Castellón/Castelló,1533.0,40.2561099,-0.3866796,1534.0,24.0,24.0,False,False,1510.0,40.257382,-0.387212,14.9,False,Calculada sobre MDT25 © IGN (CC BY 4.0)
node/10719853906,el Xaparral,Castellón/Castelló,1594.0,40.2741846,-0.3844238,1594.0,18.0,18.0,False,False,1576.0,40.270386,-0.384654,28.6,False,Calculada sobre MDT25 © IGN (CC BY 4.0)
node/10719853907,Tossal del Mas de Montsó,Castellón/Castelló,1511.0,40.2838934,-0.3784845,1512.0,42.0,42.0,False,False,1470.0,40.282554,-0.375069,11.2,False,Calculada sobre MDT25 © IGN (CC BY 4.0)
node/10726866303,Alto de la Mojeta,Castellón/Castelló,859.0,40.0793305,-0.4609993,861.0,43.0,43.0,False,False,818.0,40.080933,-0.46287,14.7,False,Calculada sobre MDT25 © IGN (CC BY 4.0)
node/10735280240,El Cabezo,Castellón/Castelló,746.0,40.0650417,-0.3131515,746.0,37.0,37.0,False,False,709.0,40.065904,-0.315702,24.8,False,Calculada sobre MDT25 © IGN (CC BY 4.0)
node/10736035932,Peña de las Herrerías,Castellón/Castelló,876.0,40.0956138,-0.3933372,880.0,27.0,27.0,False,False,853.0,40.09344,-0.397309,134.1,False,Calculada sobre MDT25 © IGN (CC BY 4.0)
node/10736035967,El Cabezo,Castellón/Castelló,827.0,40.0877913,-0.3884199,826.0,26.0,26.0,False,False,800.0,40.089245,-0.391018,5.0,False,Calculada sobre MDT25 © IGN (CC BY 4.0)
node/10740018510,Pico Recuén,Castellón/Castelló,657.0,39.8817229,-0.4441624,656.0,12.0,12.0,False,False,644.0,39.882784,-0.443883,7.9,False,Calculada sobre MDT25 © IGN (CC BY 4.0)
node/10751566479,Cerro de Santa Bárbara,Castellón/Castelló,788.0,39.922695,-0.4662336,788.0,145.0,145.0,False,False,643.0,39.932065,-0.452289,12.9,False,Calculada sobre MDT25 © IGN (CC BY 4.0)
node/10753792551,la Picossa,Castellón/Castelló,989.0,40.317659,-0.2390362,974.0,0.0,0.0,False,True,,,,,False,Calculada sobre MDT25 © IGN (CC BY 4.0)
node/10781722917,La Golosilla,Castellón/Castelló,1581.0,40.2127971,-0.3618745,1580.0,106.0,106.0,False,False,1474.0,40.218815,-0.354912,66.6,False,Calculada sobre MDT25 © IGN (CC BY 4.0)
node/10782181131,Penya dels Arboços,Alicante/Alacant,764.0,38.8089049,-0.2780353,756.0,1.0,1.0,False,False,755.0,38.808769,-0.278347,9.2,False,Calculada sobre MDT25 © IGN (CC BY 4.0)
node/10785677329,Tossal Gran,Alicante/Alacant,616.0,38.8404937,-0.2279533,612.0,14.0,14.0,False,False,598.0,38.841618,-0.229,19.8,False,Calculada sobre MDT25 © IGN (CC BY 4.0)
node/10793171979,Tossal del Frare,Castellón/Castelló,622.0,40.269883,-0.113377,622.0,17.0,17.0,False,False,605.0,40.268653,-0.113085,25.2,False,Calculada sobre MDT25 © IGN (CC BY 4.0)
node/10793171997,el Tornet,Castellón/Castelló,1118.0,40.2652004,-0.2412272,1118.0,32.0,32.0,False,False,1086.0,40.264629,-0.24348,15.6,False,Calculada sobre MDT25 © IGN (CC BY 4.0)
node/10795480659,Tossal de Marco,Castellón/Castelló,1152.0,40.2721861,-0.2454216,1152.0,30.0,30.0,False,False,1122.0,40.270577,-0.247354,34.9,False,Calculada sobre MDT25 © IGN (CC BY 4.0)
node/10795497796,Tossal del Vidre,Castellón/Castelló,1091.0,40.2758087,-0.2375941,1091.0,35.0,35.0,False,False,1056.0,40.274233,-0.240149,13.6,False,Calculada sobre MDT25 © IGN (CC BY 4.0)
node/10803095171,la Creu,Alicante/Alacant,305.0,38.853037,-0.1493786,301.0,111.0,111.0,False,False,190.0,38.85675,-0.137386,29.6,False,Calculada sobre MDT25 © IGN (CC BY 4.0)
node/10838102410,Mola de la Servera,Castellón/Castelló,954.0,40.5319614,0.0423587,955.0,56.0,56.0,False,False,899.0,40.532958,0.03842,52.3,False,Calculada sobre MDT25 © IGN (CC BY 4.0)
node/10838102411,Molló de la Talaia,Castellón/Castelló,1033.0,40.5317743,0.0309108,1034.0,128.0,128.0,False,False,906.0,40.533267,0.018071,7.4,False,Calculada sobre MDT25 © IGN (CC BY 4.0)
node/10838102412,Molló de Jacint,Castellón/Castelló,1058.0,40.5282709,-0.0037339,1059.0,33.0,33.0,False,False,1026.0,40.525457,-0.010608,32.4,False,Calculada sobre MDT25 © IGN (CC BY 4.0)
node/10838102413,Molló de Centelles,Castellón/Castelló,1009.0,40.5326475,0.0103948,1010.0,18.0,18.0,False,False,992.0,40.533521,0.008343,31.5,False,Calculada sobre MDT25 © IGN (CC BY 4.0)
node/10838102414,la Llobatera,Castellón/Castelló,982.0,40.5313896,0.0240037,981.0,21.0,21.0,False,False,960.0,40.531477,0.026254,18.9,False,Calculada sobre MDT25 © IGN (CC BY 4.0)
node/10838102415,Molló de la Coma,Castellón/Castelló,918.0,40.5325334,0.019216,918.0,9.0,9.0,False,False,909.0,40.532321,0.019799,25.0,False,Calculada sobre MDT25 © IGN (CC BY 4.0)
node/10871546069,Alto del Collado,Castellón/Castelló,743.0,39.9763899,-0.3903539,742.0,3.0,3.0,False,False,739.0,39.976429,-0.391511,1.8,False,Calculada sobre MDT25 © IGN (CC BY 4.0)
node/10879772030,Tossalet de la Dona,Alicante/Alacant,668.0,38.795362,-0.3095013,667.0,7.0,7.0,False,False,660.0,38.795741,-0.309064,49.7,False,Calculada sobre MDT25 © IGN (CC BY 4.0)
node/10880927893,Tossal de la Sàlvia,Valencia/València,649.0,38.8661294,-0.2420536,676.0,0.0,0.0,False,True,,,,,False,Calculada sobre MDT25 © IGN (CC BY 4.0)
node/10880927894,Tossal de la Mallada de les Mates,Valencia/València,652.0,38.8636988,-0.2440802,648.0,10.0,10.0,False,False,638.0,38.863145,-0.244008,20.3,False,Calculada sobre MDT25 © IGN (CC BY 4.0)
node/10882049663,Alt del Racó dels Castanyos,Valencia/València,524.0,38.8987526,-0.6447735,520.0,23.0,23.0,False,False,497.0,38.89626,-0.645384,34.9,False,Calculada sobre MDT25 © IGN (CC BY 4.0)
node/10882049673,Alt de Vila,Valencia/València,548.0,38.8967737,-0.6510016,549.0,29.0,29.0,False,False,520.0,38.895533,-0.654055,12.6,False,Calculada sobre MDT25 © IGN (CC BY 4.0)
node/10882049674,Altet de la Dominga,Valencia/València,544.0,38.8917656,-0.6515408,544.0,8.0,8.0,False,False,536.0,38.892336,-0.651855,13.2,False,Calculada sobre MDT25 © IGN (CC BY 4.0)
node/10882049675,Alt de la Barcella,Valencia/València,635.0,38.8884399,-0.6554595,635.0,54.0,54.0,False,False,581.0,38.881133,-0.654817,15.5,False,Calculada sobre MDT25 © IGN (CC BY 4.0)
node/10882049676,Altet de Pepinàsio,Valencia/València,617.0,38.8929002,-0.6588712,613.0,10.0,10.0,False,False,603.0,38.892942,-0.659617,15.1,False,Calculada sobre MDT25 © IGN (CC BY 4.0)
node/10882049677,el Gurugú,Valencia/València,653.0,38.8876006,-0.6696591,651.0,17.0,17.0,False,False,634.0,38.888642,-0.669845,24.4,False,Calculada sobre MDT25 © IGN (CC BY 4.0)
node/10891751076,Cantal del Pixador,Alicante/Alacant,1069.0,38.5043904,-0.6121404,1065.0,6.0,6.0,False,False,1059.0,38.504354,-0.613774,43.0,False,Calculada sobre MDT25 © IGN (CC BY 4.0)
node/10892136954,Tossal del Pont d'Aire,Alicante/Alacant,449.0,38.8290585,-0.1541412,451.0,22.0,22.0,False,False,429.0,38.830382,-0.155145,17.7,False,Calculada sobre MDT25 © IGN (CC BY 4.0)
node/10900647029,Tossal del Ros,Alicante/Alacant,828.0,38.7896047,-0.2326216,826.0,28.0,28.0,False,False,798.0,38.788743,-0.231337,13.1,False,Calculada sobre MDT25 © IGN (CC BY 4.0)
node/10900647035,Tossal de Bartolo,Alicante/Alacant,841.0,38.7880719,-0.2268808,839.0,46.0,46.0,False,False,793.0,38.784993,-0.225151,19.3,False,Calculada sobre MDT25 © IGN (CC BY 4.0)
node/10900647051,Lloma del Bracet,Alicante/Alacant,812.0,38.7731516,-0.2445046,808.0,37.0,37.0,False,False,771.0,38.781133,-0.242854,12.8,False,Calculada sobre MDT25 © IGN (CC BY 4.0)
node/10911520124,Punta de Benimaquia,Alicante/Alacant,218.07,38.8168291,0.0721668,219.0,41.0,41.0,False,False,178.0,38.812876,0.08194,18.7,False,Calculada sobre MDT25 © IGN (CC BY 4.0)
node/10911520134,el Campanat,Alicante/Alacant,473.0,38.8106156,0.1064271,485.0,0.0,0.0,False,True,,,,,False,Calculada sobre MDT25 © IGN (CC BY 4.0)
node/10911520135,Tossal de les Mentires,Alicante/Alacant,592.0,38.808265,0.1131374,593.0,23.0,23.0,False,False,570.0,38.808872,0.114006,27.3,False,Calculada sobre MDT25 © IGN (CC BY 4.0)
node/10923744130,Tossal Redó,Alicante/Alacant,800.0,38.764884,-0.243046,800.0,36.0,36.0,False,False,764.0,38.76748,-0.246545,13.3,False,Calculada sobre MDT25 © IGN (CC BY 4.0)
node/10924028646,Lloma de Frau,Alicante/Alacant,928.0,38.75944,-0.2916231,931.0,30.0,30.0,False,False,901.0,38.758204,-0.292927,37.7,False,Calculada sobre MDT25 © IGN (CC BY 4.0)
node/10926854339,la Mont-ravana,Valencia/València,304.0,39.6843129,-0.6680546,304.0,52.0,52.0,False,False,252.0,39.683384,-0.675409,6.4,False,Calculada sobre MDT25 © IGN (CC BY 4.0)
node/10926926005,Tossal de les Forques,Alicante/Alacant,359.0,38.842195,-0.1737501,357.0,23.0,23.0,False,False,334.0,38.840969,-0.17373,15.1,False,Calculada sobre MDT25 © IGN (CC BY 4.0)
node/10940352534,Montcúdio,Valencia/València,524.0,39.6722001,-0.4073471,526.0,72.0,72.0,False,False,454.0,39.67628,-0.40401,25.7,False,Calculada sobre MDT25 © IGN (CC BY 4.0)
node/10940352537,Puntal de la Mallada,Valencia/València,551.0,39.6789009,-0.3967237,547.0,38.0,38.0,False,False,509.0,39.679672,-0.394556,18.0,False,Calculada sobre MDT25 © IGN (CC BY 4.0)
node/10961385474,les Bateries,Castellón/Castelló,719.0,40.1298058,-0.2822671,718.0,61.0,61.0,False,False,657.0,40.129117,-0.283877,32.2,False,Calculada sobre MDT25 © IGN (CC BY 4.0)
node/10961399444,Tossal del Cabeço,Castellón/Castelló,1001.0,40.1590927,-0.3557749,1002.0,19.0,19.0,False,False,983.0,40.157304,-0.353487,17.8,False,Calculada sobre MDT25 © IGN (CC BY 4.0)
node/10967626083,el Mallol,Castellón/Castelló,718.0,39.9043127,-0.3226161,717.0,146.0,146.0,False,False,571.0,39.909342,-0.333232,6.2,False,Calculada sobre MDT25 © IGN (CC BY 4.0)
node/10969425736,les Sendes,Castellón/Castelló,521.0,39.8786832,-0.2398096,522.0,19.0,19.0,False,False,503.0,39.876787,-0.241252,22.1,False,Calculada sobre MDT25 © IGN (CC BY 4.0)
node/11012659886,la Buitrera,Castellón/Castelló,111.0,39.7584293,-0.2241966,105.0,10.0,10.0,False,False,95.0,39.758138,-0.22382,17.8,False,Calculada sobre MDT25 © IGN (CC BY 4.0)
node/11012659901,la Corona,Castellón/Castelló,101.0,39.7566838,-0.2317113,101.0,48.0,48.0,False,False,53.0,39.758229,-0.227609,8.4,False,Calculada sobre MDT25 © IGN (CC BY 4.0)
node/11035968488,el Regall,Valencia/València,273.0,39.6626425,-0.3209344,272.0,18.0,18.0,False,False,254.0,39.662025,-0.32179,36.2,False,Calculada sobre MDT25 © IGN (CC BY 4.0)
node/11035968490,la Taleca,Valencia/València,274.0,39.6650005,-0.32444,271.0,16.0,16.0,False,False,255.0,39.663885,-0.32434,12.8,False,Calculada sobre MDT25 © IGN (CC BY 4.0)
node/11047697275,,Valencia/València,232.0,39.0233443,-0.6142776,233.0,11.0,11.0,False,False,222.0,39.023793,-0.614303,3.5,False,Calculada sobre MDT25 © IGN (CC BY 4.0)
node/11047816867,,Valencia/València,311.0,39.0893321,-0.6467014,311.0,5.0,5.0,False,False,306.0,39.090246,-0.647904,6.7,False,Calculada sobre MDT25 © IGN (CC BY 4.0)
node/11048366799,Punta del Morico,Valencia/València,211.0,39.0992982,-0.6420086,212.0,5.0,5.0,False,False,207.0,39.09937,-0.642397,11.3,False,Calculada sobre MDT25 © IGN (CC BY 4.0)
node/11049230866,,Alicante/Alacant,546.0,38.7012656,-0.0236774,545.0,9.0,9.0,False,False,536.0,38.702052,-0.0217,31.7,False,Calculada sobre MDT25 © IGN (CC BY 4.0)
node/11049255457,,Alicante/Alacant,,38.7008515,-0.0361011,451.0,11.0,11.0,False,False,440.0,38.699979,-0.037594,73.3,False,Calculada sobre MDT25 © IGN (CC BY 4.0)
node/11049255458,,Alicante/Alacant,490.0,38.6974924,-0.0385959,489.0,24.0,24.0,False,False,465.0,38.698063,-0.041984,40.3,False,Calculada sobre MDT25 © IGN (CC BY 4.0)
node/11050349241,Penya d'en Soliveres,Alicante/Alacant,685.0,38.7111353,-0.1345376,688.0,0.0,0.0,False,True,,,,,False,Calculada sobre MDT25 © IGN (CC BY 4.0)
node/11050368465,,Alicante/Alacant,779.0,38.7230822,-0.1618953,778.0,17.0,17.0,False,False,761.0,38.723767,-0.161105,9.2,False,Calculada sobre MDT25 © IGN (CC BY 4.0)
node/11050371522,Lloma de Sacanyada,Alicante/Alacant,964.0,38.6998112,-0.1642348,964.0,8.0,8.0,False,False,956.0,38.698866,-0.165252,39.3,False,Calculada sobre MDT25 © IGN (CC BY 4.0)
node/11050371805,,Alicante/Alacant,646.0,38.708326,-0.1291599,644.0,30.0,30.0,False,False,614.0,38.70948,-0.129475,6.8,False,Calculada sobre MDT25 © IGN (CC BY 4.0)
node/11050371815,sa Penya des Niu,Alicante/Alacant,704.0,38.7053005,-0.1263575,700.0,2.0,2.0,False,False,698.0,38.705577,-0.12647,12.0,False,Calculada sobre MDT25 © IGN (CC BY 4.0)
node/11050395497,,Alicante/Alacant,732.0,38.7697489,-0.2015678,730.0,5.0,5.0,False,False,725.0,38.770281,-0.20328,4.6,False,Calculada sobre MDT25 © IGN (CC BY 4.0)
node/11050429751,,Alicante/Alacant,771.0,38.7693913,-0.2097839,771.0,3.0,3.0,False,False,768.0,38.769764,-0.209918,38.9,False,Calculada sobre MDT25 © IGN (CC BY 4.0)
node/11050755141,Penya de la Cova,Alicante/Alacant,703.0,38.7582627,-0.2359982,734.0,0.0,0.0,False,True,,,,,False,Calculada sobre MDT25 © IGN (CC BY 4.0)
node/11050755145,,Alicante/Alacant,1125.0,38.7435229,-0.2519046,1127.0,21.0,21.0,False,False,1106.0,38.74482,-0.250292,103.1,False,Calculada sobre MDT25 © IGN (CC BY 4.0)
node/11050773228,,Alicante/Alacant,921.0,38.7619344,-0.2831242,919.0,39.0,39.0,False,False,880.0,38.761994,-0.281565,18.1,False,Calculada sobre MDT25 © IGN (CC BY 4.0)
node/11050793917,,Alicante/Alacant,841.0,38.7682529,-0.2604252,839.0,5.0,5.0,False,False,834.0,38.76895,-0.261161,16.3,False,Calculada sobre MDT25 © IGN (CC BY 4.0)
node/11050932206,,Alicante/Alacant,590.0,38.7832143,-0.2941625,589.0,12.0,12.0,False,False,577.0,38.785514,-0.295348,25.1,False,Calculada sobre MDT25 © IGN (CC BY 4.0)
node/11051433450,Llometa dels Gossos,Valencia/València,667.0,38.8624578,-0.2465857,672.0,0.0,0.0,False,True,,,,,False,Calculada sobre MDT25 © IGN (CC BY 4.0)
node/11051433456,Penya Blanca,Alicante/Alacant,951.0,38.8585617,-0.2459489,950.0,69.0,69.0,False,False,881.0,38.858528,-0.248796,26.0,False,Calculada sobre MDT25 © IGN (CC BY 4.0)
node/11051433817,Penya de l'Heura,Valencia/València,468.0,38.8754644,-0.3324414,464.0,10.0,10.0,False,False,454.0,38.87512,-0.332868,17.7,False,Calculada sobre MDT25 © IGN (CC BY 4.0)
node/11052113789,,Valencia/València,297.0,39.0668077,-0.6287774,297.0,20.0,20.0,False,False,277.0,39.068275,-0.630719,16.8,False,Calculada sobre MDT25 © IGN (CC BY 4.0)
node/11052113977,,Valencia/València,92.0,39.0680033,-0.6097652,92.0,6.0,6.0,False,False,86.0,39.067868,-0.610796,15.8,False,Calculada sobre MDT25 © IGN (CC BY 4.0)
node/11052134258,,Valencia/València,278.0,39.1438654,-0.6780712,278.0,44.0,44.0,False,False,234.0,39.141777,-0.679162,14.8,False,Calculada sobre MDT25 © IGN (CC BY 4.0)
node/11052136850,Loma de Perez,Valencia/València,291.0,39.137981,-0.6812935,291.0,5.0,5.0,False,False,286.0,39.135971,-0.681667,33.5,False,Calculada sobre MDT25 © IGN (CC BY 4.0)
node/11052416901,,Valencia/València,311.0,39.1045215,-0.6675461,312.0,6.0,6.0,False,False,306.0,39.105451,-0.664744,13.9,False,Calculada sobre MDT25 © IGN (CC BY 4.0)
node/11052748549,,Valencia/València,278.0,39.080208,-0.6296702,278.0,14.0,14.0,False,False,264.0,39.077337,-0.633306,24.0,False,Calculada sobre MDT25 © IGN (CC BY 4.0)
node/11052748558,,Valencia/València,297.0,39.0746166,-0.6283142,297.0,15.0,15.0,False,False,282.0,39.073908,-0.63082,21.5,False,Calculada sobre MDT25 © IGN (CC BY 4.0)
node/11052748560,,Valencia/València,303.0,39.0709317,-0.6303584,304.0,30.0,30.0,False,False,274.0,39.074197,-0.633989,4.5,False,Calculada sobre MDT25 © IGN (CC BY 4.0)
node/11052748564,,Valencia/València,207.0,39.0678135,-0.6188809,207.0,19.0,19.0,False,False,188.0,39.066481,-0.620089,0.9,False,Calculada sobre MDT25 © IGN (CC BY 4.0)
node/11053060777,,Alicante/Alacant,560.0,38.837841,-0.2863211,554.0,6.0,6.0,False,False,548.0,38.838006,-0.286161,22.0,False,Calculada sobre MDT25 © IGN (CC BY 4.0)
node/11053063971,,Valencia/València,266.0,39.1618633,-0.6645966,268.0,30.0,30.0,False,False,238.0,39.162913,-0.666026,43.6,False,Calculada sobre MDT25 © IGN (CC BY 4.0)
node/11053064101,,Valencia/València,307.0,39.1477101,-0.618822,307.0,12.0,12.0,False,False,295.0,39.146688,-0.621149,24.0,False,Calculada sobre MDT25 © IGN (CC BY 4.0)
node/11053064192,,Valencia/València,310.0,39.2286355,-0.6015755,310.0,3.0,3.0,False,False,307.0,39.229186,-0.602147,9.8,False,Calculada sobre MDT25 © IGN (CC BY 4.0)
node/11053126173,,Alicante/Alacant,726.0,38.8442984,-0.254545,723.0,25.0,25.0,False,False,698.0,38.843839,-0.256274,5.7,False,Calculada sobre MDT25 © IGN (CC BY 4.0)
node/11053126177,,Alicante/Alacant,734.0,38.8451805,-0.2496834,733.0,27.0,27.0,False,False,706.0,38.847134,-0.243186,19.7,False,Calculada sobre MDT25 © IGN (CC BY 4.0)
node/11053126178,,Alicante/Alacant,733.0,38.8469529,-0.2478457,731.0,24.0,24.0,False,False,707.0,38.84592,-0.248994,8.3,False,Calculada sobre MDT25 © IGN (CC BY 4.0)
node/11053126179,,Alicante/Alacant,712.0,38.8473369,-0.2438277,712.0,4.0,4.0,False,False,708.0,38.847175,-0.244913,43.9,False,Calculada sobre MDT25 © IGN (CC BY 4.0)
node/11054356488,,Alicante/Alacant,414.0,38.8473587,-0.3030567,412.0,19.0,19.0,False,False,393.0,38.848539,-0.30333,5.9,False,Calculada sobre MDT25 © IGN (CC BY 4.0)
node/11054597273,Cerro Chato,Valencia/València,779.0,39.6620003,-0.9970744,779.0,27.0,27.0,False,False,752.0,39.659139,-0.993551,14.3,False,Calculada sobre MDT25 © IGN (CC BY 4.0)
node/11054744284,Tossal Gros,Alicante/Alacant,331.0,38.7492112,0.1167284,331.0,13.0,13.0,False,False,318.0,38.749764,0.117761,16.2,False,Calculada sobre MDT25 © IGN (CC BY 4.0)
node/11055092323,,Alicante/Alacant,496.0,38.8647524,-0.3069272,508.0,0.0,0.0,False,True,,,,,False,Calculada sobre MDT25 © IGN (CC BY 4.0)
node/11055111303,,Alicante/Alacant,833.0,38.8670211,-0.319742,829.0,20.0,20.0,False,False,809.0,38.866967,-0.321072,17.9,False,Calculada sobre MDT25 © IGN (CC BY 4.0)
node/11055111418,,Alicante/Alacant,500.0,38.8536721,-0.3040125,498.0,56.0,56.0,False,False,442.0,38.854529,-0.299359,7.1,False,Calculada sobre MDT25 © IGN (CC BY 4.0)
node/11055111419,el Carrascar,Alicante/Alacant,469.0,38.8544918,-0.3005914,465.0,10.0,10.0,False,False,455.0,38.853702,-0.302559,46.7,False,Calculada sobre MDT25 © IGN (CC BY 4.0)
node/11055111421,Tossal dels Diners,Alicante/Alacant,479.0,38.8523092,-0.2989165,478.0,15.0,15.0,False,False,463.0,38.852232,-0.29743,21.2,False,Calculada sobre MDT25 © IGN (CC BY 4.0)
node/11055111422,,Alicante/Alacant,508.0,38.8511908,-0.2949421,506.0,21.0,21.0,False,False,485.0,38.852404,-0.295119,21.4,False,Calculada sobre MDT25 © IGN (CC BY 4.0)
node/11055111424,el Senyal de la Bala,Alicante/Alacant,534.0,38.8547382,-0.2903469,533.0,11.0,11.0,False,False,522.0,38.855236,-0.290979,7.4,False,Calculada sobre MDT25 © IGN (CC BY 4.0)
node/11055111482,,Alicante/Alacant,563.0,38.8628071,-0.2890483,562.0,15.0,15.0,False,False,547.0,38.862622,-0.28897,18.2,False,Calculada sobre MDT25 © IGN (CC BY 4.0)
node/11055111483,,Alicante/Alacant,582.0,38.8623097,-0.287932,580.0,35.0,35.0,False,False,545.0,38.859576,-0.2839,67.0,False,Calculada sobre MDT25 © IGN (CC BY 4.0)
node/11055111748,,Valencia/València,382.0,38.8716361,-0.274934,382.0,8.0,8.0,False,False,374.0,38.871547,-0.275665,18.6,False,Calculada sobre MDT25 © IGN (CC BY 4.0)
node/11055805246,Tossal del Calvari,Castellón/Castelló,1309.0,40.2919642,-0.2969445,1308.0,50.0,50.0,False,False,1258.0,40.291479,-0.302968,11.8,False,Calculada sobre MDT25 © IGN (CC BY 4.0)
node/11057263915,,Alicante/Alacant,568.0,38.8250941,-0.1973967,558.0,2.0,2.0,False,False,556.0,38.825533,-0.196799,0.5,False,Calculada sobre MDT25 © IGN (CC BY 4.0)
node/11057263916,,Alicante/Alacant,570.0,38.8272236,-0.1934546,570.0,6.0,6.0,False,False,564.0,38.827026,-0.193286,10.3,False,Calculada sobre MDT25 © IGN (CC BY 4.0)
node/11057263917,,Alicante/Alacant,630.0,38.8271521,-0.1915129,631.0,41.0,41.0,False,False,590.0,38.825267,-0.195082,7.1,True,Calculada sobre MDT25 © IGN (CC BY 4.0)
node/11057941899,,Alicante/Alacant,490.0,38.8063339,-0.1804538,489.0,11.0,11.0,False,False,478.0,38.806891,-0.180259,15.9,False,Calculada sobre MDT25 © IGN (CC BY 4.0)
node/11057941902,els Penyals,Alicante/Alacant,519.0,38.804345,-0.1803692,514.0,28.0,28.0,False,False,486.0,38.803973,-0.180662,32.9,False,Calculada sobre MDT25 © IGN (CC BY 4.0)
node/11057962129,Penya de la Cova Roja,Alicante/Alacant,526.0,38.801826,-0.1822833,526.0,5.0,5.0,False,False,521.0,38.801778,-0.183052,11.2,False,Calculada sobre MDT25 © IGN (CC BY 4.0)
node/11057962206,,Alicante/Alacant,518.0,38.8008856,-0.1754232,512.0,7.0,7.0,False,False,505.0,38.80093,-0.175889,16.0,False,Calculada sobre MDT25 © IGN (CC BY 4.0)
node/11057978615,,Alicante/Alacant,616.0,38.810316,-0.20458,614.0,15.0,15.0,False,False,599.0,38.812266,-0.207108,9.8,False,Calculada sobre MDT25 © IGN (CC BY 4.0)
node/11057991287,,Alicante/Alacant,324.0,38.8435931,-0.1838696,324.0,6.0,6.0,False,False,318.0,38.842133,-0.184628,17.8,False,Calculada sobre MDT25 © IGN (CC BY 4.0)
node/11057991288,,Alicante/Alacant,346.0,38.8411666,-0.1852456,345.0,12.0,12.0,False,False,333.0,38.84079,-0.184969,8.9,False,Calculada sobre MDT25 © IGN (CC BY 4.0)
node/11059341342,,Alicante/Alacant,181.0,38.8134065,0.0736246,177.0,13.0,13.0,False,False,164.0,38.81281,0.075892,15.5,False,Calculada sobre MDT25 © IGN (CC BY 4.0)
node/11059341360,,Alicante/Alacant,219.0,38.8113325,0.0827252,215.0,13.0,13.0,False,False,202.0,38.811938,0.083339,30.6,False,Calculada sobre MDT25 © IGN (CC BY 4.0)
node/11059341400,,Alicante/Alacant,712.0,38.806559,0.1246318,712.0,30.0,30.0,False,False,682.0,38.805617,0.126241,6.7,False,Calculada sobre MDT25 © IGN (CC BY 4.0)
node/11059652573,,Valencia/València,496.0,38.8736208,-0.3383393,490.0,39.0,39.0,False,False,451.0,38.873617,-0.336093,7.4,False,Calculada sobre MDT25 © IGN (CC BY 4.0)
node/11059652628,Penyes Albes,Valencia/València,663.0,38.8776128,-0.3210503,662.0,82.0,82.0,False,False,580.0,38.873659,-0.318228,18.5,False,Calculada sobre MDT25 © IGN (CC BY 4.0)
node/11059652676,,Valencia/València,699.0,38.8628711,-0.3387103,698.0,8.0,8.0,False,False,690.0,38.863517,-0.337623,7.8,False,Calculada sobre MDT25 © IGN (CC BY 4.0)
node/11059728165,,Valencia/València,461.0,38.8571765,-0.3995239,460.0,7.0,7.0,False,False,453.0,38.858167,-0.400046,41.0,False,Calculada sobre MDT25 © IGN (CC BY 4.0)
node/11059840560,,Valencia/València,642.0,38.9910212,-0.2876962,640.0,14.0,14.0,False,False,626.0,38.990998,-0.288693,36.6,False,Calculada sobre MDT25 © IGN (CC BY 4.0)
node/11059840564,,Valencia/València,429.0,38.9853856,-0.2858724,424.0,19.0,19.0,False,False,405.0,38.984439,-0.287501,20.3,False,Calculada sobre MDT25 © IGN (CC BY 4.0)
node/11059840566,,Valencia/València,471.0,38.9901036,-0.275784,466.0,13.0,13.0,False,False,453.0,38.990034,-0.27632,16.4,False,Calculada sobre MDT25 © IGN (CC BY 4.0)
node/11059840567,,Valencia/València,484.0,38.9899981,-0.2771223,480.0,10.0,10.0,False,False,470.0,38.990061,-0.277473,8.3,False,Calculada sobre MDT25 © IGN (CC BY 4.0)
node/11059840578,,Valencia/València,685.0,38.9870832,-0.2962361,685.0,7.0,7.0,False,False,678.0,38.987354,-0.296624,10.3,False,Calculada sobre MDT25 © IGN (CC BY 4.0)
node/11059840580,Lloma Rasa,Valencia/València,630.0,38.9830297,-0.3126832,629.0,17.0,17.0,False,False,612.0,38.982935,-0.310067,4.3,False,Calculada sobre MDT25 © IGN (CC BY 4.0)
node/11059840585,Alt de las Raconades,Valencia/València,461.0,38.9814405,-0.3227438,459.0,10.0,10.0,False,False,449.0,38.981863,-0.322227,6.9,False,Calculada sobre MDT25 © IGN (CC BY 4.0)
node/11059840586,Penya Llarga,Valencia/València,466.0,38.9623702,-0.333286,463.0,91.0,91.0,False,False,372.0,38.96936,-0.327026,31.4,False,Calculada sobre MDT25 © IGN (CC BY 4.0)
node/11059840590,Tossal de la Creu,Valencia/València,564.0,38.9796705,-0.3513062,562.0,17.0,17.0,False,False,545.0,38.980728,-0.351416,15.1,False,Calculada sobre MDT25 © IGN (CC BY 4.0)
node/11059840595,Alt de la Carrasca,Valencia/València,561.0,38.9970543,-0.3371205,560.0,25.0,25.0,False,False,535.0,38.997767,-0.33808,10.6,False,Calculada sobre MDT25 © IGN (CC BY 4.0)
node/11059960898,,Valencia/València,415.0,39.0027184,-0.2741574,416.0,7.0,7.0,False,False,409.0,39.003277,-0.274369,12.5,False,Calculada sobre MDT25 © IGN (CC BY 4.0)
node/11060934093,,Valencia/València,706.0,38.9962766,-0.3126245,705.0,16.0,16.0,False,False,689.0,38.99653,-0.313593,9.7,False,Calculada sobre MDT25 © IGN (CC BY 4.0)
node/11061038509,,Valencia/València,558.0,38.990205,-0.3280964,556.0,7.0,7.0,False,False,549.0,38.990348,-0.328834,20.1,False,Calculada sobre MDT25 © IGN (CC BY 4.0)
node/11061038587,,Valencia/València,738.0,38.995845,-0.3018838,736.0,45.0,45.0,False,False,691.0,38.997567,-0.299988,9.5,False,Calculada sobre MDT25 © IGN (CC BY 4.0)
node/11061038588,,Valencia/València,713.0,38.9915022,-0.2993196,712.0,32.0,32.0,False,False,680.0,38.992855,-0.300744,4.6,False,Calculada sobre MDT25 © IGN (CC BY 4.0)
node/11061071366,,Valencia/València,583.0,39.0244741,-0.3393965,587.0,31.0,31.0,False,False,556.0,39.025222,-0.33705,51.2,False,Calculada sobre MDT25 © IGN (CC BY 4.0)
node/11061129069,,Valencia/València,120.0,39.069056,-0.3271102,117.0,14.0,14.0,False,False,103.0,39.069819,-0.327284,19.8,False,Calculada sobre MDT25 © IGN (CC BY 4.0)
node/11061143769,,Valencia/València,569.0,39.0295753,-0.3420199,569.0,42.0,42.0,False,False,527.0,39.028452,-0.340394,7.1,False,Calculada sobre MDT25 © IGN (CC BY 4.0)
node/11061160499,,Valencia/València,685.0,38.9986897,-0.3100138,684.0,19.0,19.0,False,False,665.0,38.998045,-0.310938,3.1,False,Calculada sobre MDT25 © IGN (CC BY 4.0)
node/11061185756,Aldaia,Valencia/València,751.0,39.0004607,-0.2968731,751.0,367.0,367.0,False,False,384.0,39.001524,-0.276457,15.4,False,Calculada sobre MDT25 © IGN (CC BY 4.0)
node/11061186169,,Valencia/València,702.0,38.9944768,-0.3113651,699.0,19.0,19.0,False,False,680.0,38.995338,-0.310752,24.8,False,Calculada sobre MDT25 © IGN (CC BY 4.0)
node/11061186171,,Valencia/València,595.0,38.9966102,-0.3311566,592.0,21.0,21.0,False,False,571.0,38.995584,-0.331235,11.4,False,Calculada sobre MDT25 © IGN (CC BY 4.0)
node/11061357556,,Valencia/València,682.0,39.0189505,-0.2955511,635.0,30.0,30.0,False,False,605.0,39.018163,-0.294584,42.3,False,Calculada sobre MDT25 © IGN (CC BY 4.0)
node/11061489936,,Valencia/València,303.0,38.9985726,-0.2380852,302.0,41.0,41.0,False,False,261.0,38.999265,-0.237866,8.7,False,Calculada sobre MDT25 © IGN (CC BY 4.0)
node/11061490014,Penya Roja,Valencia/València,219.0,38.9878756,-0.2301137,218.0,70.0,70.0,False,False,148.0,38.989868,-0.231016,11.7,False,Calculada sobre MDT25 © IGN (CC BY 4.0)
node/11061574533,,Valencia/València,179.0,39.0363297,-0.4167398,179.0,6.0,6.0,False,False,173.0,39.035804,-0.416937,17.8,False,Calculada sobre MDT25 © IGN (CC BY 4.0)
node/11061574534,el Raboser,Valencia/València,192.0,39.0338942,-0.416713,191.0,11.0,11.0,False,False,180.0,39.034029,-0.418157,27.9,False,Calculada sobre MDT25 © IGN (CC BY 4.0)
node/11061574541,,Valencia/València,232.0,39.0336924,-0.4228308,230.0,69.0,69.0,False,False,161.0,39.037141,-0.416311,24.1,False,Calculada sobre MDT25 © IGN (CC BY 4.0)
node/11061574558,,Valencia/València,132.0,39.0237457,-0.4677328,131.0,5.0,5.0,False,False,126.0,39.024308,-0.467887,19.9,False,Calculada sobre MDT25 © IGN (CC BY 4.0)
node/11061833026,,Valencia/València,93.0,39.0778477,-0.6158031,94.0,11.0,11.0,False,False,83.0,39.07699,-0.616268,13.3,False,Calculada sobre MDT25 © IGN (CC BY 4.0)
node/11062698815,Lloma Llarga,Valencia/València,258.0,39.1113121,-0.6187099,260.0,14.0,14.0,False,False,246.0,39.111688,-0.616834,23.8,False,Calculada sobre MDT25 © IGN (CC BY 4.0)
node/11062713821,,Alicante/Alacant,540.0,38.8208119,-0.1567237,538.0,11.0,11.0,False,False,527.0,38.820277,-0.156411,9.4,False,Calculada sobre MDT25 © IGN (CC BY 4.0)
node/11062713823,,Alicante/Alacant,537.0,38.8202848,-0.1492164,534.0,4.0,4.0,False,False,530.0,38.819652,-0.149238,20.3,False,Calculada sobre MDT25 © IGN (CC BY 4.0)
node/11062739417,,Alicante/Alacant,621.0,38.81476,-0.1522882,619.0,9.0,9.0,False,False,610.0,38.814983,-0.151727,2.4,False,Calculada sobre MDT25 © IGN (CC BY 4.0)
node/11062881775,Penya Roja,Alicante/Alacant,352.0,38.8361149,-0.1649969,347.0,9.0,9.0,False,False,338.0,38.835802,-0.165008,26.7,False,Calculada sobre MDT25 © IGN (CC BY 4.0)
node/11062907915,Tossal dels Coloms,Alicante/Alacant,501.0,38.8111003,-0.1805426,501.0,13.0,13.0,False,False,488.0,38.810498,-0.180405,13.9,False,Calculada sobre MDT25 © IGN (CC BY 4.0)
node/11063248718,Lloma de la Cervera,Alicante/Alacant,514.0,38.4725173,-0.6541503,513.0,6.0,6.0,False,False,507.0,38.4725,-0.653794,18.9,False,Calculada sobre MDT25 © IGN (CC BY 4.0)
node/11063248719,Cabeç de Mahoma,Alicante/Alacant,809.0,38.4903104,-0.6237286,807.0,59.0,59.0,False,False,748.0,38.491762,-0.62594,22.9,False,Calculada sobre MDT25 © IGN (CC BY 4.0)
node/11064285720,,Valencia/València,276.0,39.0976285,-0.3842957,275.0,12.0,12.0,False,False,263.0,39.095274,-0.38702,7.5,False,Calculada sobre MDT25 © IGN (CC BY 4.0)
node/11064675972,,Valencia/València,275.0,39.1224263,-0.5991592,275.0,32.0,32.0,False,False,243.0,39.128818,-0.606424,28.2,False,Calculada sobre MDT25 © IGN (CC BY 4.0)
node/11064675976,,Valencia/València,275.0,39.1258205,-0.6024957,274.0,17.0,17.0,False,False,257.0,39.124435,-0.601367,33.3,False,Calculada sobre MDT25 © IGN (CC BY 4.0)
node/11064675978,,Valencia/València,276.0,39.1276199,-0.6048996,267.0,9.0,9.0,False,False,258.0,39.126757,-0.604758,11.2,False,Calculada sobre MDT25 © IGN (CC BY 4.0)
node/11064675979,,Valencia/València,274.0,39.1292224,-0.6079846,274.0,26.0,26.0,False,False,248.0,39.129357,-0.610743,16.4,False,Calculada sobre MDT25 © IGN (CC BY 4.0)
node/11065224389,,Valencia/València,204.0,39.0857355,-0.6297691,198.0,6.0,6.0,False,False,192.0,39.085606,-0.630139,11.9,False,Calculada sobre MDT25 © IGN (CC BY 4.0)
node/11065224393,,Valencia/València,224.0,39.0827714,-0.6316935,209.0,4.0,4.0,False,False,205.0,39.082034,-0.631704,6.9,False,Calculada sobre MDT25 © IGN (CC BY 4.0)
node/11066117084,,Alicante/Alacant,649.0,38.7101482,0.0058593,648.0,12.0,12.0,False,False,636.0,38.709475,0.005054,17.7,False,Calculada sobre MDT25 © IGN (CC BY 4.0)
node/11066434772,,Alicante/Alacant,369.0,38.7378175,0.0345694,369.0,26.0,26.0,False,False,343.0,38.73771,0.03672,23.1,False,Calculada sobre MDT25 © IGN (CC BY 4.0)
node/11066434788,,Alicante/Alacant,385.0,38.7428902,0.0421091,386.0,19.0,19.0,False,False,367.0,38.741408,0.041765,26.2,False,Calculada sobre MDT25 © IGN (CC BY 4.0)
node/11066474945,Muntanya dels Surdos,Alicante/Alacant,255.0,38.7540022,0.0418984,256.0,11.0,11.0,False,False,245.0,38.752687,0.041094,15.2,False,Calculada sobre MDT25 © IGN (CC BY 4.0)
node/11066474947,,Alicante/Alacant,368.0,38.74814,0.0438387,368.0,13.0,13.0,False,False,355.0,38.746508,0.044858,6.3,False,Calculada sobre MDT25 © IGN (CC BY 4.0)
node/11066475030,Tossal de Llacinta,Alicante/Alacant,387.0,38.749437,0.0469545,387.0,37.0,37.0,False,False,350.0,38.746943,0.045451,7.2,False,Calculada sobre MDT25 © IGN (CC BY 4.0)
node/11067389582,Tossalet de l'Ullastre,Alicante/Alacant,101.0,38.7671839,0.1174183,101.0,10.0,10.0,False,False,91.0,38.763929,0.118666,22.1,False,Calculada sobre MDT25 © IGN (CC BY 4.0)
node/11068901037,,Alicante/Alacant,320.0,38.7395486,0.0683554,321.0,14.0,14.0,False,False,307.0,38.740866,0.071075,19.0,False,Calculada sobre MDT25 © IGN (CC BY 4.0)
node/11069024001,Alto de la Zorra,Valencia/València,252.0,39.127721,-0.6952256,252.0,23.0,23.0,False,False,229.0,39.128108,-0.69407,4.6,False,Calculada sobre MDT25 © IGN (CC BY 4.0)
node/11069094171,La Garita,Valencia/València,290.0,39.1507465,-0.6823134,290.0,6.0,6.0,False,False,284.0,39.150642,-0.68321,11.7,False,Calculada sobre MDT25 © IGN (CC BY 4.0)
node/11069291158,Alto de Tous,Valencia/València,323.0,39.1110408,-0.6699759,324.0,11.0,11.0,False,False,313.0,39.120867,-0.681005,73.1,False,Calculada sobre MDT25 © IGN (CC BY 4.0)
node/11070524951,,Alicante/Alacant,1161.0,38.6950052,-0.1671859,1158.0,5.0,5.0,False,False,1153.0,38.695062,-0.166265,21.9,False,Calculada sobre MDT25 © IGN (CC BY 4.0)
node/11070524953,,Alicante/Alacant,1211.0,38.6949148,-0.1637656,1218.0,359.0,359.0,False,False,859.0,38.703918,-0.197246,57.9,True,Calculada sobre MDT25 © IGN (CC BY 4.0)
node/11070524954,,Alicante/Alacant,1211.0,38.6953014,-0.1646884,1201.0,1.0,1.0,False,False,1200.0,38.695013,-0.164255,14.9,False,Calculada sobre MDT25 © IGN (CC BY 4.0)
node/11070524958,,Alicante/Alacant,1143.0,38.6918686,-0.1592041,1140.0,5.0,5.0,False,False,1135.0,38.691751,-0.159786,28.8,False,Calculada sobre MDT25 © IGN (CC BY 4.0)
node/11070524960,Cerro dels Parats,Alicante/Alacant,1147.0,38.6914682,-0.1573975,1142.0,7.0,7.0,False,False,1135.0,38.691716,-0.15835,8.7,False,Calculada sobre MDT25 © IGN (CC BY 4.0)
node/11070524961,,Alicante/Alacant,1152.0,38.6932882,-0.1615931,1149.0,12.0,12.0,False,False,1137.0,38.693382,-0.16202,15.6,False,Calculada sobre MDT25 © IGN (CC BY 4.0)
node/11070524963,,Alicante/Alacant,1132.0,38.6926495,-0.1663346,1130.0,2.0,2.0,False,False,1128.0,38.692805,-0.166067,7.4,False,Calculada sobre MDT25 © IGN (CC BY 4.0)
node/11070524992,Morro de les Mentires,Alicante/Alacant,956.0,38.6989501,-0.1648887,971.0,0.0,0.0,False,True,,,,,False,Calculada sobre MDT25 © IGN (CC BY 4.0)
node/11070524995,,Alicante/Alacant,1141.0,38.6988175,-0.1787399,1140.0,2.0,2.0,False,False,1138.0,38.69849,-0.177626,73.5,False,Calculada sobre MDT25 © IGN (CC BY 4.0)
node/11070524996,,Alicante/Alacant,1131.0,38.698802,-0.1794953,1134.0,0.0,0.0,False,True,,,,,False,Calculada sobre MDT25 © IGN (CC BY 4.0)
node/11070729736,,Alicante/Alacant,1049.0,38.6980737,-0.1834558,1048.0,12.0,12.0,False,False,1036.0,38.698622,-0.183082,22.7,False,Calculada sobre MDT25 © IGN (CC BY 4.0)
node/11070729737,,Alicante/Alacant,1036.0,38.6984947,-0.1826114,1051.0,0.0,0.0,False,True,,,,,False,Calculada sobre MDT25 © IGN (CC BY 4.0)
node/11070729738,,Alicante/Alacant,932.0,38.699076,-0.1911881,931.0,5.0,5.0,False,False,926.0,38.699265,-0.191105,18.8,False,Calculada sobre MDT25 © IGN (CC BY 4.0)
node/11070729743,Peya de Migjom,Alicante/Alacant,1001.0,38.6964755,-0.1889578,998.0,14.0,14.0,False,False,984.0,38.697171,-0.188312,21.6,False,Calculada sobre MDT25 © IGN (CC BY 4.0)
node/11070729756,,Alicante/Alacant,1095.0,38.694111,-0.1777421,1094.0,5.0,5.0,False,False,1089.0,38.693948,-0.17608,12.4,False,Calculada sobre MDT25 © IGN (CC BY 4.0)
node/11070729757,,Alicante/Alacant,1090.0,38.6938009,-0.175849,1092.0,0.0,0.0,False,True,,,,,False,Calculada sobre MDT25 © IGN (CC BY 4.0)
node/11070729758,,Alicante/Alacant,1096.0,38.6931893,-0.1742504,1096.0,17.0,17.0,False,False,1079.0,38.693668,-0.173792,12.6,False,Calculada sobre MDT25 © IGN (CC BY 4.0)
node/11070729761,,Alicante/Alacant,1080.0,38.6899676,-0.1719588,1078.0,10.0,10.0,False,False,1068.0,38.690448,-0.171045,22.9,False,Calculada sobre MDT25 © IGN (CC BY 4.0)
node/11070729763,,Alicante/Alacant,1080.0,38.6906892,-0.1699043,1078.0,1.0,1.0,False,False,1077.0,38.690856,-0.169305,20.2,False,Calculada sobre MDT25 © IGN (CC BY 4.0)
node/11070729764,,Alicante/Alacant,1155.0,38.6900966,-0.1641466,1152.0,39.0,39.0,False,False,1113.0,38.691631,-0.164101,24.1,False,Calculada sobre MDT25 © IGN (CC BY 4.0)
node/11070739726,,Alicante/Alacant,735.0,38.6805301,-0.1700872,734.0,17.0,17.0,False,False,717.0,38.68144,-0.171113,29.0,False,Calculada sobre MDT25 © IGN (CC BY 4.0)
node/11070739735,,Alicante/Alacant,671.0,38.6782033,-0.1660605,672.0,5.0,5.0,False,False,667.0,38.678621,-0.166339,4.4,False,Calculada sobre MDT25 © IGN (CC BY 4.0)
node/11070739737,,Alicante/Alacant,659.0,38.6765558,-0.1632675,658.0,14.0,14.0,False,False,644.0,38.67723,-0.16467,4.0,False,Calculada sobre MDT25 © IGN (CC BY 4.0)
node/11070739739,,Alicante/Alacant,646.0,38.6760147,-0.161988,646.0,8.0,8.0,False,False,638.0,38.676049,-0.162418,12.8,False,Calculada sobre MDT25 © IGN (CC BY 4.0)
node/11070739741,,Alicante/Alacant,645.0,38.6753854,-0.1612091,642.0,4.0,4.0,False,False,638.0,38.675571,-0.161288,8.8,False,Calculada sobre MDT25 © IGN (CC BY 4.0)
node/11070794822,Tossal Redó,Alicante/Alacant,633.0,38.6726597,-0.1515614,634.0,45.0,45.0,False,False,589.0,38.674876,-0.151259,7.1,False,Calculada sobre MDT25 © IGN (CC BY 4.0)
node/11070794827,Penyó de l'Ombria,Alicante/Alacant,394.0,38.6576259,-0.1525531,395.0,28.0,28.0,False,False,367.0,38.657402,-0.155111,7.5,False,Calculada sobre MDT25 © IGN (CC BY 4.0)
node/11070796293,,Alicante/Alacant,392.0,38.6565193,-0.1515088,391.0,10.0,10.0,False,False,381.0,38.656875,-0.151973,21.2,False,Calculada sobre MDT25 © IGN (CC BY 4.0)
node/11071202638,Tossal de Menga,Alicante/Alacant,375.0,38.6491815,-0.1501779,375.0,13.0,13.0,False,False,362.0,38.650096,-0.151092,7.8,False,Calculada sobre MDT25 © IGN (CC BY 4.0)
node/11071202853,,Alicante/Alacant,318.0,38.6370117,-0.1380375,317.0,51.0,51.0,False,False,266.0,38.637257,-0.141837,35.9,False,Calculada sobre MDT25 © IGN (CC BY 4.0)
node/11071202954,,Alicante/Alacant,216.0,38.6453827,-0.1282958,215.0,13.0,13.0,False,False,202.0,38.647299,-0.128801,11.3,True,Calculada sobre MDT25 © IGN (CC BY 4.0)
node/11071202955,,Alicante/Alacant,211.0,38.6460863,-0.1289413,215.0,13.0,13.0,False,False,202.0,38.647299,-0.128801,87.2,True,Calculada sobre MDT25 © IGN (CC BY 4.0)
node/11071202956,,Alicante/Alacant,214.0,38.64669,-0.128365,215.0,13.0,13.0,False,False,202.0,38.647299,-0.128801,134.0,True,Calculada sobre MDT25 © IGN (CC BY 4.0)
node/11071203105,Peya Molla,Alicante/Alacant,370.0,38.6413014,-0.151802,370.0,20.0,20.0,False,False,350.0,38.640836,-0.150023,7.2,False,Calculada sobre MDT25 © IGN (CC BY 4.0)
node/11071203106,,Alicante/Alacant,392.0,38.6504187,-0.153784,393.0,7.0,7.0,False,False,386.0,38.64973,-0.154553,11.0,False,Calculada sobre MDT25 © IGN (CC BY 4.0)
node/11071249395,,Alicante/Alacant,1051.0,38.6387571,-0.1836989,1044.0,86.0,86.0,False,False,958.0,38.641002,-0.184766,3.7,False,Calculada sobre MDT25 © IGN (CC BY 4.0)
node/11071249396,,Alicante/Alacant,983.0,38.6368035,-0.1832643,976.0,40.0,40.0,False,False,936.0,38.636481,-0.184082,23.4,False,Calculada sobre MDT25 © IGN (CC BY 4.0)
node/11071249399,Morro de la Molinera,Alicante/Alacant,1056.0,38.6458372,-0.18732,1058.0,12.0,12.0,False,False,1046.0,38.645142,-0.188338,41.5,False,Calculada sobre MDT25 © IGN (CC BY 4.0)
node/11071282032,,Alicante/Alacant,1275.0,38.6504686,-0.2144571,1272.0,8.0,8.0,False,False,1264.0,38.650275,-0.214562,9.1,False,Calculada sobre MDT25 © IGN (CC BY 4.0)
node/11071282091,,Alicante/Alacant,954.0,38.6535005,-0.2084301,974.0,0.0,0.0,False,True,,,,,False,Calculada sobre MDT25 © IGN (CC BY 4.0)
node/11071282094,,Alicante/Alacant,1030.0,38.6593915,-0.2275764,1029.0,18.0,18.0,False,False,1011.0,38.659003,-0.231172,11.9,False,Calculada sobre MDT25 © IGN (CC BY 4.0)
node/11071793011,,Alicante/Alacant,398.0,38.4810117,-0.5314205,393.0,15.0,15.0,False,False,378.0,38.481052,-0.53287,1.9,False,Calculada sobre MDT25 © IGN (CC BY 4.0)
node/11072918053,,Alicante/Alacant,506.0,38.6514917,-0.1639802,506.0,6.0,6.0,False,False,500.0,38.651774,-0.164526,5.2,False,Calculada sobre MDT25 © IGN (CC BY 4.0)
node/11072918098,,Alicante/Alacant,374.0,38.6426356,-0.1470349,374.0,9.0,9.0,False,False,365.0,38.642123,-0.147388,17.6,False,Calculada sobre MDT25 © IGN (CC BY 4.0)
node/11073167399,,Alicante/Alacant,1056.0,38.6152988,-0.1668355,1056.0,9.0,9.0,False,False,1047.0,38.61537,-0.16797,4.9,False,Calculada sobre MDT25 © IGN (CC BY 4.0)
node/11073196343,,Alicante/Alacant,554.0,38.62452,-0.1607407,550.0,16.0,16.0,False,False,534.0,38.624899,-0.161565,27.5,False,Calculada sobre MDT25 © IGN (CC BY 4.0)
node/11073196763,,Alicante/Alacant,504.0,38.6077721,-0.1499175,502.0,10.0,10.0,False,False,492.0,38.606619,-0.150804,60.1,False,Calculada sobre MDT25 © IGN (CC BY 4.0)
node/11073214114,,Alicante/Alacant,1182.0,38.6124227,-0.1768772,1180.0,258.0,258.0,False,False,922.0,38.614646,-0.184649,86.2,True,Calculada sobre MDT25 © IGN (CC BY 4.0)
node/11074458368,,Alicante/Alacant,194.0,38.7253217,0.1060505,196.0,16.0,16.0,False,False,180.0,38.726621,0.107266,24.3,False,Calculada sobre MDT25 © IGN (CC BY 4.0)
node/11074580347,,Alicante/Alacant,203.0,38.726548,0.1825575,203.0,13.0,13.0,False,False,190.0,38.726682,0.180297,27.8,False,Calculada sobre MDT25 © IGN (CC BY 4.0)
node/11074580348,,Alicante/Alacant,202.0,38.7267506,0.1859759,202.0,12.0,12.0,False,False,190.0,38.728124,0.185249,18.5,False,Calculada sobre MDT25 © IGN (CC BY 4.0)
node/11074580370,,Alicante/Alacant,205.0,38.7271399,0.1891802,205.0,16.0,16.0,False,False,189.0,38.727153,0.187794,20.8,False,Calculada sobre MDT25 © IGN (CC BY 4.0)
node/11074665376,,Alicante/Alacant,207.0,38.7237654,0.0874409,208.0,11.0,11.0,False,False,197.0,38.72129,0.087486,13.2,False,Calculada sobre MDT25 © IGN (CC BY 4.0)
node/11074665377,,Alicante/Alacant,196.0,38.7217417,0.0876947,200.0,0.0,0.0,False,True,,,,,False,Calculada sobre MDT25 © IGN (CC BY 4.0)
node/11074665380,,Alicante/Alacant,226.0,38.7134925,0.0853804,226.0,12.0,12.0,False,False,214.0,38.711947,0.083059,35.3,False,Calculada sobre MDT25 © IGN (CC BY 4.0)
node/11074665398,,Alicante/Alacant,279.0,38.6954542,0.0788186,280.0,91.0,91.0,False,False,189.0,38.711949,0.074435,19.1,False,Calculada sobre MDT25 © IGN (CC BY 4.0)
node/11074681554,,Alicante/Alacant,155.0,38.7096246,0.1097819,156.0,10.0,10.0,False,False,146.0,38.709501,0.107387,47.0,False,Calculada sobre MDT25 © IGN (CC BY 4.0)
node/11074835734,Morro Panxut,Alicante/Alacant,137.0,38.7661147,0.0754316,138.0,2.0,2.0,False,False,136.0,38.766002,0.074454,13.5,False,Calculada sobre MDT25 © IGN (CC BY 4.0)
node/11074835799,,Alicante/Alacant,401.0,38.7485438,0.0974199,401.0,61.0,61.0,False,False,340.0,38.748993,0.078901,12.3,False,Calculada sobre MDT25 © IGN (CC BY 4.0)
node/11074835800,,Alicante/Alacant,128.0,38.7460155,0.0990384,194.0,0.0,0.0,False,True,,,,,False,Calculada sobre MDT25 © IGN (CC BY 4.0)
node/11074847920,,Alicante/Alacant,377.0,38.7465202,0.0839893,377.0,26.0,26.0,False,False,351.0,38.747161,0.088601,9.7,False,Calculada sobre MDT25 © IGN (CC BY 4.0)
node/11074847922,Tossal Aspre,Alicante/Alacant,378.0,38.7527507,0.0828136,379.0,40.0,40.0,False,False,339.0,38.74912,0.082645,21.5,False,Calculada sobre MDT25 © IGN (CC BY 4.0)
node/11074847928,,Alicante/Alacant,142.0,38.7680723,0.0639325,145.0,6.0,6.0,False,False,139.0,38.765764,0.066389,109.7,True,Calculada sobre MDT25 © IGN (CC BY 4.0)
node/11074847929,,Alicante/Alacant,143.0,38.7670701,0.0646224,145.0,6.0,6.0,False,False,139.0,38.765764,0.066389,19.4,True,Calculada sobre MDT25 © IGN (CC BY 4.0)
node/11074847985,,Alicante/Alacant,144.0,38.7672788,0.0536678,145.0,16.0,16.0,False,False,129.0,38.767925,0.052673,15.1,False,Calculada sobre MDT25 © IGN (CC BY 4.0)
node/11074847986,,Alicante/Alacant,234.0,38.7664185,0.0377673,232.0,15.0,15.0,False,False,217.0,38.767632,0.037989,14.6,False,Calculada sobre MDT25 © IGN (CC BY 4.0)
node/11074847987,,Alicante/Alacant,218.0,38.7676629,0.0382106,225.0,0.0,0.0,False,True,,,,,False,Calculada sobre MDT25 © IGN (CC BY 4.0)
node/11074847988,,Alicante/Alacant,229.0,38.7685432,0.0385616,228.0,9.0,9.0,False,False,219.0,38.769875,0.038372,22.5,False,Calculada sobre MDT25 © IGN (CC BY 4.0)
node/11074848053,,Alicante/Alacant,328.0,38.7719867,0.0292143,325.0,10.0,10.0,False,False,315.0,38.772603,0.028706,17.3,False,Calculada sobre MDT25 © IGN (CC BY 4.0)
node/11074848056,,Alicante/Alacant,307.0,38.7627862,0.0214403,304.0,13.0,13.0,False,False,291.0,38.762905,0.020528,11.6,False,Calculada sobre MDT25 © IGN (CC BY 4.0)
node/11074848123,,Alicante/Alacant,338.0,38.7596963,0.0229221,337.0,10.0,10.0,False,False,327.0,38.75953,0.020386,44.8,False,Calculada sobre MDT25 © IGN (CC BY 4.0)
node/11074848124,el Penyot,Alicante/Alacant,245.0,38.761105,0.0299095,244.0,2.0,2.0,False,False,242.0,38.761099,0.029369,3.8,False,Calculada sobre MDT25 © IGN (CC BY 4.0)
node/11074866163,,Valencia/València,381.0,38.8801298,-0.1898149,380.0,13.0,13.0,False,False,367.0,38.88023,-0.186006,36.9,False,Calculada sobre MDT25 © IGN (CC BY 4.0)
node/11074866165,,Valencia/València,373.0,38.8781224,-0.1853575,373.0,8.0,8.0,False,False,365.0,38.87888,-0.186059,15.3,False,Calculada sobre MDT25 © IGN (CC BY 4.0)
node/11074866166,,Valencia/València,350.0,38.8772502,-0.1888092,349.0,14.0,14.0,False,False,335.0,38.877578,-0.188127,21.5,False,Calculada sobre MDT25 © IGN (CC BY 4.0)
node/11074866167,,Alicante/Alacant,339.0,38.8759332,-0.1769142,338.0,32.0,32.0,False,False,306.0,38.877082,-0.176909,4.4,False,Calculada sobre MDT25 © IGN (CC BY 4.0)
node/11074866168,Penya de l'Eixam,Alicante/Alacant,287.0,38.8736423,-0.1860132,295.0,0.0,0.0,False,True,,,,,False,Calculada sobre MDT25 © IGN (CC BY 4.0)
node/11074866172,,Valencia/València,343.0,38.8791281,-0.1778559,343.0,3.0,3.0,False,False,340.0,38.879565,-0.177099,10.9,False,Calculada sobre MDT25 © IGN (CC BY 4.0)
node/11074876972,,Valencia/València,286.0,38.8864757,-0.1857724,263.0,13.0,13.0,False,False,250.0,38.886292,-0.18519,24.6,False,Calculada sobre MDT25 © IGN (CC BY 4.0)
node/11074876975,,Valencia/València,134.0,38.8919824,-0.1911042,125.0,2.0,2.0,False,False,123.0,38.892513,-0.190996,84.5,False,Calculada sobre MDT25 © IGN (CC BY 4.0)
node/11076305462,,Valencia/València,181.0,38.8805621,-0.2050048,186.0,15.0,15.0,False,False,171.0,38.879991,-0.204168,50.7,True,Calculada sobre MDT25 © IGN (CC BY 4.0)
node/11076305463,,Valencia/València,189.0,38.8803823,-0.2044265,186.0,15.0,15.0,False,False,171.0,38.879991,-0.204168,7.4,True,Calculada sobre MDT25 © IGN (CC BY 4.0)
node/11076305487,,Alicante/Alacant,625.0,38.8522328,-0.1997426,623.0,35.0,35.0,False,False,588.0,38.850506,-0.205036,6.7,False,Calculada sobre MDT25 © IGN (CC BY 4.0)
node/11076310582,,Alicante/Alacant,912.0,38.8045993,-0.2789791,910.0,256.0,256.0,False,False,654.0,38.793342,-0.263969,54.4,True,Calculada sobre MDT25 © IGN (CC BY 4.0)
node/11076310591,,Alicante/Alacant,843.0,38.808479,-0.2603228,841.0,7.0,7.0,False,False,834.0,38.80857,-0.260219,19.3,False,Calculada sobre MDT25 © IGN (CC BY 4.0)
node/11076310592,,Alicante/Alacant,821.0,38.8100584,-0.2577695,850.0,0.0,0.0,False,True,,,,,False,Calculada sobre MDT25 © IGN (CC BY 4.0)
node/11076360965,,Alicante/Alacant,643.0,38.8115074,-0.2260022,642.0,8.0,8.0,False,False,634.0,38.811158,-0.226727,19.6,False,Calculada sobre MDT25 © IGN (CC BY 4.0)
node/11076360966,,Alicante/Alacant,640.0,38.8118526,-0.2240362,640.0,6.0,6.0,False,False,634.0,38.811573,-0.225271,32.6,False,Calculada sobre MDT25 © IGN (CC BY 4.0)
node/11076398949,,Valencia/València,529.0,38.866782,-0.199038,530.0,48.0,48.0,False,False,482.0,38.86387,-0.198751,15.3,False,Calculada sobre MDT25 © IGN (CC BY 4.0)
node/11076398966,,Alicante/Alacant,536.0,38.8544156,-0.1891035,534.0,15.0,15.0,False,False,519.0,38.853543,-0.190803,19.5,False,Calculada sobre MDT25 © IGN (CC BY 4.0)
node/11076398970,Penya del Racó del Roc,Alicante/Alacant,408.0,38.8549976,-0.1739917,406.0,25.0,25.0,False,False,381.0,38.8552,-0.175471,7.7,False,Calculada sobre MDT25 © IGN (CC BY 4.0)
node/11076399212,Tossal Redó,Valencia/València,518.0,38.8734627,-0.2290617,519.0,12.0,12.0,False,False,507.0,38.872944,-0.2298,19.8,False,Calculada sobre MDT25 © IGN (CC BY 4.0)
node/11076399270,Tossalet de l'Alcúdia,Valencia/València,158.0,38.8834346,-0.2137682,156.0,21.0,21.0,False,False,135.0,38.882946,-0.214715,8.7,False,Calculada sobre MDT25 © IGN (CC BY 4.0)
node/11076399389,Tossal de Venturo,Alicante/Alacant,417.0,38.8683225,-0.1947598,414.0,23.0,23.0,False,False,391.0,38.868069,-0.195417,7.8,True,Calculada sobre MDT25 © IGN (CC BY 4.0)
node/11076399390,,Valencia/València,415.0,38.8686462,-0.1947478,414.0,23.0,23.0,False,False,391.0,38.868069,-0.195417,41.3,True,Calculada sobre MDT25 © IGN (CC BY 4.0)
node/11076430483,Tossalet del Llamp,Alicante/Alacant,740.0,38.8487096,-0.2361893,738.0,53.0,53.0,False,False,685.0,38.847583,-0.252674,7.1,False,Calculada sobre MDT25 © IGN (CC BY 4.0)
node/11076586065,,Alicante/Alacant,841.0,38.7677367,-0.1334895,839.0,0.0,0.0,False,True,,,,,False,Calculada sobre MDT25 © IGN (CC BY 4.0)
node/11076586067,,Alicante/Alacant,794.0,38.7665069,-0.127248,792.0,4.0,4.0,False,False,788.0,38.766654,-0.128047,24.4,False,Calculada sobre MDT25 © IGN (CC BY 4.0)
node/11076586069,,Alicante/Alacant,788.0,38.7663069,-0.123764,786.0,10.0,10.0,False,False,776.0,38.766358,-0.125182,2.4,False,Calculada sobre MDT25 © IGN (CC BY 4.0)
node/11076586070,,Alicante/Alacant,743.0,38.7660127,-0.1150342,743.0,23.0,23.0,False,False,720.0,38.765745,-0.11859,34.7,True,Calculada sobre MDT25 © IGN (CC BY 4.0)
node/11076586071,,Alicante/Alacant,746.0,38.7659714,-0.1138313,739.0,0.0,0.0,False,True,,,,,False,Calculada sobre MDT25 © IGN (CC BY 4.0)
node/11076586074,,Alicante/Alacant,734.0,38.7659439,-0.1126061,735.0,0.0,0.0,False,True,,,,,False,Calculada sobre MDT25 © IGN (CC BY 4.0)
node/11076586076,,Alicante/Alacant,740.0,38.7659154,-0.1118449,738.0,0.0,0.0,False,True,,,,,False,Calculada sobre MDT25 © IGN (CC BY 4.0)
node/11076586077,,Alicante/Alacant,741.0,38.765776,-0.1106012,739.0,6.0,6.0,False,False,733.0,38.765743,-0.109384,19.1,False,Calculada sobre MDT25 © IGN (CC BY 4.0)
node/11076586078,,Alicante/Alacant,743.0,38.7654516,-0.1085874,742.0,20.0,20.0,False,False,722.0,38.765828,-0.112833,7.0,False,Calculada sobre MDT25 © IGN (CC BY 4.0)
node/11076586079,,Alicante/Alacant,742.0,38.7650835,-0.1065607,739.0,6.0,6.0,False,False,733.0,38.765243,-0.10739,15.6,True,Calculada sobre MDT25 © IGN (CC BY 4.0)
node/11076586080,,Alicante/Alacant,740.0,38.7650382,-0.1059227,739.0,6.0,6.0,False,False,733.0,38.765243,-0.10739,56.4,True,Calculada sobre MDT25 © IGN (CC BY 4.0)
node/11076586081,,Alicante/Alacant,741.0,38.7648448,-0.1042759,739.0,7.0,7.0,False,False,732.0,38.764961,-0.1051,24.5,False,Calculada sobre MDT25 © IGN (CC BY 4.0)
node/11076586085,Pinyons de Laguart,Alicante/Alacant,766.0,38.7654484,-0.0963192,763.0,23.0,23.0,False,False,740.0,38.765233,-0.097897,11.8,False,Calculada sobre MDT25 © IGN (CC BY 4.0)
node/11076586087,Penya del Migdia,Alicante/Alacant,617.0,38.7648803,-0.0921027,617.0,2.0,2.0,False,False,615.0,38.764865,-0.092159,20.3,False,Calculada sobre MDT25 © IGN (CC BY 4.0)
node/11076586103,,Alicante/Alacant,781.0,38.7685083,-0.1527656,779.0,5.0,5.0,False,False,774.0,38.768637,-0.15386,24.7,False,Calculada sobre MDT25 © IGN (CC BY 4.0)
node/11076586104,,Alicante/Alacant,801.0,38.7687596,-0.1551788,800.0,11.0,11.0,False,False,789.0,38.767835,-0.15792,14.2,True,Calculada sobre MDT25 © IGN (CC BY 4.0)
node/11076594605,,Alicante/Alacant,801.0,38.7681695,-0.1564859,800.0,11.0,11.0,False,False,789.0,38.767835,-0.15792,117.4,True,Calculada sobre MDT25 © IGN (CC BY 4.0)
node/11076594607,,Alicante/Alacant,805.0,38.7678865,-0.1587405,804.0,41.0,41.0,False,False,763.0,38.768581,-0.151561,5.0,False,Calculada sobre MDT25 © IGN (CC BY 4.0)
node/11076594609,Penya Roja,Alicante/Alacant,782.0,38.7658889,-0.1611789,781.0,8.0,8.0,False,False,773.0,38.765683,-0.162033,23.5,False,Calculada sobre MDT25 © IGN (CC BY 4.0)
node/11076594610,,Alicante/Alacant,798.0,38.7654751,-0.1631681,797.0,35.0,35.0,False,False,762.0,38.766323,-0.160569,2.3,False,Calculada sobre MDT25 © IGN (CC BY 4.0)
node/11076594611,Penyetes de Moll,Alicante/Alacant,775.0,38.7649937,-0.164975,779.0,0.0,0.0,False,True,,,,,False,Calculada sobre MDT25 © IGN (CC BY 4.0)
node/11076594632,,Alicante/Alacant,800.0,38.7714058,-0.1671614,800.0,7.0,7.0,False,False,793.0,38.77277,-0.166355,10.3,True,Calculada sobre MDT25 © IGN (CC BY 4.0)
node/11076594633,el Cocó d'en Campús,Alicante/Alacant,800.0,38.7721099,-0.1662774,800.0,7.0,7.0,False,False,793.0,38.77277,-0.166355,114.0,True,Calculada sobre MDT25 © IGN (CC BY 4.0)
node/11077201918,,Alicante/Alacant,702.0,38.8049362,-0.1012961,702.0,9.0,9.0,False,False,693.0,38.804765,-0.102625,15.0,False,Calculada sobre MDT25 © IGN (CC BY 4.0)
node/11077201921,,Alicante/Alacant,652.0,38.8067605,-0.0960374,649.0,9.0,9.0,False,False,640.0,38.807069,-0.095624,14.3,False,Calculada sobre MDT25 © IGN (CC BY 4.0)
node/11077201925,,Alicante/Alacant,654.0,38.8070053,-0.0867901,650.0,36.0,36.0,False,False,614.0,38.80755,-0.087832,19.0,False,Calculada sobre MDT25 © IGN (CC BY 4.0)
node/11077201929,els Pilars,Alicante/Alacant,341.0,38.8032348,-0.0786053,338.0,14.0,14.0,False,False,324.0,38.803503,-0.079074,9.0,False,Calculada sobre MDT25 © IGN (CC BY 4.0)
node/11077202005,,Alicante/Alacant,315.0,38.7978162,-0.0850168,310.0,29.0,29.0,False,False,281.0,38.798289,-0.08677,4.6,False,Calculada sobre MDT25 © IGN (CC BY 4.0)
node/11077202077,Puntal de Tano,Alicante/Alacant,236.0,38.7913573,-0.0886934,236.0,35.0,35.0,False,False,201.0,38.791822,-0.089336,7.5,False,Calculada sobre MDT25 © IGN (CC BY 4.0)
node/11077202088,,Alicante/Alacant,592.0,38.7909784,-0.1147705,589.0,45.0,45.0,False,False,544.0,38.792485,-0.116074,23.0,False,Calculada sobre MDT25 © IGN (CC BY 4.0)
node/11077308946,Lloma de Peres,Alicante/Alacant,348.0,38.8253149,-0.1324812,357.0,0.0,0.0,False,True,,,,,False,Calculada sobre MDT25 © IGN (CC BY 4.0)
node/11077339091,,Alicante/Alacant,444.0,38.8244064,-0.1411652,444.0,4.0,4.0,False,False,440.0,38.824201,-0.141858,9.5,True,Calculada sobre MDT25 © IGN (CC BY 4.0)
node/11077339092,,Alicante/Alacant,439.0,38.8240381,-0.1418199,444.0,4.0,4.0,False,False,440.0,38.824201,-0.141858,63.0,True,Calculada sobre MDT25 © IGN (CC BY 4.0)
node/11078022516,,Alicante/Alacant,281.0,38.8385767,-0.1492477,280.0,2.0,2.0,False,False,278.0,38.838356,-0.149643,8.6,False,Calculada sobre MDT25 © IGN (CC BY 4.0)
node/11078022610,la Muntanyeta,Alicante/Alacant,497.0,38.8069794,-0.1739726,495.0,61.0,61.0,False,False,434.0,38.804685,-0.172862,4.6,False,Calculada sobre MDT25 © IGN (CC BY 4.0)
node/11078022649,,Alicante/Alacant,567.0,38.8041715,-0.1983401,568.0,9.0,9.0,False,False,559.0,38.804,-0.200523,14.0,False,Calculada sobre MDT25 © IGN (CC BY 4.0)
node/11078022651,,Alicante/Alacant,602.0,38.800722,-0.2062084,598.0,1.0,1.0,False,False,597.0,38.801015,-0.207547,17.8,False,Calculada sobre MDT25 © IGN (CC BY 4.0)
node/11078022699,Penya de l'Aguila,Alicante/Alacant,707.0,38.7960104,-0.2105341,718.0,0.0,0.0,False,True,,,,,False,Calculada sobre MDT25 © IGN (CC BY 4.0)
node/11078022703,,Alicante/Alacant,820.0,38.7905935,-0.2106847,818.0,1.0,1.0,False,False,817.0,38.790297,-0.211419,15.7,False,Calculada sobre MDT25 © IGN (CC BY 4.0)
node/11078022705,Lloma Negra,Alicante/Alacant,805.0,38.7873733,-0.2096491,804.0,7.0,7.0,False,False,797.0,38.788223,-0.209486,12.5,False,Calculada sobre MDT25 © IGN (CC BY 4.0)
node/11078022707,,Alicante/Alacant,815.0,38.7848996,-0.2109622,813.0,17.0,17.0,False,False,796.0,38.786976,-0.213851,8.3,False,Calculada sobre MDT25 © IGN (CC BY 4.0)
node/11078022709,Morro de la Codalla,Alicante/Alacant,841.0,38.7797188,-0.2073807,841.0,21.0,21.0,False,False,820.0,38.781227,-0.208895,17.8,False,Calculada sobre MDT25 © IGN (CC BY 4.0)
node/11078022710,,Alicante/Alacant,850.0,38.781527,-0.2121805,850.0,59.0,59.0,False,False,791.0,38.7874,-0.22218,86.4,False,Calculada sobre MDT25 © IGN (CC BY 4.0)
node/11078022783,Pic de Bartolo,Alicante/Alacant,811.0,38.7887354,-0.2197955,813.0,11.0,11.0,False,False,802.0,38.785449,-0.215925,72.2,False,Calculada sobre MDT25 © IGN (CC BY 4.0)
node/11081985708,Cabezo la Cruz,Castellón/Castelló,1708.0,40.2441754,-0.5478208,1709.0,231.0,231.0,False,False,1478.0,40.251117,-0.553807,8.5,False,Calculada sobre MDT25 © IGN (CC BY 4.0)
node/11100329204,Alto de Ramos,Castellón/Castelló,1217.0,40.2143103,-0.3900146,1216.0,2.0,2.0,False,False,1214.0,40.214672,-0.390617,11.6,False,Calculada sobre MDT25 © IGN (CC BY 4.0)
node/11100334093,Alto de Borrás,Castellón/Castelló,1064.0,40.2078295,-0.3960349,1062.0,16.0,16.0,False,False,1046.0,40.208206,-0.393509,11.4,False,Calculada sobre MDT25 © IGN (CC BY 4.0)
node/11112629921,Altico del Palomo,Valencia/València,333.0,39.6122959,-0.7776585,332.0,47.0,47.0,False,False,285.0,39.613517,-0.776466,12.0,False,Calculada sobre MDT25 © IGN (CC BY 4.0)
node/11112639783,Peña Roya,Valencia/València,356.0,39.6141391,-0.7740327,356.0,77.0,77.0,False,False,279.0,39.617535,-0.77459,7.2,False,Calculada sobre MDT25 © IGN (CC BY 4.0)
node/11140049996,la Cantera,Castellón/Castelló,894.0,40.1177518,-0.3214228,893.0,4.0,4.0,False,False,889.0,40.118067,-0.321863,16.2,False,Calculada sobre MDT25 © IGN (CC BY 4.0)
node/11140084428,Tossal de la Palmereta,Castellón/Castelló,747.0,40.1002647,-0.2689073,745.0,25.0,25.0,False,False,720.0,40.102619,-0.267923,26.5,False,Calculada sobre MDT25 © IGN (CC BY 4.0)
node/11140084500,Guardamar,Castellón/Castelló,761.0,40.1166331,-0.2682126,762.0,32.0,32.0,False,False,730.0,40.111414,-0.268451,5.6,False,Calculada sobre MDT25 © IGN (CC BY 4.0)
node/11140084501,Tossal del Monte,Castellón/Castelló,791.0,40.1074906,-0.266725,791.0,47.0,47.0,False,False,744.0,40.110358,-0.271426,21.7,False,Calculada sobre MDT25 © IGN (CC BY 4.0)
node/11140084502,Tossal del Moliner,Castellón/Castelló,751.0,40.1038307,-0.2669603,750.0,9.0,9.0,False,False,741.0,40.104616,-0.26667,13.3,False,Calculada sobre MDT25 © IGN (CC BY 4.0)
node/11147134130,el Castellet,Alicante/Alacant,902.0,38.6375815,-0.5783272,892.0,9.0,9.0,False,False,883.0,38.637659,-0.578628,17.1,False,Calculada sobre MDT25 © IGN (CC BY 4.0)
node/11150283706,Tossal Gros,Castellón/Castelló,1254.0,40.5840622,0.0008224,1254.0,116.0,116.0,False,False,1138.0,40.574667,0.045033,10.9,False,Calculada sobre MDT25 © IGN (CC BY 4.0)
node/11150283708,Tossal de les Hedreretes,Castellón/Castelló,1174.0,40.5763147,0.0007939,1173.0,45.0,45.0,False,False,1128.0,40.578742,0.001215,20.7,False,Calculada sobre MDT25 © IGN (CC BY 4.0)
node/11154781356,Puntal de l'Alcoraia,Alicante/Alacant,484.0,38.3781084,-0.6510972,481.0,47.0,47.0,False,False,434.0,38.37809,-0.652555,5.7,False,Calculada sobre MDT25 © IGN (CC BY 4.0)
node/11154781357,Serra de la Venta,Alicante/Alacant,515.0,38.3909134,-0.638064,513.0,138.0,138.0,False,False,375.0,38.384411,-0.65321,30.0,False,Calculada sobre MDT25 © IGN (CC BY 4.0)
node/11154781358,Tossal del Capellà,Alicante/Alacant,298.0,38.3915614,-0.6220144,298.0,65.0,65.0,False,False,233.0,38.392626,-0.624894,12.5,False,Calculada sobre MDT25 © IGN (CC BY 4.0)
node/11164086786,Curulló,Castellón/Castelló,689.0,40.3068039,0.0456282,688.0,5.0,5.0,False,False,683.0,40.307156,0.045035,12.7,False,Calculada sobre MDT25 © IGN (CC BY 4.0)
node/11165420821,Alto de la Cazoleta,Valencia/València,991.0,39.5512518,-0.8500943,991.0,13.0,13.0,False,False,978.0,39.552089,-0.851456,24.5,False,Calculada sobre MDT25 © IGN (CC BY 4.0)
node/11170670466,Tossal de Pastadura,Castellón/Castelló,1000.0,40.3024985,0.0111683,1000.0,27.0,27.0,False,False,973.0,40.30248,0.008649,16.9,False,Calculada sobre MDT25 © IGN (CC BY 4.0)
node/11184422688,Morral Roig,Castellón/Castelló,972.0,40.3053118,0.0177348,976.0,17.0,17.0,False,False,959.0,40.305514,0.013195,85.1,False,Calculada sobre MDT25 © IGN (CC BY 4.0)
node/11184422932,la Lloma,Castellón/Castelló,824.0,40.3005195,0.0313129,826.0,23.0,23.0,False,False,803.0,40.302362,0.030408,87.1,False,Calculada sobre MDT25 © IGN (CC BY 4.0)
node/11184423062,la Talaia,Castellón/Castelló,874.0,40.3068443,0.0277178,872.0,6.0,6.0,False,False,866.0,40.30675,0.026192,31.0,False,Calculada sobre MDT25 © IGN (CC BY 4.0)
node/11184546235,Morral de la Tia Elisa,Castellón/Castelló,778.0,40.2951163,0.0236463,775.0,15.0,15.0,False,False,760.0,40.296458,0.023674,2.9,False,Calculada sobre MDT25 © IGN (CC BY 4.0)
node/11196005856,,Alicante/Alacant,1312.0,38.7069359,-0.2986841,1310.0,11.0,11.0,False,False,1299.0,38.706583,-0.300913,81.2,False,Calculada sobre MDT25 © IGN (CC BY 4.0)
node/11196005859,,Alicante/Alacant,1225.0,38.7010308,-0.303811,1223.0,11.0,11.0,False,False,1212.0,38.701679,-0.30311,16.2,False,Calculada sobre MDT25 © IGN (CC BY 4.0)
node/11196005861,,Alicante/Alacant,1029.0,38.6890501,-0.2927483,1026.0,33.0,33.0,False,False,993.0,38.690439,-0.294335,17.6,False,Calculada sobre MDT25 © IGN (CC BY 4.0)
node/11196005863,,Alicante/Alacant,1008.0,38.6811062,-0.276604,1006.0,17.0,17.0,False,False,989.0,38.679422,-0.275786,10.0,False,Calculada sobre MDT25 © IGN (CC BY 4.0)
node/11196005993,Morro de la Molinera,Alicante/Alacant,857.0,38.6759636,-0.2413857,853.0,6.0,6.0,False,False,847.0,38.676166,-0.242578,30.0,False,Calculada sobre MDT25 © IGN (CC BY 4.0)
node/11196005994,Penyó de Torre,Alicante/Alacant,879.0,38.6795778,-0.2439592,876.0,14.0,14.0,False,False,862.0,38.67892,-0.244771,6.5,False,Calculada sobre MDT25 © IGN (CC BY 4.0)
node/11196006001,,Alicante/Alacant,878.0,38.7006373,-0.1443573,876.0,38.0,38.0,False,False,838.0,38.699593,-0.148841,11.8,False,Calculada sobre MDT25 © IGN (CC BY 4.0)
node/11196006002,Altet d'en Calafat,Alicante/Alacant,962.0,38.7218185,-0.1097779,961.0,10.0,10.0,False,False,951.0,38.72252,-0.110265,19.9,False,Calculada sobre MDT25 © IGN (CC BY 4.0)
node/11203196544,la Serra,Castellón/Castelló,484.0,40.0448335,-0.2954502,484.0,6.0,6.0,False,False,478.0,40.045382,-0.295117,11.8,False,Calculada sobre MDT25 © IGN (CC BY 4.0)
node/11206372300,Tossal Cremat,Castellón/Castelló,912.0,40.2901624,-0.0248818,910.0,21.0,21.0,False,False,889.0,40.289828,-0.024553,44.1,False,Calculada sobre MDT25 © IGN (CC BY 4.0)
node/11206399511,la Bastida,Castellón/Castelló,938.0,40.3206081,0.0234422,938.0,93.0,93.0,False,False,845.0,40.315165,0.023038,23.8,False,Calculada sobre MDT25 © IGN (CC BY 4.0)
node/11218613120,el Denàs,Castellón/Castelló,691.0,39.8558503,-0.275818,694.0,52.0,52.0,False,False,642.0,39.856691,-0.277122,20.8,False,Calculada sobre MDT25 © IGN (CC BY 4.0)
node/11218674995,,Castellón/Castelló,535.0,39.8427291,-0.2772961,536.0,56.0,56.0,False,False,480.0,39.84386,-0.277338,7.4,False,Calculada sobre MDT25 © IGN (CC BY 4.0)
node/11228213899,Puntal de Pere,Valencia/València,420.0,39.7073003,-0.3689462,419.0,34.0,34.0,False,False,385.0,39.706334,-0.368477,20.0,False,Calculada sobre MDT25 © IGN (CC BY 4.0)
node/11228230443,el Picaio,Valencia/València,389.0,39.7827767,-0.3236509,389.0,109.0,109.0,False,False,280.0,39.784645,-0.326379,14.9,False,Calculada sobre MDT25 © IGN (CC BY 4.0)
node/11232465595,Puntal de las Palomas,Valencia/València,1065.0,39.4265133,-0.9059951,1065.0,17.0,17.0,False,False,1048.0,39.426537,-0.907885,12.3,False,Calculada sobre MDT25 © IGN (CC BY 4.0)
node/11237223609,el Savinar,Alicante/Alacant,469.0,38.4598923,-0.5456317,466.0,87.0,87.0,False,False,379.0,38.466628,-0.553991,37.2,False,Calculada sobre MDT25 © IGN (CC BY 4.0)
node/11265114809,Alt de la Grana,Alicante/Alacant,849.0,38.5620745,-0.4384146,848.0,63.0,63.0,False,False,785.0,38.563176,-0.434241,12.7,False,Calculada sobre MDT25 © IGN (CC BY 4.0)
node/11266664360,,Valencia/València,716.0,38.8363953,-0.7451841,716.0,7.0,7.0,False,False,709.0,38.835827,-0.744721,14.6,False,Calculada sobre MDT25 © IGN (CC BY 4.0)
node/11266664364,Altet dels Matadors,Valencia/València,813.0,38.8326827,-0.7357136,813.0,13.0,13.0,False,False,800.0,38.831422,-0.738236,16.2,False,Calculada sobre MDT25 © IGN (CC BY 4.0)
node/11266684878,els Cabeços,Valencia/València,642.0,38.806371,-0.7119921,642.0,28.0,28.0,False,False,614.0,38.805699,-0.712853,32.9,False,Calculada sobre MDT25 © IGN (CC BY 4.0)
node/11267222325,Alt dels Carlistes,Valencia/València,709.0,38.7841959,-0.6395378,708.0,17.0,17.0,False,False,691.0,38.782469,-0.643377,3.6,False,Calculada sobre MDT25 © IGN (CC BY 4.0)
node/11267222326,Alt de l'Àguila,Valencia/València,709.0,38.781106,-0.6289553,699.0,7.0,7.0,False,False,692.0,38.78059,-0.628475,20.0,False,Calculada sobre MDT25 © IGN (CC BY 4.0)
node/11267225797,,Valencia/València,892.0,38.738133,-0.6222372,889.0,27.0,27.0,False,False,862.0,38.738853,-0.625255,14.5,False,Calculada sobre MDT25 © IGN (CC BY 4.0)
node/11267286357,Alt de la Cava,Alicante/Alacant,1127.0,38.7667803,-0.5226887,1124.0,8.0,8.0,False,False,1116.0,38.76717,-0.52448,119.0,False,Calculada sobre MDT25 © IGN (CC BY 4.0)
node/11267286385,Penya del Sombrero,Alicante/Alacant,1009.0,38.7814398,-0.4806898,1005.0,26.0,26.0,False,False,979.0,38.781128,-0.481983,18.3,False,Calculada sobre MDT25 © IGN (CC BY 4.0)
node/11267286386,Penya dels Peons,Alicante/Alacant,899.0,38.7825643,-0.4901908,894.0,12.0,12.0,False,False,882.0,38.781745,-0.489731,16.6,False,Calculada sobre MDT25 © IGN (CC BY 4.0)
node/11267318270,Tossalet del Tio Eduard,Alicante/Alacant,1049.0,38.7654046,-0.541671,1057.0,0.0,0.0,False,True,,,,,False,Calculada sobre MDT25 © IGN (CC BY 4.0)
node/11268062005,el Cuquello,Valencia/València,741.0,38.8322485,-0.7504622,742.0,21.0,21.0,False,False,721.0,38.828976,-0.75156,14.8,False,Calculada sobre MDT25 © IGN (CC BY 4.0)
node/11268062006,Alt del Xocolater,Valencia/València,774.0,38.8247474,-0.7670553,773.0,49.0,49.0,False,False,724.0,38.825736,-0.747055,16.4,False,Calculada sobre MDT25 © IGN (CC BY 4.0)
node/11270618273,les Serretes,Castellón/Castelló,197.0,40.0401572,-0.000807,194.0,18.0,18.0,False,False,176.0,40.041022,0.000631,53.8,False,Calculada sobre MDT25 © IGN (CC BY 4.0)
node/11270637139,Tossal de Mercades,Castellón/Castelló,1013.0,40.3204649,-0.1566617,1016.0,56.0,56.0,False,False,960.0,40.322021,-0.158473,41.2,False,Calculada sobre MDT25 © IGN (CC BY 4.0)
node/11278474406,,Valencia/València,705.0,39.2008014,-1.1719423,703.0,6.0,6.0,False,False,697.0,39.201,-1.171379,26.8,False,Calculada sobre MDT25 © IGN (CC BY 4.0)
node/11281522579,Salagardos,Valencia/València,569.0,39.6907142,-0.7582817,568.0,116.0,116.0,False,False,452.0,39.701649,-0.780053,32.8,False,Calculada sobre MDT25 © IGN (CC BY 4.0)
node/11294378448,Lloma Llarga,Alicante/Alacant,669.0,38.8381116,-0.2566582,667.0,14.0,14.0,False,False,653.0,38.839127,-0.257031,15.9,False,Calculada sobre MDT25 © IGN (CC BY 4.0)
node/11294378450,Tossal del Martí,Alicante/Alacant,368.0,38.8550248,-0.3152909,367.0,41.0,41.0,False,False,326.0,38.856747,-0.317423,19.0,False,Calculada sobre MDT25 © IGN (CC BY 4.0)
node/11294396791,,Alicante/Alacant,377.0,38.8185671,-0.1075116,377.0,20.0,20.0,False,False,357.0,38.818661,-0.108972,6.8,False,Calculada sobre MDT25 © IGN (CC BY 4.0)
node/11328061001,el Tossal,Alicante/Alacant,89.0,38.3533867,-0.4931295,86.0,0.0,0.0,False,True,,,,,False,Calculada sobre MDT25 © IGN (CC BY 4.0)
node/11331812275,,Castellón/Castelló,,39.8667168,-0.4130119,536.0,75.0,75.0,False,False,461.0,39.866525,-0.411462,18.4,False,Calculada sobre MDT25 © IGN (CC BY 4.0)
node/11335354741,,Alicante/Alacant,1010.0,38.6485781,-0.3589522,1011.0,12.0,12.0,False,False,999.0,38.651665,-0.36186,16.6,False,Calculada sobre MDT25 © IGN (CC BY 4.0)
node/11337422606,,Alicante/Alacant,893.0,38.67587,-0.3470485,891.0,16.0,16.0,False,False,875.0,38.675209,-0.347204,11.4,False,Calculada sobre MDT25 © IGN (CC BY 4.0)
node/11346489930,Montote,Valencia/València,963.0,39.4508599,-1.0362233,964.0,251.0,251.0,False,False,713.0,39.475005,-1.039542,18.9,False,Calculada sobre MDT25 © IGN (CC BY 4.0)
node/11357051190,Cim del Buixcarró,Valencia/València,580.0,39.0044067,-0.3653188,576.0,103.0,103.0,False,False,473.0,39.002799,-0.361273,20.5,False,Calculada sobre MDT25 © IGN (CC BY 4.0)
node/11362117989,Monte San Antonio,Alicante/Alacant,268.0,38.438623,-0.5453622,284.0,20.0,20.0,False,False,264.0,38.439455,-0.547175,41.0,False,Calculada sobre MDT25 © IGN (CC BY 4.0)
node/11367360121,Alt de la Mitja Taronja,Alicante/Alacant,533.0,38.3252845,-0.8467645,532.0,17.0,17.0,False,False,515.0,38.325946,-0.846408,4.5,False,Calculada sobre MDT25 © IGN (CC BY 4.0)
node/11377514873,Tossal de la Solana,Castellón/Castelló,725.0,40.3252972,-0.1016343,726.0,14.0,14.0,False,False,712.0,40.324525,-0.105114,38.0,False,Calculada sobre MDT25 © IGN (CC BY 4.0)
node/11377618752,el Cardanxar,Castellón/Castelló,737.0,40.3319845,-0.0542194,740.0,46.0,46.0,False,False,694.0,40.328189,-0.054056,5.0,False,Calculada sobre MDT25 © IGN (CC BY 4.0)
node/11377618753,Tossal de la Torreta de Folch,Castellón/Castelló,596.0,40.3328192,-0.0430325,599.0,20.0,20.0,False,False,579.0,40.332718,-0.046209,21.0,False,Calculada sobre MDT25 © IGN (CC BY 4.0)
node/11380521804,El Pinet,Castellón/Castelló,533.0,39.9180726,-0.3625172,532.0,10.0,10.0,False,False,522.0,39.917225,-0.362758,18.5,False,Calculada sobre MDT25 © IGN (CC BY 4.0)
node/11380558908,,Castellón/Castelló,871.0,39.9186751,-0.3910553,869.0,20.0,20.0,False,False,849.0,39.919448,-0.391335,28.3,False,Calculada sobre MDT25 © IGN (CC BY 4.0)
node/11380558911,La Loma,Castellón/Castelló,801.0,39.9306774,-0.3895855,800.0,5.0,5.0,False,False,795.0,39.931129,-0.390014,13.1,False,Calculada sobre MDT25 © IGN (CC BY 4.0)
node/11382340848,Pico de las Esparragueras,Alicante/Alacant,301.0,38.1279839,-0.9175213,298.0,58.0,58.0,False,False,240.0,38.128586,-0.920385,11.5,False,Calculada sobre MDT25 © IGN (CC BY 4.0)
node/11382340849,Peñón de la Lobera,Alicante/Alacant,327.0,38.1326836,-0.9215285,328.0,88.0,88.0,False,False,240.0,38.127395,-0.916711,14.8,False,Calculada sobre MDT25 © IGN (CC BY 4.0)
node/11382651045,la Lloma,Castellón/Castelló,555.0,39.9311722,-0.3279597,557.0,18.0,18.0,False,False,539.0,39.92971,-0.327761,13.6,False,Calculada sobre MDT25 © IGN (CC BY 4.0)
node/11389686558,la Campanilla,Castellón/Castelló,337.0,40.0135235,-0.2852905,340.0,10.0,10.0,False,False,330.0,40.012982,-0.286732,60.4,False,Calculada sobre MDT25 © IGN (CC BY 4.0)
node/11389686561,,Castellón/Castelló,449.0,40.0211445,-0.3010243,448.0,12.0,12.0,False,False,436.0,40.022099,-0.301017,6.5,False,Calculada sobre MDT25 © IGN (CC BY 4.0)
node/11389686670,Loma del Petillo,Castellón/Castelló,359.0,40.0052237,-0.3148699,358.0,26.0,26.0,False,False,332.0,40.004875,-0.315752,9.1,False,Calculada sobre MDT25 © IGN (CC BY 4.0)
node/11389686729,El Puntal,Castellón/Castelló,435.0,39.9987352,-0.2886164,437.0,44.0,44.0,False,False,393.0,39.997997,-0.291133,18.3,False,Calculada sobre MDT25 © IGN (CC BY 4.0)
node/11392417563,Cormo del Portell,Castellón/Castelló,557.0,40.0706939,-0.0821165,555.0,17.0,17.0,False,False,538.0,40.071461,-0.080105,16.9,False,Calculada sobre MDT25 © IGN (CC BY 4.0)
node/11392480297,el Tossalet,Castellón/Castelló,1258.0,40.2867345,-0.3130917,1257.0,17.0,17.0,False,False,1240.0,40.287628,-0.311649,22.7,False,Calculada sobre MDT25 © IGN (CC BY 4.0)
node/11392871229,Alto del Palomar,Castellón/Castelló,669.0,40.0199326,-0.4131889,668.0,60.0,60.0,False,False,608.0,40.021996,-0.414966,8.3,False,Calculada sobre MDT25 © IGN (CC BY 4.0)
node/11392871406,Peña de Esteban,Castellón/Castelló,954.0,40.0128579,-0.4616404,954.0,112.0,112.0,False,False,842.0,40.007835,-0.487837,100.4,False,Calculada sobre MDT25 © IGN (CC BY 4.0)
node/11397067231,Peña Blanca,Castellón/Castelló,672.0,40.0390247,-0.3873056,668.0,18.0,18.0,False,False,650.0,40.038982,-0.389127,34.1,False,Calculada sobre MDT25 © IGN (CC BY 4.0)
node/11397067337,Alto del Melic,Castellón/Castelló,806.0,40.0227022,-0.3933088,803.0,15.0,15.0,False,False,788.0,40.019883,-0.391027,8.3,False,Calculada sobre MDT25 © IGN (CC BY 4.0)
node/11398685088,El Cabezo,Castellón/Castelló,632.0,39.9616056,-0.3963306,632.0,6.0,6.0,False,False,626.0,39.961882,-0.395576,13.7,False,Calculada sobre MDT25 © IGN (CC BY 4.0)
node/11401773382,Alto de Pepe el Mingo,Castellón/Castelló,641.0,40.031893,-0.3776605,640.0,22.0,22.0,False,False,618.0,40.031127,-0.380345,8.4,False,Calculada sobre MDT25 © IGN (CC BY 4.0)
node/11406410808,La Nevera,Castellón/Castelló,896.0,39.9395179,-0.4036403,898.0,27.0,27.0,False,False,871.0,39.937983,-0.404382,8.8,False,Calculada sobre MDT25 © IGN (CC BY 4.0)
node/11415079064,,Alicante/Alacant,583.0,38.6458089,-0.8923663,583.0,80.0,80.0,False,False,503.0,38.659793,-0.895913,35.8,False,Calculada sobre MDT25 © IGN (CC BY 4.0)
node/11415079066,,Alicante/Alacant,577.0,38.6439308,-0.8954873,575.0,16.0,16.0,False,False,559.0,38.645389,-0.896622,9.8,False,Calculada sobre MDT25 © IGN (CC BY 4.0)
node/11415079067,,Alicante/Alacant,574.0,38.6485167,-0.8982173,573.0,26.0,26.0,False,False,547.0,38.647216,-0.898004,6.8,False,Calculada sobre MDT25 © IGN (CC BY 4.0)
node/11415098694,,Alicante/Alacant,713.0,38.6002936,-0.9342295,713.0,30.0,30.0,False,False,683.0,38.601509,-0.937231,15.0,False,Calculada sobre MDT25 © IGN (CC BY 4.0)
node/11415111067,Cabezo Redondo,Alicante/Alacant,566.0,38.6457451,-0.8941908,575.0,1.0,1.0,False,False,574.0,38.646473,-0.894292,66.0,False,Calculada sobre MDT25 © IGN (CC BY 4.0)
node/11415135378,,Alicante/Alacant,723.0,38.6001069,-0.9490429,723.0,18.0,18.0,False,False,705.0,38.59927,-0.950787,3.7,False,Calculada sobre MDT25 © IGN (CC BY 4.0)
node/11415135380,,Alicante/Alacant,722.0,38.5984888,-0.9527989,721.0,16.0,16.0,False,False,705.0,38.599335,-0.954517,15.7,False,Calculada sobre MDT25 © IGN (CC BY 4.0)
node/11415135381,El Castellar,Alicante/Alacant,737.0,38.6094723,-0.9460816,737.0,78.0,78.0,False,False,659.0,38.608436,-0.959713,12.8,False,Calculada sobre MDT25 © IGN (CC BY 4.0)
node/11415305274,,Alicante/Alacant,674.0,38.6509438,-0.8269589,672.0,6.0,6.0,False,False,666.0,38.651564,-0.827785,17.2,False,Calculada sobre MDT25 © IGN (CC BY 4.0)
node/11415323363,Pic del Besori,Valencia/València,361.0,39.3030162,-0.5291488,358.0,178.0,178.0,False,False,180.0,39.362075,-0.580489,54.9,False,Calculada sobre MDT25 © IGN (CC BY 4.0)
node/11415327681,Alteró d'Estral,Valencia/València,257.0,39.2989891,-0.5527874,258.0,10.0,10.0,False,False,248.0,39.298858,-0.55165,12.0,False,Calculada sobre MDT25 © IGN (CC BY 4.0)
node/11415327682,Alteró de Catiti,Valencia/València,254.0,39.3033705,-0.5583842,253.0,20.0,20.0,False,False,233.0,39.301899,-0.557052,15.9,False,Calculada sobre MDT25 © IGN (CC BY 4.0)
node/11415327684,el Puntal,Valencia/València,257.0,39.2957291,-0.5431491,260.0,5.0,5.0,False,False,255.0,39.297111,-0.543594,55.3,False,Calculada sobre MDT25 © IGN (CC BY 4.0)
node/11415327685,Lloma del Barranc dels Aspres,Valencia/València,306.0,39.3165131,-0.5274019,306.0,3.0,3.0,False,False,303.0,39.316385,-0.528423,15.1,False,Calculada sobre MDT25 © IGN (CC BY 4.0)
node/11415327686,Lloma del Tío Pons,Valencia/València,257.0,39.311154,-0.5128481,258.0,28.0,28.0,False,False,230.0,39.313851,-0.515174,10.8,False,Calculada sobre MDT25 © IGN (CC BY 4.0)
node/11415327687,Molló de l'Almud,Valencia/València,251.0,39.3161927,-0.5103251,251.0,26.0,26.0,False,False,225.0,39.316489,-0.512181,11.5,False,Calculada sobre MDT25 © IGN (CC BY 4.0)
node/11415327688,Alts de la Guatleta,Valencia/València,308.0,39.3215019,-0.544636,308.0,43.0,43.0,False,False,265.0,39.317142,-0.542894,12.6,False,Calculada sobre MDT25 © IGN (CC BY 4.0)
node/11415327689,Lloma del Tramussar,Valencia/València,267.0,39.3207529,-0.5515188,268.0,3.0,3.0,False,False,265.0,39.320215,-0.549745,28.2,False,Calculada sobre MDT25 © IGN (CC BY 4.0)
node/11415327690,Lloma de la Contrampa,Valencia/València,278.0,39.3137017,-0.5454748,279.0,10.0,10.0,False,False,269.0,39.314028,-0.544742,18.2,False,Calculada sobre MDT25 © IGN (CC BY 4.0)
node/11415327691,el Pallús,Valencia/València,248.0,39.3357868,-0.5461075,248.0,10.0,10.0,False,False,238.0,39.33432,-0.545773,14.6,False,Calculada sobre MDT25 © IGN (CC BY 4.0)
node/11415327692,el Puntal,Valencia/València,290.0,39.3369652,-0.5547705,290.0,36.0,36.0,False,False,254.0,39.323311,-0.547028,16.6,False,Calculada sobre MDT25 © IGN (CC BY 4.0)
node/11415327693,la Garnatxa,Valencia/València,214.0,39.3387947,-0.5445246,214.0,8.0,8.0,False,False,206.0,39.338146,-0.545639,5.9,False,Calculada sobre MDT25 © IGN (CC BY 4.0)
node/11415327694,el Cim,Valencia/València,221.0,39.3364594,-0.5700932,221.0,18.0,18.0,False,False,203.0,39.340689,-0.570204,49.5,False,Calculada sobre MDT25 © IGN (CC BY 4.0)
node/11415327699,Lloma dels Castellets,Valencia/València,158.0,39.2963197,-0.4916989,158.0,10.0,10.0,False,False,148.0,39.297149,-0.492575,10.5,False,Calculada sobre MDT25 © IGN (CC BY 4.0)
node/11415327700,Penyal de Real,Valencia/València,198.0,39.3189087,-0.6014128,197.0,22.0,22.0,False,False,175.0,39.318316,-0.599105,14.5,False,Calculada sobre MDT25 © IGN (CC BY 4.0)
node/11415327701,Lloma de la Paella,Valencia/València,230.0,39.3240196,-0.5902054,230.0,12.0,12.0,False,False,218.0,39.320636,-0.591487,21.5,False,Calculada sobre MDT25 © IGN (CC BY 4.0)
node/11415327702,Lloma de la Formiga,Valencia/València,245.0,39.3114049,-0.5895812,245.0,8.0,8.0,False,False,237.0,39.310472,-0.590096,17.3,False,Calculada sobre MDT25 © IGN (CC BY 4.0)
node/11415327703,Alt de Sogrony,Valencia/València,233.0,39.3114283,-0.5992022,232.0,10.0,10.0,False,False,222.0,39.310912,-0.600518,19.0,False,Calculada sobre MDT25 © IGN (CC BY 4.0)
node/11415327704,el Cerro,Valencia/València,289.0,39.3002804,-0.5912667,288.0,90.0,90.0,False,False,198.0,39.293434,-0.604884,109.6,False,Calculada sobre MDT25 © IGN (CC BY 4.0)
node/11415327705,el Piquet de la Talaia,Valencia/València,278.0,39.2951437,-0.602351,279.0,47.0,47.0,False,False,232.0,39.296709,-0.599844,14.1,False,Calculada sobre MDT25 © IGN (CC BY 4.0)
node/11415327706,Lloma del Cotelló,Valencia/València,179.0,39.2911014,-0.5920416,181.0,18.0,18.0,False,False,163.0,39.291406,-0.593938,15.2,False,Calculada sobre MDT25 © IGN (CC BY 4.0)
node/11415367018,Roca Roja,Alicante/Alacant,723.0,38.6520219,-1.0059891,722.0,13.0,13.0,False,False,709.0,38.652959,-1.007287,15.3,False,Calculada sobre MDT25 © IGN (CC BY 4.0)
node/11419879688,,Alicante/Alacant,614.0,38.8022376,-0.2353585,613.0,3.0,3.0,False,False,610.0,38.802129,-0.235424,13.9,False,Calculada sobre MDT25 © IGN (CC BY 4.0)
node/11423075398,Monte de los Arenales,Alicante/Alacant,765.0,38.5670384,-0.9886938,764.0,157.0,157.0,False,False,607.0,38.580147,-0.991221,2.0,False,Calculada sobre MDT25 © IGN (CC BY 4.0)
node/11423075456,Loma de la Cruz,Alicante/Alacant,701.0,38.5616637,-1.004826,700.0,3.0,3.0,False,False,697.0,38.560353,-1.006118,9.7,False,Calculada sobre MDT25 © IGN (CC BY 4.0)
node/11423075457,Monte de los Secos,Alicante/Alacant,731.0,38.5563133,-1.0060776,732.0,49.0,49.0,False,False,683.0,38.564137,-1.003431,13.4,False,Calculada sobre MDT25 © IGN (CC BY 4.0)
node/11423075458,Monte de la Casa de Luna,Alicante/Alacant,740.0,38.5600845,-0.9934897,740.0,32.0,32.0,False,False,708.0,38.56189,-0.990582,6.0,False,Calculada sobre MDT25 © IGN (CC BY 4.0)
node/11423075459,,Alicante/Alacant,645.0,38.5586503,-0.9853572,644.0,7.0,7.0,False,False,637.0,38.559104,-0.985783,13.2,False,Calculada sobre MDT25 © IGN (CC BY 4.0)
node/11429157025,Cormo de la Bandereta,Castellón/Castelló,570.0,40.0580713,-0.0995545,569.0,13.0,13.0,False,False,556.0,40.059508,-0.097321,130.5,False,Calculada sobre MDT25 © IGN (CC BY 4.0)
node/11430079541,Alto de Charcum,Valencia/València,482.0,39.1723007,-0.714111,484.0,13.0,13.0,False,False,471.0,39.173803,-0.715438,21.9,False,Calculada sobre MDT25 © IGN (CC BY 4.0)
node/11430083670,Los Alterones,Valencia/València,539.0,39.1864549,-0.7085,538.0,102.0,102.0,False,False,436.0,39.186522,-0.720815,23.9,False,Calculada sobre MDT25 © IGN (CC BY 4.0)
node/11431963800,Alto del Mosco,Castellón/Castelló,1085.0,40.0017752,-0.5462084,1087.0,15.0,15.0,False,False,1072.0,39.999863,-0.546695,39.9,False,Calculada sobre MDT25 © IGN (CC BY 4.0)
node/11435729331,Alt del Collado,Castellón/Castelló,657.0,39.9624513,-0.3693026,654.0,12.0,12.0,False,False,642.0,39.961764,-0.370411,8.6,False,Calculada sobre MDT25 © IGN (CC BY 4.0)
node/11447443632,Alt del Barranc Verd,Valencia/València,662.0,38.9692115,-0.2956999,662.0,55.0,55.0,False,False,607.0,38.974535,-0.307211,115.9,False,Calculada sobre MDT25 © IGN (CC BY 4.0)
node/11447458892,Puntal dels Tramussos,Valencia/València,559.0,38.9958225,-0.2737765,546.0,18.0,18.0,False,False,528.0,38.996513,-0.274051,1.4,False,Calculada sobre MDT25 © IGN (CC BY 4.0)
node/11447490173,,Valencia/València,505.0,38.8538793,-0.4008635,502.0,31.0,31.0,False,False,471.0,38.852592,-0.402554,17.8,False,Calculada sobre MDT25 © IGN (CC BY 4.0)
node/11450626922,Portell d'Alfafara,Alicante/Alacant,1087.0,38.7637821,-0.5419759,1085.0,63.0,63.0,False,False,1022.0,38.76501,-0.539515,51.7,True,Calculada sobre MDT25 © IGN (CC BY 4.0)
node/11457089829,Pico de Pron,Valencia/València,869.0,39.1742735,-0.9040981,868.0,11.0,11.0,False,False,857.0,39.173307,-0.904706,8.5,False,Calculada sobre MDT25 © IGN (CC BY 4.0)
node/11457488957,Moleta del Mas de Llorenç,Castellón/Castelló,908.0,40.6572101,-0.2174885,908.0,42.0,42.0,False,False,866.0,40.66045,-0.213046,11.3,False,Calculada sobre MDT25 © IGN (CC BY 4.0)
node/11463304182,Serreta Pastora,Valencia/València,65.0,39.0532845,-0.4975251,66.0,16.0,16.0,False,False,50.0,39.051933,-0.495498,20.7,False,Calculada sobre MDT25 © IGN (CC BY 4.0)
node/11463537420,Puntal de la Zarza,Valencia/València,983.0,39.1123659,-0.9265307,985.0,40.0,40.0,False,False,945.0,39.109339,-0.93002,37.4,False,Calculada sobre MDT25 © IGN (CC BY 4.0)
node/11463637036,la Moleta,Castellón/Castelló,1171.0,40.3590433,-0.2403881,1166.0,6.0,6.0,False,False,1160.0,40.357789,-0.240569,18.4,False,Calculada sobre MDT25 © IGN (CC BY 4.0)
node/11465371619,Tossal de la Nevereta,Castellón/Castelló,1086.0,40.4239246,-0.157869,1075.0,8.0,8.0,False,False,1067.0,40.424483,-0.158582,16.0,False,Calculada sobre MDT25 © IGN (CC BY 4.0)
node/11484243396,Tossal del Fustero,Castellón/Castelló,612.0,40.2352384,-0.1972818,611.0,9.0,9.0,False,False,602.0,40.23609,-0.199094,12.6,False,Calculada sobre MDT25 © IGN (CC BY 4.0)
node/11486613046,Cap dels Mollons,Castellón/Castelló,1043.0,40.5488636,0.0840406,1043.0,7.0,7.0,False,False,1036.0,40.550662,0.084091,133.5,False,Calculada sobre MDT25 © IGN (CC BY 4.0)
node/11486613048,Lloma del Fenassar,Castellón/Castelló,1025.0,40.5022118,0.0068917,1025.0,48.0,48.0,False,False,977.0,40.499884,0.003004,28.6,False,Calculada sobre MDT25 © IGN (CC BY 4.0)
node/11486613049,El Marro,Castellón/Castelló,877.0,40.4928665,0.0106055,877.0,9.0,9.0,False,False,868.0,40.493417,0.009204,38.3,False,Calculada sobre MDT25 © IGN (CC BY 4.0)
node/11486613050,El Blaio,Castellón/Castelló,1024.0,40.4816919,-0.0060693,1025.0,25.0,25.0,False,False,1000.0,40.480816,-0.008463,73.4,False,Calculada sobre MDT25 © IGN (CC BY 4.0)
node/11486613051,Tossal de la Fontanella,Castellón/Castelló,902.0,40.4762166,-0.0008031,904.0,15.0,15.0,False,False,889.0,40.476832,-0.002447,14.1,False,Calculada sobre MDT25 © IGN (CC BY 4.0)
node/11486613052,Tossal de Calduc,Castellón/Castelló,1146.0,40.4503708,-0.0403932,1144.0,4.0,4.0,False,False,1140.0,40.450566,-0.040461,18.9,False,Calculada sobre MDT25 © IGN (CC BY 4.0)
node/11486613053,Cap del Llop,Castellón/Castelló,1044.0,40.4319255,-0.0370341,1045.0,8.0,8.0,False,False,1037.0,40.433163,-0.037983,38.3,False,Calculada sobre MDT25 © IGN (CC BY 4.0)
node/11486613054,Tossal de la Font de Moltó,Castellón/Castelló,1125.0,40.4443055,-0.0390272,1135.0,13.0,13.0,False,False,1122.0,40.445362,-0.03951,16.7,False,Calculada sobre MDT25 © IGN (CC BY 4.0)
node/11486613055,Moleta Redona,Castellón/Castelló,1077.0,40.4351299,-0.0395014,1072.0,15.0,15.0,False,False,1057.0,40.4359,-0.039336,19.7,False,Calculada sobre MDT25 © IGN (CC BY 4.0)
node/11486613056,Tossal del mas de Racó,Castellón/Castelló,1039.0,40.4306723,-0.0406995,1037.0,11.0,11.0,False,False,1026.0,40.431852,-0.039514,96.1,False,Calculada sobre MDT25 © IGN (CC BY 4.0)
node/11486613057,Tossal del mas de Matxa,Castellón/Castelló,853.0,40.3862976,-0.0361594,854.0,10.0,10.0,False,False,844.0,40.386693,-0.034721,29.4,False,Calculada sobre MDT25 © IGN (CC BY 4.0)
node/11486613058,Tossal de Na Rabades,Castellón/Castelló,912.0,40.3957196,-0.018378,911.0,94.0,94.0,False,False,817.0,40.416858,0.000485,32.1,False,Calculada sobre MDT25 © IGN (CC BY 4.0)
node/11486613059,Tossal dels Povets,Castellón/Castelló,879.0,40.4158098,-0.003451,879.0,47.0,47.0,False,False,832.0,40.401114,-0.017593,29.9,False,Calculada sobre MDT25 © IGN (CC BY 4.0)
node/11486613060,,Castellón/Castelló,911.0,40.4267669,0.0044413,912.0,205.0,205.0,False,False,707.0,40.443216,-0.008658,43.3,False,Calculada sobre MDT25 © IGN (CC BY 4.0)
node/11486613061,El Curulló,Castellón/Castelló,675.0,40.5141179,0.0649353,675.0,12.0,12.0,False,False,663.0,40.512217,0.064921,40.7,False,Calculada sobre MDT25 © IGN (CC BY 4.0)
node/11486613062,Tossal de la Cugullada,Castellón/Castelló,746.0,40.5040355,0.0606133,743.0,29.0,29.0,False,False,714.0,40.505742,0.062856,17.0,False,Calculada sobre MDT25 © IGN (CC BY 4.0)
node/11486613063,Tossal de la Deveseta,Castellón/Castelló,758.0,40.5079469,0.0618504,757.0,44.0,44.0,False,False,713.0,40.501244,0.062651,10.3,False,Calculada sobre MDT25 © IGN (CC BY 4.0)
node/11486613064,Tossal del Clapissar,Castellón/Castelló,692.0,40.5041041,0.0799822,692.0,16.0,16.0,False,False,676.0,40.504194,0.078715,10.0,False,Calculada sobre MDT25 © IGN (CC BY 4.0)
node/11486613065,Puig Cabrer,Castellón/Castelló,864.0,40.4772974,0.0849165,860.0,85.0,85.0,False,False,775.0,40.474808,0.082973,18.6,False,Calculada sobre MDT25 © IGN (CC BY 4.0)
node/11489095120,Tossal del Carrasco,Castellón/Castelló,683.0,40.2181019,-0.2213144,683.0,18.0,18.0,False,False,665.0,40.220823,-0.219699,28.7,False,Calculada sobre MDT25 © IGN (CC BY 4.0)
node/11489738952,Tossal de les Vilaretes,Castellón/Castelló,881.0,40.1335482,-0.3166401,881.0,18.0,18.0,False,False,863.0,40.134622,-0.317105,25.6,False,Calculada sobre MDT25 © IGN (CC BY 4.0)
node/11489740392,Tossal del Mas de Montoliu,Castellón/Castelló,1353.0,40.216701,-0.3200519,1349.0,39.0,39.0,False,False,1310.0,40.214868,-0.320404,24.2,False,Calculada sobre MDT25 © IGN (CC BY 4.0)
node/11493989421,Lomas Peladas,Valencia/València,673.0,39.7165712,-0.4939781,673.0,11.0,11.0,False,False,662.0,39.717028,-0.49551,8.3,False,Calculada sobre MDT25 © IGN (CC BY 4.0)
node/11496681298,Penya del Cavall,Valencia/València,800.0,39.7460696,-0.5089036,803.0,16.0,16.0,False,False,787.0,39.746559,-0.507278,85.7,False,Calculada sobre MDT25 © IGN (CC BY 4.0)
node/11500435482,Pico del Nabo,Castellón/Castelló,407.0,39.8624408,-0.485499,408.0,14.0,14.0,False,False,394.0,39.862507,-0.484673,10.4,False,Calculada sobre MDT25 © IGN (CC BY 4.0)
node/11500703808,Tossal d'Esclaramunda,Castellón/Castelló,1288.0,40.3364084,-0.2656284,1286.0,154.0,154.0,False,False,1132.0,40.325437,-0.272193,25.0,False,Calculada sobre MDT25 © IGN (CC BY 4.0)
node/11500703809,Serra Negra,Castellón/Castelló,1279.0,40.3478524,-0.2594984,1276.0,63.0,63.0,False,False,1213.0,40.341257,-0.265081,3.5,False,Calculada sobre MDT25 © IGN (CC BY 4.0)
node/11500703811,Capdamunt de les Llometes,Castellón/Castelló,,40.3443936,-0.2645731,1232.0,3.0,3.0,False,False,1229.0,40.344836,-0.264054,25.7,False,Calculada sobre MDT25 © IGN (CC BY 4.0)
node/11500703895,el Rotxero,Castellón/Castelló,1232.0,40.3295422,-0.2695781,1232.0,18.0,18.0,False,False,1214.0,40.331455,-0.269597,14.8,False,Calculada sobre MDT25 © IGN (CC BY 4.0)
node/11500832112,Tossal del Mas de Folc,Castellón/Castelló,1288.0,40.3443374,-0.3128117,1287.0,34.0,34.0,False,False,1253.0,40.343561,-0.315314,12.4,False,Calculada sobre MDT25 © IGN (CC BY 4.0)
node/11500832113,Tossal del Mas de Leandro,Castellón/Castelló,1301.0,40.3407535,-0.3173679,1299.0,146.0,146.0,False,False,1153.0,40.31963,-0.33215,12.9,False,Calculada sobre MDT25 © IGN (CC BY 4.0)
node/11500838558,la Lloma,Castellón/Castelló,1238.0,40.3250012,-0.3272931,1241.0,0.0,0.0,False,True,,,,,False,Calculada sobre MDT25 © IGN (CC BY 4.0)
node/11503641472,Cerro de los Calderones,Valencia/València,759.0,39.217733,-0.871978,759.0,3.0,3.0,False,False,756.0,39.21687,-0.872428,13.8,False,Calculada sobre MDT25 © IGN (CC BY 4.0)
node/11503795100,El Miñon,Valencia/València,1006.0,39.159361,-0.930185,1007.0,28.0,28.0,False,False,979.0,39.162414,-0.938013,9.3,False,Calculada sobre MDT25 © IGN (CC BY 4.0)
node/11503795140,Puntal del Corzo,Valencia/València,813.0,39.1216036,-0.9020509,813.0,27.0,27.0,False,False,786.0,39.119638,-0.901381,14.6,False,Calculada sobre MDT25 © IGN (CC BY 4.0)
node/11503795147,Puntal del Toro,Valencia/València,892.0,39.1134701,-0.8933375,892.0,99.0,99.0,False,False,793.0,39.107315,-0.892496,15.1,False,Calculada sobre MDT25 © IGN (CC BY 4.0)
node/11503797177,Puntal de las Quebradas,Valencia/València,837.0,39.1084193,-0.881661,839.0,23.0,23.0,False,False,816.0,39.10877,-0.885803,10.6,False,Calculada sobre MDT25 © IGN (CC BY 4.0)
node/11503797245,La Fresquita,Valencia/València,839.0,39.0955278,-0.8856003,841.0,18.0,18.0,False,False,823.0,39.09531,-0.888806,5.9,False,Calculada sobre MDT25 © IGN (CC BY 4.0)
node/11503843165,Alto de Santís,Valencia/València,945.0,39.0958512,-0.9035413,944.0,50.0,50.0,False,False,894.0,39.094491,-0.905885,30.6,False,Calculada sobre MDT25 © IGN (CC BY 4.0)
node/11503924341,Pico del Puerto Pelegrín,Valencia/València,1001.0,39.0022978,-0.9479189,1002.0,9.0,9.0,False,False,993.0,39.000848,-0.947332,10.7,False,Calculada sobre MDT25 © IGN (CC BY 4.0)
node/11503924349,Alto del Buitre,Valencia/València,1097.0,38.9885966,-0.9376391,1095.0,9.0,9.0,False,False,1086.0,38.990068,-0.936387,16.5,False,Calculada sobre MDT25 © IGN (CC BY 4.0)
node/11503987732,Alto de la Sima de Quesa,Valencia/València,1014.0,39.0225528,-0.888238,1014.0,59.0,59.0,False,False,955.0,39.019462,-0.89222,26.7,False,Calculada sobre MDT25 © IGN (CC BY 4.0)
node/11504212147,,Castellón/Castelló,1036.0,40.361498,-0.2635217,1031.0,17.0,17.0,False,False,1014.0,40.360774,-0.261937,13.0,False,Calculada sobre MDT25 © IGN (CC BY 4.0)
node/11504212148,,Castellón/Castelló,1038.0,40.3601573,-0.2607,1033.0,24.0,24.0,False,False,1009.0,40.35825,-0.259979,12.2,False,Calculada sobre MDT25 © IGN (CC BY 4.0)
node/11504219302,la Bargida,Castellón/Castelló,1009.0,40.3685201,-0.2510414,1004.0,46.0,46.0,False,False,958.0,40.364825,-0.252353,26.2,False,Calculada sobre MDT25 © IGN (CC BY 4.0)
node/11504305662,el Cabeço,Castellón/Castelló,1033.0,40.332462,-0.2415276,1033.0,27.0,27.0,False,False,1006.0,40.334434,-0.243287,12.5,False,Calculada sobre MDT25 © IGN (CC BY 4.0)
node/11504314214,la Corona,Castellón/Castelló,1243.0,40.3407137,-0.2468598,1237.0,73.0,73.0,False,False,1164.0,40.345359,-0.24814,12.3,False,Calculada sobre MDT25 © IGN (CC BY 4.0)
node/11504314215,Tossal de Sant Bertomeu,Castellón/Castelló,1143.0,40.3361505,-0.2453953,1118.0,25.0,25.0,False,False,1093.0,40.337204,-0.246117,49.5,False,Calculada sobre MDT25 © IGN (CC BY 4.0)
node/11506723769,el Puntal,Castellón/Castelló,935.0,40.3216184,-0.2270114,934.0,8.0,8.0,False,False,926.0,40.320303,-0.226799,5.1,False,Calculada sobre MDT25 © IGN (CC BY 4.0)
node/11508171904,Puntal del Midí,Valencia/València,548.0,39.1816808,-0.8156557,552.0,0.0,0.0,False,True,,,,,False,Calculada sobre MDT25 © IGN (CC BY 4.0)
node/11517341435,Tossal del Mas de l'Hostal,Castellón/Castelló,1309.0,40.3027322,-0.2936074,1308.0,95.0,95.0,False,False,1213.0,40.296092,-0.288374,7.7,False,Calculada sobre MDT25 © IGN (CC BY 4.0)
node/11519800986,Alto de la Casmilla,Valencia/València,1006.0,39.1497141,-0.9131495,1007.0,50.0,50.0,False,False,957.0,39.154236,-0.921473,56.7,False,Calculada sobre MDT25 © IGN (CC BY 4.0)
node/11522446729,El Casalet,Castellón/Castelló,753.0,39.9321333,-0.3536718,755.0,64.0,64.0,False,False,691.0,39.93228,-0.361302,35.3,False,Calculada sobre MDT25 © IGN (CC BY 4.0)
node/11522453052,Les Naves,Castellón/Castelló,524.0,39.9208644,-0.3290492,523.0,30.0,30.0,False,False,493.0,39.917429,-0.332333,21.8,False,Calculada sobre MDT25 © IGN (CC BY 4.0)
node/11522453159,Barberán,Castellón/Castelló,923.0,39.9043597,-0.3734205,922.0,2.0,2.0,False,False,920.0,39.904188,-0.373785,7.5,False,Calculada sobre MDT25 © IGN (CC BY 4.0)
node/11525092533,Alto del Erizo,Castellón/Castelló,958.0,39.8952439,-0.3944276,954.0,56.0,56.0,False,False,898.0,39.895782,-0.390479,24.2,False,Calculada sobre MDT25 © IGN (CC BY 4.0)
node/11525278344,les Pedrisses,Castellón/Castelló,1201.0,40.3119974,-0.2898594,1200.0,13.0,13.0,False,False,1187.0,40.311636,-0.288634,14.2,False,Calculada sobre MDT25 © IGN (CC BY 4.0)
node/11527519115,Loma de la Casa Blanca,Valencia/València,746.0,39.4644953,-0.8662215,750.0,0.0,0.0,False,True,,,,,False,Calculada sobre MDT25 © IGN (CC BY 4.0)
node/11527532502,,Valencia/València,744.0,39.4685918,-0.8550191,745.0,5.0,5.0,False,False,740.0,39.469272,-0.855169,14.7,False,Calculada sobre MDT25 © IGN (CC BY 4.0)
node/11527532503,,Valencia/València,762.0,39.4677527,-0.8509622,762.0,2.0,2.0,False,False,760.0,39.46783,-0.850273,13.5,False,Calculada sobre MDT25 © IGN (CC BY 4.0)
node/11527532504,,Valencia/València,750.0,39.4718839,-0.8632161,750.0,2.0,2.0,False,False,748.0,39.472348,-0.863212,25.9,False,Calculada sobre MDT25 © IGN (CC BY 4.0)
node/11527532505,,Valencia/València,753.0,39.472532,-0.8662899,754.0,19.0,19.0,False,False,735.0,39.474443,-0.866926,14.6,False,Calculada sobre MDT25 © IGN (CC BY 4.0)
node/11527532506,,Valencia/València,775.0,39.473936,-0.8697616,776.0,12.0,12.0,False,False,764.0,39.474491,-0.86954,14.9,False,Calculada sobre MDT25 © IGN (CC BY 4.0)
node/11527532507,,Valencia/València,771.0,39.4757268,-0.8696894,772.0,5.0,5.0,False,False,767.0,39.476297,-0.869775,15.9,False,Calculada sobre MDT25 © IGN (CC BY 4.0)
node/11527553540,,Valencia/València,,39.4684389,-0.8598973,712.0,0.0,0.0,False,True,,,,,False,Calculada sobre MDT25 © IGN (CC BY 4.0)
node/11527553542,Cima del Asno,Valencia/València,870.0,39.4841442,-0.8486751,870.0,5.0,5.0,False,False,865.0,39.484917,-0.848584,15.2,False,Calculada sobre MDT25 © IGN (CC BY 4.0)
node/11527553543,Los Parapetos,Valencia/València,898.0,39.488064,-0.8501504,899.0,9.0,9.0,False,False,890.0,39.488352,-0.851676,8.0,False,Calculada sobre MDT25 © IGN (CC BY 4.0)
node/11527553545,,Valencia/València,880.0,39.4857899,-0.8587702,881.0,7.0,7.0,False,False,874.0,39.486905,-0.858696,21.6,False,Calculada sobre MDT25 © IGN (CC BY 4.0)
node/11527553547,Puntal del Modroño,Valencia/València,890.0,39.489674,-0.8583549,891.0,4.0,4.0,False,False,887.0,39.490287,-0.858883,23.5,False,Calculada sobre MDT25 © IGN (CC BY 4.0)
node/11527553555,,Valencia/València,854.0,39.489652,-0.845423,855.0,6.0,6.0,False,False,849.0,39.489156,-0.846419,11.7,False,Calculada sobre MDT25 © IGN (CC BY 4.0)
node/11527553556,,Valencia/València,851.0,39.4895879,-0.843713,851.0,4.0,4.0,False,False,847.0,39.489799,-0.844655,7.4,False,Calculada sobre MDT25 © IGN (CC BY 4.0)
node/11527553557,,Valencia/València,886.0,39.4837048,-0.8426734,888.0,20.0,20.0,False,False,868.0,39.485785,-0.846813,30.7,False,Calculada sobre MDT25 © IGN (CC BY 4.0)
node/11527553558,,Valencia/València,857.0,39.4775798,-0.8364292,856.0,6.0,6.0,False,False,850.0,39.479491,-0.835382,18.4,False,Calculada sobre MDT25 © IGN (CC BY 4.0)
node/11529309081,,Castellón/Castelló,1082.0,40.2776554,-0.2886057,1081.0,7.0,7.0,False,False,1074.0,40.2763,-0.289459,18.2,False,Calculada sobre MDT25 © IGN (CC BY 4.0)
node/11532242595,Tossal del Mas d'en Figuera,Castellón/Castelló,738.0,40.4928733,0.0496808,739.0,26.0,26.0,False,False,713.0,40.495196,0.052937,18.7,False,Calculada sobre MDT25 © IGN (CC BY 4.0)
node/11532633204,Tossalet de Mançanares,Castellón/Castelló,1304.0,40.2792024,-0.3178847,1300.0,10.0,10.0,False,False,1290.0,40.278547,-0.318184,26.5,False,Calculada sobre MDT25 © IGN (CC BY 4.0)
node/11533218753,Tossal del Rei,Castellón/Castelló,736.0,40.4644178,0.0071457,738.0,10.0,10.0,False,False,728.0,40.46586,0.003845,28.5,False,Calculada sobre MDT25 © IGN (CC BY 4.0)
node/11533218754,Tossal del Mas d'en Ferre,Castellón/Castelló,828.0,40.4714319,-0.0008281,832.0,11.0,11.0,False,False,821.0,40.471876,-0.002373,9.2,False,Calculada sobre MDT25 © IGN (CC BY 4.0)
node/11533218755,Tossal del Mas de Blai,Castellón/Castelló,928.0,40.4990824,0.0125344,932.0,14.0,14.0,False,False,918.0,40.499669,0.011254,15.7,False,Calculada sobre MDT25 © IGN (CC BY 4.0)
node/11533218756,Tossal de la Creu,Castellón/Castelló,969.0,40.5378435,0.0727564,968.0,30.0,30.0,False,False,938.0,40.539894,0.074152,16.2,False,Calculada sobre MDT25 © IGN (CC BY 4.0)
node/11533259771,Tossal del Mas del Rei,Castellón/Castelló,1131.0,40.4483289,-0.0395391,1132.0,6.0,6.0,False,False,1126.0,40.446944,-0.039736,47.2,False,Calculada sobre MDT25 © IGN (CC BY 4.0)
node/11533259773,Tossal d'en Rabassa,Castellón/Castelló,839.0,40.4452852,0.0092579,839.0,10.0,10.0,False,False,829.0,40.443657,0.009045,13.5,False,Calculada sobre MDT25 © IGN (CC BY 4.0)
node/11533259774,Tossal de la Pedrafita,Castellón/Castelló,851.0,40.4413417,0.0079538,853.0,18.0,18.0,False,False,835.0,40.439174,0.008256,65.4,False,Calculada sobre MDT25 © IGN (CC BY 4.0)
node/11533310666,Tossaló de l'Espino,Castellón/Castelló,1302.0,40.2610684,-0.3287932,1300.0,18.0,18.0,False,False,1282.0,40.258862,-0.333658,18.7,False,Calculada sobre MDT25 © IGN (CC BY 4.0)
node/11535278683,Collet de les Solanes,Castellón/Castelló,1287.0,40.2910176,-0.3051931,1286.0,12.0,12.0,False,False,1274.0,40.291343,-0.306797,14.2,False,Calculada sobre MDT25 © IGN (CC BY 4.0)
node/11535280757,Collet Roig,Castellón/Castelló,1598.0,40.2685836,-0.3844835,1600.0,12.0,12.0,False,False,1588.0,40.267904,-0.384455,4.6,False,Calculada sobre MDT25 © IGN (CC BY 4.0)
node/11535280765,Collet del Corral Sec,Castellón/Castelló,1599.0,40.261972,-0.3727418,1600.0,31.0,31.0,False,False,1569.0,40.262761,-0.376129,10.2,False,Calculada sobre MDT25 © IGN (CC BY 4.0)
node/11536572099,Pic de Sales,Castellón/Castelló,471.0,39.9298423,-0.2550573,474.0,11.0,11.0,False,False,463.0,39.929162,-0.256115,13.5,False,Calculada sobre MDT25 © IGN (CC BY 4.0)
node/11538238151,Penya de la Veja,Castellón/Castelló,1184.0,40.3075617,-0.3806779,1184.0,11.0,11.0,False,False,1173.0,40.306319,-0.380326,20.0,False,Calculada sobre MDT25 © IGN (CC BY 4.0)
node/11544247970,Cap de l'Ombria Roja,Castellón/Castelló,1017.0,40.3159801,-0.260067,1017.0,3.0,3.0,False,False,1014.0,40.316384,-0.260791,14.0,False,Calculada sobre MDT25 © IGN (CC BY 4.0)
node/11544247971,Cap del Molló,Castellón/Castelló,986.0,40.3148675,-0.257138,987.0,9.0,9.0,False,False,978.0,40.31519,-0.257897,17.9,False,Calculada sobre MDT25 © IGN (CC BY 4.0)
node/11548222941,Tossal de l'Algepsar,Castellón/Castelló,955.0,40.2860243,-0.2563012,954.0,58.0,58.0,False,False,896.0,40.283821,-0.255049,19.7,False,Calculada sobre MDT25 © IGN (CC BY 4.0)
node/11548222943,Collet dels Nius,Castellón/Castelló,1005.0,40.2863107,-0.2704418,1004.0,8.0,8.0,False,False,996.0,40.286931,-0.272273,13.5,False,Calculada sobre MDT25 © IGN (CC BY 4.0)
node/11557003645,el Pirineu,Castellón/Castelló,798.0,40.0776513,-0.3210986,798.0,21.0,21.0,False,False,777.0,40.077998,-0.322555,9.7,False,Calculada sobre MDT25 © IGN (CC BY 4.0)
node/11557003646,Loma del Mesón,Castellón/Castelló,800.0,40.0781814,-0.3235351,800.0,45.0,45.0,False,False,755.0,40.08007,-0.324526,17.4,False,Calculada sobre MDT25 © IGN (CC BY 4.0)
node/11561118876,Lloma de les Ferreries,Castellón/Castelló,938.0,40.3732571,-0.2152793,931.0,9.0,9.0,False,False,922.0,40.375404,-0.214528,11.5,False,Calculada sobre MDT25 © IGN (CC BY 4.0)
node/11561164246,Collet de la Solana del Barranc Pardo,Castellón/Castelló,1022.0,40.2771483,-0.279136,1022.0,23.0,23.0,False,False,999.0,40.277042,-0.282667,4.0,False,Calculada sobre MDT25 © IGN (CC BY 4.0)
node/11561164247,Collet del Molí Més Alt,Castellón/Castelló,1016.0,40.277812,-0.2759788,1015.0,9.0,9.0,False,False,1006.0,40.277367,-0.277362,9.4,False,Calculada sobre MDT25 © IGN (CC BY 4.0)
node/11561164248,Collet de la Teuleria,Castellón/Castelló,1002.0,40.2800547,-0.272619,1001.0,4.0,4.0,False,False,997.0,40.278887,-0.274949,15.4,False,Calculada sobre MDT25 © IGN (CC BY 4.0)
node/11561164250,Tossal del Molí Pasqual,Castellón/Castelló,978.0,40.2805982,-0.2684043,976.0,5.0,5.0,False,False,971.0,40.280337,-0.269598,26.6,False,Calculada sobre MDT25 © IGN (CC BY 4.0)
node/11561357373,Tossal de la Moixa,Castellón/Castelló,532.0,40.0708771,-0.2907283,532.0,24.0,24.0,False,False,508.0,40.07189,-0.292309,15.6,False,Calculada sobre MDT25 © IGN (CC BY 4.0)
node/11565578481,la Rodana,Valencia/València,198.0,39.7194332,-0.2745956,199.0,30.0,30.0,False,False,169.0,39.719101,-0.277587,7.5,False,Calculada sobre MDT25 © IGN (CC BY 4.0)
node/11565578482,Pic del Cuquello,Valencia/València,286.0,39.7187515,-0.2831811,286.0,12.0,12.0,False,False,274.0,39.717887,-0.283468,21.9,False,Calculada sobre MDT25 © IGN (CC BY 4.0)
node/11565578483,Muntanya de Romeu,Valencia/València,332.0,39.7144804,-0.2797694,334.0,10.0,10.0,False,False,324.0,39.714676,-0.280969,7.3,False,Calculada sobre MDT25 © IGN (CC BY 4.0)
node/11565578484,l'Aixeve,Valencia/València,278.0,39.710245,-0.2736158,279.0,11.0,11.0,False,False,268.0,39.711355,-0.27381,30.5,False,Calculada sobre MDT25 © IGN (CC BY 4.0)
node/11565578485,Pic dels Corbs,Valencia/València,240.0,39.7085818,-0.2706452,234.0,29.0,29.0,False,False,205.0,39.709064,-0.272151,5.7,False,Calculada sobre MDT25 © IGN (CC BY 4.0)
node/11570547196,Tossal del Regolfo,Castellón/Castelló,1063.0,40.2806838,-0.2424073,1062.0,0.0,0.0,False,True,,,,,False,Calculada sobre MDT25 © IGN (CC BY 4.0)
node/11570547351,Tossal del Mas de Clèric,Castellón/Castelló,967.0,40.2815719,-0.251956,967.0,63.0,63.0,False,False,904.0,40.279653,-0.25022,17.0,False,Calculada sobre MDT25 © IGN (CC BY 4.0)
node/11570654523,Tossal Gros,Castellón/Castelló,1108.0,40.2630373,-0.2719324,1109.0,7.0,7.0,False,False,1102.0,40.262605,-0.272075,10.8,False,Calculada sobre MDT25 © IGN (CC BY 4.0)
node/11584125651,el Colladar,Castellón/Castelló,1240.0,40.3005289,-0.3396414,1241.0,5.0,5.0,False,False,1236.0,40.30047,-0.34114,10.6,False,Calculada sobre MDT25 © IGN (CC BY 4.0)
node/11592749850,el Castellet,Castellón/Castelló,1203.0,40.2985859,-0.3938073,1199.0,15.0,15.0,False,False,1184.0,40.298286,-0.393577,17.9,False,Calculada sobre MDT25 © IGN (CC BY 4.0)
node/11592757320,Penya la Veja,Castellón/Castelló,1162.0,40.3069595,-0.3735124,1160.0,19.0,19.0,False,False,1141.0,40.305511,-0.374474,11.9,False,Calculada sobre MDT25 © IGN (CC BY 4.0)
node/11603326488,el Cabeçolo,Castellón/Castelló,499.0,40.2817847,-0.1712322,499.0,53.0,53.0,False,False,446.0,40.280721,-0.173141,8.7,False,Calculada sobre MDT25 © IGN (CC BY 4.0)
node/11608468445,Capoll de la Lloma,Castellón/Castelló,1352.0,40.2512118,-0.3330284,1351.0,3.0,3.0,False,False,1348.0,40.251404,-0.332482,4.7,False,Calculada sobre MDT25 © IGN (CC BY 4.0)
node/11608520477,Moleta de Mor,Castellón/Castelló,1441.0,40.2491586,-0.3264892,1439.0,58.0,58.0,False,False,1381.0,40.248889,-0.321119,17.9,False,Calculada sobre MDT25 © IGN (CC BY 4.0)
node/11609874109,la Mallada del Llop,Alicante/Alacant,1361.0,38.7151868,-0.2435105,1358.0,212.0,212.0,False,False,1146.0,38.716245,-0.261163,98.1,False,Calculada sobre MDT25 © IGN (CC BY 4.0)
node/11610006533,Moleta del Jauguet,Castellón/Castelló,1401.0,40.2575421,-0.321544,1401.0,19.0,19.0,False,False,1382.0,40.25628,-0.319357,21.7,False,Calculada sobre MDT25 © IGN (CC BY 4.0)
node/11610476645,Tossal del Mas del Surdo,Castellón/Castelló,1380.0,40.2656594,-0.3175625,1382.0,4.0,4.0,False,False,1378.0,40.265886,-0.316038,5.6,False,Calculada sobre MDT25 © IGN (CC BY 4.0)
node/11635402566,Alt del Pouet de la Rabosa,Valencia/València,730.0,38.8809281,-0.6451465,729.0,135.0,135.0,False,False,594.0,38.875263,-0.654146,14.6,False,Calculada sobre MDT25 © IGN (CC BY 4.0)
node/11635402567,Punta del Bessó,Valencia/València,712.0,38.8787791,-0.6428932,712.0,5.0,5.0,False,False,707.0,38.879331,-0.643638,13.0,False,Calculada sobre MDT25 © IGN (CC BY 4.0)
node/11635586233,la Picossa,Castellón/Castelló,1064.0,40.3158527,-0.1890533,1064.0,18.0,18.0,False,False,1046.0,40.315506,-0.186693,48.7,False,Calculada sobre MDT25 © IGN (CC BY 4.0)
node/11635586245,els Castellets,Castellón/Castelló,804.0,40.3294913,-0.1978285,794.0,18.0,18.0,False,False,776.0,40.32905,-0.197311,5.1,False,Calculada sobre MDT25 © IGN (CC BY 4.0)
node/11638899762,la Rodaneta Blanca,Valencia/València,244.0,39.548778,-0.6199014,244.0,52.0,52.0,False,False,192.0,39.54762,-0.622055,10.8,False,Calculada sobre MDT25 © IGN (CC BY 4.0)
node/11649396337,Penya de la Boda,Castellón/Castelló,561.0,39.878668,-0.3142922,558.0,9.0,9.0,False,False,549.0,39.878508,-0.314551,7.5,False,Calculada sobre MDT25 © IGN (CC BY 4.0)
node/11659134903,,Alicante/Alacant,849.0,38.6168922,-0.320831,848.0,18.0,18.0,False,False,830.0,38.61741,-0.321487,10.5,False,Calculada sobre MDT25 © IGN (CC BY 4.0)
node/11659134916,Penya Costa,Alicante/Alacant,525.0,38.5852336,-0.2708806,524.0,112.0,112.0,False,False,412.0,38.589438,-0.280627,15.4,False,Calculada sobre MDT25 © IGN (CC BY 4.0)
node/11659218651,Tossal de Bosuna,Alicante/Alacant,478.0,38.5810407,-0.1749965,477.0,28.0,28.0,False,False,449.0,38.581775,-0.175891,6.8,False,Calculada sobre MDT25 © IGN (CC BY 4.0)
node/11663045952,Cerritico Redondo,Valencia/València,238.0,39.6053092,-0.6977478,233.0,32.0,32.0,False,False,201.0,39.607732,-0.699198,17.0,False,Calculada sobre MDT25 © IGN (CC BY 4.0)
node/11700944536,Muntanyeta de l'Aigua Fresca o de la Somnàmbula,Valencia/València,71.0,39.6891311,-0.2679619,71.0,26.0,26.0,False,False,45.0,39.689856,-0.269409,2.4,False,Calculada sobre MDT25 © IGN (CC BY 4.0)
node/11700959771,Lloma de Caguetes,Valencia/València,232.0,39.7186913,-0.294496,232.0,12.0,12.0,False,False,220.0,39.720178,-0.294751,28.9,False,Calculada sobre MDT25 © IGN (CC BY 4.0)
node/11700960169,Pic del Tabalet,Valencia/València,304.0,39.7276274,-0.2866104,304.0,16.0,16.0,False,False,288.0,39.72656,-0.288377,22.9,False,Calculada sobre MDT25 © IGN (CC BY 4.0)
node/11700960170,Muntanyeta Blanca,Valencia/València,242.0,39.7258229,-0.2857063,241.0,5.0,5.0,False,False,236.0,39.725837,-0.286364,6.4,False,Calculada sobre MDT25 © IGN (CC BY 4.0)
node/11700960171,El Portell,Valencia/València,337.0,39.7264237,-0.2916218,336.0,32.0,32.0,False,False,304.0,39.727521,-0.290964,3.1,False,Calculada sobre MDT25 © IGN (CC BY 4.0)
node/11700960172,Muntanya de la Caseta del Retor,Valencia/València,163.0,39.7346979,-0.2828236,163.0,23.0,23.0,False,False,140.0,39.734578,-0.284562,24.7,False,Calculada sobre MDT25 © IGN (CC BY 4.0)
node/11704425642,Muntanyeta de Piquer,Valencia/València,59.0,39.7140683,-0.2631777,60.0,9.0,9.0,False,False,51.0,39.713835,-0.264381,4.6,False,Calculada sobre MDT25 © IGN (CC BY 4.0)
node/11704487931,Muntanya de Bolinxes,Valencia/València,317.0,39.8001144,-0.349956,319.0,40.0,40.0,False,False,279.0,39.80391,-0.351328,18.5,False,Calculada sobre MDT25 © IGN (CC BY 4.0)
node/11704487938,Muntanyeta del Pare Ramon,Valencia/València,299.0,39.7994369,-0.3394949,301.0,1.0,1.0,False,False,300.0,39.799804,-0.339222,9.0,False,Calculada sobre MDT25 © IGN (CC BY 4.0)
node/11704487940,El Bonellet,Valencia/València,296.0,39.7878536,-0.3161241,295.0,15.0,15.0,False,False,280.0,39.789108,-0.314821,24.9,False,Calculada sobre MDT25 © IGN (CC BY 4.0)
node/11704487960,Muntanya de l'Hostalera,Valencia/València,357.0,39.7753484,-0.3134706,358.0,135.0,135.0,False,False,223.0,39.778395,-0.319032,11.6,False,Calculada sobre MDT25 © IGN (CC BY 4.0)
node/11708195584,Muntanya de la Mina,Castellón/Castelló,491.0,39.7975674,-0.3081836,491.0,17.0,17.0,False,False,474.0,39.800128,-0.304466,16.4,False,Calculada sobre MDT25 © IGN (CC BY 4.0)
node/11708195585,Lloma dels Tres Termes,Castellón/Castelló,478.0,39.7985514,-0.3060392,479.0,3.0,3.0,False,False,476.0,39.798375,-0.306578,6.0,False,Calculada sobre MDT25 © IGN (CC BY 4.0)
node/11708195662,Puntal de Melengue,Valencia/València,357.0,39.7874935,-0.3369998,357.0,40.0,40.0,False,False,317.0,39.788594,-0.341406,12.5,False,Calculada sobre MDT25 © IGN (CC BY 4.0)
node/11708195663,Montcavall,Valencia/València,418.0,39.7889348,-0.3462052,419.0,153.0,153.0,False,False,266.0,39.79714,-0.350712,12.1,False,Calculada sobre MDT25 © IGN (CC BY 4.0)
node/11708358100,Muntanyeta de l'Assestador,Castellón/Castelló,269.0,39.7953132,-0.2934143,270.0,18.0,18.0,False,False,252.0,39.795158,-0.29415,13.8,False,Calculada sobre MDT25 © IGN (CC BY 4.0)
node/11708358113,Muntanya d'Escales,Valencia/València,322.0,39.799867,-0.3258775,324.0,8.0,8.0,False,False,316.0,39.80058,-0.32401,19.6,False,Calculada sobre MDT25 © IGN (CC BY 4.0)
node/11708358114,la Centella,Castellón/Castelló,347.0,39.8050003,-0.3383565,347.0,37.0,37.0,False,False,310.0,39.806719,-0.336328,8.0,False,Calculada sobre MDT25 © IGN (CC BY 4.0)
node/11708376297,el Salt del Cavall,Castellón/Castelló,335.0,39.7695008,-0.2715241,335.0,17.0,17.0,False,False,318.0,39.768287,-0.271856,14.4,False,Calculada sobre MDT25 © IGN (CC BY 4.0)
node/11708376299,Muntanya de la Ratlla,Castellón/Castelló,298.0,39.7741028,-0.2801129,299.0,20.0,20.0,False,False,279.0,39.773653,-0.279816,2.2,False,Calculada sobre MDT25 © IGN (CC BY 4.0)
node/11708376304,Muntanyeta de Garcia,Castellón/Castelló,219.0,39.7798163,-0.2786735,220.0,20.0,20.0,False,False,200.0,39.778617,-0.280204,13.0,False,Calculada sobre MDT25 © IGN (CC BY 4.0)
node/11708376307,Muntanyeta de Cable,Castellón/Castelló,202.0,39.7751864,-0.2691326,205.0,7.0,7.0,False,False,198.0,39.774777,-0.27014,15.2,False,Calculada sobre MDT25 © IGN (CC BY 4.0)
node/11711595850,Pico de la Sima,Valencia/València,931.0,39.1061532,-1.1319652,931.0,95.0,95.0,False,False,836.0,39.105266,-1.128755,21.6,False,Calculada sobre MDT25 © IGN (CC BY 4.0)
node/11711595859,Pico de la Mina,Valencia/València,937.0,39.1061805,-1.1196991,937.0,124.0,124.0,False,False,813.0,39.106287,-1.136244,9.4,False,Calculada sobre MDT25 © IGN (CC BY 4.0)
node/11711595860,Cerro de las Pedrizas,Valencia/València,903.0,39.1042351,-1.1526004,902.0,16.0,16.0,False,False,886.0,39.104711,-1.150452,16.7,False,Calculada sobre MDT25 © IGN (CC BY 4.0)
node/11723846389,Alto de la Losilla,Valencia/València,1003.0,39.0318658,-1.1335151,1003.0,33.0,33.0,False,False,970.0,39.035714,-1.132035,19.9,False,Calculada sobre MDT25 © IGN (CC BY 4.0)
node/11726830851,Muela de la Tortosilla,Valencia/València,1206.0,39.0269587,-1.2280804,1206.0,36.0,36.0,False,False,1170.0,39.030383,-1.238167,14.2,False,Calculada sobre MDT25 © IGN (CC BY 4.0)
node/11726879906,Cerro de los Caracoles,Valencia/València,861.0,39.0797949,-1.1376857,861.0,115.0,115.0,False,False,746.0,39.086882,-1.148317,16.1,False,Calculada sobre MDT25 © IGN (CC BY 4.0)
node/11726894237,Cerro Gordo,Valencia/València,823.0,39.0651064,-1.1021051,825.0,20.0,20.0,False,False,805.0,39.060255,-1.103363,15.9,False,Calculada sobre MDT25 © IGN (CC BY 4.0)
node/11731187456,Alto de la Pedriza,Valencia/València,995.0,39.1283558,-0.9928829,996.0,3.0,3.0,False,False,993.0,39.128657,-0.991343,13.6,False,Calculada sobre MDT25 © IGN (CC BY 4.0)
node/11731187457,Alto de la Tona,Valencia/València,1051.0,39.1193014,-0.9562607,1053.0,62.0,62.0,False,False,991.0,39.108576,-0.937849,21.5,False,Calculada sobre MDT25 © IGN (CC BY 4.0)
node/11731187458,Cerro de la Cueva Negra,Valencia/València,902.0,39.1221046,-1.009442,903.0,11.0,11.0,False,False,892.0,39.122626,-1.007419,11.8,False,Calculada sobre MDT25 © IGN (CC BY 4.0)
node/11731273731,Cintos del Tollo,Valencia/València,603.0,39.0986788,-1.0205393,612.0,0.0,0.0,False,True,,,,,False,Calculada sobre MDT25 © IGN (CC BY 4.0)
node/11731273732,Peña Teresa de Cofrentes,Valencia/València,916.0,39.1276604,-1.0094151,912.0,47.0,47.0,False,False,865.0,39.127099,-1.005558,11.0,False,Calculada sobre MDT25 © IGN (CC BY 4.0)
node/11736624478,Cerro de Parras,Valencia/València,525.0,39.1185262,-1.04931,525.0,41.0,41.0,False,False,484.0,39.119527,-1.050592,15.8,False,Calculada sobre MDT25 © IGN (CC BY 4.0)
node/11738754103,Peñas de Sala,Valencia/València,547.0,39.1289122,-1.0473058,544.0,51.0,51.0,False,False,493.0,39.125778,-1.047238,11.9,False,Calculada sobre MDT25 © IGN (CC BY 4.0)
node/11738831008,Alto de la Majada Hueca,Valencia/València,865.0,39.1419189,-1.0129036,866.0,12.0,12.0,False,False,854.0,39.141372,-1.010362,7.1,False,Calculada sobre MDT25 © IGN (CC BY 4.0)
node/11740632168,El Sapo y la Sapa,Valencia/València,579.0,39.2008322,-1.1233458,569.0,19.0,19.0,False,False,550.0,39.201366,-1.123601,9.0,False,Calculada sobre MDT25 © IGN (CC BY 4.0)
node/11740699681,Cinto de Pedro,Valencia/València,617.0,39.1888034,-1.0896434,615.0,18.0,18.0,False,False,597.0,39.187541,-1.090683,21.5,False,Calculada sobre MDT25 © IGN (CC BY 4.0)
node/11741091910,Puntal del Puente,Valencia/València,485.0,39.201193,-1.0781749,478.0,27.0,27.0,False,False,451.0,39.207408,-1.079722,13.1,False,Calculada sobre MDT25 © IGN (CC BY 4.0)
node/11742747775,Tossalet del Calvari,Castellón/Castelló,1308.0,40.2904295,-0.2983473,1308.0,16.0,16.0,False,False,1292.0,40.291124,-0.297395,21.9,False,Calculada sobre MDT25 © IGN (CC BY 4.0)
node/11744828572,Puntal de las Carboneras,Valencia/València,873.0,39.0870625,-1.0035429,876.0,0.0,0.0,False,True,,,,,False,Calculada sobre MDT25 © IGN (CC BY 4.0)
node/11744828573,Puntal del Enebral,Valencia/València,831.0,39.0920727,-1.005492,833.0,5.0,5.0,False,False,828.0,39.091222,-1.001945,15.5,False,Calculada sobre MDT25 © IGN (CC BY 4.0)
node/11746068928,El Castillico,Valencia/València,978.0,39.0888709,-0.9409427,964.0,16.0,16.0,False,False,948.0,39.08923,-0.93928,9.8,False,Calculada sobre MDT25 © IGN (CC BY 4.0)
node/11746068929,El Promontorio,Valencia/València,965.0,39.0873826,-0.9434497,964.0,21.0,21.0,False,False,943.0,39.088376,-0.941906,14.6,False,Calculada sobre MDT25 © IGN (CC BY 4.0)
node/11746068978,Las Cruces,Valencia/València,1079.0,39.1002329,-0.9291071,1079.0,74.0,74.0,False,False,1005.0,39.093635,-0.920941,16.3,False,Calculada sobre MDT25 © IGN (CC BY 4.0)
node/11746400242,Morra de la Casa de Máximo,Valencia/València,1001.0,39.0986369,-0.9432988,1003.0,4.0,4.0,False,False,999.0,39.099197,-0.942458,11.8,False,Calculada sobre MDT25 © IGN (CC BY 4.0)
node/11748538403,Puntal de los Pajaritos,Valencia/València,1011.0,39.0733688,-0.9473732,1011.0,115.0,115.0,False,False,896.0,39.078567,-0.934966,14.8,False,Calculada sobre MDT25 © IGN (CC BY 4.0)
node/11748538404,Cerro de Cabeza Pinosa,Valencia/València,902.0,39.0755117,-0.9669144,903.0,22.0,22.0,False,False,881.0,39.076819,-0.963627,6.3,False,Calculada sobre MDT25 © IGN (CC BY 4.0)
node/11748538850,Loma del Pelotín,Valencia/València,881.0,39.0773615,-0.9703378,882.0,4.0,4.0,False,False,878.0,39.07714,-0.969108,23.3,False,Calculada sobre MDT25 © IGN (CC BY 4.0)
node/11749004676,Moleta del Pont,Castellón/Castelló,1045.0,40.3264327,-0.3480991,1027.0,22.0,22.0,False,False,1005.0,40.324249,-0.346974,64.4,False,Calculada sobre MDT25 © IGN (CC BY 4.0)
node/11751168594,Alto de Isidro,Valencia/València,974.0,39.1252917,-0.9443872,974.0,37.0,37.0,False,False,937.0,39.11951,-0.944759,19.2,False,Calculada sobre MDT25 © IGN (CC BY 4.0)
node/11751182098,Pico del Fraile,Valencia/València,931.0,39.1308945,-0.9722412,930.0,12.0,12.0,False,False,918.0,39.130363,-0.972786,25.6,False,Calculada sobre MDT25 © IGN (CC BY 4.0)
node/11751182099,El Muletón del Choto,Valencia/València,908.0,39.1344359,-0.9660834,908.0,16.0,16.0,False,False,892.0,39.133144,-0.964319,16.1,False,Calculada sobre MDT25 © IGN (CC BY 4.0)
node/11752771550,Cerro del Miñon,Valencia/València,704.0,39.1451452,-0.9708295,705.0,4.0,4.0,False,False,701.0,39.144742,-0.970637,9.3,False,Calculada sobre MDT25 © IGN (CC BY 4.0)
node/11752795215,Cerro de los Corderos,Valencia/València,753.0,39.1450518,-0.9801388,753.0,4.0,4.0,False,False,749.0,39.144687,-0.980474,9.4,False,Calculada sobre MDT25 © IGN (CC BY 4.0)
node/11753502244,Cerro Tarrán,Valencia/València,715.0,39.1644545,-0.9677332,714.0,13.0,13.0,False,False,701.0,39.165184,-0.967446,6.8,False,Calculada sobre MDT25 © IGN (CC BY 4.0)
node/11753626622,La Jordana,Valencia/València,943.0,39.1830506,-0.9719666,944.0,5.0,5.0,False,False,939.0,39.18262,-0.972732,15.1,False,Calculada sobre MDT25 © IGN (CC BY 4.0)
node/11754186744,,Valencia/València,671.0,39.0029271,-0.301507,672.0,8.0,8.0,False,False,664.0,39.002326,-0.30125,9.0,False,Calculada sobre MDT25 © IGN (CC BY 4.0)
node/11754194768,Tossalet de Sico,Alicante/Alacant,291.0,38.8547492,-0.1520786,287.0,6.0,6.0,False,False,281.0,38.853474,-0.150768,34.4,False,Calculada sobre MDT25 © IGN (CC BY 4.0)
node/11755821738,Penya de l'Herba,Alicante/Alacant,725.0,38.727409,-0.0888746,761.0,0.0,0.0,False,True,,,,,False,Calculada sobre MDT25 © IGN (CC BY 4.0)
node/11755821740,,Alicante/Alacant,984.0,38.7233654,-0.0851759,982.0,16.0,16.0,False,False,966.0,38.723074,-0.087242,12.5,False,Calculada sobre MDT25 © IGN (CC BY 4.0)
node/11756955220,,Alicante/Alacant,321.0,38.784009,0.0326485,318.0,28.0,28.0,False,False,290.0,38.78089,0.030495,2.5,False,Calculada sobre MDT25 © IGN (CC BY 4.0)
node/11756955221,,Alicante/Alacant,325.0,38.7814408,0.026363,325.0,7.0,7.0,False,False,318.0,38.781467,0.025628,14.0,False,Calculada sobre MDT25 © IGN (CC BY 4.0)
node/11756962652,Els Castellets,Alicante/Alacant,160.0,38.8152178,0.167148,162.0,4.0,4.0,False,False,158.0,38.814438,0.16664,14.8,False,Calculada sobre MDT25 © IGN (CC BY 4.0)
node/11757249646,,Alicante/Alacant,513.0,38.7676639,0.0006977,511.0,7.0,7.0,False,False,504.0,38.767263,-1e-06,9.9,False,Calculada sobre MDT25 © IGN (CC BY 4.0)
node/11761876970,Puntal de la Cruz,Valencia/València,969.0,39.1454899,-1.1173681,966.0,27.0,27.0,False,False,939.0,39.146738,-1.116375,19.6,False,Calculada sobre MDT25 © IGN (CC BY 4.0)
node/11761876971,La Muela,Valencia/València,961.0,39.1528828,-1.1156693,960.0,21.0,21.0,False,False,939.0,39.154154,-1.115309,8.8,False,Calculada sobre MDT25 © IGN (CC BY 4.0)
node/11766746851,Lomas de Santiago,Valencia/València,828.0,39.2262577,-0.9802866,829.0,16.0,16.0,False,False,813.0,39.224681,-0.982237,15.0,False,Calculada sobre MDT25 © IGN (CC BY 4.0)
node/11766746852,Puntal de la Fuente Sácaras,Valencia/València,807.0,39.2150076,-0.9902251,808.0,6.0,6.0,False,False,802.0,39.216021,-0.989434,21.1,False,Calculada sobre MDT25 © IGN (CC BY 4.0)
node/11766876281,Lomas de Alcola,Valencia/València,774.0,39.1924665,-1.0172372,775.0,22.0,22.0,False,False,753.0,39.195799,-1.018669,32.7,False,Calculada sobre MDT25 © IGN (CC BY 4.0)
node/11768655354,Alto de Alcola,Valencia/València,851.0,39.2166057,-1.021597,851.0,133.0,133.0,False,False,718.0,39.188765,-1.015683,5.0,False,Calculada sobre MDT25 © IGN (CC BY 4.0)
node/11768686996,Alto de Ayora,Valencia/València,840.0,39.2293562,-0.9707383,842.0,24.0,24.0,False,False,818.0,39.214774,-0.969491,44.9,False,Calculada sobre MDT25 © IGN (CC BY 4.0)
node/11772943929,Penya la Macaroba,Alicante/Alacant,564.0,38.5550554,-0.309884,562.0,158.0,158.0,False,False,404.0,38.547084,-0.309472,20.9,False,Calculada sobre MDT25 © IGN (CC BY 4.0)
node/11772943990,,Alicante/Alacant,531.0,38.548461,-0.2907606,520.0,7.0,7.0,False,False,513.0,38.548679,-0.290768,26.4,False,Calculada sobre MDT25 © IGN (CC BY 4.0)
node/11774142606,Los Atascadores,Valencia/València,647.0,39.2411368,-0.9545326,646.0,4.0,4.0,False,False,642.0,39.240431,-0.955427,25.9,False,Calculada sobre MDT25 © IGN (CC BY 4.0)
node/11774142607,Mojón de Cofrentes,Valencia/València,552.0,39.2394334,-1.0048636,555.0,25.0,25.0,False,False,530.0,39.24108,-1.005809,139.5,False,Calculada sobre MDT25 © IGN (CC BY 4.0)
node/11787660857,Altos de la Moliqueta,Castellón/Castelló,415.0,40.1112907,-0.1272923,416.0,28.0,28.0,False,False,388.0,40.11134,-0.125912,12.0,False,Calculada sobre MDT25 © IGN (CC BY 4.0)
node/11787810589,Collet de Sant Pere,Castellón/Castelló,1152.0,40.6363141,-0.0925457,1155.0,57.0,57.0,False,False,1098.0,40.641904,-0.09114,1.7,False,Calculada sobre MDT25 © IGN (CC BY 4.0)
node/11796147924,Tossal de la Balaguera,Castellón/Castelló,501.0,40.1149513,-0.0150744,498.0,79.0,79.0,False,False,419.0,40.112691,-0.019096,15.7,False,Calculada sobre MDT25 © IGN (CC BY 4.0)
node/11800100084,Alt del Pipa,Castellón/Castelló,589.0,39.8226181,-0.2707846,590.0,221.0,221.0,False,False,369.0,39.816205,-0.279306,19.5,False,Calculada sobre MDT25 © IGN (CC BY 4.0)
node/11807709926,Alto de los Zailes,Castellón/Castelló,826.0,40.0305397,-0.4344986,827.0,87.0,87.0,False,False,740.0,40.028226,-0.441975,5.6,False,Calculada sobre MDT25 © IGN (CC BY 4.0)
node/11807709927,Loma de Molletes,Castellón/Castelló,771.0,40.0378015,-0.4292632,770.0,3.0,3.0,False,False,767.0,40.038138,-0.431936,7.1,False,Calculada sobre MDT25 © IGN (CC BY 4.0)
node/11807709928,Alto de la Loma,Castellón/Castelló,837.0,40.0420582,-0.4348136,837.0,97.0,97.0,False,False,740.0,40.040595,-0.441219,32.8,False,Calculada sobre MDT25 © IGN (CC BY 4.0)
node/11807709929,Peña Blanca,Castellón/Castelló,768.0,40.0459048,-0.4272677,768.0,10.0,10.0,False,False,758.0,40.045717,-0.428428,2.1,False,Calculada sobre MDT25 © IGN (CC BY 4.0)
node/11812361746,Cabezo Royo,Castellón/Castelló,869.0,40.0431243,-0.5008757,869.0,7.0,7.0,False,False,862.0,40.044156,-0.501155,14.0,False,Calculada sobre MDT25 © IGN (CC BY 4.0)
node/11813906642,Peñas Altas,Castellón/Castelló,778.0,40.0689182,-0.399703,776.0,7.0,7.0,False,False,769.0,40.068715,-0.399423,3.2,False,Calculada sobre MDT25 © IGN (CC BY 4.0)
node/11813906643,El Morrón,Castellón/Castelló,770.0,40.0653406,-0.400181,768.0,13.0,13.0,False,False,755.0,40.06579,-0.399534,4.0,False,Calculada sobre MDT25 © IGN (CC BY 4.0)
node/11814032666,El Cerro,Castellón/Castelló,495.0,40.0671312,-0.4293944,494.0,26.0,26.0,False,False,468.0,40.066232,-0.429415,1.2,False,Calculada sobre MDT25 © IGN (CC BY 4.0)
node/11814032667,La Lometa,Castellón/Castelló,505.0,40.0650331,-0.4291361,505.0,57.0,57.0,False,False,448.0,40.068296,-0.431096,7.9,False,Calculada sobre MDT25 © IGN (CC BY 4.0)
node/11814032668,El Peirón,Castellón/Castelló,549.0,40.0666033,-0.4429912,547.0,34.0,34.0,False,False,513.0,40.068214,-0.437547,17.7,False,Calculada sobre MDT25 © IGN (CC BY 4.0)
node/11816275019,Cerro de Tabarla,Valencia/València,683.0,39.3621417,-0.9437483,686.0,3.0,3.0,False,False,683.0,39.363233,-0.945176,18.4,False,Calculada sobre MDT25 © IGN (CC BY 4.0)
node/11816996378,Pico la Muralla,Valencia/València,542.0,39.2676771,-0.9030401,543.0,70.0,70.0,False,False,473.0,39.262806,-0.908996,2.9,False,Calculada sobre MDT25 © IGN (CC BY 4.0)
node/11819741246,Los Colmeneros,Valencia/València,863.0,39.1999254,-0.9021219,863.0,21.0,21.0,False,False,842.0,39.198526,-0.904246,10.7,False,Calculada sobre MDT25 © IGN (CC BY 4.0)
node/11819741247,Loma Catalina,Valencia/València,832.0,39.193606,-0.8886749,833.0,4.0,4.0,False,False,829.0,39.193998,-0.890486,16.7,False,Calculada sobre MDT25 © IGN (CC BY 4.0)
node/11819741248,El Montón de Trigo,Valencia/València,832.0,39.1897671,-0.8877451,833.0,10.0,10.0,False,False,823.0,39.19193,-0.888233,26.7,False,Calculada sobre MDT25 © IGN (CC BY 4.0)
node/11819741249,El Pino Carnicero,Valencia/València,568.0,39.2523762,-0.8181781,568.0,12.0,12.0,False,False,556.0,39.251452,-0.818079,11.3,False,Calculada sobre MDT25 © IGN (CC BY 4.0)
node/11819741250,Puntal de la Partición,Valencia/València,452.0,39.2617623,-0.8161951,453.0,21.0,21.0,False,False,432.0,39.260896,-0.817206,10.1,False,Calculada sobre MDT25 © IGN (CC BY 4.0)
node/11819741251,El Padre Santo,Valencia/València,549.0,39.2808249,-0.8248736,549.0,47.0,47.0,False,False,502.0,39.281869,-0.818584,11.0,False,Calculada sobre MDT25 © IGN (CC BY 4.0)
node/11819741252,Alto de la Solsida,Valencia/València,807.0,39.2795779,-0.7495709,807.0,111.0,111.0,False,False,696.0,39.279268,-0.729693,38.2,False,Calculada sobre MDT25 © IGN (CC BY 4.0)
node/11819741254,Alto de la Fontalba,Valencia/València,767.0,39.2567518,-0.7053292,766.0,77.0,77.0,False,False,689.0,39.260017,-0.701342,15.6,False,Calculada sobre MDT25 © IGN (CC BY 4.0)
node/11819811735,El Pino Viejo,Valencia/València,751.0,39.1568604,-0.8625453,751.0,3.0,3.0,False,False,748.0,39.157473,-0.863804,14.1,False,Calculada sobre MDT25 © IGN (CC BY 4.0)
node/11819811740,Alto del Cámaro,Valencia/València,640.0,39.2102554,-0.7265488,640.0,98.0,98.0,False,False,542.0,39.2122,-0.744016,14.0,False,Calculada sobre MDT25 © IGN (CC BY 4.0)
node/11819811741,Rincón del Cámaro,Valencia/València,614.0,39.2085789,-0.7232497,614.0,10.0,10.0,False,False,604.0,39.209572,-0.724702,7.8,False,Calculada sobre MDT25 © IGN (CC BY 4.0)
node/11821427351,Alto de las Minas,Valencia/València,385.0,39.136089,-0.7415716,384.0,55.0,55.0,False,False,329.0,39.137135,-0.740919,22.8,False,Calculada sobre MDT25 © IGN (CC BY 4.0)
node/11821427352,La Caseta,Valencia/València,382.0,39.1394759,-0.7424151,386.0,12.0,12.0,False,False,374.0,39.140478,-0.739077,74.7,False,Calculada sobre MDT25 © IGN (CC BY 4.0)
node/11827211386,Penya de l'Agulla,Valencia/València,172.0,38.9081909,-0.1382538,171.0,19.0,19.0,False,False,152.0,38.909043,-0.139033,27.0,False,Calculada sobre MDT25 © IGN (CC BY 4.0)
node/11844818148,Cabeç de Romero,Alicante/Alacant,377.03,38.5144209,-0.4554488,404.0,4.0,4.0,False,False,400.0,38.515416,-0.454574,79.0,False,Calculada sobre MDT25 © IGN (CC BY 4.0)
node/11845048844,Peña de San Juan,Castellón/Castelló,1065.0,39.9850078,-0.5595419,1064.0,13.0,13.0,False,False,1051.0,39.985739,-0.560376,23.8,False,Calculada sobre MDT25 © IGN (CC BY 4.0)
node/11845308348,Monte Redondo,Castellón/Castelló,1052.0,39.9995342,-0.539136,1052.0,19.0,19.0,False,False,1033.0,39.998851,-0.541461,22.3,False,Calculada sobre MDT25 © IGN (CC BY 4.0)
node/11845308349,Monte Sabio,Castellón/Castelló,1008.0,39.9901702,-0.5343822,1007.0,6.0,6.0,False,False,1001.0,39.991276,-0.534706,6.7,False,Calculada sobre MDT25 © IGN (CC BY 4.0)
node/11845308350,Cabecico Serrano,Castellón/Castelló,1008.0,40.0009918,-0.5333894,1011.0,15.0,15.0,False,False,996.0,40.000746,-0.535243,10.0,False,Calculada sobre MDT25 © IGN (CC BY 4.0)
node/11845308360,Peñas del Bolo,Castellón/Castelló,952.0,39.9957699,-0.5285813,951.0,11.0,11.0,False,False,940.0,39.996815,-0.530407,14.8,False,Calculada sobre MDT25 © IGN (CC BY 4.0)
node/11845308361,El Rodeno Alto,Castellón/Castelló,1020.0,40.005519,-0.5133091,1020.0,69.0,69.0,False,False,951.0,40.005847,-0.521003,10.4,False,Calculada sobre MDT25 © IGN (CC BY 4.0)
node/11845315491,Alto de la Pedriza,Castellón/Castelló,988.0,39.995517,-0.4803382,986.0,81.0,81.0,False,False,905.0,39.978142,-0.468727,3.9,False,Calculada sobre MDT25 © IGN (CC BY 4.0)
node/11845315492,Alto de Bernabia,Castellón/Castelló,953.0,39.9985775,-0.4815295,950.0,17.0,17.0,False,False,933.0,39.998032,-0.48234,14.5,False,Calculada sobre MDT25 © IGN (CC BY 4.0)
node/11845315493,Pico de las Balsillas,Castellón/Castelló,945.0,39.9918679,-0.4854439,944.0,23.0,23.0,False,False,921.0,39.991988,-0.484026,17.3,False,Calculada sobre MDT25 © IGN (CC BY 4.0)
node/11847090055,Cerro Mojón,Castellón/Castelló,1055.0,39.9771218,-0.5730435,1055.0,7.0,7.0,False,False,1048.0,39.978795,-0.572918,61.3,False,Calculada sobre MDT25 © IGN (CC BY 4.0)
node/11847142272,El Alcornaco,Castellón/Castelló,981.0,39.9830401,-0.5353188,977.0,3.0,3.0,False,False,974.0,39.983643,-0.535858,27.8,False,Calculada sobre MDT25 © IGN (CC BY 4.0)
node/11847142273,La Loma Ancha,Castellón/Castelló,733.0,39.9658117,-0.5427244,731.0,7.0,7.0,False,False,724.0,39.967146,-0.543768,18.8,False,Calculada sobre MDT25 © IGN (CC BY 4.0)
node/11848029166,La Grana,Castellón/Castelló,882.0,39.9680956,-0.4804435,885.0,21.0,21.0,False,False,864.0,39.963488,-0.478341,8.7,False,Calculada sobre MDT25 © IGN (CC BY 4.0)
node/11848029167,La Loma,Castellón/Castelló,881.0,39.9693015,-0.4864695,880.0,19.0,19.0,False,False,861.0,39.967511,-0.487266,50.8,False,Calculada sobre MDT25 © IGN (CC BY 4.0)
node/11848029168,Peña de la Huesa,Castellón/Castelló,875.0,39.9731934,-0.4946771,868.0,36.0,36.0,False,False,832.0,39.970588,-0.494178,27.5,False,Calculada sobre MDT25 © IGN (CC BY 4.0)
node/11848065069,Peña del Morrón Royo,Castellón/Castelló,881.0,39.9614263,-0.4762139,881.0,13.0,13.0,False,False,868.0,39.963874,-0.4754,13.2,False,Calculada sobre MDT25 © IGN (CC BY 4.0)
node/11848065070,Peña Morrón,Castellón/Castelló,915.0,39.9746394,-0.4694768,913.0,19.0,19.0,False,False,894.0,39.975442,-0.468827,23.9,False,Calculada sobre MDT25 © IGN (CC BY 4.0)
node/11848407103,Tossal de la Cova,Castellón/Castelló,1063.0,40.6846003,0.0182497,1064.0,16.0,16.0,False,False,1048.0,40.684769,0.019577,11.7,False,Calculada sobre MDT25 © IGN (CC BY 4.0)
node/11849893049,Monte de Peras,Castellón/Castelló,827.0,39.961769,-0.4580586,825.0,99.0,99.0,False,False,726.0,39.965522,-0.458071,21.1,False,Calculada sobre MDT25 © IGN (CC BY 4.0)
node/11849958557,Mojón de Hilario,Castellón/Castelló,876.0,39.9552001,-0.439905,876.0,80.0,80.0,False,False,796.0,39.958449,-0.433458,9.7,False,Calculada sobre MDT25 © IGN (CC BY 4.0)
node/11852983902,Cabeç Redó,Alicante/Alacant,1069.79,38.5322373,-0.5419419,1104.0,0.0,0.0,False,True,,,,,False,Calculada sobre MDT25 © IGN (CC BY 4.0)
node/11854286522,el Gitano,Valencia/València,389.0,39.6660762,-0.3717592,388.0,10.0,10.0,False,False,378.0,39.667002,-0.372011,24.7,False,Calculada sobre MDT25 © IGN (CC BY 4.0)
node/11854286523,l'Espartal,Valencia/València,344.0,39.6647675,-0.3752014,343.0,13.0,13.0,False,False,330.0,39.665499,-0.375273,10.5,False,Calculada sobre MDT25 © IGN (CC BY 4.0)
node/11854286549,Lloma del Saler,Valencia/València,287.0,39.6567849,-0.3868409,286.0,31.0,31.0,False,False,255.0,39.656118,-0.38874,11.4,False,Calculada sobre MDT25 © IGN (CC BY 4.0)
node/11854286559,el Xocainet,Valencia/València,249.0,39.6554308,-0.3748088,249.0,0.0,0.0,False,True,,,,,False,Calculada sobre MDT25 © IGN (CC BY 4.0)
node/11854286560,l'Ereta,Valencia/València,299.0,39.65811,-0.3745876,299.0,32.0,32.0,False,False,267.0,39.658471,-0.373209,45.5,False,Calculada sobre MDT25 © IGN (CC BY 4.0)
node/11860480437,la Buitrera,Valencia/València,177.0,39.6937017,-0.3410559,178.0,33.0,33.0,False,False,145.0,39.692857,-0.340421,19.4,False,Calculada sobre MDT25 © IGN (CC BY 4.0)
node/11860487711,el Rodeno de l'Aljub,Valencia/València,511.0,39.6783219,-0.387448,510.0,27.0,27.0,False,False,483.0,39.680659,-0.388398,15.7,False,Calculada sobre MDT25 © IGN (CC BY 4.0)
node/11860487712,Puntal del Flare,Valencia/València,394.0,39.6712941,-0.386295,394.0,1.0,1.0,False,False,393.0,39.671606,-0.386408,14.2,False,Calculada sobre MDT25 © IGN (CC BY 4.0)
node/11860487863,Muntanya del Cavall,Valencia/València,240.0,39.6440928,-0.3633782,239.0,64.0,64.0,False,False,175.0,39.650794,-0.362428,26.2,False,Calculada sobre MDT25 © IGN (CC BY 4.0)
node/11862705747,Cerro Pelado,Castellón/Castelló,758.0,39.9564271,-0.5020977,759.0,16.0,16.0,False,False,743.0,39.957494,-0.503143,23.8,False,Calculada sobre MDT25 © IGN (CC BY 4.0)
node/11862892793,La Crez,Castellón/Castelló,804.0,39.9462187,-0.4291488,803.0,21.0,21.0,False,False,782.0,39.946168,-0.428065,18.0,False,Calculada sobre MDT25 © IGN (CC BY 4.0)
node/11862962357,Penya de l'Home,Alicante/Alacant,1138.0,38.5403512,-0.4000259,1134.0,83.0,83.0,False,False,1051.0,38.534844,-0.395673,24.7,False,Calculada sobre MDT25 © IGN (CC BY 4.0)
node/11863022084,Peña del Lentiscar,Castellón/Castelló,807.0,39.9575429,-0.4720428,805.0,9.0,9.0,False,False,796.0,39.957697,-0.470945,37.3,False,Calculada sobre MDT25 © IGN (CC BY 4.0)
node/11867072548,Cerro las Simas,Castellón/Castelló,641.0,39.9467699,-0.4894584,641.0,9.0,9.0,False,False,632.0,39.948171,-0.488559,8.1,False,Calculada sobre MDT25 © IGN (CC BY 4.0)
node/11867086962,Peña Alta,Castellón/Castelló,821.0,39.9580639,-0.4896144,819.0,35.0,35.0,False,False,784.0,39.959248,-0.490495,5.8,False,Calculada sobre MDT25 © IGN (CC BY 4.0)
node/11867086963,Peña de la Cueva Agujereada,Castellón/Castelló,856.0,39.9609543,-0.4938059,851.0,12.0,12.0,False,False,839.0,39.961355,-0.494223,13.5,False,Calculada sobre MDT25 © IGN (CC BY 4.0)
node/11867086964,El Pilón de las Almas,Castellón/Castelló,878.0,39.9659954,-0.4869997,878.0,4.0,4.0,False,False,874.0,39.965954,-0.488201,17.7,False,Calculada sobre MDT25 © IGN (CC BY 4.0)
node/11868571593,Loma de la Barcella,Castellón/Castelló,736.0,39.9271302,-0.4644591,735.0,32.0,32.0,False,False,703.0,39.925821,-0.465391,25.6,False,Calculada sobre MDT25 © IGN (CC BY 4.0)
node/11868571639,Alto de la Cueva Roya,Castellón/Castelló,936.0,39.9401526,-0.4339237,937.0,51.0,51.0,False,False,886.0,39.939495,-0.431826,20.0,False,Calculada sobre MDT25 © IGN (CC BY 4.0)
node/11868571640,Alto de la Cerretilla,Castellón/Castelló,903.0,39.9457519,-0.4193212,904.0,39.0,39.0,False,False,865.0,39.947388,-0.422167,1.6,False,Calculada sobre MDT25 © IGN (CC BY 4.0)
node/11868896070,Peña Ajambre,Castellón/Castelló,758.0,39.9108974,-0.4773397,757.0,2.0,2.0,False,False,755.0,39.910967,-0.476174,14.4,False,Calculada sobre MDT25 © IGN (CC BY 4.0)
node/11869553560,Alto de Culla,Castellón/Castelló,728.0,39.910245,-0.4725243,728.0,5.0,5.0,False,False,723.0,39.910666,-0.472676,41.6,False,Calculada sobre MDT25 © IGN (CC BY 4.0)
node/11869872566,Puntal de Marina,Valencia/València,458.0,39.7054637,-0.3777392,456.0,24.0,24.0,False,False,432.0,39.703851,-0.378193,21.7,False,Calculada sobre MDT25 © IGN (CC BY 4.0)
node/11869873039,Muntanyeta Negra,Valencia/València,424.0,39.7187591,-0.4007195,421.0,36.0,36.0,False,False,385.0,39.717883,-0.401284,20.6,False,Calculada sobre MDT25 © IGN (CC BY 4.0)
node/11877293365,Muntanyeta de la Massa,Valencia/València,184.0,39.7224727,-0.3395274,186.0,18.0,18.0,False,False,168.0,39.724651,-0.342115,11.0,False,Calculada sobre MDT25 © IGN (CC BY 4.0)
node/11877293374,Muntanya del Raboser,Valencia/València,188.0,39.7374265,-0.3386103,188.0,35.0,35.0,False,False,153.0,39.739481,-0.34067,8.6,False,Calculada sobre MDT25 © IGN (CC BY 4.0)
node/11877293379,Muntanya de la Séquia,Valencia/València,193.0,39.731508,-0.3399262,193.0,33.0,33.0,False,False,160.0,39.730958,-0.342165,17.2,False,Calculada sobre MDT25 © IGN (CC BY 4.0)
node/11879477380,la Campana,Valencia/València,342.0,39.7731439,-0.3802827,340.0,18.0,18.0,False,False,322.0,39.774056,-0.385453,146.3,False,Calculada sobre MDT25 © IGN (CC BY 4.0)
node/11879477713,Penya de l'Àguila,Valencia/València,279.0,39.7884957,-0.3894843,281.0,24.0,24.0,False,False,257.0,39.785187,-0.389702,19.5,False,Calculada sobre MDT25 © IGN (CC BY 4.0)
node/11879477715,Serrabogar,Castellón/Castelló,398.0,39.7992794,-0.3844658,400.0,98.0,98.0,False,False,302.0,39.818186,-0.384949,3.7,False,Calculada sobre MDT25 © IGN (CC BY 4.0)
node/11879477716,Peña del Rayo,Castellón/Castelló,375.0,39.795985,-0.3845185,376.0,5.0,5.0,False,False,371.0,39.796558,-0.384601,16.1,False,Calculada sobre MDT25 © IGN (CC BY 4.0)
node/11879477745,Alto del Azud,Castellón/Castelló,349.0,39.8148538,-0.4079777,352.0,65.0,65.0,False,False,287.0,39.817953,-0.394595,47.9,False,Calculada sobre MDT25 © IGN (CC BY 4.0)
node/11879477750,Alto de los Moros,Castellón/Castelló,279.0,39.7928546,-0.3950256,280.0,37.0,37.0,False,False,243.0,39.791188,-0.39619,22.8,False,Calculada sobre MDT25 © IGN (CC BY 4.0)
node/11879477751,Monte de la Rochina,Castellón/Castelló,246.0,39.7938747,-0.3924357,247.0,8.0,8.0,False,False,239.0,39.793598,-0.39318,21.6,False,Calculada sobre MDT25 © IGN (CC BY 4.0)
node/11879477754,Montecico de las Rocheras,Castellón/Castelló,248.0,39.7979911,-0.4004209,253.0,19.0,19.0,False,False,234.0,39.799156,-0.399977,16.6,False,Calculada sobre MDT25 © IGN (CC BY 4.0)
node/11879478398,Muntanyeta de Piquer,Valencia/València,193.0,39.7550835,-0.3434381,195.0,16.0,16.0,False,False,179.0,39.757039,-0.340286,36.4,False,Calculada sobre MDT25 © IGN (CC BY 4.0)
node/11909686549,Las Tollos,Valencia/València,482.0,39.1405638,-0.8071503,482.0,0.0,0.0,False,True,,,,,False,Calculada sobre MDT25 © IGN (CC BY 4.0)
node/11909867312,Alto de Jacinto,Valencia/València,469.0,39.1086765,-0.7739021,469.0,115.0,115.0,False,False,354.0,39.105579,-0.774884,4.4,False,Calculada sobre MDT25 © IGN (CC BY 4.0)
node/11915058735,Los Corzos,Valencia/València,681.0,39.050252,-0.8313105,682.0,13.0,13.0,False,False,669.0,39.049927,-0.833829,23.6,False,Calculada sobre MDT25 © IGN (CC BY 4.0)
node/11917962658,Montí Menor,Castellón/Castelló,575.0,39.9439798,-0.2862649,575.0,18.0,18.0,False,False,557.0,39.944986,-0.287374,9.0,False,Calculada sobre MDT25 © IGN (CC BY 4.0)
node/11918063052,Cormo de la Serra,Castellón/Castelló,586.0,40.0604558,-0.072826,586.0,13.0,13.0,False,False,573.0,40.060733,-0.074409,11.1,False,Calculada sobre MDT25 © IGN (CC BY 4.0)
node/11918064303,Cormo de Sula,Castellón/Castelló,594.0,40.0620138,-0.0926282,594.0,73.0,73.0,False,False,521.0,40.069097,-0.084603,12.4,False,Calculada sobre MDT25 © IGN (CC BY 4.0)
node/11943613546,Alt de Tafarmaig,Alicante/Alacant,708.0,38.6154286,-0.2373577,706.0,132.0,132.0,False,False,574.0,38.617925,-0.227586,7.9,False,Calculada sobre MDT25 © IGN (CC BY 4.0)
node/11943613547,,Alicante/Alacant,584.0,38.6105059,-0.2483297,578.0,13.0,13.0,False,False,565.0,38.610086,-0.248556,7.2,False,Calculada sobre MDT25 © IGN (CC BY 4.0)
node/11948347767,,Alicante/Alacant,753.0,38.6073925,-0.2247538,734.0,24.0,24.0,False,False,710.0,38.607928,-0.223952,21.4,False,Calculada sobre MDT25 © IGN (CC BY 4.0)
node/11952203603,el Cabecet,Castellón/Castelló,642.0,40.1784553,-0.2154029,642.0,24.0,24.0,False,False,618.0,40.177431,-0.213252,14.2,False,Calculada sobre MDT25 © IGN (CC BY 4.0)
node/11952203604,Capoll del Donatiu,Castellón/Castelló,685.0,40.1782462,-0.2313727,685.0,20.0,20.0,False,False,665.0,40.177931,-0.234076,33.8,False,Calculada sobre MDT25 © IGN (CC BY 4.0)
node/11952203637,Tossalet de l'Amassadora,Castellón/Castelló,685.0,40.1844636,-0.2265823,685.0,35.0,35.0,False,False,650.0,40.185925,-0.229347,10.7,False,Calculada sobre MDT25 © IGN (CC BY 4.0)
node/11952203705,Tossal de l'Agüelo Pere,Castellón/Castelló,815.0,40.1808488,-0.2485657,814.0,9.0,9.0,False,False,805.0,40.179904,-0.250731,12.2,False,Calculada sobre MDT25 © IGN (CC BY 4.0)
node/11952203801,Tossal del Cabeço,Castellón/Castelló,825.0,40.1771068,-0.2562153,825.0,6.0,6.0,False,False,819.0,40.177316,-0.255532,17.6,False,Calculada sobre MDT25 © IGN (CC BY 4.0)
node/11952203839,Tossal de Borràs,Castellón/Castelló,852.0,40.1879552,-0.2573848,851.0,16.0,16.0,False,False,835.0,40.186849,-0.258672,5.9,False,Calculada sobre MDT25 © IGN (CC BY 4.0)
node/11952203840,Tossal del Collado,Castellón/Castelló,853.0,40.1855947,-0.2595627,853.0,21.0,21.0,False,False,832.0,40.186863,-0.259258,9.1,False,Calculada sobre MDT25 © IGN (CC BY 4.0)
node/11952203991,la Talaia,Castellón/Castelló,1012.0,40.1798324,-0.2764928,1012.0,12.0,12.0,False,False,1000.0,40.18164,-0.276497,6.6,False,Calculada sobre MDT25 © IGN (CC BY 4.0)
node/11952204371,Tossal de la Lloma Fría,Castellón/Castelló,1045.0,40.1771876,-0.3571751,1048.0,32.0,32.0,False,False,1016.0,40.178836,-0.349714,30.6,False,Calculada sobre MDT25 © IGN (CC BY 4.0)
node/11959590951,la Sima,Alicante/Alacant,383.0,38.5826486,-0.2489338,385.0,46.0,46.0,False,False,339.0,38.584119,-0.245818,9.2,False,Calculada sobre MDT25 © IGN (CC BY 4.0)
node/11970156115,Pico de Caroche,Valencia/València,1126.0,39.0896288,-0.9141714,1127.0,434.0,434.0,False,False,693.0,38.98721,-1.072122,71.0,False,Calculada sobre MDT25 © IGN (CC BY 4.0)
node/11975759400,Cabecet de l'Ull de la Font,Alicante/Alacant,626.0,38.5350483,-0.5688538,622.0,17.0,17.0,False,False,605.0,38.535174,-0.568017,31.6,False,Calculada sobre MDT25 © IGN (CC BY 4.0)
node/11975940627,els Picaios,Alicante/Alacant,676.0,38.5358346,-0.5646577,674.0,16.0,16.0,False,False,658.0,38.536216,-0.563966,17.0,False,Calculada sobre MDT25 © IGN (CC BY 4.0)
node/11975940642,Penya Migjorn,Alicante/Alacant,1226.0,38.5346195,-0.5408061,1222.0,252.0,252.0,False,False,970.0,38.573714,-0.547492,23.4,False,Calculada sobre MDT25 © IGN (CC BY 4.0)
node/11980906469,,Alicante/Alacant,524.0,38.5242631,-0.5790392,522.0,11.0,11.0,False,False,511.0,38.524583,-0.578696,11.9,False,Calculada sobre MDT25 © IGN (CC BY 4.0)
node/11982733038,,Alicante/Alacant,850.0,38.5008521,-0.7023538,849.0,54.0,54.0,False,False,795.0,38.502079,-0.702713,14.2,False,Calculada sobre MDT25 © IGN (CC BY 4.0)
node/11982893522,,Alicante/Alacant,609.0,38.458371,-0.6971683,608.0,22.0,22.0,False,False,586.0,38.458298,-0.698659,14.5,False,Calculada sobre MDT25 © IGN (CC BY 4.0)
node/11985862610,Alt del Colomar,Alicante/Alacant,390.0,38.4908088,-0.5552389,388.0,2.0,2.0,False,False,386.0,38.490768,-0.555754,7.8,False,Calculada sobre MDT25 © IGN (CC BY 4.0)
node/11985862611,Cabecó Togarit,Alicante/Alacant,507.0,38.4958702,-0.5619056,518.0,49.0,49.0,False,False,469.0,38.494875,-0.569086,23.5,False,Calculada sobre MDT25 © IGN (CC BY 4.0)
node/11985862753,la Cresta,Alicante/Alacant,525.0,38.500118,-0.5609978,516.0,62.0,62.0,False,False,454.0,38.497315,-0.567284,15.1,False,Calculada sobre MDT25 © IGN (CC BY 4.0)
node/11989567870,,Alicante/Alacant,1216.0,38.5378985,-0.5380243,1214.0,30.0,30.0,False,False,1184.0,38.536393,-0.540157,7.1,False,Calculada sobre MDT25 © IGN (CC BY 4.0)
node/12001172953,Morrón de Cirés,Castellón/Castelló,855.0,40.0848451,-0.4263208,854.0,22.0,22.0,False,False,832.0,40.082472,-0.430563,4.2,False,Calculada sobre MDT25 © IGN (CC BY 4.0)
node/12001172954,Gacelda,Castellón/Castelló,853.0,40.0846947,-0.4242465,853.0,6.0,6.0,False,False,847.0,40.084843,-0.425782,13.9,False,Calculada sobre MDT25 © IGN (CC BY 4.0)
node/12001172955,El Cabecico,Castellón/Castelló,873.0,40.0837527,-0.4329965,871.0,0.0,0.0,False,True,,,,,False,Calculada sobre MDT25 © IGN (CC BY 4.0)
node/12009748378,,Castellón/Castelló,,39.832754,-0.3623231,441.0,38.0,38.0,False,False,403.0,39.832256,-0.359878,14.1,False,Calculada sobre MDT25 © IGN (CC BY 4.0)
node/12030079767,Mola del Ferro,Castellón/Castelló,898.0,40.6569913,0.2283787,893.0,30.0,30.0,False,False,863.0,40.657351,0.225601,13.0,False,Calculada sobre MDT25 © IGN (CC BY 4.0)
node/12030090575,Castell de l'Ullastre,Castellón/Castelló,743.0,40.6522511,0.2376045,739.0,51.0,51.0,False,False,688.0,40.654379,0.235214,47.4,False,Calculada sobre MDT25 © IGN (CC BY 4.0)
node/12030963693,Roca del Migdia,Castellón/Castelló,891.0,40.6549041,0.2229891,890.0,23.0,23.0,False,False,867.0,40.655634,0.222562,14.9,False,Calculada sobre MDT25 © IGN (CC BY 4.0)
node/12031641108,Alt del Palomaret,Alicante/Alacant,1092.0,38.6487268,-0.610808,1094.0,21.0,21.0,False,False,1073.0,38.649991,-0.608661,26.2,False,Calculada sobre MDT25 © IGN (CC BY 4.0)
node/12044855746,el Cabeço,Valencia/València,248.0,38.9084235,-0.2276568,246.0,66.0,66.0,False,False,180.0,38.909869,-0.229229,17.4,False,Calculada sobre MDT25 © IGN (CC BY 4.0)
node/12067712166,,Alicante/Alacant,841.0,38.6990864,-0.2606233,841.0,46.0,46.0,False,False,795.0,38.699612,-0.26266,4.9,False,Calculada sobre MDT25 © IGN (CC BY 4.0)
node/12067735538,,Alicante/Alacant,981.0,38.7054172,-0.2342696,979.0,21.0,21.0,False,False,958.0,38.705509,-0.235702,25.7,False,Calculada sobre MDT25 © IGN (CC BY 4.0)
node/12071404923,La Coronica,Castellón/Castelló,1231.0,40.2468096,-0.3844333,1232.0,2.0,2.0,False,False,1230.0,40.247429,-0.385244,9.2,False,Calculada sobre MDT25 © IGN (CC BY 4.0)
node/12071549686,Roques de Marcén,Castellón/Castelló,1593.0,40.2383037,-0.3721319,1594.0,36.0,36.0,False,False,1558.0,40.238056,-0.369149,30.0,False,Calculada sobre MDT25 © IGN (CC BY 4.0)
node/12071672921,,Alicante/Alacant,752.0,38.5314641,-0.5298556,751.0,2.0,2.0,False,False,749.0,38.531899,-0.529986,12.9,False,Calculada sobre MDT25 © IGN (CC BY 4.0)
node/12071678478,Puntal de Llusa,Alicante/Alacant,881.0,38.5472477,-0.5648697,880.0,25.0,25.0,False,False,855.0,38.546777,-0.562749,14.1,False,Calculada sobre MDT25 © IGN (CC BY 4.0)
node/12073062069,les Forques,Castellón/Castelló,1259.0,40.2903375,-0.2882409,1257.0,29.0,29.0,False,False,1228.0,40.292063,-0.289417,14.7,False,Calculada sobre MDT25 © IGN (CC BY 4.0)
node/12073062070,les Campanetes,Castellón/Castelló,1212.0,40.287186,-0.2853279,1211.0,15.0,15.0,False,False,1196.0,40.287937,-0.286347,15.4,False,Calculada sobre MDT25 © IGN (CC BY 4.0)
node/12078790182,Piedra de Ladín,Castellón/Castelló,1074.0,40.0384772,-0.6119557,1078.0,36.0,36.0,False,False,1042.0,40.037727,-0.612727,20.2,False,Calculada sobre MDT25 © IGN (CC BY 4.0)
node/12078823475,Alto del Hoyazán,Castellón/Castelló,910.0,40.0582316,-0.5827999,912.0,74.0,74.0,False,False,838.0,40.05932,-0.589698,51.3,False,Calculada sobre MDT25 © IGN (CC BY 4.0)
node/12078823476,Peña Roya,Castellón/Castelló,884.0,40.0531229,-0.5727293,888.0,47.0,47.0,False,False,841.0,40.053065,-0.570577,8.9,False,Calculada sobre MDT25 © IGN (CC BY 4.0)
node/12078823478,Morrón Pardo,Castellón/Castelló,803.0,40.0639158,-0.5773313,811.0,10.0,10.0,False,False,801.0,40.06424,-0.577214,21.1,False,Calculada sobre MDT25 © IGN (CC BY 4.0)
node/12078823578,La Atalaya,Castellón/Castelló,1043.0,40.0243987,-0.5851165,1047.0,23.0,23.0,False,False,1024.0,40.025247,-0.586505,9.8,False,Calculada sobre MDT25 © IGN (CC BY 4.0)
node/12078823579,El Rastrillador,Castellón/Castelló,1105.0,40.0253515,-0.5944506,1106.0,11.0,11.0,False,False,1095.0,40.026142,-0.597019,18.5,False,Calculada sobre MDT25 © IGN (CC BY 4.0)
node/12079785395,,Alicante/Alacant,981.0,38.7251522,-0.2601147,981.0,3.0,3.0,False,False,978.0,38.725008,-0.260253,14.4,False,Calculada sobre MDT25 © IGN (CC BY 4.0)
node/12081092717,Alto del Pino del Rey,Castellón/Castelló,1241.0,40.0290271,-0.6133343,1239.0,16.0,16.0,False,False,1223.0,40.02943,-0.614481,7.9,False,Calculada sobre MDT25 © IGN (CC BY 4.0)
node/12083682248,El Cremadal,Castellón/Castelló,1216.0,40.20448,-0.5378645,1216.0,14.0,14.0,False,False,1202.0,40.206619,-0.536903,52.3,False,Calculada sobre MDT25 © IGN (CC BY 4.0)
node/12083688586,Alto de la Fuente de la Hoya,Castellón/Castelló,1315.0,40.2123921,-0.5246279,1317.0,80.0,80.0,False,False,1237.0,40.216726,-0.525081,23.6,False,Calculada sobre MDT25 © IGN (CC BY 4.0)
node/12083688587,Alto del Contador,Castellón/Castelló,1344.0,40.212389,-0.508805,1342.0,6.0,6.0,False,False,1336.0,40.211204,-0.509126,7.5,False,Calculada sobre MDT25 © IGN (CC BY 4.0)
node/12083688712,Cabezo de los Vasos,Castellón/Castelló,864.0,40.1458209,-0.5122359,865.0,13.0,13.0,False,False,852.0,40.146346,-0.50915,91.7,False,Calculada sobre MDT25 © IGN (CC BY 4.0)
node/12084065532,Lloma de la Pena-roja,Castellón/Castelló,1079.0,40.3015094,-0.2281412,1078.0,49.0,49.0,False,False,1029.0,40.283612,-0.236827,10.1,False,Calculada sobre MDT25 © IGN (CC BY 4.0)
node/12084142876,Tossal del Muro,Castellón/Castelló,1225.0,40.2941212,-0.282101,1224.0,18.0,18.0,False,False,1206.0,40.293521,-0.284359,10.4,False,Calculada sobre MDT25 © IGN (CC BY 4.0)
node/12087156195,Muntanyeta de Matoses,Valencia/València,74.0,39.6735899,-0.3034268,78.0,4.0,4.0,False,False,74.0,39.67311,-0.304458,22.4,False,Calculada sobre MDT25 © IGN (CC BY 4.0)
node/12087156269,Muntanya del Polvorí,Valencia/València,114.0,39.6680981,-0.2922816,114.0,30.0,30.0,False,False,84.0,39.668577,-0.293561,11.3,False,Calculada sobre MDT25 © IGN (CC BY 4.0)
node/12089748936,Tossal de Plàcido,Castellón/Castelló,1152.0,40.2927514,-0.2754629,1152.0,4.0,4.0,False,False,1148.0,40.292652,-0.27616,20.2,False,Calculada sobre MDT25 © IGN (CC BY 4.0)
node/12093980892,Peñón de la Peñarrubia,Alicante/Alacant,929.0,38.5944471,-0.8149678,926.0,154.0,154.0,False,False,772.0,38.601246,-0.799162,20.6,False,Calculada sobre MDT25 © IGN (CC BY 4.0)
node/12095249950,Penyes Roges,Alicante/Alacant,889.0,38.6438214,-0.6570876,902.0,0.0,0.0,False,True,,,,,False,Calculada sobre MDT25 © IGN (CC BY 4.0)
node/12096748558,,Alicante/Alacant,832.0,38.6993308,-0.140456,828.0,18.0,18.0,False,False,810.0,38.699643,-0.141653,8.2,False,Calculada sobre MDT25 © IGN (CC BY 4.0)
node/12096760949,Penya de Tàrbena,Alicante/Alacant,632.0,38.6906342,-0.1071432,631.0,3.0,3.0,False,False,628.0,38.690216,-0.106393,21.1,False,Calculada sobre MDT25 © IGN (CC BY 4.0)
node/12101691330,Morro de Moraga,Alicante/Alacant,1253.0,38.660493,-0.2730654,1252.0,6.0,6.0,False,False,1246.0,38.660166,-0.271058,24.9,False,Calculada sobre MDT25 © IGN (CC BY 4.0)
node/12109967992,Muntanyeta de Sant Joan,Castellón/Castelló,337.0,40.4691682,0.1852173,337.0,1.0,1.0,False,False,336.0,40.46932,0.18562,59.0,False,Calculada sobre MDT25 © IGN (CC BY 4.0)
node/12109967993,la Mola,Castellón/Castelló,743.0,40.473485,0.1000894,744.0,9.0,9.0,False,False,735.0,40.474801,0.100075,19.1,False,Calculada sobre MDT25 © IGN (CC BY 4.0)
node/12109975789,Monte Blanco,Castellón/Castelló,617.0,40.4764342,0.1267038,618.0,57.0,57.0,False,False,561.0,40.482286,0.123127,14.0,False,Calculada sobre MDT25 © IGN (CC BY 4.0)
node/12109976401,Coll de Calito,Castellón/Castelló,431.0,40.4592382,0.2061134,431.0,25.0,25.0,False,False,406.0,40.453417,0.206976,7.2,False,Calculada sobre MDT25 © IGN (CC BY 4.0)
node/12109976402,les Solsides,Castellón/Castelló,404.0,40.4575632,0.2158426,405.0,41.0,41.0,False,False,364.0,40.456434,0.211836,19.5,False,Calculada sobre MDT25 © IGN (CC BY 4.0)
node/12109976403,Tossal de Carruana,Castellón/Castelló,402.0,40.4653822,0.2146561,402.0,35.0,35.0,False,False,367.0,40.463524,0.216006,36.1,False,Calculada sobre MDT25 © IGN (CC BY 4.0)
node/12109976404,Muntanya de la Mare de Déu,Castellón/Castelló,415.0,40.4562793,0.2037592,415.0,3.0,3.0,False,False,412.0,40.45549,0.205306,12.2,False,Calculada sobre MDT25 © IGN (CC BY 4.0)
node/12109976405,Muntanya de Sant Cristòfol,Castellón/Castelló,490.0,40.4515099,0.203111,490.0,32.0,32.0,False,False,458.0,40.449934,0.202684,24.2,False,Calculada sobre MDT25 © IGN (CC BY 4.0)
node/12109976406,la Gaita,Castellón/Castelló,557.0,40.4463648,0.2035717,555.0,29.0,29.0,False,False,526.0,40.444279,0.203594,16.1,False,Calculada sobre MDT25 © IGN (CC BY 4.0)
node/12109976407,el Bovalar,Castellón/Castelló,572.0,40.4296461,0.1996425,571.0,17.0,17.0,False,False,554.0,40.427487,0.200144,26.5,False,Calculada sobre MDT25 © IGN (CC BY 4.0)
node/12115491763,Penyes del Gorrit,Alicante/Alacant,904.0,38.5140223,-0.7471038,901.0,18.0,18.0,False,False,883.0,38.513089,-0.747662,20.6,False,Calculada sobre MDT25 © IGN (CC BY 4.0)
node/12115508550,Alt de Càrdenes,Alicante/Alacant,890.0,38.5165019,-0.7425883,890.0,50.0,50.0,False,False,840.0,38.515961,-0.744705,13.2,False,Calculada sobre MDT25 © IGN (CC BY 4.0)
node/12128110223,Collet dels Pinarets,Castellón/Castelló,1296.0,40.2896366,-0.309791,1291.0,22.0,22.0,False,False,1269.0,40.292645,-0.304686,3.0,False,Calculada sobre MDT25 © IGN (CC BY 4.0)
node/12128162102,Tossal de la Torre,Castellón/Castelló,516.0,40.4984521,0.156629,515.0,6.0,6.0,False,False,509.0,40.498938,0.156641,26.2,False,Calculada sobre MDT25 © IGN (CC BY 4.0)
node/12147715129,Alt del Tomello,Alicante/Alacant,674.0,38.347598,-0.9838902,672.0,19.0,19.0,False,False,653.0,38.349327,-0.983027,18.9,False,Calculada sobre MDT25 © IGN (CC BY 4.0)
node/12147725641,Sereta d'Esteve,Alicante/Alacant,658.0,38.3547796,-1.0373188,653.0,74.0,74.0,False,False,579.0,38.349798,-1.050813,17.7,False,Calculada sobre MDT25 © IGN (CC BY 4.0)
node/12160635588,Cinto de la Ventolera,Valencia/València,920.0,39.3198104,-0.9268827,916.0,6.0,6.0,False,False,910.0,39.32012,-0.927299,14.5,False,Calculada sobre MDT25 © IGN (CC BY 4.0)
node/12162179573,Loma de la Cañadica,Valencia/València,511.0,39.2812262,-0.9178982,514.0,0.0,0.0,False,True,,,,,False,Calculada sobre MDT25 © IGN (CC BY 4.0)
node/12168591016,La Matrona,Valencia/València,397.0,39.2814404,-0.8706196,399.0,11.0,11.0,False,False,388.0,39.282149,-0.870164,13.4,False,Calculada sobre MDT25 © IGN (CC BY 4.0)
node/12170378046,El Rodenal,Valencia/València,441.0,39.2891381,-0.8237798,442.0,41.0,41.0,False,False,401.0,39.290204,-0.818615,8.4,False,Calculada sobre MDT25 © IGN (CC BY 4.0)
node/12170801113,Roca del Migdia,Castellón/Castelló,1477.0,40.2297367,-0.3352081,1478.0,26.0,26.0,False,False,1452.0,40.230547,-0.336239,15.6,False,Calculada sobre MDT25 © IGN (CC BY 4.0)
node/12172066223,Cerro de la Porra,Castellón/Castelló,1193.0,39.9929192,-0.6177485,1193.0,13.0,13.0,False,False,1180.0,39.994584,-0.617452,11.4,False,Calculada sobre MDT25 © IGN (CC BY 4.0)
node/12172066224,Cerro de la Cerdaña,Castellón/Castelló,1192.0,39.9967275,-0.6131351,1192.0,14.0,14.0,False,False,1178.0,39.995898,-0.615649,60.6,False,Calculada sobre MDT25 © IGN (CC BY 4.0)
node/12172066225,Alto del Mas del Bravo,Castellón/Castelló,996.0,39.9970086,-0.59212,996.0,65.0,65.0,False,False,931.0,39.994252,-0.590525,6.0,False,Calculada sobre MDT25 © IGN (CC BY 4.0)
node/12173320411,Los Pinos Rodenos,Valencia/València,741.0,39.2386869,-0.8322196,742.0,3.0,3.0,False,False,739.0,39.23909,-0.831496,12.0,False,Calculada sobre MDT25 © IGN (CC BY 4.0)
node/12173320412,Marrada de Gayarre,Valencia/València,720.0,39.2462591,-0.8173176,722.0,12.0,12.0,False,False,710.0,39.244189,-0.815118,25.6,False,Calculada sobre MDT25 © IGN (CC BY 4.0)
node/12173320413,Marrada de Cavas,Valencia/València,726.0,39.2467204,-0.8133944,730.0,0.0,0.0,False,True,,,,,False,Calculada sobre MDT25 © IGN (CC BY 4.0)
node/12174680821,Alto de la Canal,Valencia/València,589.0,39.2703438,-0.7772478,589.0,44.0,44.0,False,False,545.0,39.272987,-0.77771,17.7,False,Calculada sobre MDT25 © IGN (CC BY 4.0)
node/12174717724,Puntal Redondo,Valencia/València,579.0,39.2723575,-0.7678568,580.0,18.0,18.0,False,False,562.0,39.273249,-0.767849,2.0,False,Calculada sobre MDT25 © IGN (CC BY 4.0)
node/12174717796,Alto de la Ceja,Valencia/València,564.0,39.2578072,-0.7534265,563.0,30.0,30.0,False,False,533.0,39.255463,-0.756535,14.4,False,Calculada sobre MDT25 © IGN (CC BY 4.0)
node/12174765243,La Sima,Valencia/València,676.0,39.2777015,-0.7333127,681.0,9.0,9.0,False,False,672.0,39.277974,-0.732633,10.4,False,Calculada sobre MDT25 © IGN (CC BY 4.0)
node/12174765244,Cresta de la Plata,Valencia/València,673.0,39.2805613,-0.7840561,674.0,5.0,5.0,False,False,669.0,39.280532,-0.783558,150.7,False,Calculada sobre MDT25 © IGN (CC BY 4.0)
node/12175091676,Pico Colaita,Valencia/València,828.0,39.266053,-0.7008486,826.0,285.0,285.0,False,False,541.0,39.287742,-0.760143,38.6,True,Calculada sobre MDT25 © IGN (CC BY 4.0)
node/12177128140,Peñarrubia,Castellón/Castelló,831.0,39.9943489,-0.470629,825.0,11.0,11.0,False,False,814.0,39.993726,-0.470786,12.7,False,Calculada sobre MDT25 © IGN (CC BY 4.0)
node/12178639992,Alto de Benatares,Castellón/Castelló,929.0,39.9954676,-0.4190887,929.0,13.0,13.0,False,False,916.0,39.995535,-0.420064,9.9,False,Calculada sobre MDT25 © IGN (CC BY 4.0)
node/12188644850,Penya Blanca,Alicante/Alacant,700.0,38.8091709,-0.2735035,748.0,0.0,0.0,False,True,,,,,False,Calculada sobre MDT25 © IGN (CC BY 4.0)
node/12188649318,,Alicante/Alacant,510.0,38.8472074,-0.1914596,509.0,4.0,4.0,False,False,505.0,38.847495,-0.192193,24.8,False,Calculada sobre MDT25 © IGN (CC BY 4.0)
node/12188649319,,Alicante/Alacant,601.0,38.8491311,-0.2065617,599.0,4.0,4.0,False,False,595.0,38.849668,-0.207661,7.3,False,Calculada sobre MDT25 © IGN (CC BY 4.0)
node/12188649341,,Alicante/Alacant,621.0,38.8375199,-0.235381,618.0,17.0,17.0,False,False,601.0,38.838393,-0.23546,10.4,False,Calculada sobre MDT25 © IGN (CC BY 4.0)
node/12193241025,La Peraleja,Valencia/València,532.0,39.2241251,-0.6923211,532.0,10.0,10.0,False,False,522.0,39.22517,-0.693213,33.0,False,Calculada sobre MDT25 © IGN (CC BY 4.0)
node/12193241026,Loma del Pajarito,Valencia/València,436.0,39.2094414,-0.6921816,436.0,27.0,27.0,False,False,409.0,39.212046,-0.690168,10.7,False,Calculada sobre MDT25 © IGN (CC BY 4.0)
node/12193241027,Loma del Pimpollo,Valencia/València,478.0,39.1942392,-0.662739,478.0,36.0,36.0,False,False,442.0,39.194326,-0.660066,21.5,False,Calculada sobre MDT25 © IGN (CC BY 4.0)
node/12193241028,Puntal de Guijas,Valencia/València,511.0,39.1992031,-0.6571412,511.0,36.0,36.0,False,False,475.0,39.200559,-0.656386,44.9,False,Calculada sobre MDT25 © IGN (CC BY 4.0)
node/12193241029,Puntal de Penya-roja,Valencia/València,471.0,39.1995533,-0.6455353,469.0,7.0,7.0,False,False,462.0,39.199685,-0.646572,19.4,False,Calculada sobre MDT25 © IGN (CC BY 4.0)
node/12193241030,Puntal de la Cueva Palera,Valencia/València,562.0,39.2189344,-0.6568301,562.0,40.0,40.0,False,False,522.0,39.220644,-0.658324,14.5,False,Calculada sobre MDT25 © IGN (CC BY 4.0)
node/12193241150,Alto de las Palas,Valencia/València,484.0,39.2120185,-0.6674677,484.0,48.0,48.0,False,False,436.0,39.211786,-0.665856,10.5,False,Calculada sobre MDT25 © IGN (CC BY 4.0)
node/12193579427,la Pedrissa,Castellón/Castelló,319.0,40.0092833,-0.214845,321.0,42.0,42.0,False,False,279.0,40.011294,-0.206261,24.5,False,Calculada sobre MDT25 © IGN (CC BY 4.0)
node/12193579545,el Tossal del Negre,Castellón/Castelló,287.0,40.0209185,-0.2579856,287.0,60.0,60.0,False,False,227.0,40.021832,-0.260898,6.5,False,Calculada sobre MDT25 © IGN (CC BY 4.0)
node/12199872221,Penya del Cèntim,Alicante/Alacant,773.0,38.4969714,-0.7186979,764.0,7.0,7.0,False,False,757.0,38.496978,-0.718353,5.3,False,Calculada sobre MDT25 © IGN (CC BY 4.0)
node/12199872222,Els Esclafats,Alicante/Alacant,755.0,38.4973915,-0.7337991,753.0,34.0,34.0,False,False,719.0,38.496373,-0.733564,12.6,False,Calculada sobre MDT25 © IGN (CC BY 4.0)
node/12199872223,Puntals del Figueralet,Alicante/Alacant,738.0,38.495779,-0.7363093,737.0,10.0,10.0,False,False,727.0,38.495297,-0.736178,12.6,False,Calculada sobre MDT25 © IGN (CC BY 4.0)
node/12212595395,Santa Bàrbera,Castellón/Castelló,447.0,39.9466534,-0.2793185,445.0,8.0,8.0,False,False,437.0,39.946383,-0.279712,20.4,False,Calculada sobre MDT25 © IGN (CC BY 4.0)
node/12212595399,Tossal de Beniparrell,Castellón/Castelló,398.0,39.9838046,-0.2903987,398.0,17.0,17.0,False,False,381.0,39.983379,-0.292003,10.7,False,Calculada sobre MDT25 © IGN (CC BY 4.0)
node/12212697176,Tossal del Mançanar,Castellón/Castelló,888.0,40.3739414,-0.1638654,889.0,53.0,53.0,False,False,836.0,40.374958,-0.159193,6.9,False,Calculada sobre MDT25 © IGN (CC BY 4.0)
node/12234812443,El Pulpitillo,Valencia/València,629.0,39.3463294,-0.9259961,625.0,3.0,3.0,False,False,622.0,39.345769,-0.925671,14.1,False,Calculada sobre MDT25 © IGN (CC BY 4.0)
node/12234860845,La Hormilla,Valencia/València,624.0,39.3299774,-0.9082615,625.0,23.0,23.0,False,False,602.0,39.329489,-0.909621,11.4,False,Calculada sobre MDT25 © IGN (CC BY 4.0)
node/12234860846,Loma de Cantalobos,Valencia/València,716.0,39.3372042,-0.9211863,717.0,5.0,5.0,False,False,712.0,39.336927,-0.922452,34.4,False,Calculada sobre MDT25 © IGN (CC BY 4.0)
node/12234860847,Puntal Redondo,Valencia/València,809.0,39.331077,-0.9324737,808.0,15.0,15.0,False,False,793.0,39.330595,-0.933661,6.0,False,Calculada sobre MDT25 © IGN (CC BY 4.0)
node/12239991469,Tossal del Mas de Menente,Alicante/Alacant,930.0,38.705346,-0.5440577,929.0,37.0,37.0,False,False,892.0,38.705885,-0.544993,11.0,False,Calculada sobre MDT25 © IGN (CC BY 4.0)
node/12239992511,Tossal del Mas de Miró,Alicante/Alacant,914.0,38.705227,-0.540955,912.0,18.0,18.0,False,False,894.0,38.704924,-0.542152,25.7,False,Calculada sobre MDT25 © IGN (CC BY 4.0)
node/12243851730,Pico del Rebollo,Valencia/València,751.0,39.3635726,-1.0460777,752.0,0.0,0.0,False,True,,,,,False,Calculada sobre MDT25 © IGN (CC BY 4.0)
node/12243926883,Puntal del Collado de Flez,Valencia/València,592.0,39.3626278,-0.9239799,593.0,77.0,77.0,False,False,516.0,39.36226,-0.928375,2.8,False,Calculada sobre MDT25 © IGN (CC BY 4.0)
node/12243926884,Puntal del Lucero,Valencia/València,581.0,39.3602568,-0.9072924,581.0,12.0,12.0,False,False,569.0,39.361436,-0.907508,6.4,False,Calculada sobre MDT25 © IGN (CC BY 4.0)
node/12247797807,Alt de la Font Freda,Valencia/València,802.0,38.8270046,-0.4582741,803.0,48.0,48.0,False,False,755.0,38.826256,-0.454478,7.0,False,Calculada sobre MDT25 © IGN (CC BY 4.0)
node/12247797811,Tossal d'Otos,Valencia/València,663.0,38.8343315,-0.4410872,660.0,22.0,22.0,False,False,638.0,38.833619,-0.440968,13.0,False,Calculada sobre MDT25 © IGN (CC BY 4.0)
node/12248073121,la Corralissa,Valencia/València,195.0,39.7497802,-0.2963519,196.0,45.0,45.0,False,False,151.0,39.750293,-0.301742,15.3,False,Calculada sobre MDT25 © IGN (CC BY 4.0)
node/12250272238,Loma de la Laborcilla,Valencia/València,484.0,39.3790873,-0.8328246,485.0,4.0,4.0,False,False,481.0,39.379436,-0.832672,16.9,False,Calculada sobre MDT25 © IGN (CC BY 4.0)
node/12250330852,Puntal de los Chapas,Valencia/València,464.0,39.3465988,-0.8870801,466.0,21.0,21.0,False,False,445.0,39.350049,-0.888121,38.8,False,Calculada sobre MDT25 © IGN (CC BY 4.0)
node/12251296648,Mola de Xert,Castellón/Castelló,808.0,40.5381605,0.16841,806.0,176.0,176.0,False,False,630.0,40.534719,0.149172,57.6,False,Calculada sobre MDT25 © IGN (CC BY 4.0)
node/12253346370,Alt de la Coca,Alicante/Alacant,654.0,38.7983106,-0.5825564,653.0,7.0,7.0,False,False,646.0,38.799692,-0.582362,65.4,False,Calculada sobre MDT25 © IGN (CC BY 4.0)
node/12253346371,Alt del Costellar,Valencia/València,655.0,38.7927779,-0.6023771,654.0,78.0,78.0,False,False,576.0,38.7897,-0.600256,22.5,False,Calculada sobre MDT25 © IGN (CC BY 4.0)
node/12253352777,Peña Lisa,Valencia/València,814.0,39.3970712,-0.9279654,816.0,0.0,0.0,False,True,,,,,False,Calculada sobre MDT25 © IGN (CC BY 4.0)
node/12253410762,Las Tetas,Valencia/València,956.0,39.4114146,-0.9400912,955.0,143.0,143.0,False,False,812.0,39.413331,-0.925122,17.8,False,Calculada sobre MDT25 © IGN (CC BY 4.0)
node/12253410763,El Pintado,Valencia/València,942.0,39.4102758,-0.9267965,944.0,36.0,36.0,False,False,908.0,39.411025,-0.934772,22.1,False,Calculada sobre MDT25 © IGN (CC BY 4.0)
node/12253565001,Cerro de Oriente,Valencia/València,861.0,39.418859,-0.9911178,862.0,36.0,36.0,False,False,826.0,39.420191,-0.995195,10.8,False,Calculada sobre MDT25 © IGN (CC BY 4.0)
node/12253578250,Cerro del Pichón,Valencia/València,814.0,39.4046014,-0.9986996,815.0,30.0,30.0,False,False,785.0,39.405888,-1.001702,53.9,False,Calculada sobre MDT25 © IGN (CC BY 4.0)
node/12269321407,Alto de Contreras,Valencia/València,752.0,39.5127703,-1.5005036,750.0,50.0,50.0,False,False,700.0,39.512939,-1.499679,35.5,True,Calculada sobre MDT25 © IGN (CC BY 4.0)
node/12269321408,Torre de la Moneda,Valencia/València,727.0,39.5129831,-1.4999848,750.0,50.0,50.0,False,False,700.0,39.512939,-1.499679,73.8,True,Calculada sobre MDT25 © IGN (CC BY 4.0)
node/12278421721,Llomet de Pau,Castellón/Castelló,401.0,39.8807114,-0.2450529,400.0,7.0,7.0,False,False,393.0,39.880695,-0.244603,11.5,False,Calculada sobre MDT25 © IGN (CC BY 4.0)
node/12287422934,la Simeta,Alicante/Alacant,681.0,38.8081862,-0.5402883,682.0,6.0,6.0,False,False,676.0,38.808706,-0.539451,30.4,False,Calculada sobre MDT25 © IGN (CC BY 4.0)
node/12292175567,El Horcajo,Valencia/València,432.0,39.2805352,-0.9054292,433.0,9.0,9.0,False,False,424.0,39.279188,-0.905611,12.2,False,Calculada sobre MDT25 © IGN (CC BY 4.0)
node/12292257963,Peña de Perico,Valencia/València,382.0,39.2628257,-0.9725805,383.0,4.0,4.0,False,False,379.0,39.263028,-0.972445,14.0,False,Calculada sobre MDT25 © IGN (CC BY 4.0)
node/12292257964,,Valencia/València,,39.260389,-0.9513553,548.0,8.0,8.0,False,False,540.0,39.259511,-0.951685,23.1,False,Calculada sobre MDT25 © IGN (CC BY 4.0)
node/12292258147,El Almagrero,Valencia/València,438.0,39.2493003,-0.9665499,436.0,20.0,20.0,False,False,416.0,39.250069,-0.965576,21.6,False,Calculada sobre MDT25 © IGN (CC BY 4.0)
node/12292275553,El Peñoncico,Valencia/València,471.0,39.2620271,-0.9579422,472.0,12.0,12.0,False,False,460.0,39.262089,-0.957405,8.8,False,Calculada sobre MDT25 © IGN (CC BY 4.0)
node/12292275575,Puntal de los Amoladeros,Valencia/València,425.0,39.2683324,-0.9588823,426.0,35.0,35.0,False,False,391.0,39.269119,-0.960099,12.1,False,Calculada sobre MDT25 © IGN (CC BY 4.0)
node/12292311334,Loma de las Eras,Valencia/València,378.0,39.2662389,-0.985993,382.0,1.0,1.0,False,False,381.0,39.266871,-0.986243,23.7,False,Calculada sobre MDT25 © IGN (CC BY 4.0)
node/12292311500,Alto del Rodenal,Valencia/València,836.0,39.2809436,-1.0004803,838.0,16.0,16.0,False,False,822.0,39.284216,-0.999369,15.5,False,Calculada sobre MDT25 © IGN (CC BY 4.0)
node/12292311699,El Peñón,Valencia/València,484.0,39.2589473,-0.9912811,483.0,10.0,10.0,False,False,473.0,39.259767,-0.992241,14.7,False,Calculada sobre MDT25 © IGN (CC BY 4.0)
node/12294424809,Cerro de Viñuelas,Valencia/València,753.0,39.3193495,-1.0033712,756.0,0.0,0.0,False,True,,,,,False,Calculada sobre MDT25 © IGN (CC BY 4.0)
node/12296377919,Puntal de la Cueva Hermosa,Valencia/València,715.0,39.2625512,-1.0207907,716.0,186.0,186.0,False,False,530.0,39.267184,-1.030859,6.8,False,Calculada sobre MDT25 © IGN (CC BY 4.0)
node/12296463907,Alto de Sotos,Valencia/València,584.0,39.2548442,-1.0475333,582.0,53.0,53.0,False,False,529.0,39.257468,-1.04243,9.1,False,Calculada sobre MDT25 © IGN (CC BY 4.0)
node/12302201518,Atalaya de Urrea,Valencia/València,427.0,39.5121116,-0.7618571,429.0,45.0,45.0,False,False,384.0,39.513044,-0.76368,9.3,False,Calculada sobre MDT25 © IGN (CC BY 4.0)
node/12302240149,Alto de la Cárcama,Valencia/València,499.0,39.5127975,-0.7714667,502.0,31.0,31.0,False,False,471.0,39.512998,-0.772987,8.7,False,Calculada sobre MDT25 © IGN (CC BY 4.0)
node/12302822795,Pico del Gallo,Valencia/València,706.0,39.45764,-0.818754,701.0,31.0,31.0,False,False,670.0,39.4589,-0.818296,21.1,False,Calculada sobre MDT25 © IGN (CC BY 4.0)
node/12304315139,Alto Perra,Valencia/València,611.0,39.4665057,-0.7701623,612.0,9.0,9.0,False,False,603.0,39.467231,-0.77067,21.1,False,Calculada sobre MDT25 © IGN (CC BY 4.0)
node/12304315140,El Castillejo de la Contienda,Valencia/València,477.0,39.4543113,-0.7631226,476.0,5.0,5.0,False,False,471.0,39.454695,-0.762935,12.1,False,Calculada sobre MDT25 © IGN (CC BY 4.0)
node/12304315431,Alto del Cañarejo,Valencia/València,678.0,39.4664752,-0.7899566,679.0,16.0,16.0,False,False,663.0,39.464924,-0.791374,17.8,False,Calculada sobre MDT25 © IGN (CC BY 4.0)
node/12304366758,Puntal de Almadí,Valencia/València,705.0,39.4644898,-0.8061777,702.0,29.0,29.0,False,False,673.0,39.465655,-0.806171,5.0,False,Calculada sobre MDT25 © IGN (CC BY 4.0)
node/12304977650,Puntal del Sabinar,Valencia/València,973.0,39.1538553,-1.1526674,973.0,9.0,9.0,False,False,964.0,39.152243,-1.150655,2.6,False,Calculada sobre MDT25 © IGN (CC BY 4.0)
node/12305102235,Pico de la Teja,Valencia/València,993.0,39.170985,-1.1465967,991.0,13.0,13.0,False,False,978.0,39.168864,-1.147615,62.8,False,Calculada sobre MDT25 © IGN (CC BY 4.0)
node/12307419300,Camiseta,Castellón/Castelló,1207.0,40.7243683,-0.0301775,1204.0,187.0,187.0,False,False,1017.0,40.712285,-0.03422,21.3,False,Calculada sobre MDT25 © IGN (CC BY 4.0)
node/12310319889,Pico de la Muela,Valencia/València,553.0,39.2188913,-1.0696982,550.0,24.0,24.0,False,False,526.0,39.214445,-1.083005,21.3,False,Calculada sobre MDT25 © IGN (CC BY 4.0)
node/12312315773,la Campana,Alicante/Alacant,832.0,38.3510059,-0.9773584,830.0,56.0,56.0,False,False,774.0,38.353071,-0.97806,16.5,False,Calculada sobre MDT25 © IGN (CC BY 4.0)
node/12312445568,Alt de la Puput,Alicante/Alacant,631.0,38.3517197,-0.9986991,636.0,19.0,19.0,False,False,617.0,38.352093,-0.999829,65.5,False,Calculada sobre MDT25 © IGN (CC BY 4.0)
node/12312567710,La Morrota,Valencia/València,517.0,39.2279017,-1.0871322,514.0,37.0,37.0,False,False,477.0,39.224883,-1.087644,38.0,False,Calculada sobre MDT25 © IGN (CC BY 4.0)
node/12312567980,Cerro del Puzol,Valencia/València,812.0,39.2244589,-1.1273065,811.0,5.0,5.0,False,False,806.0,39.223731,-1.127639,6.7,False,Calculada sobre MDT25 © IGN (CC BY 4.0)
node/12312703429,Alto de la Morena,Valencia/València,778.0,39.2561477,-1.1381579,775.0,10.0,10.0,False,False,765.0,39.257258,-1.139496,34.2,False,Calculada sobre MDT25 © IGN (CC BY 4.0)
node/12324451891,Puntal del Campo,Valencia/València,1050.0,39.1427008,-1.1442523,1050.0,6.0,6.0,False,False,1044.0,39.142028,-1.145715,25.0,False,Calculada sobre MDT25 © IGN (CC BY 4.0)
node/12329145734,El Morenillo,Valencia/València,726.0,39.1473341,-0.9551781,727.0,17.0,17.0,False,False,710.0,39.145569,-0.953547,21.6,False,Calculada sobre MDT25 © IGN (CC BY 4.0)
node/12344891327,El Cigarrón,Alicante/Alacant,710.0,38.5372512,-0.8707148,712.0,10.0,10.0,False,False,702.0,38.53768,-0.869935,8.2,False,Calculada sobre MDT25 © IGN (CC BY 4.0)
node/12352510419,el Cogulló,Castellón/Castelló,687.0,40.2538646,0.0027334,684.0,9.0,9.0,False,False,675.0,40.254026,0.001504,15.3,False,Calculada sobre MDT25 © IGN (CC BY 4.0)
node/12379355225,Tossal del Corb,Castellón/Castelló,292.0,40.0075593,-0.1960828,290.0,74.0,74.0,False,False,216.0,40.009957,-0.19753,34.3,False,Calculada sobre MDT25 © IGN (CC BY 4.0)
node/12380668481,Tossal de Bonet,Castellón/Castelló,334.0,39.9656104,-0.2933916,336.0,21.0,21.0,False,False,315.0,39.9681,-0.293485,27.5,False,Calculada sobre MDT25 © IGN (CC BY 4.0)
node/12385397809,Tossal dels Boters,Alicante/Alacant,713.0,38.8070504,-0.2540803,712.0,5.0,5.0,False,False,707.0,38.807535,-0.254502,13.5,False,Calculada sobre MDT25 © IGN (CC BY 4.0)
node/12385397881,Penya Llarga,Alicante/Alacant,817.0,38.7868881,-0.2334005,813.0,6.0,6.0,False,False,807.0,38.786725,-0.231703,73.9,False,Calculada sobre MDT25 © IGN (CC BY 4.0)
node/12385397884,Tossal de Manuel,Alicante/Alacant,835.0,38.7858616,-0.2297258,834.0,15.0,15.0,False,False,819.0,38.78665,-0.22854,9.4,False,Calculada sobre MDT25 © IGN (CC BY 4.0)
node/12388455535,Altet dels Alcavons,Alicante/Alacant,509.0,38.7654644,-0.3791294,507.0,19.0,19.0,False,False,488.0,38.764639,-0.377553,16.4,False,Calculada sobre MDT25 © IGN (CC BY 4.0)
node/12388613016,el Corralet,Castellón/Castelló,319.0,40.0347028,-0.283493,319.0,21.0,21.0,False,False,298.0,40.036108,-0.283765,6.1,False,Calculada sobre MDT25 © IGN (CC BY 4.0)
node/12391002893,Alt del Carregador de Fondo,Valencia/València,618.0,38.8633704,-0.6179424,612.0,8.0,8.0,False,False,604.0,38.863291,-0.619103,28.8,False,Calculada sobre MDT25 © IGN (CC BY 4.0)
node/12391002895,Alt del Caldero,Valencia/València,568.0,38.8600096,-0.6165147,568.0,11.0,11.0,False,False,557.0,38.860774,-0.61717,12.3,False,Calculada sobre MDT25 © IGN (CC BY 4.0)
node/12391002896,Alt del Corral Nou,Valencia/València,510.0,38.8603758,-0.6127102,511.0,2.0,2.0,False,False,509.0,38.860466,-0.613147,16.0,False,Calculada sobre MDT25 © IGN (CC BY 4.0)
node/12391002897,Alt Redó,Valencia/València,613.0,38.8594486,-0.6203431,613.0,10.0,10.0,False,False,603.0,38.859523,-0.622109,28.8,False,Calculada sobre MDT25 © IGN (CC BY 4.0)
node/12391002898,Alt de la Savina,Valencia/València,661.0,38.8614768,-0.6233455,661.0,4.0,4.0,False,False,657.0,38.861365,-0.624064,16.3,False,Calculada sobre MDT25 © IGN (CC BY 4.0)
node/12392099200,Piló del Palmeral,Castellón/Castelló,335.0,40.0306631,-0.2769954,334.0,39.0,39.0,False,False,295.0,40.032541,-0.275703,13.8,False,Calculada sobre MDT25 © IGN (CC BY 4.0)
node/12405075943,Roca de l'Àguila,Castellón/Castelló,1475.0,40.2365976,-0.3246234,1474.0,39.0,39.0,False,False,1435.0,40.235989,-0.328092,18.1,False,Calculada sobre MDT25 © IGN (CC BY 4.0)
node/12407200199,Penya Alta,Valencia/València,394.0,38.9687323,-0.5511102,393.0,56.0,56.0,False,False,337.0,38.97257,-0.544752,14.0,False,Calculada sobre MDT25 © IGN (CC BY 4.0)
node/12407285540,Collet de la Saranyana,Castellón/Castelló,1109.0,40.6231802,-0.2222007,1108.0,130.0,130.0,False,False,978.0,40.604203,-0.243157,14.4,False,Calculada sobre MDT25 © IGN (CC BY 4.0)
node/12407325307,Serreta d'Annauir,Valencia/València,279.0,38.9670937,-0.5602767,278.0,3.0,3.0,False,False,275.0,38.967252,-0.559651,19.4,False,Calculada sobre MDT25 © IGN (CC BY 4.0)
node/12407650419,Morral de la Buitrera,Castellón/Castelló,928.0,40.2835074,-0.2028583,926.0,28.0,28.0,False,False,898.0,40.279742,-0.206994,14.1,False,Calculada sobre MDT25 © IGN (CC BY 4.0)
node/12410414590,Cabeço del Cuquello,Castellón/Castelló,669.0,40.1143702,-0.2627569,669.0,7.0,7.0,False,False,662.0,40.114678,-0.263627,6.9,False,Calculada sobre MDT25 © IGN (CC BY 4.0)
node/12410473836,el Puntal,Castellón/Castelló,765.0,40.0748282,-0.3201203,766.0,14.0,14.0,False,False,752.0,40.075482,-0.320895,8.0,False,Calculada sobre MDT25 © IGN (CC BY 4.0)
node/12416478530,la Gorreta,Castellón/Castelló,261.0,39.9053914,-0.2161074,270.0,28.0,28.0,False,False,242.0,39.903283,-0.219136,117.2,False,Calculada sobre MDT25 © IGN (CC BY 4.0)
node/12416478537,la Colera,Castellón/Castelló,253.0,39.9284451,-0.2284333,253.0,8.0,8.0,False,False,245.0,39.928522,-0.229229,19.4,False,Calculada sobre MDT25 © IGN (CC BY 4.0)
node/12416523711,Monte de la Rápita,Castellón/Castelló,402.0,39.8532736,-0.4513232,401.0,70.0,70.0,False,False,331.0,39.855215,-0.449875,9.3,False,Calculada sobre MDT25 © IGN (CC BY 4.0)
node/12416523724,Alto del Azut,Castellón/Castelló,324.0,39.8118603,-0.4057983,326.0,14.0,14.0,False,False,312.0,39.812794,-0.405595,11.4,False,Calculada sobre MDT25 © IGN (CC BY 4.0)
node/12417547513,La Copa de la Maceta,Alicante/Alacant,446.0,38.1026062,-0.9482226,445.0,37.0,37.0,False,False,408.0,38.102517,-0.949634,26.6,False,Calculada sobre MDT25 © IGN (CC BY 4.0)
node/12419260646,Penya Miró,Castellón/Castelló,553.0,39.894495,-0.3276515,551.0,4.0,4.0,False,False,547.0,39.894133,-0.327974,16.1,False,Calculada sobre MDT25 © IGN (CC BY 4.0)
node/12420503268,la Nevera,Castellón/Castelló,853.0,39.8595669,-0.2908767,853.0,6.0,6.0,False,False,847.0,39.859044,-0.291056,21.4,False,Calculada sobre MDT25 © IGN (CC BY 4.0)
node/12423406920,Tossal del Mas de Gaspar,Castellón/Castelló,624.0,40.2443638,-0.0137721,621.0,32.0,32.0,False,False,589.0,40.245626,-0.013267,20.3,False,Calculada sobre MDT25 © IGN (CC BY 4.0)
node/12426945735,el Maquial,Castellón/Castelló,241.0,39.7981754,-0.2584899,240.0,85.0,85.0,False,False,155.0,39.801816,-0.261187,23.1,False,Calculada sobre MDT25 © IGN (CC BY 4.0)
node/12426945751,el Calderer,Castellón/Castelló,247.0,39.8039329,-0.2540803,244.0,37.0,37.0,False,False,207.0,39.804835,-0.25552,3.9,False,Calculada sobre MDT25 © IGN (CC BY 4.0)
node/12426945811,el Carrascalet,Castellón/Castelló,386.0,39.8111239,-0.2705383,382.0,27.0,27.0,False,False,355.0,39.811316,-0.27249,36.1,False,Calculada sobre MDT25 © IGN (CC BY 4.0)
node/12426945812,Recingle de la Güenya,Castellón/Castelló,324.0,39.8086267,-0.2567518,324.0,57.0,57.0,False,False,267.0,39.810708,-0.265798,9.8,False,Calculada sobre MDT25 © IGN (CC BY 4.0)
node/12426949714,Els Picatxos,Alicante/Alacant,1018.0,38.6835375,-0.7029212,1012.0,50.0,50.0,False,False,962.0,38.68313,-0.699806,11.9,False,Calculada sobre MDT25 © IGN (CC BY 4.0)
node/12426949715,Penyes del Barranc de Sanxet,Alicante/Alacant,977.0,38.6814102,-0.7058984,972.0,6.0,6.0,False,False,966.0,38.681667,-0.705601,4.2,False,Calculada sobre MDT25 © IGN (CC BY 4.0)
node/12431612205,el Búnquer,Castellón/Castelló,582.81,40.0600406,-0.0783841,590.0,21.0,21.0,False,False,569.0,40.058601,-0.079189,162.0,False,Calculada sobre MDT25 © IGN (CC BY 4.0)
node/12435545017,Muntanyes del Senyor,Castellón/Castelló,286.0,40.0802151,0.0962623,284.0,24.0,24.0,False,False,260.0,40.079166,0.091422,25.2,False,Calculada sobre MDT25 © IGN (CC BY 4.0)
node/12435555682,Almenaria,Castellón/Castelló,715.0,39.9147619,-0.3957904,714.0,43.0,43.0,False,False,671.0,39.914782,-0.394145,11.3,False,Calculada sobre MDT25 © IGN (CC BY 4.0)
node/12435555684,la Nevera,Castellón/Castelló,891.0,39.9218389,-0.4017844,892.0,4.0,4.0,False,False,888.0,39.922173,-0.402347,26.4,False,Calculada sobre MDT25 © IGN (CC BY 4.0)
node/12436949810,la Jabonera,Valencia/València,876.0,39.747212,-0.4983281,875.0,73.0,73.0,False,False,802.0,39.74644,-0.501739,16.1,False,Calculada sobre MDT25 © IGN (CC BY 4.0)
node/12436949811,Peña Caballo,Valencia/València,604.0,39.7456304,-0.5157454,605.0,9.0,9.0,False,False,596.0,39.744928,-0.515214,35.9,False,Calculada sobre MDT25 © IGN (CC BY 4.0)
node/12436949860,els Rebalsadors,Valencia/València,801.0,39.6985336,-0.4497772,797.0,2.0,2.0,False,False,795.0,39.69916,-0.450675,8.6,False,Calculada sobre MDT25 © IGN (CC BY 4.0)
node/12438615839,Cerro Peña,Castellón/Castelló,1407.0,39.9732174,-0.8166226,1407.0,11.0,11.0,False,False,1396.0,39.973088,-0.818128,8.1,False,Calculada sobre MDT25 © IGN (CC BY 4.0)
node/12438897746,Alto de los Cubos,Castellón/Castelló,1038.0,39.9246148,-0.4081577,1040.0,12.0,12.0,False,False,1028.0,39.925467,-0.408657,32.0,False,Calculada sobre MDT25 © IGN (CC BY 4.0)
node/12438934234,Cormo de la Botalària,Castellón/Castelló,598.29,40.0576016,-0.080031,597.0,66.0,66.0,False,False,531.0,40.068374,-0.073789,15.0,False,Calculada sobre MDT25 © IGN (CC BY 4.0)
node/12439068522,Puntal de Calero,Castellón/Castelló,1428.0,39.9799089,-0.8268868,1427.0,7.0,7.0,False,False,1420.0,39.980472,-0.827554,14.0,False,Calculada sobre MDT25 © IGN (CC BY 4.0)
node/12439461917,Morrón del Navajo de los Centos,Castellón/Castelló,1458.0,39.944351,-0.813306,1458.0,19.0,19.0,False,False,1439.0,39.944206,-0.815242,15.8,False,Calculada sobre MDT25 © IGN (CC BY 4.0)
node/12439467086,Tossal del Moro,Castellón/Castelló,285.95,40.3022849,0.1553032,287.0,52.0,52.0,False,False,235.0,40.306081,0.152342,20.9,False,Calculada sobre MDT25 © IGN (CC BY 4.0)
node/12440072519,Tossal de la Covassa,Castellón/Castelló,875.0,40.2622121,-0.0353623,874.0,29.0,29.0,False,False,845.0,40.263783,-0.036278,9.3,False,Calculada sobre MDT25 © IGN (CC BY 4.0)
node/12440072641,el Capitell,Castellón/Castelló,947.0,40.2694082,-0.0349546,945.0,6.0,6.0,False,False,939.0,40.268709,-0.035181,17.0,False,Calculada sobre MDT25 © IGN (CC BY 4.0)
node/12440073360,Coll del Mas del Vent,Castellón/Castelló,713.0,40.2440865,-0.0568137,713.0,9.0,9.0,False,False,704.0,40.245128,-0.055312,5.2,False,Calculada sobre MDT25 © IGN (CC BY 4.0)
node/12440073699,Collet de la Palomita,Castellón/Castelló,609.0,40.2273015,-0.0572276,610.0,13.0,13.0,False,False,597.0,40.22918,-0.056885,9.9,False,Calculada sobre MDT25 © IGN (CC BY 4.0)
node/12441129613,Tossalet del Castellet,Castellón/Castelló,471.65,40.0613774,-0.0859188,446.0,4.0,4.0,False,False,442.0,40.061478,-0.0861,42.2,False,Calculada sobre MDT25 © IGN (CC BY 4.0)
node/12442002730,Alto de la Cuchara,Castellón/Castelló,1533.0,39.9097387,-0.8289739,1532.0,16.0,16.0,False,False,1516.0,39.907764,-0.829561,20.4,False,Calculada sobre MDT25 © IGN (CC BY 4.0)
node/12442110267,Cerro del Pino,Castellón/Castelló,1421.0,39.9290136,-0.7880467,1419.0,29.0,29.0,False,False,1390.0,39.929104,-0.790857,23.0,False,Calculada sobre MDT25 © IGN (CC BY 4.0)
node/12442165410,Cerro Negro,Castellón/Castelló,1572.0,39.9021671,-0.8168578,1572.0,27.0,27.0,False,False,1545.0,39.903065,-0.819182,5.3,False,Calculada sobre MDT25 © IGN (CC BY 4.0)
node/12442399590,Morrón Royo,Castellón/Castelló,985.65,40.1540893,-0.4014513,985.0,2.0,2.0,False,False,983.0,40.15478,-0.40113,2.5,False,Calculada sobre MDT25 © IGN (CC BY 4.0)
node/12442422927,Roca Alta,Castellón/Castelló,711.52,40.1134997,-0.2941924,711.0,17.0,17.0,False,False,694.0,40.11339,-0.295062,10.7,False,Calculada sobre MDT25 © IGN (CC BY 4.0)
node/12442434966,Peña Roya,Castellón/Castelló,1011.64,40.1565617,-0.3983547,1011.0,24.0,24.0,False,False,987.0,40.157474,-0.400734,19.9,False,Calculada sobre MDT25 © IGN (CC BY 4.0)
node/12442437374,el Morrón,Castellón/Castelló,697.54,40.1482876,-0.3830165,697.0,26.0,26.0,False,False,671.0,40.149169,-0.381975,14.2,False,Calculada sobre MDT25 © IGN (CC BY 4.0)
node/12442449304,Tossal dels Fossinos,Castellón/Castelló,836.25,40.1105493,-0.2783489,836.0,5.0,5.0,False,False,831.0,40.110545,-0.279337,9.7,False,Calculada sobre MDT25 © IGN (CC BY 4.0)
node/12442449390,el Cabeço,Castellón/Castelló,804.0,40.1161408,-0.2977376,802.0,4.0,4.0,False,False,798.0,40.116193,-0.299351,26.6,False,Calculada sobre MDT25 © IGN (CC BY 4.0)
node/12442470877,la Picossa de la Mançanera,Castellón/Castelló,1055.41,40.1512675,-0.3514998,1053.0,24.0,24.0,False,False,1029.0,40.14917,-0.352335,18.5,False,Calculada sobre MDT25 © IGN (CC BY 4.0)
node/12442509575,Capollet de Buenos Aires,Castellón/Castelló,954.56,40.1669428,-0.3304779,954.0,13.0,13.0,False,False,941.0,40.16736,-0.330493,4.6,False,Calculada sobre MDT25 © IGN (CC BY 4.0)
node/12444674530,Muntanya de la Mineta,Castellón/Castelló,150.2,39.802914,-0.2006824,149.0,9.0,9.0,False,False,140.0,39.802413,-0.201308,32.2,False,Calculada sobre MDT25 © IGN (CC BY 4.0)
node/12444759013,Montalar,Castellón/Castelló,177.21,39.8007523,-0.231073,176.0,75.0,75.0,False,False,101.0,39.794422,-0.23433,13.4,False,Calculada sobre MDT25 © IGN (CC BY 4.0)
node/12444894041,Cerro de la Cruz,Castellón/Castelló,1352.0,39.9219138,-0.754386,1348.0,119.0,119.0,False,False,1229.0,39.909271,-0.766636,12.7,False,Calculada sobre MDT25 © IGN (CC BY 4.0)
node/12444915221,La Muela,Castellón/Castelló,1261.0,39.9153694,-0.7641897,1260.0,15.0,15.0,False,False,1245.0,39.914617,-0.763538,18.6,False,Calculada sobre MDT25 © IGN (CC BY 4.0)
node/12444915222,Loma de las Herradillas,Castellón/Castelló,1287.0,39.9063857,-0.7687937,1283.0,42.0,42.0,False,False,1241.0,39.904207,-0.772649,25.0,False,Calculada sobre MDT25 © IGN (CC BY 4.0)
node/12444915223,La Tarihuela,Castellón/Castelló,1256.0,39.9049866,-0.7644485,1250.0,19.0,19.0,False,False,1231.0,39.905659,-0.766168,31.8,False,Calculada sobre MDT25 © IGN (CC BY 4.0)
node/12445317714,Lomica de en Medio,Castellón/Castelló,1276.0,39.842421,-0.7364966,1275.0,16.0,16.0,False,False,1259.0,39.843174,-0.73781,15.6,False,Calculada sobre MDT25 © IGN (CC BY 4.0)
node/12445317715,El Morrón,Valencia/València,1255.0,39.84417,-0.7642595,1255.0,9.0,9.0,False,False,1246.0,39.844865,-0.766972,23.2,False,Calculada sobre MDT25 © IGN (CC BY 4.0)
node/12445317716,Peña del Reloj,Valencia/València,1322.0,39.8386664,-0.7844785,1321.0,149.0,149.0,False,False,1172.0,39.849451,-0.759519,58.5,False,Calculada sobre MDT25 © IGN (CC BY 4.0)
node/12445317719,La Celestina,Castellón/Castelló,1279.0,39.8802993,-0.7533015,1273.0,21.0,21.0,False,False,1252.0,39.879301,-0.754162,13.1,False,Calculada sobre MDT25 © IGN (CC BY 4.0)
node/12445317720,Puntal de la Montera,Castellón/Castelló,1218.0,39.8890106,-0.7720531,1215.0,13.0,13.0,False,False,1202.0,39.890455,-0.771925,16.0,False,Calculada sobre MDT25 © IGN (CC BY 4.0)
node/12446034613,Tossal de l'Om,Castellón/Castelló,880.0,40.2774364,-0.016965,881.0,34.0,34.0,False,False,847.0,40.279044,-0.016794,17.0,False,Calculada sobre MDT25 © IGN (CC BY 4.0)
node/12453452112,Alto de la Barraca,Castellón/Castelló,1125.0,39.94382,-0.7169486,1125.0,8.0,8.0,False,False,1117.0,39.943235,-0.718131,30.0,False,Calculada sobre MDT25 © IGN (CC BY 4.0)
node/12453452113,Alto del Pepino,Castellón/Castelló,1136.0,39.9413508,-0.7193434,1135.0,5.0,5.0,False,False,1130.0,39.942133,-0.719338,13.3,False,Calculada sobre MDT25 © IGN (CC BY 4.0)
node/12453452114,Alto de Capilla,Castellón/Castelló,981.0,39.9445443,-0.6977297,981.0,3.0,3.0,False,False,978.0,39.944867,-0.69818,38.7,False,Calculada sobre MDT25 © IGN (CC BY 4.0)
node/12453565781,Lomas del Murciénago,Castellón/Castelló,1104.0,39.8896034,-0.7628938,1103.0,3.0,3.0,False,False,1100.0,39.889616,-0.763473,0.4,False,Calculada sobre MDT25 © IGN (CC BY 4.0)
node/12453619512,Cerrito Güeña,Castellón/Castelló,1102.0,39.898613,-0.7645256,1100.0,3.0,3.0,False,False,1097.0,39.898653,-0.764934,10.7,False,Calculada sobre MDT25 © IGN (CC BY 4.0)
node/12453681571,Alto del Pino,Castellón/Castelló,1067.0,39.8991871,-0.737447,1068.0,46.0,46.0,False,False,1022.0,39.897058,-0.740717,6.7,False,Calculada sobre MDT25 © IGN (CC BY 4.0)
node/12453681572,Peña Roya,Castellón/Castelló,1122.0,39.8934331,-0.7234367,1123.0,22.0,22.0,False,False,1101.0,39.892271,-0.726255,16.0,False,Calculada sobre MDT25 © IGN (CC BY 4.0)
node/12453681573,Las Longanillas,Castellón/Castelló,1143.0,39.8860814,-0.7283948,1145.0,11.0,11.0,False,False,1134.0,39.887151,-0.729348,17.6,False,Calculada sobre MDT25 © IGN (CC BY 4.0)
node/12453681574,La Serrecica,Castellón/Castelló,1167.0,39.8804149,-0.7242285,1169.0,33.0,33.0,False,False,1136.0,39.875373,-0.725937,13.5,False,Calculada sobre MDT25 © IGN (CC BY 4.0)
node/12457352916,,Alicante/Alacant,714.0,38.492908,-0.8614193,711.0,10.0,10.0,False,False,701.0,38.492038,-0.862395,8.0,False,Calculada sobre MDT25 © IGN (CC BY 4.0)
node/12457460630,Cabezo del Pueblo,Alicante/Alacant,546.0,38.5357783,-0.841845,546.0,28.0,28.0,False,False,518.0,38.536961,-0.842997,5.2,False,Calculada sobre MDT25 © IGN (CC BY 4.0)
node/12459424275,Collet del Mas Nou,Castellón/Castelló,1172.0,40.4728979,-0.1697074,1173.0,28.0,28.0,False,False,1145.0,40.468536,-0.173531,10.1,False,Calculada sobre MDT25 © IGN (CC BY 4.0)
node/12459425027,Collet del Mas de Folch,Castellón/Castelló,1307.0,40.4896532,-0.1763827,1306.0,0.0,0.0,False,True,,,,,False,Calculada sobre MDT25 © IGN (CC BY 4.0)
node/12459436935,Tossalet del Pou de la Vila,Castellón/Castelló,1218.0,40.4627876,-0.2558324,1221.0,24.0,24.0,False,False,1197.0,40.462356,-0.253392,12.0,False,Calculada sobre MDT25 © IGN (CC BY 4.0)
node/12459847943,Tossal del Mas dels Pilars,Castellón/Castelló,1123.0,40.4790314,-0.155737,1122.0,9.0,9.0,False,False,1113.0,40.480089,-0.158006,24.0,False,Calculada sobre MDT25 © IGN (CC BY 4.0)
node/12462861392,Tossal Gros,Castellón/Castelló,1103.0,40.6714678,0.0007081,1102.0,30.0,30.0,False,False,1072.0,40.670636,0.000307,20.3,False,Calculada sobre MDT25 © IGN (CC BY 4.0)
node/12462893249,el Moletó,Castellón/Castelló,1295.0,40.5333862,-0.0683712,1293.0,225.0,225.0,False,False,1068.0,40.504385,-0.049305,9.3,False,Calculada sobre MDT25 © IGN (CC BY 4.0)
node/12462894081,Colle Redó,Castellón/Castelló,1123.0,40.6766105,-0.02738,1118.0,12.0,12.0,False,False,1106.0,40.676318,-0.02783,14.8,False,Calculada sobre MDT25 © IGN (CC BY 4.0)
node/12463195433,Collet del Conill,Castellón/Castelló,1213.0,40.4937578,-0.1504925,1214.0,37.0,37.0,False,False,1177.0,40.487912,-0.155611,17.6,False,Calculada sobre MDT25 © IGN (CC BY 4.0)
node/12465110990,Tossal de l'Ombieta,Castellón/Castelló,1009.0,40.643167,-0.2712175,1008.0,34.0,34.0,False,False,974.0,40.647063,-0.2748,16.5,False,Calculada sobre MDT25 © IGN (CC BY 4.0)
node/12465225534,el Piló de la Bassa d'Horta,Valencia/València,89.0,39.0056232,-0.2266715,66.0,10.0,10.0,False,False,56.0,39.005776,-0.227509,25.2,False,Calculada sobre MDT25 © IGN (CC BY 4.0)
node/12465473904,Lloma del Mas de les Ombries,Castellón/Castelló,999.0,40.635035,-0.2938628,997.0,16.0,16.0,False,False,981.0,40.635408,-0.296261,11.0,False,Calculada sobre MDT25 © IGN (CC BY 4.0)
node/12471576770,Peña de Carrera,Castellón/Castelló,525.0,40.0207958,-0.3446309,526.0,73.0,73.0,False,False,453.0,40.017475,-0.344548,19.7,False,Calculada sobre MDT25 © IGN (CC BY 4.0)
node/12474015296,Pic del Flare,Alicante/Alacant,916.0,38.6175055,-0.7662964,933.0,0.0,0.0,False,True,,,,,False,Calculada sobre MDT25 © IGN (CC BY 4.0)
node/12474420409,la Barcella,Valencia/València,199.0,39.0253787,-0.2287897,199.0,50.0,50.0,False,False,149.0,39.024985,-0.230223,3.3,False,Calculada sobre MDT25 © IGN (CC BY 4.0)
node/12474420411,,Valencia/València,221.0,39.020473,-0.2422964,222.0,24.0,24.0,False,False,198.0,39.019224,-0.243729,21.3,False,Calculada sobre MDT25 © IGN (CC BY 4.0)
node/12474420412,,Valencia/València,146.0,39.0159473,-0.2355991,143.0,6.0,6.0,False,False,137.0,39.015896,-0.236352,16.9,False,Calculada sobre MDT25 © IGN (CC BY 4.0)
node/12474498302,Penya de la Sima,Alicante/Alacant,857.0,38.6330192,-0.6827362,853.0,11.0,11.0,False,False,842.0,38.633444,-0.681867,25.6,False,Calculada sobre MDT25 © IGN (CC BY 4.0)
node/12475299568,la Tossa,Castellón/Castelló,797.0,40.6631198,0.2551431,794.0,54.0,54.0,False,False,740.0,40.661335,0.252109,7.7,False,Calculada sobre MDT25 © IGN (CC BY 4.0)
node/12476079602,Cerro Martina,Valencia/València,383.0,39.6563761,-0.8687011,382.0,0.0,0.0,False,True,,,,,False,Calculada sobre MDT25 © IGN (CC BY 4.0)
node/12478291617,Tossal de la Llebre,Castellón/Castelló,409.0,39.9604404,-0.3479233,406.0,34.0,34.0,False,False,372.0,39.960629,-0.350262,10.0,False,Calculada sobre MDT25 © IGN (CC BY 4.0)
node/12478366780,el Cabeço,Castellón/Castelló,496.0,40.1080454,-0.2258527,497.0,123.0,123.0,False,False,374.0,40.115719,-0.222228,21.0,False,Calculada sobre MDT25 © IGN (CC BY 4.0)
node/12478366790,Tossal de les Tigres,Castellón/Castelló,667.0,40.0975577,-0.2436733,668.0,36.0,36.0,False,False,632.0,40.099053,-0.250471,9.9,False,Calculada sobre MDT25 © IGN (CC BY 4.0)
node/12478473153,Canto de la Corona,Castellón/Castelló,1442.0,40.4146642,-0.3004611,1440.0,116.0,116.0,False,False,1324.0,40.419038,-0.307306,8.4,False,Calculada sobre MDT25 © IGN (CC BY 4.0)
node/12486276460,,Castellón/Castelló,661.0,40.1122565,-0.5984397,662.0,14.0,14.0,False,False,648.0,40.112875,-0.598367,7.6,False,Calculada sobre MDT25 © IGN (CC BY 4.0)
node/12488110290,Moleta de les Pallisses,Castellón/Castelló,992.0,40.4334302,-0.1291203,993.0,45.0,45.0,False,False,948.0,40.432441,-0.125242,42.4,False,Calculada sobre MDT25 © IGN (CC BY 4.0)
node/12488148978,la Moleta,Castellón/Castelló,1156.0,40.4264931,-0.0956307,1157.0,30.0,30.0,False,False,1127.0,40.426704,-0.093957,9.3,False,Calculada sobre MDT25 © IGN (CC BY 4.0)
node/12492815322,Tossal de la Sobalma,Castellón/Castelló,755.0,40.3193398,-0.0534118,755.0,5.0,5.0,False,False,750.0,40.319402,-0.05385,13.8,False,Calculada sobre MDT25 © IGN (CC BY 4.0)
node/12501374895,Collet del Tio Andreu,Castellón/Castelló,1096.0,40.2491524,-0.2766323,1096.0,15.0,15.0,False,False,1081.0,40.250138,-0.27816,9.9,False,Calculada sobre MDT25 © IGN (CC BY 4.0)
node/12501374896,Collet del Masico,Castellón/Castelló,1097.0,40.2513388,-0.2793467,1095.0,12.0,12.0,False,False,1083.0,40.251564,-0.281336,20.6,False,Calculada sobre MDT25 © IGN (CC BY 4.0)
node/12501671014,Capitell de les Malladaes,Castellón/Castelló,1462.0,40.2348854,-0.3260865,1462.0,7.0,7.0,False,False,1455.0,40.235942,-0.326037,17.4,False,Calculada sobre MDT25 © IGN (CC BY 4.0)
node/12501671031,Collet Roig,Castellón/Castelló,1244.0,40.2289656,-0.3250197,1242.0,14.0,14.0,False,False,1228.0,40.229376,-0.324532,10.4,False,Calculada sobre MDT25 © IGN (CC BY 4.0)
node/12505275498,Roca del Tossal,Castellón/Castelló,837.0,40.2303199,-0.2487856,836.0,14.0,14.0,False,False,822.0,40.230151,-0.25193,17.1,False,Calculada sobre MDT25 © IGN (CC BY 4.0)
node/12505346329,el Tossalet,Castellón/Castelló,757.0,40.2336986,-0.2395964,759.0,20.0,20.0,False,False,739.0,40.234167,-0.240896,12.3,False,Calculada sobre MDT25 © IGN (CC BY 4.0)
node/12509465757,Alt de Padur,Valencia/València,382.0,39.0506432,-0.2639032,381.0,22.0,22.0,False,False,359.0,39.046703,-0.262879,93.2,False,Calculada sobre MDT25 © IGN (CC BY 4.0)
node/12509465758,Puntal del Raboser,Valencia/València,258.0,39.053768,-0.2729856,257.0,1.0,1.0,False,False,256.0,39.053677,-0.272142,49.0,False,Calculada sobre MDT25 © IGN (CC BY 4.0)
node/12509891580,Peña Bruñilo,Castellón/Castelló,843.0,39.8780407,-0.6920024,841.0,10.0,10.0,False,False,831.0,39.876983,-0.693437,20.1,False,Calculada sobre MDT25 © IGN (CC BY 4.0)
node/12509891581,Alto de Pipa,Castellón/Castelló,972.0,39.8674283,-0.6836972,971.0,33.0,33.0,False,False,938.0,39.864459,-0.68655,15.1,False,Calculada sobre MDT25 © IGN (CC BY 4.0)
node/12510216527,Peña de la Dueña,Castellón/Castelló,868.0,39.8777867,-0.6988519,866.0,5.0,5.0,False,False,861.0,39.87733,-0.699564,9.8,False,Calculada sobre MDT25 © IGN (CC BY 4.0)
node/12510216584,Alto del Losar,Castellón/Castelló,912.0,39.8758258,-0.7059138,910.0,18.0,18.0,False,False,892.0,39.874566,-0.70784,22.1,False,Calculada sobre MDT25 © IGN (CC BY 4.0)
node/12510223731,Puntal del Turco,Castellón/Castelló,898.0,39.882808,-0.7099962,896.0,12.0,12.0,False,False,884.0,39.883627,-0.710462,22.7,False,Calculada sobre MDT25 © IGN (CC BY 4.0)
node/12510224160,Alto de la Pastora,Castellón/Castelló,844.0,39.874146,-0.673974,881.0,2.0,2.0,False,False,879.0,39.87366,-0.673672,52.3,False,Calculada sobre MDT25 © IGN (CC BY 4.0)
node/12510224161,Altico de Colás,Castellón/Castelló,785.0,39.8847936,-0.6793153,784.0,12.0,12.0,False,False,772.0,39.885291,-0.68088,27.6,False,Calculada sobre MDT25 © IGN (CC BY 4.0)
node/12512098959,Penya de Migdia,Valencia/València,191.0,39.0602099,-0.242473,186.0,13.0,13.0,False,False,173.0,39.059509,-0.242451,20.9,False,Calculada sobre MDT25 © IGN (CC BY 4.0)
node/12512099066,la Palma,Valencia/València,353.0,39.0549536,-0.2480369,353.0,18.0,18.0,False,False,335.0,39.053782,-0.247874,8.3,False,Calculada sobre MDT25 © IGN (CC BY 4.0)
node/12513989382,Alto del Garroso,Castellón/Castelló,707.0,39.920605,-0.6711619,703.0,9.0,9.0,False,False,694.0,39.921368,-0.671765,9.1,False,Calculada sobre MDT25 © IGN (CC BY 4.0)
node/12513989589,Cerro de la Hinojosa,Castellón/Castelló,765.0,39.9230926,-0.6632522,762.0,38.0,38.0,False,False,724.0,39.924111,-0.662604,10.8,False,Calculada sobre MDT25 © IGN (CC BY 4.0)
node/12514010829,Alto del Torrejón,Castellón/Castelló,701.0,39.9037169,-0.6404688,699.0,51.0,51.0,False,False,648.0,39.903015,-0.644022,60.9,False,Calculada sobre MDT25 © IGN (CC BY 4.0)
node/12514010830,Cerro de la Vegatilla,Castellón/Castelló,701.0,39.9042914,-0.5892081,699.0,11.0,11.0,False,False,688.0,39.903005,-0.588755,18.3,False,Calculada sobre MDT25 © IGN (CC BY 4.0)
node/12514311609,Tossal de Toni la Quita,Alicante/Alacant,372.0,38.5854499,-0.2296965,372.0,29.0,29.0,False,False,343.0,38.583303,-0.230353,10.0,False,Calculada sobre MDT25 © IGN (CC BY 4.0)
node/12514311619,Penya dels Castellets,Alicante/Alacant,650.0,38.5887568,-0.2419096,640.0,32.0,32.0,False,False,608.0,38.589214,-0.242179,35.4,False,Calculada sobre MDT25 © IGN (CC BY 4.0)
node/12518849664,,Castellón/Castelló,571.0,39.9085478,-0.5738018,566.0,79.0,79.0,False,False,487.0,39.912577,-0.572626,11.7,False,Calculada sobre MDT25 © IGN (CC BY 4.0)
node/12520999174,Tossal del Xorrador,Castellón/Castelló,679.0,40.0894862,-0.2581391,680.0,6.0,6.0,False,False,674.0,40.090466,-0.258733,8.3,False,Calculada sobre MDT25 © IGN (CC BY 4.0)
node/12521054037,Tossal de Roc,Castellón/Castelló,696.0,40.0927283,-0.2602613,696.0,16.0,16.0,False,False,680.0,40.093412,-0.259495,12.3,False,Calculada sobre MDT25 © IGN (CC BY 4.0)
node/12521183872,la Lloma del Castell,Valencia/València,350.0,39.0429731,-0.2684804,350.0,1.0,1.0,False,False,349.0,39.042549,-0.268238,4.4,False,Calculada sobre MDT25 © IGN (CC BY 4.0)
node/12526343854,Cerro de la Fuente,Castellón/Castelló,1123.0,40.0087486,-0.6499858,1127.0,39.0,39.0,False,False,1088.0,40.008323,-0.639525,5.9,False,Calculada sobre MDT25 © IGN (CC BY 4.0)
node/12526344028,El Picacho,Castellón/Castelló,1146.0,40.0114502,-0.6228156,1147.0,3.0,3.0,False,False,1144.0,40.011145,-0.623319,16.9,False,Calculada sobre MDT25 © IGN (CC BY 4.0)
node/12526591870,Moles de Sant Domingo,Castellón/Castelló,1038.0,40.6218099,0.1265061,1039.0,1.0,1.0,False,False,1038.0,40.621378,0.125465,11.4,False,Calculada sobre MDT25 © IGN (CC BY 4.0)
node/12526617327,els Cabeçols,Valencia/València,225.0,39.1778151,-0.2496952,223.0,10.0,10.0,False,False,213.0,39.17727,-0.250586,28.2,False,Calculada sobre MDT25 © IGN (CC BY 4.0)
node/12526741976,Mola Closa,Castellón/Castelló,946.0,40.6156762,0.131533,947.0,37.0,37.0,False,False,910.0,40.616737,0.130567,64.9,False,Calculada sobre MDT25 © IGN (CC BY 4.0)
node/12529677672,,Valencia/València,231.0,39.0006374,-0.2235223,229.0,13.0,13.0,False,False,216.0,39.00165,-0.224495,16.1,False,Calculada sobre MDT25 © IGN (CC BY 4.0)
node/12529677673,,Valencia/València,227.0,39.0011824,-0.2123541,224.0,28.0,28.0,False,False,196.0,39.000842,-0.209517,56.7,False,Calculada sobre MDT25 © IGN (CC BY 4.0)
node/12529677674,,Valencia/València,209.0,38.9984597,-0.2219063,206.0,18.0,18.0,False,False,188.0,38.999345,-0.222276,10.4,False,Calculada sobre MDT25 © IGN (CC BY 4.0)
node/12529677675,,Valencia/València,234.0,38.9949028,-0.2028361,233.0,11.0,11.0,False,False,222.0,38.99548,-0.201935,29.1,False,Calculada sobre MDT25 © IGN (CC BY 4.0)
node/12529677676,Alt del Pla Gran,Valencia/València,241.0,38.9958176,-0.1995012,240.0,66.0,66.0,False,False,174.0,39.001669,-0.215835,11.4,False,Calculada sobre MDT25 © IGN (CC BY 4.0)
node/12529677677,,Valencia/València,226.0,39.0029238,-0.2067914,224.0,26.0,26.0,False,False,198.0,39.000323,-0.206651,12.4,False,Calculada sobre MDT25 © IGN (CC BY 4.0)
node/12529677678,,Valencia/València,202.0,38.9982345,-0.2101688,200.0,6.0,6.0,False,False,194.0,38.999076,-0.21103,16.4,False,Calculada sobre MDT25 © IGN (CC BY 4.0)
node/12529677679,,Valencia/València,220.0,38.9974586,-0.2154781,220.0,34.0,34.0,False,False,186.0,38.998907,-0.213346,26.0,False,Calculada sobre MDT25 © IGN (CC BY 4.0)
node/12529677680,,Valencia/València,203.0,38.994947,-0.2139526,200.0,18.0,18.0,False,False,182.0,38.995791,-0.214911,14.0,False,Calculada sobre MDT25 © IGN (CC BY 4.0)
node/12529677682,,Valencia/València,124.0,38.9843809,-0.1970178,122.0,16.0,16.0,False,False,106.0,38.985033,-0.198307,15.2,False,Calculada sobre MDT25 © IGN (CC BY 4.0)
node/12529677683,,Valencia/València,164.0,38.9867881,-0.2043743,163.0,54.0,54.0,False,False,109.0,38.989522,-0.207076,18.7,False,Calculada sobre MDT25 © IGN (CC BY 4.0)
node/12529677684,,Valencia/València,148.0,38.9849518,-0.2081142,148.0,21.0,21.0,False,False,127.0,38.985725,-0.20838,10.1,False,Calculada sobre MDT25 © IGN (CC BY 4.0)
node/12529677685,,Valencia/València,213.0,38.9917862,-0.1991976,210.0,3.0,3.0,False,False,207.0,38.992261,-0.199176,2.7,False,Calculada sobre MDT25 © IGN (CC BY 4.0)
node/12529677686,,Valencia/València,224.0,38.9980226,-0.2056419,223.0,8.0,8.0,False,False,215.0,38.996886,-0.204189,20.4,False,Calculada sobre MDT25 © IGN (CC BY 4.0)
node/12529677690,,Valencia/València,145.0,38.9862965,-0.2076469,145.0,13.0,13.0,False,False,132.0,38.98704,-0.206885,15.0,False,Calculada sobre MDT25 © IGN (CC BY 4.0)
node/12529677691,,Valencia/València,222.0,38.9967567,-0.2294335,221.0,22.0,22.0,False,False,199.0,38.997471,-0.228699,15.1,False,Calculada sobre MDT25 © IGN (CC BY 4.0)
node/12529677692,,Valencia/València,162.0,38.9917382,-0.2252534,160.0,16.0,16.0,False,False,144.0,38.993352,-0.225974,18.0,False,Calculada sobre MDT25 © IGN (CC BY 4.0)
node/12529677693,,Valencia/València,188.0,38.9950812,-0.2263099,187.0,32.0,32.0,False,False,155.0,38.996536,-0.227293,17.5,False,Calculada sobre MDT25 © IGN (CC BY 4.0)
node/12529677694,,Valencia/València,161.0,38.992938,-0.1959128,161.0,5.0,5.0,False,False,156.0,38.993323,-0.196537,17.0,False,Calculada sobre MDT25 © IGN (CC BY 4.0)
node/12529677695,,Valencia/València,156.0,38.993077,-0.193581,154.0,7.0,7.0,False,False,147.0,38.993507,-0.194798,8.8,False,Calculada sobre MDT25 © IGN (CC BY 4.0)
node/12529677696,,Valencia/València,169.0,38.9963124,-0.1939744,169.0,13.0,13.0,False,False,156.0,38.996446,-0.195259,39.2,False,Calculada sobre MDT25 © IGN (CC BY 4.0)
node/12529677698,,Valencia/València,196.0,38.9925081,-0.2041111,195.0,8.0,8.0,False,False,187.0,38.99306,-0.204339,24.2,False,Calculada sobre MDT25 © IGN (CC BY 4.0)
node/12534457280,Alto del Rojel,Castellón/Castelló,783.0,39.8213503,-0.5603205,783.0,54.0,54.0,False,False,729.0,39.81884,-0.559574,4.0,False,Calculada sobre MDT25 © IGN (CC BY 4.0)
node/12534457281,Peña del Perdigón,Castellón/Castelló,666.0,39.8222314,-0.5484245,666.0,15.0,15.0,False,False,651.0,39.821087,-0.548688,53.0,False,Calculada sobre MDT25 © IGN (CC BY 4.0)
node/12534575295,Alto de Bellón,Castellón/Castelló,736.0,39.8096424,-0.5777536,737.0,42.0,42.0,False,False,695.0,39.808216,-0.579223,24.5,False,Calculada sobre MDT25 © IGN (CC BY 4.0)
node/12534620675,Peña de los Coranos,Castellón/Castelló,712.0,39.8104809,-0.5699759,714.0,31.0,31.0,False,False,683.0,39.80979,-0.568363,10.0,False,Calculada sobre MDT25 © IGN (CC BY 4.0)
node/12536015940,Altos de la Diabla,Castellón/Castelló,560.0,39.8485436,-0.5591935,558.0,4.0,4.0,False,False,554.0,39.848996,-0.558506,17.6,False,Calculada sobre MDT25 © IGN (CC BY 4.0)
node/12536057817,El Contador,Castellón/Castelló,904.0,39.8414565,-0.6443396,902.0,49.0,49.0,False,False,853.0,39.843605,-0.646347,9.5,False,Calculada sobre MDT25 © IGN (CC BY 4.0)
node/12537479436,Muntanya de Ponera,Valencia/València,228.0,39.6881718,-0.2992579,228.0,27.0,27.0,False,False,201.0,39.688417,-0.304154,11.3,False,Calculada sobre MDT25 © IGN (CC BY 4.0)
node/12537479440,Alt de la Ponera,Valencia/València,253.0,39.6926758,-0.3084936,253.0,130.0,130.0,False,False,123.0,39.70523,-0.310497,19.1,False,Calculada sobre MDT25 © IGN (CC BY 4.0)
node/12537479441,Muntanyeta de Casques,Valencia/València,144.0,39.6982766,-0.3033921,144.0,15.0,15.0,False,False,129.0,39.698351,-0.305225,8.2,False,Calculada sobre MDT25 © IGN (CC BY 4.0)
node/12539010751,Las Aliagas Royas,Castellón/Castelló,899.0,39.8360399,-0.6561416,899.0,18.0,18.0,False,False,881.0,39.834798,-0.656288,36.4,False,Calculada sobre MDT25 © IGN (CC BY 4.0)
node/12539625766,El Descansador,Valencia/València,886.0,39.8231098,-0.6526442,885.0,33.0,33.0,False,False,852.0,39.819286,-0.657691,46.1,False,Calculada sobre MDT25 © IGN (CC BY 4.0)
node/12543613363,El Puntalico,Castellón/Castelló,443.0,39.8536776,-0.3720367,444.0,35.0,35.0,False,False,409.0,39.854361,-0.371303,14.7,False,Calculada sobre MDT25 © IGN (CC BY 4.0)
node/12543685210,El Rodeno,Castellón/Castelló,524.0,39.853181,-0.3814951,520.0,37.0,37.0,False,False,483.0,39.853911,-0.381255,19.6,False,Calculada sobre MDT25 © IGN (CC BY 4.0)
node/12543685211,La Torreta,Castellón/Castelló,549.0,39.8578587,-0.3986577,549.0,73.0,73.0,False,False,476.0,39.859513,-0.400037,23.9,False,Calculada sobre MDT25 © IGN (CC BY 4.0)
node/12546626246,el Morral,Castellón/Castelló,714.0,40.2762731,0.0070489,714.0,10.0,10.0,False,False,704.0,40.275108,0.004788,16.8,False,Calculada sobre MDT25 © IGN (CC BY 4.0)
node/12560028737,Muntanya de l'Ombria,Valencia/València,167.0,39.7433218,-0.2997693,165.0,25.0,25.0,False,False,140.0,39.742159,-0.300601,18.4,False,Calculada sobre MDT25 © IGN (CC BY 4.0)
node/12567675178,Puntal del Musgany,Valencia/València,395.0,39.7194428,-0.537799,397.0,21.0,21.0,False,False,376.0,39.719958,-0.537692,18.9,False,Calculada sobre MDT25 © IGN (CC BY 4.0)
node/12571887082,Montcúdio,Valencia/València,520.0,39.6735239,-0.404376,520.0,6.0,6.0,False,False,514.0,39.673162,-0.405584,7.3,False,Calculada sobre MDT25 © IGN (CC BY 4.0)
node/12572022060,Cerro de la Piedra,Castellón/Castelló,885.0,39.813842,-0.6440075,885.0,39.0,39.0,False,False,846.0,39.817516,-0.648113,29.4,False,Calculada sobre MDT25 © IGN (CC BY 4.0)
node/12572035642,Cerro del Pino,Castellón/Castelló,904.0,39.8142344,-0.6161334,903.0,26.0,26.0,False,False,877.0,39.816203,-0.616909,17.0,False,Calculada sobre MDT25 © IGN (CC BY 4.0)
node/12576893829,el Collado,Castellón/Castelló,270.0,40.0233189,-0.2675093,270.0,16.0,16.0,False,False,254.0,40.02448,-0.268115,6.1,False,Calculada sobre MDT25 © IGN (CC BY 4.0)
node/12579596352,Puntal de la Culebra,Valencia/València,679.0,39.758049,-0.5589016,677.0,45.0,45.0,False,False,632.0,39.75709,-0.557671,27.2,False,Calculada sobre MDT25 © IGN (CC BY 4.0)
node/12579596353,La Garita Alta,Valencia/València,769.0,39.7564605,-0.5548438,768.0,62.0,62.0,False,False,706.0,39.756286,-0.551571,13.1,False,Calculada sobre MDT25 © IGN (CC BY 4.0)
node/12579596354,La Garita Baja,Valencia/València,688.0,39.7539862,-0.562202,692.0,66.0,66.0,False,False,626.0,39.753027,-0.557231,21.8,False,Calculada sobre MDT25 © IGN (CC BY 4.0)
node/12585922281,El Rodano,Valencia/València,1090.0,39.8551281,-0.7910487,1088.0,18.0,18.0,False,False,1070.0,39.854535,-0.789744,17.9,False,Calculada sobre MDT25 © IGN (CC BY 4.0)
node/12595811989,Cerro Carnoso,Valencia/València,1194.0,39.8114982,-0.8356775,1192.0,47.0,47.0,False,False,1145.0,39.812902,-0.839266,11.1,False,Calculada sobre MDT25 © IGN (CC BY 4.0)
node/12595812146,Alto de la Cruz,Valencia/València,989.0,39.8026038,-0.8154733,990.0,38.0,38.0,False,False,952.0,39.804844,-0.817909,23.7,False,Calculada sobre MDT25 © IGN (CC BY 4.0)
node/12596116195,Tossal de la Paredada,Castellón/Castelló,546.0,40.1025897,-0.0306507,547.0,12.0,12.0,False,False,535.0,40.103328,-0.031528,5.1,False,Calculada sobre MDT25 © IGN (CC BY 4.0)
node/12596458789,La Rosa,Valencia/València,1154.0,39.805468,-0.8717543,1150.0,17.0,17.0,False,False,1133.0,39.806116,-0.874228,21.6,False,Calculada sobre MDT25 © IGN (CC BY 4.0)
node/12596458790,Peña de en Medio,Valencia/València,1166.0,39.8048895,-0.8763811,1164.0,72.0,72.0,False,False,1092.0,39.810076,-0.869142,16.6,True,Calculada sobre MDT25 © IGN (CC BY 4.0)
node/12596458791,La Miquela,Valencia/València,1135.0,39.8041257,-0.8817352,1131.0,27.0,27.0,False,False,1104.0,39.804652,-0.880406,16.8,False,Calculada sobre MDT25 © IGN (CC BY 4.0)
node/12600564081,Peña del Águila,Valencia/València,967.0,39.7828961,-0.8831675,967.0,89.0,89.0,False,False,878.0,39.777362,-0.903136,6.2,False,Calculada sobre MDT25 © IGN (CC BY 4.0)
node/12600564082,Puntal de las Estacas,Valencia/València,882.0,39.7849779,-0.8773739,885.0,7.0,7.0,False,False,878.0,39.785042,-0.879548,36.5,False,Calculada sobre MDT25 © IGN (CC BY 4.0)
node/12600667601,Los Corcheteros,Valencia/València,923.0,39.7714657,-0.896176,921.0,80.0,80.0,False,False,841.0,39.773639,-0.896535,93.1,False,Calculada sobre MDT25 © IGN (CC BY 4.0)
node/12600667862,Puntal de los Morros,Valencia/València,844.0,39.7575016,-0.8897929,852.0,0.0,0.0,False,True,,,,,False,Calculada sobre MDT25 © IGN (CC BY 4.0)
node/12601503696,Puntal del Chaval,Valencia/València,1276.0,39.8484684,-0.8860679,1280.0,15.0,15.0,False,False,1265.0,39.848197,-0.884618,2.2,False,Calculada sobre MDT25 © IGN (CC BY 4.0)
node/12610338144,Coll de les Argiles,Castellón/Castelló,512.0,40.5154998,0.1702597,510.0,55.0,55.0,False,False,455.0,40.520228,0.168558,14.1,False,Calculada sobre MDT25 © IGN (CC BY 4.0)
node/12610338145,Coll de les Ortins,Castellón/Castelló,507.0,40.5150418,0.1739157,508.0,29.0,29.0,False,False,479.0,40.515408,0.171871,26.5,False,Calculada sobre MDT25 © IGN (CC BY 4.0)
node/12611191320,Coll de la Gralla,Castellón/Castelló,1047.0,40.5514364,0.084411,1047.0,42.0,42.0,False,False,1005.0,40.556486,0.085244,13.1,False,Calculada sobre MDT25 © IGN (CC BY 4.0)
node/12616489858,Muntanya del Coronat,Valencia/València,186.0,39.7535313,-0.2864221,189.0,75.0,75.0,False,False,114.0,39.755428,-0.290162,54.7,False,Calculada sobre MDT25 © IGN (CC BY 4.0)
node/12616489859,la Retoressa,Valencia/València,188.0,39.751152,-0.2944251,189.0,2.0,2.0,False,False,187.0,39.75101,-0.293837,26.4,False,Calculada sobre MDT25 © IGN (CC BY 4.0)
node/12616966867,la Torrassa,Castellón/Castelló,1165.0,40.5674667,0.0791424,1164.0,24.0,24.0,False,False,1140.0,40.568377,0.078409,9.4,False,Calculada sobre MDT25 © IGN (CC BY 4.0)
node/12628089096,Tossal de na Miqueleta,Castellón/Castelló,,40.2797317,-0.0059733,899.0,45.0,45.0,False,False,854.0,40.281245,-0.006113,19.0,False,Calculada sobre MDT25 © IGN (CC BY 4.0)
node/12631220935,Tossal dels Pous,Castellón/Castelló,728.0,40.2553629,-0.0068016,730.0,18.0,18.0,False,False,712.0,40.255985,-0.004582,28.0,False,Calculada sobre MDT25 © IGN (CC BY 4.0)
node/12633843405,el Dorontó,Castellón/Castelló,582.0,40.2412908,-0.0145805,581.0,14.0,14.0,False,False,567.0,40.242035,-0.013719,11.0,False,Calculada sobre MDT25 © IGN (CC BY 4.0)
node/12633843696,Tossal Redó,Castellón/Castelló,479.0,40.2433791,-9.66e-05,480.0,12.0,12.0,False,False,468.0,40.2444,-0.000685,13.9,False,Calculada sobre MDT25 © IGN (CC BY 4.0)
node/12636366745,Alto de los Enebrales,Valencia/València,1158.0,39.8692291,-0.9193601,1159.0,18.0,18.0,False,False,1141.0,39.868687,-0.921693,10.4,False,Calculada sobre MDT25 © IGN (CC BY 4.0)
node/12636372289,Loma del Mas de Aliaga,Valencia/València,1047.0,39.8305757,-0.935922,1048.0,42.0,42.0,False,False,1006.0,39.832292,-0.939443,31.9,False,Calculada sobre MDT25 © IGN (CC BY 4.0)
node/12636572974,Alto de la Cruz,Valencia/València,915.0,39.8128521,-0.9258865,911.0,60.0,60.0,False,False,851.0,39.816652,-0.921218,11.8,False,Calculada sobre MDT25 © IGN (CC BY 4.0)
node/12636601538,Lomas del Zahorí,Valencia/València,1013.0,39.8097435,-0.9421095,1012.0,32.0,32.0,False,False,980.0,39.799752,-0.95881,51.1,False,Calculada sobre MDT25 © IGN (CC BY 4.0)
node/12641309362,Puntal de las Grajas,Valencia/València,868.0,39.7738206,-0.9295483,862.0,18.0,18.0,False,False,844.0,39.774913,-0.929772,22.3,False,Calculada sobre MDT25 © IGN (CC BY 4.0)
node/12641313911,La Garroferilla,Valencia/València,845.0,39.780006,-0.9536774,846.0,14.0,14.0,False,False,832.0,39.78118,-0.952937,16.1,False,Calculada sobre MDT25 © IGN (CC BY 4.0)
node/12641314142,Puntal de la Fuente de la Plata,Valencia/València,681.0,39.7697668,-0.956762,679.0,29.0,29.0,False,False,650.0,39.76929,-0.955624,1.5,False,Calculada sobre MDT25 © IGN (CC BY 4.0)
node/12641373616,Alto de las Lomas,Valencia/València,911.0,39.7796582,-0.9790766,908.0,30.0,30.0,False,False,878.0,39.779885,-0.981874,16.1,False,Calculada sobre MDT25 © IGN (CC BY 4.0)
node/12641373690,Cerro de Bercutilla,Valencia/València,754.0,39.7683103,-0.9746881,752.0,58.0,58.0,False,False,694.0,39.768169,-0.981633,6.9,False,Calculada sobre MDT25 © IGN (CC BY 4.0)
node/12641465715,Torre de Castro,Valencia/València,604.0,39.742906,-0.9643091,600.0,46.0,46.0,False,False,554.0,39.744155,-0.960744,23.1,False,Calculada sobre MDT25 © IGN (CC BY 4.0)
node/12641465744,Alto de Barrera,Valencia/València,597.0,39.748814,-0.9735255,597.0,96.0,96.0,False,False,501.0,39.751169,-0.975418,25.0,False,Calculada sobre MDT25 © IGN (CC BY 4.0)
node/12641465745,Alto del Bollo,Valencia/València,581.0,39.7549775,-0.9785224,581.0,36.0,36.0,False,False,545.0,39.757138,-0.981955,29.7,False,Calculada sobre MDT25 © IGN (CC BY 4.0)
node/12641465747,Lomas de la Cueva del Gato,Valencia/València,709.0,39.7615556,-0.9634144,712.0,14.0,14.0,False,False,698.0,39.762425,-0.962248,2.6,False,Calculada sobre MDT25 © IGN (CC BY 4.0)
node/12644450320,el Terrer,Castellón/Castelló,196.0,39.8295782,-0.2220386,194.0,27.0,27.0,False,False,167.0,39.830619,-0.222362,12.0,False,Calculada sobre MDT25 © IGN (CC BY 4.0)
node/12644450321,Muntanyeta de les Mines de Campoi,Castellón/Castelló,161.0,39.8280498,-0.2151668,161.0,5.0,5.0,False,False,156.0,39.828188,-0.214866,8.9,False,Calculada sobre MDT25 © IGN (CC BY 4.0)
node/12650594309,Alto de la Virgen,Valencia/València,1507.0,39.9514645,-0.9406728,1508.0,0.0,0.0,False,True,,,,,False,Calculada sobre MDT25 © IGN (CC BY 4.0)
node/12650624494,Cerro del Poyo,Valencia/València,1460.0,39.9499566,-1.0482406,1472.0,175.0,175.0,False,False,1297.0,39.953637,-1.053742,34.1,False,Calculada sobre MDT25 © IGN (CC BY 4.0)
node/12650624495,Puntal de los Romeros,Valencia/València,1327.0,39.9489944,-1.0430776,1326.0,6.0,6.0,False,False,1320.0,39.949187,-1.043626,30.2,False,Calculada sobre MDT25 © IGN (CC BY 4.0)
node/12650954416,Serra dels Colmenars,Alicante/Alacant,102.0,38.3049116,-0.5456297,102.0,11.0,11.0,False,False,91.0,38.304962,-0.546568,8.0,False,Calculada sobre MDT25 © IGN (CC BY 4.0)
node/12652915571,El Picarcho,Valencia/València,1361.0,39.930309,-1.0342807,1361.0,14.0,14.0,False,False,1347.0,39.930349,-1.035093,19.8,False,Calculada sobre MDT25 © IGN (CC BY 4.0)
node/12658406753,Puntal del Morrut,Alicante/Alacant,660.0,38.802764,-0.0971834,658.0,20.0,20.0,False,False,638.0,38.802633,-0.098394,8.5,False,Calculada sobre MDT25 © IGN (CC BY 4.0)
node/12662570278,Peña Sombrero,Valencia/València,1224.0,39.9274727,-1.0208441,1220.0,17.0,17.0,False,False,1203.0,39.928495,-1.018764,7.6,False,Calculada sobre MDT25 © IGN (CC BY 4.0)
node/12662570279,Cabezo de la Potra,Valencia/València,1207.0,39.9256691,-1.0248803,1204.0,32.0,32.0,False,False,1172.0,39.926784,-1.024079,9.3,False,Calculada sobre MDT25 © IGN (CC BY 4.0)
node/12662610983,Cerro de la Moratilla,Valencia/València,1085.0,39.8943458,-1.0663832,1089.0,56.0,56.0,False,False,1033.0,39.895541,-1.06796,13.6,False,Calculada sobre MDT25 © IGN (CC BY 4.0)
node/12669549087,el Puigpedró,Castellón/Castelló,322.0,40.2498989,0.0847252,321.0,10.0,10.0,False,False,311.0,40.24914,0.084456,25.0,False,Calculada sobre MDT25 © IGN (CC BY 4.0)
node/12670586097,la Pedrera d'Aigualit,Castellón/Castelló,283.0,39.8325895,-0.2397573,284.0,11.0,11.0,False,False,273.0,39.83307,-0.240082,5.1,False,Calculada sobre MDT25 © IGN (CC BY 4.0)
node/12681620369,Cerro de los Atajos,Valencia/València,905.0,39.8533558,-1.0090455,903.0,66.0,66.0,False,False,837.0,39.857958,-1.00326,40.1,False,Calculada sobre MDT25 © IGN (CC BY 4.0)
node/12681696483,Puntal de Asensio,Valencia/València,977.0,39.8495631,-0.9769469,973.0,54.0,54.0,False,False,919.0,39.852228,-0.971575,22.9,False,Calculada sobre MDT25 © IGN (CC BY 4.0)
node/12681696484,Cerrito Royo,Valencia/València,948.0,39.8459526,-0.9834379,953.0,34.0,34.0,False,False,919.0,39.84836,-0.982208,86.6,False,Calculada sobre MDT25 © IGN (CC BY 4.0)
node/12681942969,El Castellar,Valencia/València,765.0,39.8100227,-1.0223418,764.0,26.0,26.0,False,False,738.0,39.810779,-1.023317,12.5,False,Calculada sobre MDT25 © IGN (CC BY 4.0)
node/12682113690,El Hostal,Valencia/València,1331.0,39.9187644,-0.9326308,1329.0,32.0,32.0,False,False,1297.0,39.919759,-0.931265,17.0,False,Calculada sobre MDT25 © IGN (CC BY 4.0)
node/12684444493,El Castellar,Valencia/València,1077.0,39.8751221,-0.9580802,1075.0,21.0,21.0,False,False,1054.0,39.875608,-0.95627,22.7,False,Calculada sobre MDT25 © IGN (CC BY 4.0)
node/12685359252,La Buena Leche,Valencia/València,1021.0,39.8101629,-1.0663746,1021.0,161.0,161.0,False,False,860.0,39.8552,-1.039577,15.6,False,Calculada sobre MDT25 © IGN (CC BY 4.0)
node/12685469905,Alto de Andariel,Valencia/València,850.0,39.7829999,-1.0249845,850.0,27.0,27.0,False,False,823.0,39.7837,-1.020297,11.6,False,Calculada sobre MDT25 © IGN (CC BY 4.0)
node/12690630567,,Alicante/Alacant,934.0,38.5290252,-0.5387935,932.0,8.0,8.0,False,False,924.0,38.52961,-0.538954,21.5,False,Calculada sobre MDT25 © IGN (CC BY 4.0)
node/12691805294,Pico de la Oliva,Valencia/València,756.0,39.7621407,-1.026985,755.0,47.0,47.0,False,False,708.0,39.763549,-1.027295,7.6,False,Calculada sobre MDT25 © IGN (CC BY 4.0)
node/12692809657,Puntal de Esteban,Valencia/València,956.0,39.8410623,-1.1046742,956.0,94.0,94.0,False,False,862.0,39.836084,-1.095337,15.1,False,Calculada sobre MDT25 © IGN (CC BY 4.0)
node/12697265192,La Moratilla del Herrero,Valencia/València,1356.0,39.9266681,-1.044754,1358.0,19.0,19.0,False,False,1339.0,39.927351,-1.044248,24.7,False,Calculada sobre MDT25 © IGN (CC BY 4.0)
node/12698813455,Puntal de la Comina,Valencia/València,876.0,39.8368127,-1.1058056,877.0,26.0,26.0,False,False,851.0,39.837128,-1.104073,13.3,False,Calculada sobre MDT25 © IGN (CC BY 4.0)
node/12698820428,Loma de las Cortaderas,Valencia/València,445.0,39.3182466,-1.2225938,447.0,45.0,45.0,False,False,402.0,39.3237,-1.225608,3.2,False,Calculada sobre MDT25 © IGN (CC BY 4.0)
node/12698924526,El Castillico,Castellón/Castelló,478.0,40.0621886,-0.4273778,482.0,58.0,58.0,False,False,424.0,40.063294,-0.428939,14.6,False,Calculada sobre MDT25 © IGN (CC BY 4.0)
node/12700391087,Penyes Altes,Castellón/Castelló,373.0,39.9215188,-0.2443089,372.0,2.0,2.0,False,False,370.0,39.921207,-0.243564,16.6,False,Calculada sobre MDT25 © IGN (CC BY 4.0)
node/12704662822,Puntal del Corral de la Peña,Valencia/València,772.0,39.9169032,-1.1944161,769.0,52.0,52.0,False,False,717.0,39.918726,-1.192792,11.0,False,Calculada sobre MDT25 © IGN (CC BY 4.0)
node/12704662823,Puntal del Machorro,Valencia/València,740.0,39.9213055,-1.1978851,738.0,24.0,24.0,False,False,714.0,39.921482,-1.19623,9.3,False,Calculada sobre MDT25 © IGN (CC BY 4.0)
node/12704662824,Puntal de las Risclas,Valencia/València,836.0,39.9170808,-1.1868508,842.0,56.0,56.0,False,False,786.0,39.917707,-1.185214,11.8,False,Calculada sobre MDT25 © IGN (CC BY 4.0)
node/12704731489,Puntal de la Abeja,Valencia/València,808.0,39.9115904,-1.1842987,812.0,31.0,31.0,False,False,781.0,39.912046,-1.183316,17.2,False,Calculada sobre MDT25 © IGN (CC BY 4.0)
node/12704731490,Puntal del Fraile,Valencia/València,887.0,39.9076936,-1.1779172,897.0,48.0,48.0,False,False,849.0,39.908554,-1.176097,33.9,False,Calculada sobre MDT25 © IGN (CC BY 4.0)
node/12704731491,Loma de las Espantosas,Valencia/València,975.0,39.9120033,-1.1694879,979.0,32.0,32.0,False,False,947.0,39.9141,-1.170685,9.1,False,Calculada sobre MDT25 © IGN (CC BY 4.0)
node/12704755490,Puntal del Tío Pascual,Valencia/València,783.0,39.9039629,-1.1887565,782.0,106.0,106.0,False,False,676.0,39.90463,-1.18439,7.4,False,Calculada sobre MDT25 © IGN (CC BY 4.0)
node/12704755634,Puntal del Salto,Valencia/València,657.0,39.8944018,-1.1732522,660.0,6.0,6.0,False,False,654.0,39.894771,-1.173246,9.1,False,Calculada sobre MDT25 © IGN (CC BY 4.0)
node/12704784080,Alto de los Cubos,Valencia/València,771.0,39.8764228,-1.165991,768.0,80.0,80.0,False,False,688.0,39.874797,-1.163545,12.9,False,Calculada sobre MDT25 © IGN (CC BY 4.0)
node/12704784081,La Matrera,Valencia/València,784.0,39.8710945,-1.1618036,772.0,113.0,113.0,False,False,659.0,39.876106,-1.160879,19.3,False,Calculada sobre MDT25 © IGN (CC BY 4.0)
node/12704784082,Peña del Águila,Valencia/València,961.0,39.8973853,-1.1555821,969.0,1.0,1.0,False,False,968.0,39.897649,-1.155917,5.7,False,Calculada sobre MDT25 © IGN (CC BY 4.0)
node/12704784083,Loma Batana,Valencia/València,1053.0,39.9106858,-1.1543372,1058.0,6.0,6.0,False,False,1052.0,39.912274,-1.15494,25.3,False,Calculada sobre MDT25 © IGN (CC BY 4.0)
node/12704784084,Alto de la Sarteneja,Valencia/València,1049.0,39.9136072,-1.1453071,1053.0,1.0,1.0,False,False,1052.0,39.91393,-1.145829,25.3,False,Calculada sobre MDT25 © IGN (CC BY 4.0)
node/12704784085,Puntal de Valdelobos,Valencia/València,1014.0,39.9037833,-1.160955,1014.0,5.0,5.0,False,False,1009.0,39.903347,-1.160151,30.4,False,Calculada sobre MDT25 © IGN (CC BY 4.0)
node/12705529761,Puntal del Conquetillo,Valencia/València,722.0,39.8638608,-1.1542914,713.0,16.0,16.0,False,False,697.0,39.862712,-1.154223,16.7,False,Calculada sobre MDT25 © IGN (CC BY 4.0)
node/12705529762,Puntal del Quemado,Valencia/València,643.0,39.8652745,-1.1518774,642.0,17.0,17.0,False,False,625.0,39.864701,-1.151831,24.0,False,Calculada sobre MDT25 © IGN (CC BY 4.0)
node/12705529763,Puntal del Cándalo,Valencia/València,748.0,39.8608794,-1.1578759,744.0,133.0,133.0,False,False,611.0,39.864687,-1.150955,92.5,False,Calculada sobre MDT25 © IGN (CC BY 4.0)
node/12705529977,Los Bartolos,Valencia/València,812.0,39.8655522,-1.138828,812.0,2.0,2.0,False,False,810.0,39.865837,-1.138356,12.7,False,Calculada sobre MDT25 © IGN (CC BY 4.0)
node/12705530135,Puntal de la Umbría Negra,Valencia/València,881.0,39.8547717,-1.1361281,882.0,25.0,25.0,False,False,857.0,39.855406,-1.133962,16.2,False,Calculada sobre MDT25 © IGN (CC BY 4.0)
node/12705700350,,Castellón/Castelló,,40.0541164,-0.0863671,558.0,25.0,25.0,False,False,533.0,40.05467,-0.084046,29.8,False,Calculada sobre MDT25 © IGN (CC BY 4.0)
node/12708710835,la Creu de Quart,Valencia/València,347.0,39.7307305,-0.2881341,346.0,195.0,195.0,False,False,151.0,39.73887,-0.314148,13.3,False,Calculada sobre MDT25 © IGN (CC BY 4.0)
node/12713974740,Alto Barrera,Valencia/València,555.0,39.7467243,-0.9679358,553.0,15.0,15.0,False,False,538.0,39.746554,-0.969134,4.4,False,Calculada sobre MDT25 © IGN (CC BY 4.0)
node/12713974783,Puntal del Medio,Valencia/València,648.0,39.3497884,-0.946252,670.0,0.0,0.0,False,True,,,,,False,Calculada sobre MDT25 © IGN (CC BY 4.0)
node/12734154620,Picaio Redó,Valencia/València,346.0,39.7543189,-0.3748253,347.0,92.0,92.0,False,False,255.0,39.760389,-0.388597,14.3,False,Calculada sobre MDT25 © IGN (CC BY 4.0)
node/12741385176,Alto de Tarramau,Castellón/Castelló,753.0,39.9192461,-0.6787911,751.0,16.0,16.0,False,False,735.0,39.919761,-0.681472,5.7,False,Calculada sobre MDT25 © IGN (CC BY 4.0)
node/12748788306,Muntanya de la Forca,Valencia/València,234.0,39.7394218,-0.3632116,235.0,25.0,25.0,False,False,210.0,39.737055,-0.362641,40.7,False,Calculada sobre MDT25 © IGN (CC BY 4.0)
node/12748801719,Muntanyeta de Polo,Valencia/València,203.0,39.7324371,-0.3704173,204.0,21.0,21.0,False,False,183.0,39.733369,-0.368907,7.4,False,Calculada sobre MDT25 © IGN (CC BY 4.0)
node/12748806404,Lloma de la Fontanella,Castellón/Castelló,846.0,40.3131803,-0.1050189,847.0,23.0,23.0,False,False,824.0,40.310608,-0.106886,27.3,False,Calculada sobre MDT25 © IGN (CC BY 4.0)
node/12748898364,Penyes de la Coixa,Alicante/Alacant,814.0,38.4995536,-0.7221908,810.0,30.0,30.0,False,False,780.0,38.500147,-0.719113,24.0,True,Calculada sobre MDT25 © IGN (CC BY 4.0)
node/12748898365,,Alicante/Alacant,812.0,38.4994164,-0.7237009,810.0,30.0,30.0,False,False,780.0,38.500147,-0.719113,129.7,True,Calculada sobre MDT25 © IGN (CC BY 4.0)
node/12748898366,Puntals del Perrió,Alicante/Alacant,777.0,38.4997171,-0.7257769,774.0,2.0,2.0,False,False,772.0,38.499589,-0.725151,32.6,False,Calculada sobre MDT25 © IGN (CC BY 4.0)
node/12748980626,Penyes de la Coixa,Alicante/Alacant,848.0,38.4995041,-0.7137827,847.0,50.0,50.0,False,False,797.0,38.498459,-0.713434,12.9,False,Calculada sobre MDT25 © IGN (CC BY 4.0)
node/12749083785,Tossal de la Serrada,Castellón/Castelló,1088.0,40.3350427,-0.1628054,1090.0,39.0,39.0,False,False,1051.0,40.336345,-0.164051,13.7,False,Calculada sobre MDT25 © IGN (CC BY 4.0)
node/12749130571,Tossal del Coscollar,Castellón/Castelló,751.0,40.2957844,-0.1221726,751.0,35.0,35.0,False,False,716.0,40.29763,-0.119204,13.8,False,Calculada sobre MDT25 © IGN (CC BY 4.0)
node/12749136694,Tossal del Castellar,Castellón/Castelló,1045.0,40.3255955,-0.1589501,1046.0,44.0,44.0,False,False,1002.0,40.328117,-0.159099,45.6,False,Calculada sobre MDT25 © IGN (CC BY 4.0)
node/12750294020,Alto de la Serratilla,Castellón/Castelló,1019.0,40.1836038,-0.3703782,1016.0,22.0,22.0,False,False,994.0,40.181793,-0.370738,1.9,False,Calculada sobre MDT25 © IGN (CC BY 4.0)
node/12752774254,Puntal de la Contienda,Castellón/Castelló,1102.0,40.0372475,-0.7460223,1102.0,45.0,45.0,False,False,1057.0,40.034732,-0.755808,25.4,False,Calculada sobre MDT25 © IGN (CC BY 4.0)
node/12752774255,Alto del Aliaguero,Castellón/Castelló,1098.0,40.0160499,-0.7641031,1101.0,0.0,0.0,False,True,,,,,False,Calculada sobre MDT25 © IGN (CC BY 4.0)
node/12752774256,Alto de las Losas,Castellón/Castelló,1146.0,40.0094093,-0.767374,1147.0,0.0,0.0,False,True,,,,,False,Calculada sobre MDT25 © IGN (CC BY 4.0)
node/12752774257,Alto de Jacobo,Castellón/Castelló,1196.0,40.0032961,-0.7751935,1196.0,4.0,4.0,False,False,1192.0,40.004017,-0.774679,32.1,False,Calculada sobre MDT25 © IGN (CC BY 4.0)
node/12752935794,,Alicante/Alacant,772.0,38.4973986,-0.7290217,772.0,34.0,34.0,False,False,738.0,38.498716,-0.726611,18.4,False,Calculada sobre MDT25 © IGN (CC BY 4.0)
node/12757022666,Pacaire,Castellón/Castelló,831.0,40.0261886,-0.5657264,834.0,20.0,20.0,False,False,814.0,40.025962,-0.566852,29.7,False,Calculada sobre MDT25 © IGN (CC BY 4.0)
node/12757022679,Alto de la Torralbilla,Castellón/Castelló,937.0,40.048087,-0.5833532,943.0,61.0,61.0,False,False,882.0,40.051268,-0.592327,7.3,False,Calculada sobre MDT25 © IGN (CC BY 4.0)
node/12757022680,Peña de la Cabilla,Castellón/Castelló,957.0,40.0461692,-0.6017261,961.0,27.0,27.0,False,False,934.0,40.046097,-0.603644,18.2,False,Calculada sobre MDT25 © IGN (CC BY 4.0)
node/12757244574,Cerro de Aguavientos,Valencia/València,1116.0,39.8042112,-0.8927439,1114.0,29.0,29.0,False,False,1085.0,39.808911,-0.891664,24.4,False,Calculada sobre MDT25 © IGN (CC BY 4.0)
node/12757244575,Peñarroya,Valencia/València,1018.0,39.7907999,-0.9173401,1017.0,14.0,14.0,False,False,1003.0,39.79267,-0.915225,27.1,False,Calculada sobre MDT25 © IGN (CC BY 4.0)
node/12757244577,Alto de la Hoya Redonda,Valencia/València,1025.0,39.8089235,-0.9022407,1023.0,26.0,26.0,False,False,997.0,39.808164,-0.900156,7.5,False,Calculada sobre MDT25 © IGN (CC BY 4.0)
node/12757244578,La Muela,Valencia/València,1029.0,39.8107779,-0.9058885,1029.0,38.0,38.0,False,False,991.0,39.809369,-0.904499,4.3,False,Calculada sobre MDT25 © IGN (CC BY 4.0)
node/12757244579,Puntal de las Cruces,Valencia/València,911.0,39.7868839,-0.9157723,906.0,3.0,3.0,False,False,903.0,39.787723,-0.915666,19.6,False,Calculada sobre MDT25 © IGN (CC BY 4.0)
node/12757244580,Cerro de Palacio,Valencia/València,1238.0,39.9239585,-0.955311,1237.0,49.0,49.0,False,False,1188.0,39.927235,-0.959123,11.0,False,Calculada sobre MDT25 © IGN (CC BY 4.0)
node/12757244582,Alto del Rincón del Tío Blas,Valencia/València,1527.0,39.9680634,-0.9559306,1523.0,0.0,0.0,False,True,,,,,False,Calculada sobre MDT25 © IGN (CC BY 4.0)
node/12757254891,Puntal del Barracón,Valencia/València,789.0,39.8705403,-1.1425236,791.0,10.0,10.0,False,False,781.0,39.869702,-1.14059,22.7,False,Calculada sobre MDT25 © IGN (CC BY 4.0)
node/12757254892,Puntal de la Balsa de Miguela,Valencia/València,932.0,39.8732047,-1.1312957,934.0,13.0,13.0,False,False,921.0,39.876343,-1.133395,14.3,False,Calculada sobre MDT25 © IGN (CC BY 4.0)
node/12757254893,Puntal de la Majada,Valencia/València,934.0,39.8784756,-1.133897,936.0,24.0,24.0,False,False,912.0,39.875794,-1.127271,39.2,False,Calculada sobre MDT25 © IGN (CC BY 4.0)
node/12757254894,Alto del Manzano,Valencia/València,953.0,39.8747817,-1.1217929,955.0,12.0,12.0,False,False,943.0,39.876576,-1.119941,36.8,False,Calculada sobre MDT25 © IGN (CC BY 4.0)
node/12757336675,Alto de Titaguas,Valencia/València,985.0,39.8624801,-1.1267839,981.0,71.0,71.0,False,False,910.0,39.89682,-1.104475,22.7,False,Calculada sobre MDT25 © IGN (CC BY 4.0)
node/12757336676,Alto de Calcina,Valencia/València,961.0,39.8507595,-1.1248273,963.0,32.0,32.0,False,False,931.0,39.857975,-1.12571,17.3,False,Calculada sobre MDT25 © IGN (CC BY 4.0)
node/12757336677,Puntal del Maestro,Valencia/València,938.0,39.8483647,-1.1201475,941.0,4.0,4.0,False,False,937.0,39.850667,-1.11948,31.8,False,Calculada sobre MDT25 © IGN (CC BY 4.0)
node/12757336678,Puntal del Zaragozano,Valencia/València,899.0,39.8439081,-1.1213222,906.0,10.0,10.0,False,False,896.0,39.844641,-1.122858,8.9,False,Calculada sobre MDT25 © IGN (CC BY 4.0)
node/12757336679,Puntal de Torrijos,Valencia/València,945.0,39.8430998,-1.128757,948.0,28.0,28.0,False,False,920.0,39.846269,-1.126028,18.4,False,Calculada sobre MDT25 © IGN (CC BY 4.0)
node/12757336680,Cerro de Somillas,Valencia/València,948.0,39.8377588,-1.1256099,949.0,36.0,36.0,False,False,913.0,39.839557,-1.12884,8.3,False,Calculada sobre MDT25 © IGN (CC BY 4.0)
node/12757336681,Puntal del Caracol,Valencia/València,903.0,39.8387474,-1.1211574,904.0,18.0,18.0,False,False,886.0,39.838553,-1.12244,9.3,False,Calculada sobre MDT25 © IGN (CC BY 4.0)
node/12757336682,Cerro de los Patos,Valencia/València,847.0,39.8143457,-1.1269741,845.0,49.0,49.0,False,False,796.0,39.811824,-1.126964,35.1,False,Calculada sobre MDT25 © IGN (CC BY 4.0)
node/12757336683,Cerro del Olmo,Valencia/València,871.0,39.8087787,-1.1255625,871.0,35.0,35.0,False,False,836.0,39.809736,-1.123224,14.7,False,Calculada sobre MDT25 © IGN (CC BY 4.0)
node/12758194590,Muntanya de la Sima,Valencia/València,303.0,39.7621358,-0.3873217,305.0,37.0,37.0,False,False,268.0,39.762547,-0.38443,4.6,False,Calculada sobre MDT25 © IGN (CC BY 4.0)
node/12771802633,Cabeço de Palanques,Castellón/Castelló,825.0,40.7282282,-0.1889493,825.0,9.0,9.0,False,False,816.0,40.727883,-0.189513,10.7,False,Calculada sobre MDT25 © IGN (CC BY 4.0)
node/12771945910,Mola de Sant Cristòfol,Castellón/Castelló,1126.0,40.6332519,-0.0682032,1125.0,20.0,20.0,False,False,1105.0,40.63587,-0.066278,55.1,False,Calculada sobre MDT25 © IGN (CC BY 4.0)
node/12771945969,Mola de la Pedrera,Castellón/Castelló,1146.0,40.6352222,-0.0818342,1151.0,63.0,63.0,False,False,1088.0,40.640676,-0.078187,14.9,False,Calculada sobre MDT25 © IGN (CC BY 4.0)
node/12771946313,Tossal de Barra,Castellón/Castelló,1115.0,40.6397652,-0.1036057,1116.0,20.0,20.0,False,False,1096.0,40.641647,-0.098837,28.0,False,Calculada sobre MDT25 © IGN (CC BY 4.0)
node/12771946596,Collet de la Querola,Castellón/Castelló,1024.0,40.6280978,-0.0939739,1019.0,46.0,46.0,False,False,973.0,40.629825,-0.094325,14.4,False,Calculada sobre MDT25 © IGN (CC BY 4.0)
node/12773263098,Collet de Santa Creu,Castellón/Castelló,1148.0,40.6797837,-0.1423073,1147.0,16.0,16.0,False,False,1131.0,40.678293,-0.141613,15.8,False,Calculada sobre MDT25 © IGN (CC BY 4.0)
node/12773263407,Collet del Maset de Marc,Castellón/Castelló,872.0,40.6696993,-0.1598191,872.0,26.0,26.0,False,False,846.0,40.668826,-0.159466,17.5,False,Calculada sobre MDT25 © IGN (CC BY 4.0)
node/12773263525,el Castell,Castellón/Castelló,1003.0,40.6556632,-0.1243901,1004.0,7.0,7.0,False,False,997.0,40.655314,-0.123081,19.8,False,Calculada sobre MDT25 © IGN (CC BY 4.0)
node/12773263551,Collet de Mejora,Castellón/Castelló,1063.0,40.6551829,-0.1038981,1065.0,1.0,1.0,False,False,1064.0,40.654137,-0.103026,13.9,False,Calculada sobre MDT25 © IGN (CC BY 4.0)
node/12776140750,el Tossal,Castellón/Castelló,1230.0,40.6980067,0.0239897,1226.0,12.0,12.0,False,False,1214.0,40.697248,0.024578,8.0,False,Calculada sobre MDT25 © IGN (CC BY 4.0)
node/12776140950,la Tossa,Castellón/Castelló,1189.0,40.7226404,-0.0302607,1193.0,7.0,7.0,False,False,1186.0,40.723447,-0.030468,64.1,False,Calculada sobre MDT25 © IGN (CC BY 4.0)
node/12776141102,Collet del Mas d'Antolí,Castellón/Castelló,937.0,40.7359803,-0.1044452,937.0,17.0,17.0,False,False,920.0,40.735006,-0.104255,9.4,False,Calculada sobre MDT25 © IGN (CC BY 4.0)
node/12776141129,Collet del Fossar,Castellón/Castelló,971.0,40.7307711,-0.0872791,971.0,14.0,14.0,False,False,957.0,40.729835,-0.086719,2.4,False,Calculada sobre MDT25 © IGN (CC BY 4.0)
node/12776141239,Colletàs de Segurano,Castellón/Castelló,1024.0,40.7188838,-0.086689,1024.0,11.0,11.0,False,False,1013.0,40.718739,-0.084244,11.6,False,Calculada sobre MDT25 © IGN (CC BY 4.0)
node/12776141296,Collet de Sant Bernabé,Castellón/Castelló,1011.0,40.7220241,-0.0996032,1012.0,23.0,23.0,False,False,989.0,40.721519,-0.096257,15.8,False,Calculada sobre MDT25 © IGN (CC BY 4.0)
node/12776141299,Collet de Panelles,Castellón/Castelló,1003.0,40.7242362,-0.1025462,1003.0,19.0,19.0,False,False,984.0,40.723685,-0.101786,12.6,False,Calculada sobre MDT25 © IGN (CC BY 4.0)
node/12776141500,Collet de les Canalisses,Castellón/Castelló,922.0,40.7564106,-0.139271,924.0,36.0,36.0,False,False,888.0,40.757644,-0.136141,15.9,False,Calculada sobre MDT25 © IGN (CC BY 4.0)
node/12776141869,Collet dels Campets,Castellón/Castelló,731.0,40.7367221,-0.1593018,731.0,15.0,15.0,False,False,716.0,40.735684,-0.158694,12.5,False,Calculada sobre MDT25 © IGN (CC BY 4.0)
node/12776478997,lo Cogulló,Castellón/Castelló,926.0,40.6699392,0.1509092,928.0,15.0,15.0,False,False,913.0,40.670675,0.150834,11.3,False,Calculada sobre MDT25 © IGN (CC BY 4.0)
node/12776478999,la Portella,Castellón/Castelló,987.0,40.6757523,0.155994,985.0,11.0,11.0,False,False,974.0,40.675759,0.154327,16.5,False,Calculada sobre MDT25 © IGN (CC BY 4.0)
node/12777372527,Moleta de la Carcellera,Castellón/Castelló,1020.0,40.6438666,-0.0437647,1021.0,17.0,17.0,False,False,1004.0,40.645209,-0.043993,1.7,False,Calculada sobre MDT25 © IGN (CC BY 4.0)
node/12777372640,Mola d'Arrufat,Castellón/Castelló,1016.0,40.6334752,-0.0274615,1015.0,19.0,19.0,False,False,996.0,40.634617,-0.026135,38.2,False,Calculada sobre MDT25 © IGN (CC BY 4.0)
node/12777372641,Moleta Tancada,Castellón/Castelló,1010.0,40.6312433,-0.0272532,1010.0,16.0,16.0,False,False,994.0,40.632399,-0.027416,7.4,False,Calculada sobre MDT25 © IGN (CC BY 4.0)
node/12777372657,Collet del Corb,Castellón/Castelló,1012.0,40.6262511,-0.0090505,1011.0,37.0,37.0,False,False,974.0,40.628406,-0.003654,5.1,False,Calculada sobre MDT25 © IGN (CC BY 4.0)
node/12777373104,Tossal Redó,Castellón/Castelló,814.0,40.6638917,0.1636146,814.0,53.0,53.0,False,False,761.0,40.665614,0.163015,13.0,False,Calculada sobre MDT25 © IGN (CC BY 4.0)
node/12777373109,lo Serrall,Castellón/Castelló,837.0,40.6628383,0.1519313,837.0,21.0,21.0,False,False,816.0,40.663889,0.151993,58.2,False,Calculada sobre MDT25 © IGN (CC BY 4.0)
node/12777373117,Roques del Ballestar,Castellón/Castelló,989.0,40.6729168,0.1605262,963.0,6.0,6.0,False,False,957.0,40.67334,0.160424,10.9,False,Calculada sobre MDT25 © IGN (CC BY 4.0)
node/12784846726,Collet de Cap de Barranc,Castellón/Castelló,1082.0,40.7108696,-0.1030657,1083.0,23.0,23.0,False,False,1060.0,40.708615,-0.10244,27.4,False,Calculada sobre MDT25 © IGN (CC BY 4.0)
node/12784858102,la Tossa,Castellón/Castelló,1091.0,40.6645406,-0.1232696,1091.0,26.0,26.0,False,False,1065.0,40.665407,-0.121464,1.3,False,Calculada sobre MDT25 © IGN (CC BY 4.0)
node/12790145537,la Devesa,Castellón/Castelló,1222.0,40.6549068,0.100303,1223.0,35.0,35.0,False,False,1188.0,40.656558,0.098428,15.2,False,Calculada sobre MDT25 © IGN (CC BY 4.0)
node/12794318123,Tossal del Corral de Santa Àgueda,Castellón/Castelló,1255.0,40.5843091,0.0087446,1250.0,17.0,17.0,False,False,1233.0,40.584668,0.007092,19.2,False,Calculada sobre MDT25 © IGN (CC BY 4.0)
node/12800763484,,Alicante/Alacant,571.0,38.8300778,-0.2988816,571.0,5.0,5.0,False,False,566.0,38.829046,-0.298019,13.1,False,Calculada sobre MDT25 © IGN (CC BY 4.0)
node/12805087149,Tossalet de les Rotes,Castellón/Castelló,1241.0,40.584982,0.0062101,1237.0,2.0,2.0,False,False,1235.0,40.585187,0.004457,26.8,False,Calculada sobre MDT25 © IGN (CC BY 4.0)
node/12807128090,Peña Redonda,Castellón/Castelló,1079.0,40.634518,-0.3415096,1076.0,28.0,28.0,False,False,1048.0,40.635578,-0.342366,9.5,False,Calculada sobre MDT25 © IGN (CC BY 4.0)
node/12810436571,Pico del Mas del Arco,Castellón/Castelló,1122.0,40.6507224,-0.3227609,1119.0,24.0,24.0,False,False,1095.0,40.650031,-0.324644,9.6,False,Calculada sobre MDT25 © IGN (CC BY 4.0)
node/12810561375,Collet del Mas de Vinyals,Castellón/Castelló,1109.0,40.6820008,-0.2732581,1099.0,3.0,3.0,False,False,1096.0,40.681939,-0.273675,12.8,False,Calculada sobre MDT25 © IGN (CC BY 4.0)
node/12825394769,el Quartelet,Castellón/Castelló,922.0,40.536275,0.0285977,922.0,27.0,27.0,False,False,895.0,40.534804,0.028174,11.7,False,Calculada sobre MDT25 © IGN (CC BY 4.0)
node/12830088239,Penyes de Giner,Valencia/València,233.0,38.8936421,-0.2255189,231.0,1.0,1.0,False,False,230.0,38.894021,-0.22581,16.4,False,Calculada sobre MDT25 © IGN (CC BY 4.0)
node/12838479445,Coll Gros,Castellón/Castelló,243.0,40.4476574,0.3127456,246.0,26.0,26.0,False,False,220.0,40.448728,0.309323,31.2,False,Calculada sobre MDT25 © IGN (CC BY 4.0)
node/12838479494,Coll de la Font,Castellón/Castelló,273.0,40.4572012,0.2928221,272.0,55.0,55.0,False,False,217.0,40.452654,0.29802,39.7,False,Calculada sobre MDT25 © IGN (CC BY 4.0)
node/12843843397,Ferradura,Castellón/Castelló,501.0,40.1276865,0.0891,500.0,8.0,8.0,False,False,492.0,40.126989,0.088309,15.4,False,Calculada sobre MDT25 © IGN (CC BY 4.0)
node/12846468619,El Tis,Castellón/Castelló,1310.0,40.1790037,-0.4278008,1311.0,294.0,294.0,False,False,1017.0,40.186318,-0.452192,2.1,False,Calculada sobre MDT25 © IGN (CC BY 4.0)
node/12846509972,Cabezo Blanco,Castellón/Castelló,1340.0,40.2094378,-0.4894879,1339.0,156.0,156.0,False,False,1183.0,40.216205,-0.490436,26.1,False,Calculada sobre MDT25 © IGN (CC BY 4.0)
node/12846549953,Alt de la Figuera,Castellón/Castelló,1162.0,40.5268992,-0.0499302,1160.0,22.0,22.0,False,False,1138.0,40.528287,-0.050616,11.9,False,Calculada sobre MDT25 © IGN (CC BY 4.0)
node/12847087010,Regatxol,Castellón/Castelló,1259.0,40.6486641,0.0127102,1259.0,127.0,127.0,False,False,1132.0,40.656684,-2.3e-05,8.0,False,Calculada sobre MDT25 © IGN (CC BY 4.0)
node/12847227986,el Collado,Castellón/Castelló,1071.0,40.1468252,-0.3522278,1072.0,170.0,170.0,False,False,902.0,40.171693,-0.362321,43.1,False,Calculada sobre MDT25 © IGN (CC BY 4.0)
node/12847228680,,Castellón/Castelló,1047.0,40.5457182,-0.1448586,1046.0,68.0,68.0,False,False,978.0,40.560767,-0.124183,4.5,False,Calculada sobre MDT25 © IGN (CC BY 4.0)
node/12847277069,Alto de Yuste,Castellón/Castelló,1030.0,39.8600411,-0.6730239,1029.0,74.0,74.0,False,False,955.0,39.85916,-0.680591,46.0,False,Calculada sobre MDT25 © IGN (CC BY 4.0)
node/12848941518,Canto de Peroto,Castellón/Castelló,1381.0,40.4453059,-0.3044835,1380.0,18.0,18.0,False,False,1362.0,40.44191,-0.30315,70.0,False,Calculada sobre MDT25 © IGN (CC BY 4.0)
node/12849004055,el Bovalar,Castellón/Castelló,1021.0,40.3701606,-0.1441057,1025.0,50.0,50.0,False,False,975.0,40.367564,-0.142428,28.4,False,Calculada sobre MDT25 © IGN (CC BY 4.0)
node/12849427502,Mola del Carrascal,Castellón/Castelló,1268.0,40.6693745,-0.0881106,1265.0,148.0,148.0,False,False,1117.0,40.645028,0.057987,21.6,False,Calculada sobre MDT25 © IGN (CC BY 4.0)
node/12869447970,Muntanyeta de Sant Salvador,Valencia/València,91.0,39.1525691,-0.4186231,92.0,24.0,24.0,False,False,68.0,39.154457,-0.414916,12.3,False,Calculada sobre MDT25 © IGN (CC BY 4.0)
node/12872059222,Tossal del Molinell,Castellón/Castelló,784.0,40.3368824,-0.1106143,785.0,34.0,34.0,False,False,751.0,40.334729,-0.107915,14.4,False,Calculada sobre MDT25 © IGN (CC BY 4.0)
node/12893846197,Alto de Zirinagre,Castellón/Castelló,801.0,39.9900172,-0.4182995,802.0,27.0,27.0,False,False,775.0,39.99216,-0.420191,20.1,False,Calculada sobre MDT25 © IGN (CC BY 4.0)
node/12946525199,el Cabeço,Castellón/Castelló,739.0,40.1631819,-0.3021405,739.0,51.0,51.0,False,False,688.0,40.16445,-0.302135,44.7,False,Calculada sobre MDT25 © IGN (CC BY 4.0)
node/12949353436,Tossal del Mas de la Parra,Castellón/Castelló,834.0,40.1558147,-0.2459964,835.0,50.0,50.0,False,False,785.0,40.155622,-0.242906,16.2,False,Calculada sobre MDT25 © IGN (CC BY 4.0)
node/12949353579,Benagualit,Castellón/Castelló,552.0,40.1549497,-0.2909231,552.0,39.0,39.0,False,False,513.0,40.15545,-0.292806,12.9,False,Calculada sobre MDT25 © IGN (CC BY 4.0)
node/12949353805,Picaio de la Crebada,Castellón/Castelló,1003.0,40.1562535,-0.3428185,1004.0,27.0,27.0,False,False,977.0,40.154137,-0.343044,16.1,False,Calculada sobre MDT25 © IGN (CC BY 4.0)
node/12949353806,la Torreta,Castellón/Castelló,1034.0,40.1522846,-0.3428185,1034.0,58.0,58.0,False,False,976.0,40.155621,-0.348856,5.1,False,Calculada sobre MDT25 © IGN (CC BY 4.0)
node/12956010515,Monte de la Cerlamena,Castellón/Castelló,541.0,39.8916734,-0.4658211,540.0,10.0,10.0,False,False,530.0,39.891617,-0.466652,9.3,False,Calculada sobre MDT25 © IGN (CC BY 4.0)
node/12968942492,Alto del Gavino,Castellón/Castelló,349.0,39.8232241,-0.4493643,348.0,47.0,47.0,False,False,301.0,39.823499,-0.451632,5.0,False,Calculada sobre MDT25 © IGN (CC BY 4.0)
node/12968942497,Monte Royo,Castellón/Castelló,388.0,39.8462741,-0.4649425,387.0,58.0,58.0,False,False,329.0,39.858569,-0.469329,14.6,False,Calculada sobre MDT25 © IGN (CC BY 4.0)
node/12969089011,Peñas Malas,Castellón/Castelló,401.0,39.8388568,-0.4414294,401.0,57.0,57.0,False,False,344.0,39.841218,-0.438122,25.9,False,Calculada sobre MDT25 © IGN (CC BY 4.0)
node/12987532435,el Mollonàs,Castellón/Castelló,1044.0,40.3387266,-0.1786673,1046.0,37.0,37.0,False,False,1009.0,40.334644,-0.177364,0.4,False,Calculada sobre MDT25 © IGN (CC BY 4.0)
node/12987532799,Roca de Penyacalba,Castellón/Castelló,975.0,40.320737,-0.196327,974.0,34.0,34.0,False,False,940.0,40.32038,-0.192669,13.7,False,Calculada sobre MDT25 © IGN (CC BY 4.0)
node/12988616228,,Castellón/Castelló,1514.0,40.2303158,-0.5053389,1514.0,5.0,5.0,False,False,1509.0,40.230518,-0.506655,23.1,False,Calculada sobre MDT25 © IGN (CC BY 4.0)
node/12988616229,,Castellón/Castelló,1503.0,40.2317697,-0.5103332,1503.0,7.0,7.0,False,False,1496.0,40.231038,-0.509868,33.5,False,Calculada sobre MDT25 © IGN (CC BY 4.0)
node/12988616230,,Castellón/Castelló,1514.0,40.2306189,-0.5074793,1514.0,75.0,75.0,False,False,1439.0,40.234558,-0.516497,64.4,False,Calculada sobre MDT25 © IGN (CC BY 4.0)
node/13005335831,Tossal de la Foieta,Castellón/Castelló,1062.0,40.3462416,-0.1703417,1064.0,33.0,33.0,False,False,1031.0,40.341177,-0.168263,32.0,False,Calculada sobre MDT25 © IGN (CC BY 4.0)
node/13019193359,Tossal de la Ferritja,Castellón/Castelló,849.0,40.309603,-0.101425,851.0,39.0,39.0,False,False,812.0,40.303474,-0.136897,18.1,False,Calculada sobre MDT25 © IGN (CC BY 4.0)
node/13019193361,Tossal d'Arinesa,Castellón/Castelló,1003.0,40.3165896,-0.1532775,1004.0,34.0,34.0,False,False,970.0,40.317065,-0.158386,15.6,False,Calculada sobre MDT25 © IGN (CC BY 4.0)
node/13032428159,Tossal de la Bassa d'en Ponç,Castellón/Castelló,902.0,40.3469949,-0.1953258,896.0,30.0,30.0,False,False,866.0,40.345765,-0.190144,79.8,False,Calculada sobre MDT25 © IGN (CC BY 4.0)
node/13032531623,Tossal del Mas de l'Home,Castellón/Castelló,1003.0,40.3092471,-0.172745,1003.0,45.0,45.0,False,False,958.0,40.315597,-0.17198,33.3,False,Calculada sobre MDT25 © IGN (CC BY 4.0)
node/13037567243,el Tossal,Castellón/Castelló,968.0,40.3887817,-0.1427339,967.0,27.0,27.0,False,False,940.0,40.389341,-0.148869,5.2,False,Calculada sobre MDT25 © IGN (CC BY 4.0)
node/13037595372,Lloma de la Verola,Castellón/Castelló,925.0,40.3917965,-0.1266442,927.0,21.0,21.0,False,False,906.0,40.393221,-0.132802,16.5,False,Calculada sobre MDT25 © IGN (CC BY 4.0)
node/13042222828,el Matxorral,Castellón/Castelló,726.0,40.3461843,-0.0694263,727.0,57.0,57.0,False,False,670.0,40.349144,-0.072275,29.6,False,Calculada sobre MDT25 © IGN (CC BY 4.0)
node/13042222846,Tossal de la Fembra,Castellón/Castelló,734.0,40.343723,-0.0444067,735.0,106.0,106.0,False,False,629.0,40.358098,-0.06129,12.4,False,Calculada sobre MDT25 © IGN (CC BY 4.0)
node/13045717277,Tossal de Celades,Castellón/Castelló,868.0,40.3659697,-0.1855231,869.0,32.0,32.0,False,False,837.0,40.369695,-0.174134,21.8,False,Calculada sobre MDT25 © IGN (CC BY 4.0)
node/13045717416,Lloma del Bord,Castellón/Castelló,974.0,40.3638769,-0.1605249,974.0,33.0,33.0,False,False,941.0,40.365365,-0.153708,16.2,False,Calculada sobre MDT25 © IGN (CC BY 4.0)
node/13045717669,la Talaia,Castellón/Castelló,884.0,40.3969768,-0.1251626,883.0,15.0,15.0,False,False,868.0,40.395963,-0.125322,39.3,False,Calculada sobre MDT25 © IGN (CC BY 4.0)
node/13045717786,Tossal del Blanco,Castellón/Castelló,904.0,40.3920332,-0.1204044,904.0,9.0,9.0,False,False,895.0,40.391819,-0.12167,7.0,False,Calculada sobre MDT25 © IGN (CC BY 4.0)
node/13045717883,la Tossa,Castellón/Castelló,894.0,40.3814505,-0.1103246,893.0,3.0,3.0,False,False,890.0,40.380532,-0.11155,39.8,False,Calculada sobre MDT25 © IGN (CC BY 4.0)
node/13045843184,Tossal del Cier Bord,Castellón/Castelló,845.0,40.3670242,-0.1103461,848.0,0.0,0.0,False,True,,,,,False,Calculada sobre MDT25 © IGN (CC BY 4.0)
node/13045857427,el Curulló de la Costa,Castellón/Castelló,921.0,40.3535044,-0.1195943,920.0,13.0,13.0,False,False,907.0,40.354172,-0.120035,15.0,False,Calculada sobre MDT25 © IGN (CC BY 4.0)
node/13046467679,Tossal del Mas d'Insa,Castellón/Castelló,919.0,40.3527317,-0.0960043,919.0,71.0,71.0,False,False,848.0,40.351692,-0.101892,38.3,False,Calculada sobre MDT25 © IGN (CC BY 4.0)
node/13046467680,el Prim de la Selleta,Castellón/Castelló,918.0,40.3569811,-0.0942206,918.0,5.0,5.0,False,False,913.0,40.355121,-0.094975,61.2,False,Calculada sobre MDT25 © IGN (CC BY 4.0)
node/13048178775,la Serra,Castellón/Castelló,325.0,40.5067127,0.302875,327.0,14.0,14.0,False,False,313.0,40.507709,0.301898,21.1,False,Calculada sobre MDT25 © IGN (CC BY 4.0)
node/13057082242,Lloma del Saulonar,Castellón/Castelló,907.0,40.3984744,-0.1709626,909.0,89.0,89.0,False,False,820.0,40.39799,-0.161758,33.2,False,Calculada sobre MDT25 © IGN (CC BY 4.0)
node/13059459819,Tossal del Pedacet,Castellón/Castelló,816.0,40.2887578,-0.1614261,815.0,76.0,76.0,False,False,739.0,40.291536,-0.164162,17.5,False,Calculada sobre MDT25 © IGN (CC BY 4.0)
node/13065594957,Castell d'Àsens,Castellón/Castelló,1005.0,40.3713657,-0.1422751,1005.0,3.0,3.0,False,False,1002.0,40.371177,-0.142864,2.6,False,Calculada sobre MDT25 © IGN (CC BY 4.0)
node/13084855309,Tossalet de Sant Pere,Castellón/Castelló,972.4,40.585183,-0.0750193,971.0,35.0,35.0,False,False,936.0,40.582473,-0.073931,22.9,False,Calculada sobre MDT25 © IGN (CC BY 4.0)
node/13084910706,el Colomar de Martí,Castellón/Castelló,958.23,40.5837549,-0.0793782,958.0,0.0,0.0,False,True,,,,,False,Calculada sobre MDT25 © IGN (CC BY 4.0)
node/13085530046,Tossal de Tàfer,Castellón/Castelló,821.0,40.2826695,-0.098708,822.0,129.0,129.0,False,False,693.0,40.287414,-0.097878,30.2,False,Calculada sobre MDT25 © IGN (CC BY 4.0)
node/13085606693,Tossal Redó,Castellón/Castelló,698.0,40.3494469,-0.0517881,699.0,41.0,41.0,False,False,658.0,40.35033,-0.048089,19.8,False,Calculada sobre MDT25 © IGN (CC BY 4.0)
node/13085606853,els Collets,Castellón/Castelló,728.0,40.3565301,-0.0742307,731.0,12.0,12.0,False,False,719.0,40.356229,-0.076383,12.5,False,Calculada sobre MDT25 © IGN (CC BY 4.0)
node/13085620550,Tossal de l'Olivera,Castellón/Castelló,698.0,40.3616533,-0.054642,699.0,25.0,25.0,False,False,674.0,40.359433,-0.051812,29.7,False,Calculada sobre MDT25 © IGN (CC BY 4.0)
node/13085648548,el Bosquet,Castellón/Castelló,705.0,40.3436273,-0.0509271,706.0,16.0,16.0,False,False,690.0,40.342885,-0.047531,16.4,False,Calculada sobre MDT25 © IGN (CC BY 4.0)
node/13085651953,el Puig,Castellón/Castelló,830.0,40.3710249,-0.0184663,828.0,67.0,67.0,False,False,761.0,40.37299,-0.01854,15.3,False,Calculada sobre MDT25 © IGN (CC BY 4.0)
node/13089507029,Corona del Tozal,Castellón/Castelló,1099.0,40.6688966,-0.359343,1098.0,76.0,76.0,False,False,1022.0,40.64682,-0.35138,19.5,False,Calculada sobre MDT25 © IGN (CC BY 4.0)
node/13096443614,Tossal del Mas de la Cova,Castellón/Castelló,833.0,40.3450477,-0.1265574,834.0,53.0,53.0,False,False,781.0,40.34625,-0.127436,7.2,False,Calculada sobre MDT25 © IGN (CC BY 4.0)
node/13097294092,Collet de la Carrera,Castellón/Castelló,513.0,40.2548761,-0.1234567,513.0,25.0,25.0,False,False,488.0,40.253758,-0.120773,18.3,False,Calculada sobre MDT25 © IGN (CC BY 4.0)
node/13104536603,Tossal del Blanco,Castellón/Castelló,618.0,40.2803114,-0.0823009,618.0,13.0,13.0,False,False,605.0,40.281428,-0.083727,5.1,False,Calculada sobre MDT25 © IGN (CC BY 4.0)
node/13128898912,Alto de la Hoya del Agua,Castellón/Castelló,1080.0,39.961168,-0.6596747,1079.0,16.0,16.0,False,False,1063.0,39.961933,-0.661901,18.1,False,Calculada sobre MDT25 © IGN (CC BY 4.0)
node/13128898918,Alto Morca,Castellón/Castelló,972.0,39.9675072,-0.6437596,973.0,9.0,9.0,False,False,964.0,39.968566,-0.644699,12.7,False,Calculada sobre MDT25 © IGN (CC BY 4.0)
node/13158844713,Collet del Mas de l'Orde,Castellón/Castelló,1068.0,40.4970638,-0.1274136,1068.0,58.0,58.0,False,False,1010.0,40.492219,-0.129474,32.7,False,Calculada sobre MDT25 © IGN (CC BY 4.0)
node/13160914074,Muntanya del Codoval,Valencia/València,273.0,39.7376286,-0.2943993,272.0,75.0,75.0,False,False,197.0,39.732021,-0.300413,12.4,False,Calculada sobre MDT25 © IGN (CC BY 4.0)
node/13165673667,Tossal del Mas de Martí,Castellón/Castelló,875.0,40.4143164,0.0037977,873.0,43.0,43.0,False,False,830.0,40.419241,0.004126,31.5,False,Calculada sobre MDT25 © IGN (CC BY 4.0)
node/13246888441,la Garrofera,Castellón/Castelló,515.0,40.4332289,0.1241863,515.0,43.0,43.0,False,False,472.0,40.423261,0.124223,10.2,False,Calculada sobre MDT25 © IGN (CC BY 4.0)
node/13248894121,la Bastida,Castellón/Castelló,834.0,40.4808303,0.1057863,833.0,15.0,15.0,False,False,818.0,40.480786,0.103595,17.2,False,Calculada sobre MDT25 © IGN (CC BY 4.0)
node/13248894168,Roca dels Ermitans,Castellón/Castelló,689.0,40.4661477,0.0989735,688.0,11.0,11.0,False,False,677.0,40.467411,0.098556,17.0,False,Calculada sobre MDT25 © IGN (CC BY 4.0)
node/13248894169,Serreta Mitjana,Castellón/Castelló,541.0,40.4211416,0.2036118,541.0,10.0,10.0,False,False,531.0,40.420569,0.206003,20.7,False,Calculada sobre MDT25 © IGN (CC BY 4.0)
node/13248894190,lo Tormo,Castellón/Castelló,616.0,40.4210242,0.2112038,616.0,24.0,24.0,False,False,592.0,40.420164,0.212465,16.7,False,Calculada sobre MDT25 © IGN (CC BY 4.0)
node/13248894191,Molló dels Cinc Termes,Castellón/Castelló,824.0,40.481094,0.0916061,824.0,27.0,27.0,False,False,797.0,40.479816,0.089395,7.6,False,Calculada sobre MDT25 © IGN (CC BY 4.0)
node/13250590911,Tossal del Cingle de Piquer,Castellón/Castelló,850.0,40.2772632,-0.0093044,850.0,31.0,31.0,False,False,819.0,40.278218,-0.01095,18.6,False,Calculada sobre MDT25 © IGN (CC BY 4.0)
node/13250590928,Tossal del Parral,Castellón/Castelló,625.0,40.2843301,-0.0391924,624.0,25.0,25.0,False,False,599.0,40.284544,-0.038017,2.3,False,Calculada sobre MDT25 © IGN (CC BY 4.0)
node/13250780587,Pico del Castellar,Valencia/València,713.0,39.3843826,-1.0544883,708.0,14.0,14.0,False,False,694.0,39.383129,-1.054306,12.9,False,Calculada sobre MDT25 © IGN (CC BY 4.0)
node/13263942844,Peña del Calvo,Castellón/Castelló,1083.16,39.9503014,-0.7405731,1083.0,35.0,35.0,False,False,1048.0,39.951183,-0.744496,51.6,False,Calculada sobre MDT25 © IGN (CC BY 4.0)
node/13278286815,Cabeza de Castellano,Valencia/València,1245.0,40.0735213,-1.4027913,1247.0,9.0,9.0,False,False,1238.0,40.072717,-1.403033,24.0,False,Calculada sobre MDT25 © IGN (CC BY 4.0)
node/13278286851,Cabeza de Ripol,Valencia/València,1252.0,40.0778647,-1.406591,1254.0,6.0,6.0,False,False,1248.0,40.076605,-1.40734,42.5,False,Calculada sobre MDT25 © IGN (CC BY 4.0)
node/13278287006,El Cabezo,Valencia/València,1446.0,40.1041261,-1.4019773,1445.0,53.0,53.0,False,False,1392.0,40.102027,-1.40528,12.2,False,Calculada sobre MDT25 © IGN (CC BY 4.0)
node/13281251919,Puntal de la Pieza Rasa,Valencia/València,1064.0,40.0448607,-1.2302457,1065.0,7.0,7.0,False,False,1058.0,40.043854,-1.230225,24.8,False,Calculada sobre MDT25 © IGN (CC BY 4.0)
node/13284899159,Cerro de la Peña,Valencia/València,1258.0,40.0729299,-1.1456582,1256.0,61.0,61.0,False,False,1195.0,40.074263,-1.144125,25.8,False,Calculada sobre MDT25 © IGN (CC BY 4.0)
node/13284899160,Puntal de la Canaleja,Valencia/València,1392.0,40.0752286,-1.1266861,1390.0,26.0,26.0,False,False,1364.0,40.0733,-1.126268,16.6,False,Calculada sobre MDT25 © IGN (CC BY 4.0)
node/13284899167,Puntal de la Hoyuela,Valencia/València,1324.0,40.06895,-1.1301337,1318.0,17.0,17.0,False,False,1301.0,40.068619,-1.129328,15.7,False,Calculada sobre MDT25 © IGN (CC BY 4.0)
node/13285069730,Puntal de las Setenas,Valencia/València,1452.0,40.0487215,-1.1218043,1461.0,0.0,0.0,False,True,,,,,False,Calculada sobre MDT25 © IGN (CC BY 4.0)
node/13285069731,Puntal de Sacristán,Valencia/València,1493.0,40.0477792,-1.1173921,1493.0,3.0,3.0,False,False,1490.0,40.047694,-1.116712,37.2,False,Calculada sobre MDT25 © IGN (CC BY 4.0)
node/13298104162,la Torre,Castellón/Castelló,212.0,40.3694424,0.307608,211.0,32.0,32.0,False,False,179.0,40.372244,0.306752,19.1,False,Calculada sobre MDT25 © IGN (CC BY 4.0)
node/13298109332,,Castellón/Castelló,405.0,40.3873301,0.2937019,403.0,27.0,27.0,False,False,376.0,40.388438,0.291643,9.6,False,Calculada sobre MDT25 © IGN (CC BY 4.0)
node/13298109333,,Castellón/Castelló,417.0,40.3887739,0.2882734,416.0,18.0,18.0,False,False,398.0,40.391186,0.29001,12.7,False,Calculada sobre MDT25 © IGN (CC BY 4.0)
node/13298112146,,Castellón/Castelló,507.0,40.3307854,0.3069569,508.0,12.0,12.0,False,False,496.0,40.329971,0.304685,14.8,False,Calculada sobre MDT25 © IGN (CC BY 4.0)
node/13304335244,Pico del Portillo,Valencia/València,1231.0,40.0298716,-1.2156011,1229.0,4.0,4.0,False,False,1225.0,40.030571,-1.215919,4.2,False,Calculada sobre MDT25 © IGN (CC BY 4.0)
node/13304335245,Alto del Gazapo,Valencia/València,1226.0,40.0294935,-1.2185708,1224.0,4.0,4.0,False,False,1220.0,40.029919,-1.217401,1.4,False,Calculada sobre MDT25 © IGN (CC BY 4.0)
node/13304392439,El Peñón,Valencia/València,1132.0,40.1802159,-1.3034012,1130.0,12.0,12.0,False,False,1118.0,40.181454,-1.30476,21.0,False,Calculada sobre MDT25 © IGN (CC BY 4.0)
node/13304801261,Puntal del Cementeri,Valencia/València,439.0,39.7075808,-0.5332929,439.0,68.0,68.0,False,False,371.0,39.7097,-0.531933,36.9,False,Calculada sobre MDT25 © IGN (CC BY 4.0)
node/13305158350,Loma de las Goyosas,Valencia/València,1134.0,40.0934885,-1.1652656,1133.0,8.0,8.0,False,False,1125.0,40.093721,-1.163831,22.0,False,Calculada sobre MDT25 © IGN (CC BY 4.0)
node/13305199880,Puntal de los Viudos,Valencia/València,1058.0,40.1054978,-1.1859399,1056.0,10.0,10.0,False,False,1046.0,40.103968,-1.185259,15.0,False,Calculada sobre MDT25 © IGN (CC BY 4.0)
node/13305200181,Puntal del Toconar,Valencia/València,1148.0,40.1098146,-1.1525538,1146.0,18.0,18.0,False,False,1128.0,40.108838,-1.151398,6.4,False,Calculada sobre MDT25 © IGN (CC BY 4.0)
node/13307020910,Peñas de Calisto,Valencia/València,1244.0,40.0963367,-1.1442038,1243.0,28.0,28.0,False,False,1215.0,40.094763,-1.144448,52.8,False,Calculada sobre MDT25 © IGN (CC BY 4.0)
node/13307021085,Loma del Cuervo,Valencia/València,1493.0,40.0878348,-1.1111112,1489.0,2.0,2.0,False,False,1487.0,40.08791,-1.110619,19.1,False,Calculada sobre MDT25 © IGN (CC BY 4.0)
node/13307021086,Puntal del Mozo,Valencia/València,1751.0,40.0788695,-1.1066117,1749.0,4.0,4.0,False,False,1745.0,40.078589,-1.105307,12.5,False,Calculada sobre MDT25 © IGN (CC BY 4.0)
node/13308098701,Penya Negra,Alicante/Alacant,371.0,38.2733507,-0.8268838,371.0,14.0,14.0,False,False,357.0,38.273793,-0.827947,6.6,False,Calculada sobre MDT25 © IGN (CC BY 4.0)
node/13308830594,El Romance,Valencia/València,1209.0,40.092799,-1.2136061,1208.0,36.0,36.0,False,False,1172.0,40.086494,-1.205663,35.5,False,Calculada sobre MDT25 © IGN (CC BY 4.0)
node/13309104149,Puntal de los Boteros,Valencia/València,919.0,40.0916425,-1.3108834,919.0,14.0,14.0,False,False,905.0,40.091925,-1.312262,18.6,False,Calculada sobre MDT25 © IGN (CC BY 4.0)
node/13309104161,Puntal de Broza,Valencia/València,864.0,40.0858108,-1.3056851,860.0,13.0,13.0,False,False,847.0,40.085994,-1.307131,24.7,False,Calculada sobre MDT25 © IGN (CC BY 4.0)
node/13311566595,Puntal de los Chamorros,Valencia/València,1229.0,40.1317904,-1.3486551,1229.0,44.0,44.0,False,False,1185.0,40.134368,-1.350533,17.3,False,Calculada sobre MDT25 © IGN (CC BY 4.0)
node/13322567189,Penya del Castellet,Alicante/Alacant,921.0,38.6988914,-0.1940187,920.0,20.0,20.0,False,False,900.0,38.699089,-0.193123,76.7,False,Calculada sobre MDT25 © IGN (CC BY 4.0)
node/13324798095,Loma de la Barquilla,Valencia/València,883.0,39.8875664,-1.1929305,883.0,6.0,6.0,False,False,877.0,39.888567,-1.19417,12.1,False,Calculada sobre MDT25 © IGN (CC BY 4.0)
node/13324798330,El Castillo,Valencia/València,969.0,39.8660948,-1.1786415,967.0,77.0,77.0,False,False,890.0,39.869188,-1.179186,27.6,False,Calculada sobre MDT25 © IGN (CC BY 4.0)
node/13324798331,Puntal del Collado de la Hita,Valencia/València,924.0,39.8666381,-1.1705013,927.0,59.0,59.0,False,False,868.0,39.86662,-1.173409,29.6,False,Calculada sobre MDT25 © IGN (CC BY 4.0)
node/13326808698,Peña Rubia,Valencia/València,836.0,39.8330122,-1.1539857,839.0,13.0,13.0,False,False,826.0,39.832539,-1.154739,12.3,False,Calculada sobre MDT25 © IGN (CC BY 4.0)
node/13326808711,Puntal del Colmenero,Valencia/València,1125.0,39.8346099,-1.1781911,1128.0,26.0,26.0,False,False,1102.0,39.835606,-1.177737,17.5,False,Calculada sobre MDT25 © IGN (CC BY 4.0)
node/13326808712,Alto del Cerro Campana,Valencia/València,1133.0,39.8362164,-1.1773686,1135.0,121.0,121.0,False,False,1014.0,39.840558,-1.191922,8.3,False,Calculada sobre MDT25 © IGN (CC BY 4.0)
node/13326808714,Puntal de la Sierra,Valencia/València,1124.0,39.837854,-1.1829569,1125.0,11.0,11.0,False,False,1114.0,39.837687,-1.181188,9.7,False,Calculada sobre MDT25 © IGN (CC BY 4.0)
node/13328034370,Cerro de la Cueva del Canjirón,Valencia/València,844.0,39.7943933,-1.172626,844.0,14.0,14.0,False,False,830.0,39.794566,-1.174733,11.1,False,Calculada sobre MDT25 © IGN (CC BY 4.0)
node/13328168198,Puntal de las Lentiscosas,Valencia/València,683.0,39.7731895,-1.1217532,681.0,13.0,13.0,False,False,668.0,39.772599,-1.124817,14.5,False,Calculada sobre MDT25 © IGN (CC BY 4.0)
node/13328596627,Valdesierra,Valencia/València,976.0,39.7746153,-1.1501243,972.0,162.0,162.0,False,False,810.0,39.782515,-1.167461,4.7,False,Calculada sobre MDT25 © IGN (CC BY 4.0)
node/13328596701,Cerro del Caco,Valencia/València,754.0,39.7740837,-1.1348806,751.0,35.0,35.0,False,False,716.0,39.774588,-1.136439,10.1,False,Calculada sobre MDT25 © IGN (CC BY 4.0)
node/13328596869,Los Picachos,Valencia/València,717.0,39.7558215,-1.108122,715.0,17.0,17.0,False,False,698.0,39.755721,-1.111852,18.8,False,Calculada sobre MDT25 © IGN (CC BY 4.0)
node/13328596870,Valdeserrillas,Valencia/València,774.0,39.7558215,-1.1258068,772.0,132.0,132.0,False,False,640.0,39.758284,-1.131042,23.5,False,Calculada sobre MDT25 © IGN (CC BY 4.0)
node/13328704871,Peñón de Valdesierras,Valencia/València,882.0,39.7698557,-1.1437261,880.0,3.0,3.0,False,False,877.0,39.769536,-1.144456,16.7,False,Calculada sobre MDT25 © IGN (CC BY 4.0)
node/13328843040,Cerro de la Sabina,Valencia/València,1043.0,39.8075493,-1.2143366,1044.0,9.0,9.0,False,False,1035.0,39.808247,-1.21438,5.8,False,Calculada sobre MDT25 © IGN (CC BY 4.0)
node/13328843081,El Contador,Valencia/València,764.0,39.759938,-1.1818535,763.0,12.0,12.0,False,False,751.0,39.760892,-1.181751,20.1,False,Calculada sobre MDT25 © IGN (CC BY 4.0)
node/13328843191,Puntal de en Medio,Valencia/València,1103.0,39.6790705,-1.1663496,1103.0,14.0,14.0,False,False,1089.0,39.678003,-1.167312,7.1,False,Calculada sobre MDT25 © IGN (CC BY 4.0)
node/13328843192,Cerro de la Mentira,Valencia/València,1116.0,39.6766398,-1.1588126,1114.0,24.0,24.0,False,False,1090.0,39.674286,-1.160124,15.3,False,Calculada sobre MDT25 © IGN (CC BY 4.0)
node/13328843249,Cerro de Clavillas,Valencia/València,1012.0,39.6881579,-1.1633114,1011.0,4.0,4.0,False,False,1007.0,39.686958,-1.163869,34.5,False,Calculada sobre MDT25 © IGN (CC BY 4.0)
node/13328930707,Puntal del Algodón,Valencia/València,856.0,39.7296613,-1.1784688,854.0,7.0,7.0,False,False,847.0,39.730002,-1.179646,25.7,False,Calculada sobre MDT25 © IGN (CC BY 4.0)
node/13330140501,Cerro de las Viñas,Valencia/València,786.0,39.7544224,-1.1538589,783.0,48.0,48.0,False,False,735.0,39.75377,-1.158594,21.6,False,Calculada sobre MDT25 © IGN (CC BY 4.0)
node/13334222471,Tossal del Mas de la Serra,Castellón/Castelló,798.0,40.2597478,-0.2151132,795.0,23.0,23.0,False,False,772.0,40.262239,-0.218885,9.6,False,Calculada sobre MDT25 © IGN (CC BY 4.0)
node/13334279187,Tossal de les Trencades,Castellón/Castelló,780.0,40.2718068,-0.1848686,778.0,26.0,26.0,False,False,752.0,40.272713,-0.18641,16.1,False,Calculada sobre MDT25 © IGN (CC BY 4.0)
node/13340637988,Penya Roja,Valencia/València,558.0,38.9853122,-0.6452376,559.0,25.0,25.0,False,False,534.0,38.982772,-0.646271,11.7,False,Calculada sobre MDT25 © IGN (CC BY 4.0)
node/13346565162,Piedra del Mediodía,Valencia/València,854.0,39.7465196,-1.089737,852.0,11.0,11.0,False,False,841.0,39.746554,-1.088469,25.0,False,Calculada sobre MDT25 © IGN (CC BY 4.0)
node/13346565394,Peña Roya,Valencia/València,845.0,39.7629372,-1.0974076,841.0,72.0,72.0,False,False,769.0,39.758888,-1.085209,20.6,False,Calculada sobre MDT25 © IGN (CC BY 4.0)
node/13352073309,Puntal de la Cañada Barchel,Valencia/València,733.0,39.7216763,-1.0778586,732.0,52.0,52.0,False,False,680.0,39.723345,-1.074234,10.5,False,Calculada sobre MDT25 © IGN (CC BY 4.0)
node/13352073721,Puntal del Aprisco,Valencia/València,724.0,39.7268116,-1.0274064,716.0,14.0,14.0,False,False,702.0,39.727309,-1.02862,20.0,False,Calculada sobre MDT25 © IGN (CC BY 4.0)
node/13353982437,Alto de la Muela,Valencia/València,584.0,39.704163,-0.9906435,581.0,32.0,32.0,False,False,549.0,39.707148,-0.982538,12.9,False,Calculada sobre MDT25 © IGN (CC BY 4.0)
node/13354129714,Cerro del Mas de Alonso,Valencia/València,931.0,39.6839158,-1.058658,930.0,24.0,24.0,False,False,906.0,39.683025,-1.060489,5.4,False,Calculada sobre MDT25 © IGN (CC BY 4.0)
node/13354129896,Loma de en Medio,Valencia/València,963.0,39.6811392,-1.0522109,963.0,54.0,54.0,False,False,909.0,39.67839,-1.066156,23.8,False,Calculada sobre MDT25 © IGN (CC BY 4.0)
node/13354129898,Loma Ancha,Valencia/València,929.0,39.6894769,-1.0424725,928.0,23.0,23.0,False,False,905.0,39.686999,-1.042303,4.5,False,Calculada sobre MDT25 © IGN (CC BY 4.0)
node/13354129940,Alto del Pozo de Mesto,Valencia/València,882.0,39.7020147,-1.0335441,881.0,49.0,49.0,False,False,832.0,39.694815,-1.038292,13.2,False,Calculada sobre MDT25 © IGN (CC BY 4.0)
node/13354130098,El Tiñoso,Valencia/València,832.0,39.7092066,-1.0256004,829.0,29.0,29.0,False,False,800.0,39.707259,-1.028317,35.3,False,Calculada sobre MDT25 © IGN (CC BY 4.0)
node/13356238368,La Cruz del Cuarto,Valencia/València,999.0,39.6507947,-1.0404529,1000.0,11.0,11.0,False,False,989.0,39.648615,-1.036685,10.5,False,Calculada sobre MDT25 © IGN (CC BY 4.0)
node/13356238549,La Atalaya,Valencia/València,1159.0,39.6679478,-1.0760557,1158.0,201.0,201.0,False,False,957.0,39.652594,-1.045605,2.4,False,Calculada sobre MDT25 © IGN (CC BY 4.0)
node/13356238772,Ceja del Mas del Pinar,Valencia/València,1001.0,39.6560943,-1.0530891,1000.0,33.0,33.0,False,False,967.0,39.657738,-1.056825,35.4,False,Calculada sobre MDT25 © IGN (CC BY 4.0)
node/13356337792,Alto de Roche,Valencia/València,789.0,39.6756767,-0.965995,789.0,11.0,11.0,False,False,778.0,39.675065,-0.963944,29.6,False,Calculada sobre MDT25 © IGN (CC BY 4.0)
node/13356338005,El Alto,Valencia/València,783.0,39.6707109,-0.9511057,781.0,10.0,10.0,False,False,771.0,39.670363,-0.952715,38.1,False,Calculada sobre MDT25 © IGN (CC BY 4.0)
node/13356375927,Alto del Portillo,Valencia/València,682.0,39.6838758,-1.0035801,680.0,87.0,87.0,False,False,593.0,39.67882,-0.99852,3.8,False,Calculada sobre MDT25 © IGN (CC BY 4.0)
node/13364367627,Cerro Vaca,Valencia/València,696.0,39.642745,-0.9411043,693.0,48.0,48.0,False,False,645.0,39.64097,-0.9463,11.3,False,Calculada sobre MDT25 © IGN (CC BY 4.0)
node/13369535654,El Zafranero,Valencia/València,422.0,39.6755687,-0.9112811,420.0,21.0,21.0,False,False,399.0,39.674348,-0.910919,61.8,False,Calculada sobre MDT25 © IGN (CC BY 4.0)
node/13369539616,Cerro de la Peña Alta,Valencia/València,651.0,39.692302,-0.9142477,651.0,79.0,79.0,False,False,572.0,39.691425,-0.908654,22.8,False,Calculada sobre MDT25 © IGN (CC BY 4.0)
node/13369539617,Peña del Mulatón,Valencia/València,520.0,39.6846671,-0.9087123,513.0,15.0,15.0,False,False,498.0,39.685122,-0.908845,12.5,False,Calculada sobre MDT25 © IGN (CC BY 4.0)
node/13370371244,Alto de las Cambretas,Valencia/València,909.0,39.747869,-0.9172874,904.0,10.0,10.0,False,False,894.0,39.747864,-0.915993,14.2,False,Calculada sobre MDT25 © IGN (CC BY 4.0)
node/13370371308,Peña del Gabacho,Valencia/València,951.0,39.7532652,-0.9112559,946.0,9.0,9.0,False,False,937.0,39.754329,-0.912297,19.2,False,Calculada sobre MDT25 © IGN (CC BY 4.0)
node/13370371426,Altacú,Valencia/València,941.0,39.7497968,-0.9371087,940.0,6.0,6.0,False,False,934.0,39.750271,-0.937221,135.8,False,Calculada sobre MDT25 © IGN (CC BY 4.0)
node/13370371560,Peña del Romo,Valencia/València,815.0,39.7457843,-0.9341769,811.0,3.0,3.0,False,False,808.0,39.745947,-0.934724,28.0,False,Calculada sobre MDT25 © IGN (CC BY 4.0)
node/13370371573,Cerro Gallinero,Valencia/València,731.0,39.7350984,-0.9363543,727.0,73.0,73.0,False,False,654.0,39.73678,-0.938498,21.9,False,Calculada sobre MDT25 © IGN (CC BY 4.0)
node/13370468842,Puntal del Obispo,Valencia/València,753.0,39.743879,-0.8998931,757.0,29.0,29.0,False,False,728.0,39.744691,-0.902376,18.0,False,Calculada sobre MDT25 © IGN (CC BY 4.0)
node/13370468916,Cerro de Barrera,Valencia/València,762.0,39.7302303,-0.8942162,768.0,75.0,75.0,False,False,693.0,39.734779,-0.889841,16.4,False,Calculada sobre MDT25 © IGN (CC BY 4.0)
node/13371472650,El Infante,Valencia/València,638.0,39.7191487,-0.9298129,638.0,4.0,4.0,False,False,634.0,39.719981,-0.931124,40.8,False,Calculada sobre MDT25 © IGN (CC BY 4.0)
node/13371516073,Cerro de la Solsida,Valencia/València,516.0,39.7041434,-0.9144635,515.0,87.0,87.0,False,False,428.0,39.706088,-0.909961,50.7,False,Calculada sobre MDT25 © IGN (CC BY 4.0)
node/13371516074,Cerro de la Balsa,Valencia/València,581.0,39.7064135,-0.9038247,577.0,81.0,81.0,False,False,496.0,39.70792,-0.899117,1.7,False,Calculada sobre MDT25 © IGN (CC BY 4.0)
node/13371516515,Cerro del Lopo,Valencia/València,793.0,39.7326289,-0.8766255,799.0,117.0,117.0,False,False,682.0,39.738671,-0.880971,17.8,False,Calculada sobre MDT25 © IGN (CC BY 4.0)
node/13373098149,Tossal de la Creu,Castellón/Castelló,1208.0,40.4818392,-0.0539001,1209.0,73.0,73.0,False,False,1136.0,40.470669,-0.060512,10.6,False,Calculada sobre MDT25 © IGN (CC BY 4.0)
node/13373710615,Cerro del Tormagal,Valencia/València,843.0,39.7504221,-0.8868401,845.0,48.0,48.0,False,False,797.0,39.750745,-0.888479,23.8,False,Calculada sobre MDT25 © IGN (CC BY 4.0)
node/13373710616,Alto de Tormé,Valencia/València,913.0,39.7491008,-0.8911496,914.0,21.0,21.0,False,False,893.0,39.750589,-0.892277,12.1,False,Calculada sobre MDT25 © IGN (CC BY 4.0)
node/13373711100,Cerro del Corral de Cervera,Valencia/València,801.0,39.7427793,-0.9385698,798.0,18.0,18.0,False,False,780.0,39.744883,-0.938257,9.8,False,Calculada sobre MDT25 © IGN (CC BY 4.0)
node/13374544586,Alto de Villanueva,Valencia/València,511.0,39.73465,-0.991,509.0,0.0,0.0,False,True,,,,,False,Calculada sobre MDT25 © IGN (CC BY 4.0)
node/13378900871,Puig de la Misericòrdia,Castellón/Castelló,167.0,40.510647,0.4249454,165.0,74.0,74.0,False,False,91.0,40.519187,0.41812,130.6,False,Calculada sobre MDT25 © IGN (CC BY 4.0)
node/13388548656,Alto de la Coneja,Valencia/València,357.0,39.6791461,-0.8932203,355.0,0.0,0.0,False,True,,,,,False,Calculada sobre MDT25 © IGN (CC BY 4.0)
node/13389390298,Moleta del Sepí,Castellón/Castelló,853.52,40.7119437,0.2309702,846.0,14.0,14.0,False,False,832.0,40.711926,0.230603,6.7,False,Calculada sobre MDT25 © IGN (CC BY 4.0)
node/13389410312,Pont Foradat,Castellón/Castelló,908.36,40.7124226,0.2298647,910.0,30.0,30.0,False,False,880.0,40.713333,0.2286,14.7,False,Calculada sobre MDT25 © IGN (CC BY 4.0)
node/13391421749,Ceja de San Roque,Valencia/València,588.0,39.6265784,-0.9015226,587.0,4.0,4.0,False,False,583.0,39.626185,-0.900427,17.2,False,Calculada sobre MDT25 © IGN (CC BY 4.0)
node/13391421750,Cerro de Sote,Valencia/València,613.0,39.6257968,-0.8956039,612.0,113.0,113.0,False,False,499.0,39.627829,-0.916688,13.1,False,Calculada sobre MDT25 © IGN (CC BY 4.0)
node/13393650022,Alto de Tarraque,Valencia/València,921.0,39.5847886,-0.8991004,918.0,63.0,63.0,False,False,855.0,39.591623,-0.907293,22.7,False,Calculada sobre MDT25 © IGN (CC BY 4.0)
node/13394149630,Alto de la Ivola,Castellón/Castelló,936.0,39.8976459,-0.3805733,934.0,20.0,20.0,False,False,914.0,39.898232,-0.379275,24.3,False,Calculada sobre MDT25 © IGN (CC BY 4.0)
node/13394830686,Alto de El Rodenal,Castellón/Castelló,730.0,39.9286304,-0.3556571,726.0,28.0,28.0,False,False,698.0,39.930347,-0.355526,25.1,False,Calculada sobre MDT25 © IGN (CC BY 4.0)
node/13395065462,El Romeral,Valencia/València,735.0,39.5780905,-0.9274304,736.0,14.0,14.0,False,False,722.0,39.577131,-0.928103,21.2,False,Calculada sobre MDT25 © IGN (CC BY 4.0)
node/13395779258,Alto de Santa María,Valencia/València,1126.0,39.5434662,-0.9194679,1125.0,35.0,35.0,False,False,1090.0,39.542753,-0.920108,19.8,False,Calculada sobre MDT25 © IGN (CC BY 4.0)
node/13395779259,Loma de la Vallesa,Valencia/València,962.0,39.5290498,-0.9124394,961.0,3.0,3.0,False,False,958.0,39.529335,-0.912946,8.1,False,Calculada sobre MDT25 © IGN (CC BY 4.0)
node/13398325559,Alto del Burgal,Valencia/València,1118.0,39.5529244,-0.9360131,1118.0,165.0,165.0,False,False,953.0,39.553804,-0.920941,7.6,False,Calculada sobre MDT25 © IGN (CC BY 4.0)
node/13398325560,Morros del Tío Sagasta,Valencia/València,1103.0,39.5577294,-0.9431875,1104.0,22.0,22.0,False,False,1082.0,39.55611,-0.936585,17.1,False,Calculada sobre MDT25 © IGN (CC BY 4.0)
node/13406731997,Collet del Mas de la Punta,Castellón/Castelló,1331.0,40.4572746,-0.3026927,1333.0,25.0,25.0,False,False,1308.0,40.451148,-0.30337,13.6,False,Calculada sobre MDT25 © IGN (CC BY 4.0)
node/13406732090,Canto de la Creu,Castellón/Castelló,1452.0,40.4351399,-0.3226805,1453.0,31.0,31.0,False,False,1422.0,40.436124,-0.325485,16.4,False,Calculada sobre MDT25 © IGN (CC BY 4.0)
node/13409089326,Alto de Gorgo,Castellón/Castelló,730.0,39.7970155,-0.5951063,734.0,23.0,23.0,False,False,711.0,39.796805,-0.593637,5.2,False,Calculada sobre MDT25 © IGN (CC BY 4.0)
node/13409499953,Penya Roja,Valencia/València,491.0,39.7132697,-0.4017678,491.0,43.0,43.0,False,False,448.0,39.711743,-0.398598,26.9,False,Calculada sobre MDT25 © IGN (CC BY 4.0)
node/13410720596,la Tossa,Castellón/Castelló,924.0,40.6418257,0.1772693,925.0,33.0,33.0,False,False,892.0,40.643379,0.177336,2.4,False,Calculada sobre MDT25 © IGN (CC BY 4.0)
node/13410725654,Moleta del Paller,Castellón/Castelló,841.0,40.6392239,0.1904354,823.0,2.0,2.0,False,False,821.0,40.638956,0.190723,58.0,False,Calculada sobre MDT25 © IGN (CC BY 4.0)
node/13410755702,Mola de la Rabosa,Castellón/Castelló,571.0,40.6037286,0.1999592,571.0,57.0,57.0,False,False,514.0,40.606563,0.197748,8.0,False,Calculada sobre MDT25 © IGN (CC BY 4.0)
node/13410784757,lo Pulino,Castellón/Castelló,1012.0,40.6503864,0.1780031,1009.0,83.0,83.0,False,False,926.0,40.64754,0.173395,53.5,False,Calculada sobre MDT25 © IGN (CC BY 4.0)
node/13410803898,Roca del Corb,Castellón/Castelló,1033.0,40.6380617,0.1546671,1033.0,38.0,38.0,False,False,995.0,40.638782,0.156131,10.3,False,Calculada sobre MDT25 © IGN (CC BY 4.0)
node/13414092769,Cerro de Peralcoy,Valencia/València,1133.0,39.602676,-1.0790001,1131.0,69.0,69.0,False,False,1062.0,39.612658,-1.095652,28.4,False,Calculada sobre MDT25 © IGN (CC BY 4.0)
node/13414246302,Peña de la Nieve,Valencia/València,1111.0,39.6095405,-0.9927858,1110.0,13.0,13.0,False,False,1097.0,39.612468,-0.990823,14.3,False,Calculada sobre MDT25 © IGN (CC BY 4.0)
node/13418776026,Tolón,Valencia/València,559.0,39.6658299,-0.8797626,557.0,194.0,194.0,False,False,363.0,39.669422,-0.862979,9.4,False,Calculada sobre MDT25 © IGN (CC BY 4.0)
node/13420736603,Cerro del Fraile,Valencia/València,560.0,39.0993896,-1.0569383,561.0,23.0,23.0,False,False,538.0,39.093932,-1.055633,3.4,False,Calculada sobre MDT25 © IGN (CC BY 4.0)
node/13433189673,Cerro Migallón,Valencia/València,723.0,39.3912016,-1.149627,722.0,26.0,26.0,False,False,696.0,39.392539,-1.147809,51.8,False,Calculada sobre MDT25 © IGN (CC BY 4.0)
node/13443701869,Loma de Augusto,Valencia/València,656.0,39.3631967,-1.1744922,654.0,6.0,6.0,False,False,648.0,39.365208,-1.171455,22.6,False,Calculada sobre MDT25 © IGN (CC BY 4.0)
node/13443702085,Cerro de Rabal,Valencia/València,697.0,39.3775398,-1.1757617,695.0,29.0,29.0,False,False,666.0,39.377605,-1.172002,11.3,False,Calculada sobre MDT25 © IGN (CC BY 4.0)
node/13443702345,Puntal del Burro,Valencia/València,609.0,39.3592852,-1.1865245,608.0,1.0,1.0,False,False,607.0,39.359595,-1.18698,17.2,False,Calculada sobre MDT25 © IGN (CC BY 4.0)
node/13446647505,Cerro del Milano,Valencia/València,648.0,39.3459122,-1.2052226,646.0,40.0,40.0,False,False,606.0,39.347274,-1.205865,30.0,False,Calculada sobre MDT25 © IGN (CC BY 4.0)
node/13446726578,Puntal del Mirador,Valencia/València,650.0,39.3552811,-1.1889213,654.0,7.0,7.0,False,False,647.0,39.357433,-1.192839,19.5,False,Calculada sobre MDT25 © IGN (CC BY 4.0)
node/13446726579,Puntal de los Poyales,Valencia/València,623.0,39.3569742,-1.2050512,634.0,0.0,0.0,False,True,,,,,False,Calculada sobre MDT25 © IGN (CC BY 4.0)
node/13449836399,Cinto del Coche,Valencia/València,606.0,39.3538107,-1.1787416,605.0,4.0,4.0,False,False,601.0,39.354055,-1.178419,22.9,False,Calculada sobre MDT25 © IGN (CC BY 4.0)
node/13453229551,El Bu,Valencia/València,851.0,39.5292877,-1.24392,848.0,16.0,16.0,False,False,832.0,39.530704,-1.255544,12.9,False,Calculada sobre MDT25 © IGN (CC BY 4.0)
node/13456786255,Alt de la Illeta Mitjana,Alicante/Alacant,29.0,38.5369753,-0.0720495,26.0,26.0,26.0,False,False,0.0,38.537358,-0.073245,15.2,False,Calculada sobre MDT25 © IGN (CC BY 4.0)
node/13457107958,el Mocoró,Castellón/Castelló,457.0,40.1474503,0.0614999,458.0,112.0,112.0,False,False,346.0,40.155812,0.06291,14.0,False,Calculada sobre MDT25 © IGN (CC BY 4.0)
node/13464464930,Cerro de las Cabras,Valencia/València,801.74,39.7559748,-0.807527,799.0,160.0,160.0,False,False,639.0,39.77411,-0.800492,51.7,False,Calculada sobre MDT25 © IGN (CC BY 4.0)
node/13468894750,Sardinero,Valencia/València,689.0,39.3786718,-1.2647199,693.0,31.0,31.0,False,False,662.0,39.37946,-1.26367,18.1,False,Calculada sobre MDT25 © IGN (CC BY 4.0)
node/13468895141,Monterilla,Valencia/València,633.0,39.3333355,-1.2572484,631.0,162.0,162.0,False,False,469.0,39.339285,-1.258283,8.8,False,Calculada sobre MDT25 © IGN (CC BY 4.0)
node/13468895530,Cabeza del Fraile,Valencia/València,687.0,39.4054876,-1.3264231,687.0,8.0,8.0,False,False,679.0,39.404918,-1.325463,62.3,False,Calculada sobre MDT25 © IGN (CC BY 4.0)
node/13476986984,Tossal de les Mallades,Castellón/Castelló,1475.0,40.2338913,-0.3329916,1474.0,21.0,21.0,False,False,1453.0,40.23549,-0.335751,25.4,True,Calculada sobre MDT25 © IGN (CC BY 4.0)
node/13477297905,Cerro Lipón,Valencia/València,549.0,39.3491603,-1.3176393,548.0,37.0,37.0,False,False,511.0,39.351219,-1.319203,28.2,False,Calculada sobre MDT25 © IGN (CC BY 4.0)
node/13479742889,Cerro de la Cabeza,Valencia/València,737.0,39.4268423,-1.3473903,729.0,20.0,20.0,False,False,709.0,39.42823,-1.349012,7.7,False,Calculada sobre MDT25 © IGN (CC BY 4.0)
node/13481697870,Cerro Redondo,Valencia/València,538.0,39.371988,-1.4457031,532.0,31.0,31.0,False,False,501.0,39.375053,-1.445751,14.1,False,Calculada sobre MDT25 © IGN (CC BY 4.0)
node/13481697871,La Cruz,Valencia/València,517.0,39.3642743,-1.4489218,511.0,10.0,10.0,False,False,501.0,39.365839,-1.447406,22.4,False,Calculada sobre MDT25 © IGN (CC BY 4.0)
node/13482251243,La Cruz de la Peseta,Valencia/València,585.0,39.4071414,-1.4204976,583.0,16.0,16.0,False,False,567.0,39.408044,-1.420047,13.0,False,Calculada sobre MDT25 © IGN (CC BY 4.0)
node/13482353319,Peñón Hundido,Valencia/València,700.0,39.4398496,-1.4183936,700.0,15.0,15.0,False,False,685.0,39.440225,-1.417868,9.3,False,Calculada sobre MDT25 © IGN (CC BY 4.0)
node/13505007115,Moluengo,Valencia/València,1040.0,39.4882879,-1.4450735,1036.0,198.0,198.0,False,False,838.0,39.550855,-1.420304,45.7,False,Calculada sobre MDT25 © IGN (CC BY 4.0)
node/13506603656,Cerro de Collejas,Valencia/València,917.0,39.5186438,-1.4848024,915.0,57.0,57.0,False,False,858.0,39.521193,-1.476235,34.8,False,Calculada sobre MDT25 © IGN (CC BY 4.0)
node/13522436544,Cabezo del Romeral,Alicante/Alacant,141.0,38.0463154,-0.836673,140.0,13.0,13.0,False,False,127.0,38.046853,-0.835526,28.4,False,Calculada sobre MDT25 © IGN (CC BY 4.0)
node/13522436545,Cabezo del Sombrero,Alicante/Alacant,150.0,38.0520462,-0.831624,154.0,44.0,44.0,False,False,110.0,38.042878,-0.827667,120.3,False,Calculada sobre MDT25 © IGN (CC BY 4.0)
node/13522436546,Cabezo Estrecho,Alicante/Alacant,141.0,38.051562,-0.8262577,146.0,0.0,0.0,False,True,,,,,False,Calculada sobre MDT25 © IGN (CC BY 4.0)
node/13522438620,Cabezo de las Zorras,Alicante/Alacant,196.0,38.0635213,-0.8165529,195.0,65.0,65.0,False,False,130.0,38.061805,-0.81571,24.4,False,Calculada sobre MDT25 © IGN (CC BY 4.0)
node/13522438621,Cabezo de los Mozos,Alicante/Alacant,169.0,38.0631676,-0.8193398,168.0,10.0,10.0,False,False,158.0,38.063434,-0.818511,7.0,False,Calculada sobre MDT25 © IGN (CC BY 4.0)
node/13522438622,Cabezo del Rosario,Alicante/Alacant,108.0,38.0666377,-0.8267131,106.0,14.0,14.0,False,False,92.0,38.066059,-0.826412,24.8,False,Calculada sobre MDT25 © IGN (CC BY 4.0)
node/13522438623,Cabezo Gordo,Alicante/Alacant,129.0,38.061249,-0.8321232,129.0,28.0,28.0,False,False,101.0,38.061865,-0.831095,12.2,False,Calculada sobre MDT25 © IGN (CC BY 4.0)
node/13522438624,Cabezo de las Culebras,Alicante/Alacant,168.0,38.060645,-0.8257127,168.0,28.0,28.0,False,False,140.0,38.058571,-0.823499,0.8,False,Calculada sobre MDT25 © IGN (CC BY 4.0)
node/13522438625,Cabezo Redondo,Alicante/Alacant,204.0,38.0558214,-0.8176419,199.0,7.0,7.0,False,False,192.0,38.056417,-0.816725,8.0,False,Calculada sobre MDT25 © IGN (CC BY 4.0)
node/13529856666,Cabeç Redó,Alicante/Alacant,795.0,38.7339257,-0.7246057,795.0,8.0,8.0,False,False,787.0,38.734771,-0.725759,16.5,False,Calculada sobre MDT25 © IGN (CC BY 4.0)
node/13539105878,Muntanya dels Murs,Castellón/Castelló,344.0,40.2903642,0.1732,343.0,38.0,38.0,False,False,305.0,40.293454,0.177633,40.0,False,Calculada sobre MDT25 © IGN (CC BY 4.0)
node/13541828348,Puig de l'Àliga,Valencia/València,115.0,39.1754241,-0.2449318,111.0,18.0,18.0,False,False,93.0,39.17536,-0.24603,15.9,False,Calculada sobre MDT25 © IGN (CC BY 4.0)
node/13572499123,Muntanyeta dels Sants,Valencia/València,27.0,39.242522,-0.316182,22.0,19.0,19.0,False,False,3.0,39.238078,-0.327857,24.1,False,Calculada sobre MDT25 © IGN (CC BY 4.0)
node/13578205694,Lloma dels Caragols,Valencia/València,334.0,39.088935,-0.3826761,332.0,21.0,21.0,False,False,311.0,39.086805,-0.380974,8.3,False,Calculada sobre MDT25 © IGN (CC BY 4.0)
node/13578206575,Lloma de la Sima de l'Aigua,Valencia/València,386.0,39.0721117,-0.3638149,385.0,10.0,10.0,False,False,375.0,39.074288,-0.365256,13.8,False,Calculada sobre MDT25 © IGN (CC BY 4.0)
node/13578246692,Alto del Fraile,Alicante/Alacant,856.0,38.587535,-0.8235455,852.0,12.0,12.0,False,False,840.0,38.587733,-0.823396,12.8,False,Calculada sobre MDT25 © IGN (CC BY 4.0)
node/13578246693,Alto de la Huera,Alicante/Alacant,815.0,38.5843503,-0.8230788,810.0,5.0,5.0,False,False,805.0,38.584796,-0.822911,28.2,False,Calculada sobre MDT25 © IGN (CC BY 4.0)
node/13578252108,Cabezo de la Moraleja,Alicante/Alacant,805.0,38.581417,-0.8207962,801.0,24.0,24.0,False,False,777.0,38.582759,-0.822399,18.6,False,Calculada sobre MDT25 © IGN (CC BY 4.0)
node/13583018228,Lloma del Mig,Valencia/València,316.0,39.0934649,-0.3910661,315.0,16.0,16.0,False,False,299.0,39.091519,-0.390338,15.3,False,Calculada sobre MDT25 © IGN (CC BY 4.0)
node/13583018229,Penya Blanca,Valencia/València,296.0,39.0930153,-0.3812814,295.0,13.0,13.0,False,False,282.0,39.091749,-0.380502,30.8,False,Calculada sobre MDT25 © IGN (CC BY 4.0)
node/13583018362,Tossal del Cremençó,Valencia/València,388.0,39.0756016,-0.3601563,388.0,27.0,27.0,False,False,361.0,39.071048,-0.351508,38.0,False,Calculada sobre MDT25 © IGN (CC BY 4.0)
node/13583018460,el Baco,Valencia/València,389.0,39.073586,-0.3521741,389.0,116.0,116.0,False,False,273.0,39.065406,-0.380899,10.4,False,Calculada sobre MDT25 © IGN (CC BY 4.0)
node/13583018462,Puntal del Ferrer,Valencia/València,385.0,39.071108,-0.3533405,383.0,21.0,21.0,False,False,362.0,39.072689,-0.354336,16.4,False,Calculada sobre MDT25 © IGN (CC BY 4.0)
node/13583018464,Muntanyeta Girada,Valencia/València,309.0,39.0691797,-0.3618622,307.0,5.0,5.0,False,False,302.0,39.06949,-0.362256,13.2,False,Calculada sobre MDT25 © IGN (CC BY 4.0)
node/13583018465,la Redona,Valencia/València,228.0,39.0668307,-0.3325725,227.0,131.0,131.0,False,False,96.0,39.068714,-0.328192,48.1,False,Calculada sobre MDT25 © IGN (CC BY 4.0)
node/13583018907,Alt de la Pereta,Valencia/València,400.0,39.0576546,-0.3832582,400.0,7.0,7.0,False,False,393.0,39.057337,-0.382642,9.8,False,Calculada sobre MDT25 © IGN (CC BY 4.0)
node/13583018908,Alt de la Vinya de Moles,Valencia/València,404.0,39.056759,-0.3813565,405.0,6.0,6.0,False,False,399.0,39.055729,-0.381257,17.0,False,Calculada sobre MDT25 © IGN (CC BY 4.0)
node/13583619574,Lloma del Vinader,Valencia/València,295.0,39.0964958,-0.4050779,294.0,40.0,40.0,False,False,254.0,39.092691,-0.402433,13.0,False,Calculada sobre MDT25 © IGN (CC BY 4.0)
node/13583630984,Alt de la Bossarta,Valencia/València,203.0,39.1097753,-0.4111934,203.0,5.0,5.0,False,False,198.0,39.108399,-0.409951,28.0,False,Calculada sobre MDT25 © IGN (CC BY 4.0)
node/13585340753,Penya de la Creueta,Valencia/València,172.0,39.097749,-0.3758419,168.0,3.0,3.0,False,False,165.0,39.097509,-0.376242,9.2,False,Calculada sobre MDT25 © IGN (CC BY 4.0)
node/13585829589,,Castellón/Castelló,624.0,40.4957753,0.0847981,624.0,21.0,21.0,False,False,603.0,40.494118,0.085038,33.3,False,Calculada sobre MDT25 © IGN (CC BY 4.0)
node/13585829679,Cap de Meló,Castellón/Castelló,948.0,40.5722727,0.1441526,948.0,11.0,11.0,False,False,937.0,40.572668,0.144751,4.4,False,Calculada sobre MDT25 © IGN (CC BY 4.0)
node/13585829686,la Tossa,Castellón/Castelló,591.0,40.5563223,0.1601064,590.0,49.0,49.0,False,False,541.0,40.55405,0.15864,16.6,False,Calculada sobre MDT25 © IGN (CC BY 4.0)
node/13585830216,Mola de la Font de l'Albi,Castellón/Castelló,864.0,40.5446607,0.1218206,862.0,2.0,2.0,False,False,860.0,40.545575,0.122525,22.2,False,Calculada sobre MDT25 © IGN (CC BY 4.0)
node/13607440893,Mola de les Calderes,Castellón/Castelló,707.0,40.5357205,0.1419854,707.0,54.0,54.0,False,False,653.0,40.535442,0.139172,18.9,False,Calculada sobre MDT25 © IGN (CC BY 4.0)
node/13607440894,Mola del Grau,Castellón/Castelló,785.0,40.5444283,0.1311278,785.0,17.0,17.0,False,False,768.0,40.545545,0.13197,24.9,False,Calculada sobre MDT25 © IGN (CC BY 4.0)
node/13607440895,Mola Jovera,Castellón/Castelló,799.0,40.548472,0.1342606,800.0,48.0,48.0,False,False,752.0,40.543336,0.130391,33.2,False,Calculada sobre MDT25 © IGN (CC BY 4.0)
node/13607441091,Tossal Pinós,Castellón/Castelló,1034.0,40.5776023,0.1086938,1035.0,53.0,53.0,False,False,982.0,40.580019,0.106113,11.0,False,Calculada sobre MDT25 © IGN (CC BY 4.0)
node/13607441102,Montegordo,Castellón/Castelló,869.0,40.5688532,0.1239121,869.0,27.0,27.0,False,False,842.0,40.570088,0.123666,13.6,False,Calculada sobre MDT25 © IGN (CC BY 4.0)
node/13607441208,Tossal de Belo,Castellón/Castelló,604.0,40.5006005,0.1259565,604.0,32.0,32.0,False,False,572.0,40.498261,0.123573,10.8,False,Calculada sobre MDT25 © IGN (CC BY 4.0)
node/13619192400,Tossal de Regatxol,Castellón/Castelló,1203.0,40.6445765,0.0310707,1203.0,52.0,52.0,False,False,1151.0,40.653384,0.031464,21.0,False,Calculada sobre MDT25 © IGN (CC BY 4.0)
node/13626992885,Puntal de Magaña,Castellón/Castelló,1615.0,39.9312914,-0.8316778,1614.0,115.0,115.0,False,False,1499.0,39.932737,-0.840182,9.1,False,Calculada sobre MDT25 © IGN (CC BY 4.0)
node/13702640823,Alt del Torrater,Alicante/Alacant,661.0,38.8029315,-0.5646296,660.0,2.0,2.0,False,False,658.0,38.802289,-0.566442,5.6,False,Calculada sobre MDT25 © IGN (CC BY 4.0)
node/13703516281,Penya d'Alí Maimó,Valencia/València,434.0,39.7004267,-0.525494,432.0,27.0,27.0,False,False,405.0,39.701175,-0.522907,22.3,False,Calculada sobre MDT25 © IGN (CC BY 4.0)
node/13703516282,el Castellet,Valencia/València,571.0,39.7225991,-0.5238133,574.0,82.0,82.0,False,False,492.0,39.721192,-0.521608,24.9,False,Calculada sobre MDT25 © IGN (CC BY 4.0)
node/13703516283,la Buitrera,Valencia/València,360.0,39.7043968,-0.5535114,360.0,15.0,15.0,False,False,345.0,39.705644,-0.553072,19.2,False,Calculada sobre MDT25 © IGN (CC BY 4.0)
node/13709942238,la Rabosera,Castellón/Castelló,297.0,39.9151881,-0.2219099,297.0,28.0,28.0,False,False,269.0,39.913329,-0.224871,25.9,False,Calculada sobre MDT25 © IGN (CC BY 4.0)
node/13709942239,Llom del Captiu,Castellón/Castelló,282.0,39.9176362,-0.2229345,283.0,9.0,9.0,False,False,274.0,39.915811,-0.225063,26.9,False,Calculada sobre MDT25 © IGN (CC BY 4.0)
node/13709942241,la Colera,Castellón/Castelló,287.0,39.9224745,-0.2293825,288.0,19.0,19.0,False,False,269.0,39.924493,-0.230269,8.4,False,Calculada sobre MDT25 © IGN (CC BY 4.0)
node/13726290127,Tossal de la Cova Pedrissa,Castellón/Castelló,838.0,40.1121893,-0.2843107,836.0,10.0,10.0,False,False,826.0,40.111773,-0.283688,21.2,False,Calculada sobre MDT25 © IGN (CC BY 4.0)
node/13728156803,la Coroneta,Castellón/Castelló,1015.0,40.1968182,-0.2724551,1013.0,11.0,11.0,False,False,1002.0,40.19706,-0.271475,17.9,False,Calculada sobre MDT25 © IGN (CC BY 4.0)
node/13738155945,Cerro del Tajuelo,Valencia/València,1696.0,40.0569797,-1.0791451,1700.0,28.0,28.0,False,False,1672.0,40.058305,-1.077145,32.6,False,Calculada sobre MDT25 © IGN (CC BY 4.0)
node/13738155947,Alto de la Cabera,Valencia/València,1578.0,40.0532279,-1.1061449,1579.0,8.0,8.0,False,False,1571.0,40.052681,-1.104852,14.3,False,Calculada sobre MDT25 © IGN (CC BY 4.0)
node/13738155949,Punta Piqueras,Valencia/València,1124.0,40.0463529,-1.1792431,1122.0,25.0,25.0,False,False,1097.0,40.045076,-1.178324,21.1,False,Calculada sobre MDT25 © IGN (CC BY 4.0)
node/13738155953,Cerro Maderero,Valencia/València,1493.0,40.0383842,-1.1207616,1494.0,29.0,29.0,False,False,1465.0,40.03982,-1.117222,15.8,False,Calculada sobre MDT25 © IGN (CC BY 4.0)
node/13738185943,Cerro de la Erilla,Valencia/València,1347.0,40.0340396,-1.1318815,1349.0,33.0,33.0,False,False,1316.0,40.037543,-1.129591,22.0,False,Calculada sobre MDT25 © IGN (CC BY 4.0)
node/13738727227,Tossal de les Llastres,Castellón/Castelló,586.0,40.2086882,-0.2108324,586.0,10.0,10.0,False,False,576.0,40.207226,-0.216143,38.6,False,Calculada sobre MDT25 © IGN (CC BY 4.0)
node/13751418040,el Tossal de les Llometes,Castellón/Castelló,736.0,40.1382933,-0.292511,736.0,8.0,8.0,False,False,728.0,40.137226,-0.29353,9.1,False,Calculada sobre MDT25 © IGN (CC BY 4.0)
node/13753299768,Muntanya dels Cara-sols,Valencia/València,235.0,39.5068119,-0.5466748,233.0,68.0,68.0,False,False,165.0,39.507625,-0.550732,5.9,False,Calculada sobre MDT25 © IGN (CC BY 4.0)
node/13826009897,Penyes de Litero,,1025.0,38.5659282,-0.6906259,1023.0,14.0,14.0,False,False,1009.0,38.563834,-0.693001,29.0,False,Calculada sobre MDT25 © IGN (CC BY 4.0)
node/13830452559,El Cantón,Castellón/Castelló,994.0,40.1127973,-0.5504371,993.0,70.0,70.0,False,False,923.0,40.115844,-0.546637,29.8,False,Calculada sobre MDT25 © IGN (CC BY 4.0)
node/13831346178,Hontanar,Valencia/València,1272.0,39.9053319,-1.069769,1270.0,177.0,177.0,False,False,1093.0,39.911584,-1.057565,9.0,False,Calculada sobre MDT25 © IGN (CC BY 4.0)
node/13853323059,Sant Marc,Castellón/Castelló,1025.0,40.7295992,-0.1185107,1024.0,90.0,90.0,False,False,934.0,40.727274,-0.110214,36.3,False,Calculada sobre MDT25 © IGN (CC BY 4.0)
node/13920431464,La Lloma,Castellón/Castelló,1100.0,40.4650132,-0.0226057,1100.0,23.0,23.0,False,False,1077.0,40.465894,-0.023572,11.4,False,Calculada sobre MDT25 © IGN (CC BY 4.0)
node/13920431466,El Morralet,Castellón/Castelló,1029.0,40.4783249,-0.0082827,1027.0,12.0,12.0,False,False,1015.0,40.478822,-0.009731,24.7,False,Calculada sobre MDT25 © IGN (CC BY 4.0)
node/13948509799,Muntanya de l'Ermita,Valencia/València,,39.7391054,-0.3558245,276.0,88.0,88.0,False,False,188.0,39.739193,-0.367519,33.9,False,Calculada sobre MDT25 © IGN (CC BY 4.0)
node/13979185137,Corona d'Estrela,Valencia/València,271.0,38.981897,-0.4927111,273.0,85.0,85.0,False,False,188.0,38.984731,-0.502198,9.8,False,Calculada sobre MDT25 © IGN (CC BY 4.0)
node/14017765791,,Castellón/Castelló,,40.0492037,0.0116202,177.0,11.0,11.0,False,False,166.0,40.049311,0.010957,12.2,False,Calculada sobre MDT25 © IGN (CC BY 4.0)
node/14061860277,els Castellets,Castellón/Castelló,447.0,39.8711769,-0.2353753,445.0,28.0,28.0,False,False,417.0,39.870369,-0.236541,7.9,False,Calculada sobre MDT25 © IGN (CC BY 4.0)
node/14061860345,Pic de Sumet,Castellón/Castelló,516.0,39.8350746,-0.2529889,516.0,28.0,28.0,False,False,488.0,39.837002,-0.253946,17.7,False,Calculada sobre MDT25 © IGN (CC BY 4.0)
node/14086045066,,Castellón/Castelló,1156.0,40.3093944,-0.3680045,1158.0,20.0,20.0,False,False,1138.0,40.310512,-0.366632,30.0,False,Calculada sobre MDT25 © IGN (CC BY 4.0)
node/14112208172,Cabeço de la Sal,,890.0,38.3854885,-1.0236973,890.0,240.0,240.0,False,False,650.0,38.386094,-0.998892,17.0,False,Calculada sobre MDT25 © IGN (CC BY 4.0)
node/14113245188,Alt de l'Aviació,,953.0,38.6650235,-0.5716583,955.0,5.0,5.0,False,False,950.0,38.664759,-0.571107,3.3,False,Calculada sobre MDT25 © IGN (CC BY 4.0)
node/14141056771,Tossal de la Creu,,,38.8393817,-0.0405738,275.0,42.0,42.0,False,False,233.0,38.837987,-0.044259,17.8,False,Calculada sobre MDT25 © IGN (CC BY 4.0)
node/14170626700,,,,38.0893741,-0.6513141,27.0,5.0,5.0,False,False,22.0,38.090199,-0.652676,48.1,False,Calculada sobre MDT25 © IGN (CC BY 4.0)
node/14210150072,Alt Redó,,802.0,38.7044511,-0.8415485,801.0,13.0,13.0,False,False,788.0,38.705444,-0.842254,21.4,False,Calculada sobre MDT25 © IGN (CC BY 4.0)
node/14210150073,Alt Redó,,854.0,38.7210771,-0.8340168,854.0,35.0,35.0,False,False,819.0,38.722522,-0.840015,57.5,False,Calculada sobre MDT25 © IGN (CC BY 4.0)
node/14210489014,Lloma Badada,,535.0,38.4474887,-0.7683241,534.0,62.0,62.0,False,False,472.0,38.447433,-0.765746,0.7,False,Calculada sobre MDT25 © IGN (CC BY 4.0)
node/14210489015,la Cabra,,619.0,38.4708231,-0.7545322,618.0,49.0,49.0,False,False,569.0,38.46993,-0.752444,16.3,False,Calculada sobre MDT25 © IGN (CC BY 4.0)
node/14210489089,Alt de Baluset,,570.0,38.5187327,-0.7821214,570.0,26.0,26.0,False,False,544.0,38.520703,-0.780686,28.8,False,Calculada sobre MDT25 © IGN (CC BY 4.0)
node/14216361902,Tossal de Vallés,,282.0,38.541722,-0.0829701,281.0,8.0,8.0,False,False,273.0,38.540991,-0.083422,13.9,False,Calculada sobre MDT25 © IGN (CC BY 4.0)
node/14247433570,Montayeta de SAnt Antoni,Valencia/València,,38.960259,-0.2011575,134.0,6.0,6.0,False,False,128.0,38.960118,-0.201885,14.6,False,Calculada sobre MDT25 © IGN (CC BY 4.0)
