id,osm_id,nombre,nombre_es,nombre_ca,nombre_eu,nombre_gl,altitud_m,altitud_fuente,prominencia_m,prominencia_es_minima,altitud_collado_m,categoria,latitud,longitud,ccaa_ine,ccaa,provincia_ine,provincia,comarca,municipio_ine,municipio,fuente,fuente_prominencia,osm_version,osm_fecha_edicion,fecha_catalogo
95dbafed-6ad0-4607-9ed2-8e73411be473,node/948643721,Aitana,,Aitana,,,1559.4,OpenStreetMap (coincide con MDT a ±10 m),499.0,True,536.0,principal,38.6495611,-0.2661289,10,Comunitat Valenciana,03,Alicante/Alacant,la Marina Baixa,03057,Confrides,OpenStreetMap (ODbL 1.0),Calculada sobre MDT25 © IGN (CC BY 4.0),12,2025-04-06T20:17:14Z,2026-10-04
47820e3e-b986-4321-b14d-621fd2785b18,node/8422626796,,,,,,1504.0,OpenStreetMap (coincide con MDT a ±10 m),39.0,False,1463.0,secundaria,38.6487696,-0.2513368,10,Comunitat Valenciana,03,Alicante/Alacant,la Marina Baixa,03033,Benifato,OpenStreetMap (ODbL 1.0),Calculada sobre MDT25 © IGN (CC BY 4.0),1,2021-02-14T13:18:06Z,2026-10-04
f4014e37-0ae9-49e2-a086-6337469be42e,node/1249814496,Moleta d’Aitana,,,,,1466.0,OpenStreetMap (coincide con MDT a ±10 m),84.0,False,1379.0,secundaria,38.656146,-0.3006617,10,Comunitat Valenciana,03,Alicante/Alacant,la Marina Baixa,03057,Confrides,OpenStreetMap (ODbL 1.0),Calculada sobre MDT25 © IGN (CC BY 4.0),12,2023-01-21T15:07:01Z,2026-10-04
e47a2e2e-4e4e-48b1-9699-08ee59d91428,node/1249813860,el Puigcampana,,el Puigcampana,,,1408.0,OpenStreetMap (coincide con MDT a ±10 m),522.0,False,884.0,principal,38.5972216,-0.193072,10,Comunitat Valenciana,03,Alicante/Alacant,la Marina Baixa,03069,Finestrat,OpenStreetMap (ODbL 1.0),Calculada sobre MDT25 © IGN (CC BY 4.0),12,2023-10-19T23:09:40Z,2026-10-04
6385d905-62ab-46be-bbaf-43acfad1811f,node/1836094628,Montcabrer,,Montcabrer,,,1390.0,OpenStreetMap (coincide con MDT a ±10 m),520.0,False,864.0,principal,38.7578464,-0.4878421,10,Comunitat Valenciana,03,Alicante/Alacant,el Comtat,03056,Cocentaina,OpenStreetMap (ODbL 1.0),Calculada sobre MDT25 © IGN (CC BY 4.0),10,2021-12-07T18:43:51Z,2026-10-04
6ee8ae40-c782-462b-b5d7-4026a5e90dcd,node/4014706665,Pla de la Casa,,Pla de la Casa,,,1385.0,OpenStreetMap (coincide con MDT a ±10 m),411.0,False,971.0,principal,38.7165256,-0.2746227,10,Comunitat Valenciana,03,Alicante/Alacant,el Comtat,03067,Fageca,OpenStreetMap (ODbL 1.0),Calculada sobre MDT25 © IGN (CC BY 4.0),10,2025-10-29T14:09:35Z,2026-10-04
f3536b3d-1d89-49be-b396-fac58c3068a9,node/11609874109,la Mallada del Llop,,,,,1361.0,OpenStreetMap (coincide con MDT a ±10 m),212.0,False,1146.0,principal,38.7151868,-0.2435105,10,Comunitat Valenciana,03,Alicante/Alacant,la Marina Baixa,03057,Confrides,OpenStreetMap (ODbL 1.0),Calculada sobre MDT25 © IGN (CC BY 4.0),1,2024-02-11T10:19:56Z,2026-10-04
27ca3989-bfa1-4194-a08b-460f45f81197,node/8258653727,el Recingle Alt,,el Recingle Alt,,,1359.0,OpenStreetMap (coincide con MDT a ±10 m),172.0,False,1184.0,principal,38.7061004,-0.3076644,10,Comunitat Valenciana,03,Alicante/Alacant,el Comtat,03060,Quatretondeta,OpenStreetMap (ODbL 1.0),Calculada sobre MDT25 © IGN (CC BY 4.0),5,2023-10-09T23:26:15Z,2026-10-04
f3b40131-4822-41f9-a4af-248bb9562021,node/948644997,Menejador,,,,,1355.9,OpenStreetMap (coincide con MDT a ±10 m),452.0,False,899.0,principal,38.6586914,-0.537753,10,Comunitat Valenciana,03,Alicante/Alacant,l'Alcoià,03079,Ibi,OpenStreetMap (ODbL 1.0),Calculada sobre MDT25 © IGN (CC BY 4.0),11,2025-04-06T20:17:14Z,2026-10-04
18fdfcd7-2572-4603-8c06-918671a13311,node/8525457188,Penyes Monteses,,,,,1354.0,OpenStreetMap (coincide con MDT a ±10 m),49.0,False,1299.0,secundaria,38.7521455,-0.4807954,10,Comunitat Valenciana,03,Alicante/Alacant,el Comtat,03056,Cocentaina,OpenStreetMap (ODbL 1.0),Calculada sobre MDT25 © IGN (CC BY 4.0),1,2021-03-16T17:24:32Z,2026-10-04
0154c0d2-13b0-487d-9cca-b74390750824,node/9486218717,,,,,,1351.0,OpenStreetMap (coincide con MDT a ±10 m),59.0,False,1291.0,secundaria,38.710375,-0.2919497,10,Comunitat Valenciana,03,Alicante/Alacant,el Comtat,03060,Quatretondeta,OpenStreetMap (ODbL 1.0),Calculada sobre MDT25 © IGN (CC BY 4.0),5,2024-02-24T20:17:52Z,2026-10-04
f2892f68-d77a-4ec3-a944-0fd1e99f5443,node/8227948986,Pic Prim,,,,,1344.0,OpenStreetMap (coincide con MDT a ±10 m),60.0,False,1278.0,secundaria,38.5948381,-0.2018753,10,Comunitat Valenciana,03,Alicante/Alacant,la Marina Baixa,03069,Finestrat,OpenStreetMap (ODbL 1.0),Calculada sobre MDT25 © IGN (CC BY 4.0),2,2023-07-03T17:57:40Z,2026-10-04
cf43b439-33b2-409e-8f62-9a1a21ca4e87,node/7274055311,Alt de Pilat,,Alt de Pilat,,,1341.0,OpenStreetMap (coincide con MDT a ±10 m),38.0,False,1302.0,secundaria,38.6586301,-0.5503816,10,Comunitat Valenciana,03,Alicante/Alacant,l'Alcoià,03009,Alcoi / Alcoy,OpenStreetMap (ODbL 1.0),Calculada sobre MDT25 © IGN (CC BY 4.0),3,2022-12-10T14:09:16Z,2026-10-04
bb2cad82-6b99-4db4-a633-a3d8d7b28fe9,node/1249819554,Morro dels Regalls,,,,,1322.0,OpenStreetMap (coincide con MDT a ±10 m),41.0,False,1281.0,secundaria,38.7181987,-0.2570611,10,Comunitat Valenciana,03,Alicante/Alacant,la Marina Baixa,03057,Confrides,OpenStreetMap (ODbL 1.0),Calculada sobre MDT25 © IGN (CC BY 4.0),17,2023-06-21T16:51:13Z,2026-10-04
848fa09a-54b2-4d69-975d-0789fb4ddfa7,node/1249817525,Penyó Mulero,,Penyó Mulero,,,1308.0,OpenStreetMap (coincide con MDT a ±10 m),51.0,False,1255.0,secundaria,38.6495981,-0.2179774,10,Comunitat Valenciana,03,Alicante/Alacant,la Marina Baixa,03037,Benimantell,OpenStreetMap (ODbL 1.0),Calculada sobre MDT25 © IGN (CC BY 4.0),13,2023-10-09T23:24:10Z,2026-10-04
993b8454-2fb7-4850-ba43-bb42a053c8ce,node/10665770048,,,,,,1305.0,OpenStreetMap (coincide con MDT a ±10 m),38.0,False,1263.0,secundaria,38.7157143,-0.2363436,10,Comunitat Valenciana,03,Alicante/Alacant,la Marina Baixa,03027,Beniardà,OpenStreetMap (ODbL 1.0),Calculada sobre MDT25 © IGN (CC BY 4.0),3,2024-02-24T00:20:55Z,2026-10-04
b801d388-e2dc-4640-9b70-dd87e7547255,node/26864619,el Maigmó,,el Maigmó,,,1296.0,OpenStreetMap (coincide con MDT a ±10 m),557.0,False,733.0,principal,38.5018761,-0.6312948,10,Comunitat Valenciana,03,Alicante/Alacant,l'Alcoià,03129,Tibi,OpenStreetMap (ODbL 1.0),Calculada sobre MDT25 © IGN (CC BY 4.0),11,2023-09-27T17:23:21Z,2026-10-04
592af23c-369d-4465-9d7b-471550aa64ae,node/8259421115,Penya Meralda,,,,,1288.0,OpenStreetMap (coincide con MDT a ±10 m),41.0,False,1243.0,secundaria,38.7032963,-0.2999944,10,Comunitat Valenciana,03,Alicante/Alacant,el Comtat,03060,Quatretondeta,OpenStreetMap (ODbL 1.0),Calculada sobre MDT25 © IGN (CC BY 4.0),2,2021-01-21T20:21:06Z,2026-10-04
dde232f4-4af8-4a7f-8238-90c0c6175cd9,node/1249817876,el Teix,,,,,1263.0,OpenStreetMap (coincide con MDT a ±10 m),88.0,False,1172.0,secundaria,38.771263,-0.4984025,10,Comunitat Valenciana,03,Alicante/Alacant,el Comtat,03003,Agres,OpenStreetMap (ODbL 1.0),Calculada sobre MDT25 © IGN (CC BY 4.0),13,2024-09-11T23:41:24Z,2026-10-04
04d8a48c-92d7-4925-b36c-f162fd1f128a,node/1822383994,Despenyador,Despeñador,Despenyador,,,1261.0,OpenStreetMap (coincide con MDT a ±10 m),176.0,False,1084.0,principal,38.5329365,-0.6721161,10,Comunitat Valenciana,03,Alicante/Alacant,l'Alcoià,03053,Castalla,OpenStreetMap (ODbL 1.0),Calculada sobre MDT25 © IGN (CC BY 4.0),5,2024-11-07T08:14:17Z,2026-10-04
ef85635a-1fa2-4461-b668-d8b16a1121f9,node/10597438453,,,,,,1257.0,OpenStreetMap (coincide con MDT a ±10 m),41.0,False,1215.0,secundaria,38.7678482,-0.5072278,10,Comunitat Valenciana,03,Alicante/Alacant,el Comtat,03003,Agres,OpenStreetMap (ODbL 1.0),Calculada sobre MDT25 © IGN (CC BY 4.0),3,2024-10-19T10:52:06Z,2026-10-04
19180d12-5413-4047-8897-31043af0bb01,node/6438208516,Alt del Canyo,,,,,1253.0,OpenStreetMap (coincide con MDT a ±10 m),43.0,False,1207.0,secundaria,38.6502907,-0.5413465,10,Comunitat Valenciana,03,Alicante/Alacant,l'Alcoià,03079,Ibi,OpenStreetMap (ODbL 1.0),Calculada sobre MDT25 © IGN (CC BY 4.0),1,2019-04-30T10:23:53Z,2026-10-04
25b45f65-df57-4930-8e4d-5da04b5852c8,node/1822383989,Alt de Guisop,,Alt de Guisop,,,1249.0,OpenStreetMap (coincide con MDT a ±10 m),150.0,False,1097.0,principal,38.5108174,-0.6554654,10,Comunitat Valenciana,03,Alicante/Alacant,l'Alcoià,03053,Castalla,OpenStreetMap (ODbL 1.0),Calculada sobre MDT25 © IGN (CC BY 4.0),3,2022-12-26T23:42:50Z,2026-10-04
e480b088-d557-4030-aa28-174674847d89,node/1249815357,Alt del Carrascalet,,Alt del Carrascalet,,,1245.0,OpenStreetMap (coincide con MDT a ±10 m),106.0,False,1138.0,principal,38.5287218,-0.6646367,10,Comunitat Valenciana,03,Alicante/Alacant,l'Alcoià,03053,Castalla,OpenStreetMap (ODbL 1.0),Calculada sobre MDT25 © IGN (CC BY 4.0),8,2025-05-31T07:15:03Z,2026-10-04
ddc716f0-5456-4641-9050-9600bba7f8b4,node/8291743348,el Cremat,,el Cremat,,,1242.0,OpenStreetMap (coincide con MDT a ±10 m),222.0,False,1018.0,principal,38.6062528,-0.5156601,10,Comunitat Valenciana,03,Alicante/Alacant,l'Alacantí,03083,Xixona / Jijona,OpenStreetMap (ODbL 1.0),Calculada sobre MDT25 © IGN (CC BY 4.0),3,2023-10-20T00:05:42Z,2026-10-04
5dc1ed6b-f5f3-4e3d-818f-436f7f66eba0,node/8982267849,Alto de la Capilla del Fraile,,,,,1238.0,OpenStreetMap (coincide con MDT a ±10 m),600.0,False,636.0,principal,38.4967331,-1.0136732,10,Comunitat Valenciana,03,Alicante/Alacant,el Vinalopó Mitjà / El Vinalopó Medio,03105,el Pinós / Pinoso,OpenStreetMap (ODbL 1.0),Calculada sobre MDT25 © IGN (CC BY 4.0),2,2023-07-20T18:16:57Z,2026-10-04
07593847-c6c6-4fe8-816f-75ca247ca6c8,node/1822384003,la Replana,,la Replana,,,1229.4,OpenStreetMap (coincide con MDT a ±10 m),234.0,False,994.0,principal,38.5706959,-0.7301063,10,Comunitat Valenciana,03,Alicante/Alacant,l'Alcoià,03053,Castalla,OpenStreetMap (ODbL 1.0),Calculada sobre MDT25 © IGN (CC BY 4.0),5,2025-02-26T20:04:39Z,2026-10-04
9bdbd3fa-eefa-4c3b-ab1f-95160870ce30,node/1249817052,Alt del Cerincal,Alto del Cerincal,Alt del Cerincal,,,1226.0,OpenStreetMap (coincide con MDT a ±10 m),34.0,False,1188.0,secundaria,38.7666898,-0.4949656,10,Comunitat Valenciana,03,Alicante/Alacant,el Comtat,03056,Cocentaina,OpenStreetMap (ODbL 1.0),Calculada sobre MDT25 © IGN (CC BY 4.0),8,2025-02-24T15:06:57Z,2026-10-04
45aa8b20-706f-41b3-a045-9f5c5420d8af,node/11975940642,Penya Migjorn,Peña Migjorn,Penya Migjorn,,,1226.0,OpenStreetMap (coincide con MDT a ±10 m),252.0,False,970.0,principal,38.5346195,-0.5408061,10,Comunitat Valenciana,03,Alicante/Alacant,l'Alacantí,03083,Xixona / Jijona,OpenStreetMap (ODbL 1.0),Calculada sobre MDT25 © IGN (CC BY 4.0),1,2024-06-12T17:22:39Z,2026-10-04
1ad68f5a-dc7e-4417-acb3-132a5157d746,node/8334089436,El Racó de Xomarra,,,,,1224.0,OpenStreetMap (coincide con MDT a ±10 m),97.0,False,1125.0,secundaria,38.6199846,-0.4505843,10,Comunitat Valenciana,03,Alicante/Alacant,l'Alacantí,03132,la Torre de les Maçanes / Torremanzanas,OpenStreetMap (ODbL 1.0),Calculada sobre MDT25 © IGN (CC BY 4.0),1,2021-01-18T12:03:21Z,2026-10-04
6fbba299-0518-40f5-b5b0-d69fbc8ebd30,node/4012913544,Penya Alta - Cim de l'Aixortà,,,,,1219.0,OpenStreetMap (coincide con MDT a ±10 m),359.0,False,859.0,principal,38.6949149,-0.1628194,10,Comunitat Valenciana,03,Alicante/Alacant,la Marina Baixa,03037,Benimantell,OpenStreetMap (ODbL 1.0),Calculada sobre MDT25 © IGN (CC BY 4.0),8,2023-07-27T06:17:19Z,2026-10-04
8123183b-1082-4589-b5b8-b9d6c5d3000b,node/11989567870,,,,,,1216.0,OpenStreetMap (coincide con MDT a ±10 m),30.0,False,1184.0,secundaria,38.5378985,-0.5380243,10,Comunitat Valenciana,03,Alicante/Alacant,l'Alacantí,03083,Xixona / Jijona,OpenStreetMap (ODbL 1.0),Calculada sobre MDT25 © IGN (CC BY 4.0),3,2024-07-24T13:32:50Z,2026-10-04
33405aed-8709-407b-aca8-1fe0bb8a8464,node/8291743354,Penya del Carrascal,,Penya del Carrascal,,,1214.0,OpenStreetMap (coincide con MDT a ±10 m),105.0,False,1108.0,principal,38.6439231,-0.4143718,10,Comunitat Valenciana,03,Alicante/Alacant,l'Alcoià,03032,Benifallim,OpenStreetMap (ODbL 1.0),Calculada sobre MDT25 © IGN (CC BY 4.0),2,2022-11-26T10:28:06Z,2026-10-04
e22e7b83-44bb-45d0-bbf5-83ecdbb7c910,node/2552146930,Penyó Rapel,,,,,1211.0,OpenStreetMap (coincide con MDT a ±10 m),30.0,False,1176.0,secundaria,38.6573005,-0.2462473,10,Comunitat Valenciana,03,Alicante/Alacant,la Marina Baixa,03033,Benifato,OpenStreetMap (ODbL 1.0),Calculada sobre MDT25 © IGN (CC BY 4.0),5,2021-02-14T11:23:35Z,2026-10-04
be6bc1a4-9bab-4385-9617-c61b4e301365,node/5618302911,Cabeçó d'Or,,Cabeçó d'Or,,,1210.0,OpenStreetMap (coincide con MDT a ±10 m),414.0,False,794.0,principal,38.5277519,-0.3952898,10,Comunitat Valenciana,03,Alicante/Alacant,l'Alacantí,03014,Alacant / Alicante,OpenStreetMap (ODbL 1.0),Calculada sobre MDT25 © IGN (CC BY 4.0),8,2025-07-04T16:59:57Z,2026-10-04
d85ebfe6-147d-4250-a34f-5bd618bd0205,node/1242138962,Alt de la Barcella,,Alt de la Barcella,,,1209.0,MDT IGN,294.0,False,915.0,principal,38.6639352,-0.6633716,10,Comunitat Valenciana,03,Alicante/Alacant,l'Alcoià,03021,Banyeres de Mariola,OpenStreetMap (ODbL 1.0),Calculada sobre MDT25 © IGN (CC BY 4.0),4,2025-10-27T19:23:44Z,2026-10-04
4982282f-1512-4aa4-a9bc-3045480ec923,node/1249816308,Alt de la Serra del Carrascal,,,,,1208.0,OpenStreetMap (coincide con MDT a ±10 m),33.0,False,1174.0,secundaria,38.6707097,-0.3086797,10,Comunitat Valenciana,03,Alicante/Alacant,la Marina Baixa,03057,Confrides,OpenStreetMap (ODbL 1.0),Calculada sobre MDT25 © IGN (CC BY 4.0),5,2026-05-17T19:09:46Z,2026-10-04
caa52105-f27c-41b2-90bc-6f2fde48e513,node/8896000444,Reconco,,,,,1205.0,OpenStreetMap (coincide con MDT a ±10 m),187.0,False,1017.0,principal,38.6297143,-0.7192447,10,Comunitat Valenciana,03,Alicante/Alacant,l'Alt Vinalopó / El Alto Vinalopó,03043,Biar,OpenStreetMap (ODbL 1.0),Calculada sobre MDT25 © IGN (CC BY 4.0),2,2025-01-07T11:17:24Z,2026-10-04
ef7f9661-33bc-4959-b665-fd0064b861a2,node/8291743349,Cabeç de Corbó,,Cabeç de Corbó,,,1204.0,OpenStreetMap (coincide con MDT a ±10 m),52.0,False,1151.0,secundaria,38.6149015,-0.5048963,10,Comunitat Valenciana,03,Alicante/Alacant,l'Alcoià,03079,Ibi,OpenStreetMap (ODbL 1.0),Calculada sobre MDT25 © IGN (CC BY 4.0),2,2023-10-09T23:25:13Z,2026-10-04
59050ab1-0c39-4832-b512-7fff0ca111c0,node/7274055312,Cabeç Ras,,Cabeç Ras,,,1203.0,OpenStreetMap (coincide con MDT a ±10 m),33.0,False,1171.0,secundaria,38.6580912,-0.5669305,10,Comunitat Valenciana,03,Alicante/Alacant,l'Alcoià,03009,Alcoi / Alcoy,OpenStreetMap (ODbL 1.0),Calculada sobre MDT25 © IGN (CC BY 4.0),4,2024-10-28T21:59:55Z,2026-10-04
3b589330-f32d-474a-ad77-84b68014e4d9,node/4470219833,Penyó Cabal,,,,,1184.0,OpenStreetMap (coincide con MDT a ±10 m),288.0,False,894.0,principal,38.6183254,-0.1864068,10,Comunitat Valenciana,03,Alicante/Alacant,la Marina Baixa,03037,Benimantell,OpenStreetMap (ODbL 1.0),Calculada sobre MDT25 © IGN (CC BY 4.0),7,2021-08-30T00:14:35Z,2026-10-04
b0289eb9-622e-4083-84b9-b3d039f5f7fe,node/1249811223,Ponotx,,,,,1183.0,OpenStreetMap (coincide con MDT a ±10 m),258.0,False,922.0,principal,38.6128571,-0.1762996,10,Comunitat Valenciana,03,Alicante/Alacant,la Marina Baixa,03107,Polop,OpenStreetMap (ODbL 1.0),Calculada sobre MDT25 © IGN (CC BY 4.0),12,2023-11-14T19:00:02Z,2026-10-04
39e2b67b-2795-4f37-85a6-7f99e542a4bf,node/1249814546,Morro de Serrella,,,,,1182.4,OpenStreetMap (coincide con MDT a ±10 m),38.0,False,1144.0,secundaria,38.6976248,-0.3260642,10,Comunitat Valenciana,03,Alicante/Alacant,el Comtat,03060,Quatretondeta,OpenStreetMap (ODbL 1.0),Calculada sobre MDT25 © IGN (CC BY 4.0),11,2021-01-21T20:21:06Z,2026-10-04
4a5219ee-35a4-4511-b711-d34696d4cba7,node/1822383999,Maigmonet,,Maigmonet,,,1182.0,OpenStreetMap (coincide con MDT a ±10 m),58.0,False,1122.0,secundaria,38.5050986,-0.6363091,10,Comunitat Valenciana,03,Alicante/Alacant,l'Alcoià,03053,Castalla,OpenStreetMap (ODbL 1.0),Calculada sobre MDT25 © IGN (CC BY 4.0),4,2022-12-26T23:40:40Z,2026-10-04
16a3ca64-3a1b-4012-a8a2-aa16ab597ffe,node/1249818066,Alt d'Alfaro,,,,,1166.0,OpenStreetMap (coincide con MDT a ±10 m),393.0,False,772.0,principal,38.7486697,-0.2444938,10,Comunitat Valenciana,03,Alicante/Alacant,el Comtat,03130,Tollos,OpenStreetMap (ODbL 1.0),Calculada sobre MDT25 © IGN (CC BY 4.0),6,2021-05-08T09:46:54Z,2026-10-04
7e2707b9-4846-4163-a78b-8ec0604921ec,node/1249816970,Biscoy,,,,,1164.0,OpenStreetMap (coincide con MDT a ±10 m),203.0,False,959.0,principal,38.6510278,-0.5986274,10,Comunitat Valenciana,03,Alicante/Alacant,l'Alcoià,03079,Ibi,OpenStreetMap (ODbL 1.0),Calculada sobre MDT25 © IGN (CC BY 4.0),5,2023-02-06T21:23:55Z,2026-10-04
1e56aa91-6df6-4605-8beb-2ec49a7169ee,node/9765689859,Altet de Nono,,,,,1161.0,OpenStreetMap (coincide con MDT a ±10 m),131.0,False,1028.0,principal,38.6259051,-0.2531437,10,Comunitat Valenciana,03,Alicante/Alacant,la Marina Baixa,03124,Sella,OpenStreetMap (ODbL 1.0),Calculada sobre MDT25 © IGN (CC BY 4.0),1,2022-05-23T23:51:57Z,2026-10-04
5c86e9ed-05d7-407c-8f0b-937d02746582,node/4012868089,Morrets de Pastor,,Morrets de Pastor,,,1156.0,OpenStreetMap (coincide con MDT a ±10 m),60.0,False,1100.0,secundaria,38.697618,-0.1738515,10,Comunitat Valenciana,03,Alicante/Alacant,la Marina Baixa,03027,Beniardà,OpenStreetMap (ODbL 1.0),Calculada sobre MDT25 © IGN (CC BY 4.0),7,2022-11-26T10:25:18Z,2026-10-04
b71f8605-c3f2-466b-bbe8-20f1fc71b0ae,node/11070729764,,,,,,1155.0,OpenStreetMap (coincide con MDT a ±10 m),39.0,False,1113.0,secundaria,38.6900966,-0.1641466,10,Comunitat Valenciana,03,Alicante/Alacant,la Marina Baixa,03037,Benimantell,OpenStreetMap (ODbL 1.0),Calculada sobre MDT25 © IGN (CC BY 4.0),1,2023-07-27T08:18:52Z,2026-10-04
a038e402-11c0-4149-a2f6-9cf48410e6de,node/1249814050,la Cilla del Sit,La Silla del Cid,la Cilla del Sit,,,1147.0,OpenStreetMap (coincide con MDT a ±10 m),429.0,False,715.0,principal,38.4782571,-0.7261061,10,Comunitat Valenciana,03,Alicante/Alacant,el Vinalopó Mitjà / El Vinalopó Medio,03104,Petrer,OpenStreetMap (ODbL 1.0),Calculada sobre MDT25 © IGN (CC BY 4.0),13,2026-09-23T22:48:49Z,2026-10-04
5e4527d8-b0e7-4bc7-9dac-2e83bf19b3b7,node/6438911268,la Lloma del Cavall,,la Lloma del Cavall,,,1144.0,OpenStreetMap (coincide con MDT a ±10 m),32.0,False,1113.0,secundaria,38.7552982,-0.5075049,10,Comunitat Valenciana,03,Alicante/Alacant,el Comtat,03003,Agres,OpenStreetMap (ODbL 1.0),Calculada sobre MDT25 © IGN (CC BY 4.0),3,2024-12-14T10:20:59Z,2026-10-04
037fae7b-50f5-464a-b1ad-2ee7c2b2eb33,node/11862962357,Penya de l'Home,,Penya de l'Home,,,1138.0,OpenStreetMap (coincide con MDT a ±10 m),83.0,False,1051.0,secundaria,38.5403512,-0.4000259,10,Comunitat Valenciana,03,Alicante/Alacant,l'Alacantí,03046,Busot,OpenStreetMap (ODbL 1.0),Calculada sobre MDT25 © IGN (CC BY 4.0),2,2026-05-17T19:09:46Z,2026-10-04
d56f8857-40cd-44cd-a2f6-c249243aef1d,node/7274026096,Cabeç de Guillem,,Cabeç de Guillem,,,1135.0,OpenStreetMap (coincide con MDT a ±10 m),44.0,False,1091.0,secundaria,38.6473503,-0.5639559,10,Comunitat Valenciana,03,Alicante/Alacant,l'Alcoià,03079,Ibi,OpenStreetMap (ODbL 1.0),Calculada sobre MDT25 © IGN (CC BY 4.0),2,2023-10-09T23:25:13Z,2026-10-04
b58cff0b-c06b-489b-81ad-9cc9ef31623f,node/1242130271,Alt de la Xumenera,Alto de la Chimenea,Alt de la Xumenera,,,1132.82,OpenStreetMap (coincide con MDT a ±10 m),30.0,False,1099.0,secundaria,38.5063513,-0.6570283,10,Comunitat Valenciana,03,Alicante/Alacant,l'Alcoià,03053,Castalla,OpenStreetMap (ODbL 1.0),Calculada sobre MDT25 © IGN (CC BY 4.0),5,2019-07-17T16:12:02Z,2026-10-04
0a4779da-f393-49bd-a22a-cd18db03409b,node/1249818676,Tossal de Florent,,Tossal de Florent,,,1131.0,OpenStreetMap (coincide con MDT a ±10 m),184.0,False,945.0,principal,38.6966154,-0.2766933,10,Comunitat Valenciana,03,Alicante/Alacant,la Marina Baixa,03057,Confrides,OpenStreetMap (ODbL 1.0),Calculada sobre MDT25 © IGN (CC BY 4.0),6,2023-02-06T21:51:30Z,2026-10-04
52a9c06e-8647-4ccc-bdbc-6e69018ace67,node/1249813257,Alt de la Reja,,Alt de la Reja,,,1128.0,OpenStreetMap (coincide con MDT a ±10 m),46.0,False,1080.0,secundaria,38.7778879,-0.4867768,10,Comunitat Valenciana,03,Alicante/Alacant,el Comtat,03003,Agres,OpenStreetMap (ODbL 1.0),Calculada sobre MDT25 © IGN (CC BY 4.0),10,2024-09-12T16:11:35Z,2026-10-04
6e90ffef-caee-4ed4-a33c-9f12fc8bf6a1,node/1242134603,Alt del Pla del Cirer,,Alt del Pla del Cirer,,,1126.0,OpenStreetMap (coincide con MDT a ±10 m),97.0,False,1026.0,secundaria,38.6453475,-0.3331667,10,Comunitat Valenciana,03,Alicante/Alacant,l'Alcoià,03103,Penàguila,OpenStreetMap (ODbL 1.0),Calculada sobre MDT25 © IGN (CC BY 4.0),6,2023-02-02T23:50:20Z,2026-10-04
5d2fc8ac-6a23-4cdd-a4ad-fb318bb4b85c,node/7742037055,Bèrnia,,Bèrnia,,,1126.0,OpenStreetMap (coincide con MDT a ±10 m),536.0,False,588.0,principal,38.6634851,-0.0549927,10,Comunitat Valenciana,03,Alicante/Alacant,la Marina Alta,03081,Xaló,OpenStreetMap (ODbL 1.0),Calculada sobre MDT25 © IGN (CC BY 4.0),4,2024-11-06T21:36:39Z,2026-10-04
5bd66db3-6908-4bd1-9643-4df9f6b12774,node/10612846579,Mela,,Mela,,,1123.0,OpenStreetMap (coincide con MDT a ±10 m),85.0,False,1035.0,secundaria,38.7009274,-0.2765329,10,Comunitat Valenciana,03,Alicante/Alacant,la Marina Baixa,03057,Confrides,OpenStreetMap (ODbL 1.0),Calculada sobre MDT25 © IGN (CC BY 4.0),3,2023-10-19T23:09:34Z,2026-10-04
f335cf9d-37cc-407a-bff8-4a86e53bc6a3,node/8291743346,Cabeç de Castelló,,Cabeç de Castelló,,,1122.0,OpenStreetMap (coincide con MDT a ±10 m),40.0,False,1084.0,secundaria,38.6171932,-0.5109769,10,Comunitat Valenciana,03,Alicante/Alacant,l'Alcoià,03079,Ibi,OpenStreetMap (ODbL 1.0),Calculada sobre MDT25 © IGN (CC BY 4.0),2,2022-11-26T11:04:18Z,2026-10-04
8d67f293-36d3-44c5-906e-31be22add81a,node/8346354739,Moleta de Xarquera,,,,,1122.0,OpenStreetMap (coincide con MDT a ±10 m),92.0,False,1026.0,secundaria,38.6804784,-0.29879,10,Comunitat Valenciana,03,Alicante/Alacant,la Marina Baixa,03057,Confrides,OpenStreetMap (ODbL 1.0),Calculada sobre MDT25 © IGN (CC BY 4.0),1,2021-01-21T20:21:06Z,2026-10-04
bcd078b3-42b8-4b20-aa00-a51ebfccd1a6,node/1242130296,Pic de la Blasca,,,,,1120.0,OpenStreetMap (coincide con MDT a ±10 m),200.0,False,920.0,principal,38.6874762,-0.6868521,10,Comunitat Valenciana,03,Alicante/Alacant,l'Alcoià,03021,Banyeres de Mariola,OpenStreetMap (ODbL 1.0),Calculada sobre MDT25 © IGN (CC BY 4.0),6,2024-02-24T00:26:48Z,2026-10-04
450b76b2-a8c4-4602-bed7-7f781f525a39,node/1249817930,Penyó Diví,Peñón Divino,Penyó Diví,,,1119.0,OpenStreetMap (coincide con MDT a ±10 m),37.0,False,1081.0,secundaria,38.6293876,-0.2354165,10,Comunitat Valenciana,03,Alicante/Alacant,la Marina Baixa,03037,Benimantell,OpenStreetMap (ODbL 1.0),Calculada sobre MDT25 © IGN (CC BY 4.0),5,2022-05-23T23:51:57Z,2026-10-04
b0222070-92d5-485b-904c-2e49d9cd7224,node/8291743345,Cabeç de Barberà,,Cabeç de Barberà,,,1117.0,OpenStreetMap (coincide con MDT a ±10 m),36.0,False,1077.0,secundaria,38.6203241,-0.5077636,10,Comunitat Valenciana,03,Alicante/Alacant,l'Alcoià,03079,Ibi,OpenStreetMap (ODbL 1.0),Calculada sobre MDT25 © IGN (CC BY 4.0),2,2022-11-26T11:04:17Z,2026-10-04
6fef3d90-7070-44f4-8e34-14c6f8bed928,node/8291743350,Morro de la Penya,,Morro de la Penya,,,1114.0,OpenStreetMap (coincide con MDT a ±10 m),30.0,False,1083.0,secundaria,38.6225978,-0.4326162,10,Comunitat Valenciana,03,Alicante/Alacant,l'Alacantí,03132,la Torre de les Maçanes / Torremanzanas,OpenStreetMap (ODbL 1.0),Calculada sobre MDT25 © IGN (CC BY 4.0),2,2023-10-09T23:26:56Z,2026-10-04
b508c340-e7af-4ca0-b9cf-2acd0fc64a7a,node/9764853027,Morro de Pinareta,,,,,1112.0,OpenStreetMap (coincide con MDT a ±10 m),60.0,False,1050.0,secundaria,38.670974,-0.2531648,10,Comunitat Valenciana,03,Alicante/Alacant,la Marina Baixa,03057,Confrides,OpenStreetMap (ODbL 1.0),Calculada sobre MDT25 © IGN (CC BY 4.0),3,2023-09-16T13:55:52Z,2026-10-04
11ac40fc-3c73-45c1-bc0d-88f1a7054af2,node/4471750807,Penyó Roc,,Penyó Roc,,,1108.0,OpenStreetMap (coincide con MDT a ±10 m),126.0,False,978.0,principal,38.6420232,-0.1871326,10,Comunitat Valenciana,03,Alicante/Alacant,la Marina Baixa,03037,Benimantell,OpenStreetMap (ODbL 1.0),Calculada sobre MDT25 © IGN (CC BY 4.0),5,2023-10-09T23:24:10Z,2026-10-04
c2358793-412b-4ca1-871f-c608fe06573a,node/1822383991,Alt de la Casa Castalla,Alto de la Casa Castalla,Alt de la Casa Castalla,,,1107.03,OpenStreetMap (coincide con MDT a ±10 m),112.0,False,995.0,principal,38.5571265,-0.6939394,10,Comunitat Valenciana,03,Alicante/Alacant,l'Alcoià,03053,Castalla,OpenStreetMap (ODbL 1.0),Calculada sobre MDT25 © IGN (CC BY 4.0),5,2022-07-02T08:36:59Z,2026-10-04
a296bd36-b92a-4fff-b01e-fcf30cdbbefe,node/9765689860,Alt de la Penya de Sella,,Alt de la Penya de Sella,,,1107.0,OpenStreetMap (coincide con MDT a ±10 m),31.0,False,1075.0,secundaria,38.6239936,-0.25819,10,Comunitat Valenciana,03,Alicante/Alacant,la Marina Baixa,03124,Sella,OpenStreetMap (ODbL 1.0),Calculada sobre MDT25 © IGN (CC BY 4.0),2,2023-10-09T23:26:37Z,2026-10-04
d0ac0098-cbc6-494e-8925-6e338f1bb707,node/1822383993,Cid,Cid,Sit,,,1104.0,OpenStreetMap (coincide con MDT a ±10 m),144.0,False,958.0,principal,38.4538041,-0.7191452,10,Comunitat Valenciana,03,Alicante/Alacant,el Vinalopó Mitjà / El Vinalopó Medio,03104,Petrer,OpenStreetMap (ODbL 1.0),Calculada sobre MDT25 © IGN (CC BY 4.0),5,2021-03-25T22:58:46Z,2026-10-04
1a8e4cb7-c78a-4aed-9f4e-99c2e301ef84,node/8497660807,Mola Alta de Serelles,,Mola Alta de Serelles,,,1104.0,OpenStreetMap (coincide con MDT a ±10 m),93.0,False,1012.0,secundaria,38.7282307,-0.4924183,10,Comunitat Valenciana,03,Alicante/Alacant,l'Alcoià,03009,Alcoi / Alcoy,OpenStreetMap (ODbL 1.0),Calculada sobre MDT25 © IGN (CC BY 4.0),5,2024-09-13T22:59:21Z,2026-10-04
c38e3861-35f9-45a3-bf0f-7a47cc9aa5e3,node/8291743337,Cabeç de Domingo,,Cabeç de Domingo,,,1103.0,OpenStreetMap (coincide con MDT a ±10 m),31.0,False,1071.0,secundaria,38.5990673,-0.5370909,10,Comunitat Valenciana,03,Alicante/Alacant,l'Alcoià,03079,Ibi,OpenStreetMap (ODbL 1.0),Calculada sobre MDT25 © IGN (CC BY 4.0),2,2022-11-26T11:04:19Z,2026-10-04
7ed7ab90-ca34-4974-9bbf-c17b4bd77cf2,node/3607383380,la Capella,,la Capella,,,1102.0,MDT IGN,510.0,False,592.0,principal,38.8319963,-0.4076379,10,Comunitat Valenciana,03,Alicante/Alacant,el Comtat,03072,Gaianes,OpenStreetMap (ODbL 1.0),Calculada sobre MDT25 © IGN (CC BY 4.0),6,2023-01-08T14:16:17Z,2026-10-04
71d0511a-6528-4768-9027-a5359e52f797,node/1242142813,Morro del Port,,Morro del Port,,,1098.0,OpenStreetMap (coincide con MDT a ±10 m),124.0,False,973.0,principal,38.6945835,-0.2968117,10,Comunitat Valenciana,03,Alicante/Alacant,la Marina Baixa,03057,Confrides,OpenStreetMap (ODbL 1.0),Calculada sobre MDT25 © IGN (CC BY 4.0),7,2023-10-19T23:09:34Z,2026-10-04
21677163-2da2-41e2-9bbb-4082215884e5,node/8291743347,Cabeç de Barret,,Cabeç de Barret,,,1096.0,OpenStreetMap (coincide con MDT a ±10 m),30.0,False,1064.0,secundaria,38.6145861,-0.5150807,10,Comunitat Valenciana,03,Alicante/Alacant,l'Alcoià,03079,Ibi,OpenStreetMap (ODbL 1.0),Calculada sobre MDT25 © IGN (CC BY 4.0),2,2022-11-26T11:04:18Z,2026-10-04
7c36bec3-4031-40e8-812a-44ed40a28a59,node/10604619510,Alt de la Martina,,Alt de la Martina,,,1093.0,OpenStreetMap (coincide con MDT a ±10 m),83.0,False,1008.0,secundaria,38.5827883,-0.5404035,10,Comunitat Valenciana,03,Alicante/Alacant,l'Alacantí,03083,Xixona / Jijona,OpenStreetMap (ODbL 1.0),Calculada sobre MDT25 © IGN (CC BY 4.0),2,2023-10-09T23:27:26Z,2026-10-04
8110ff55-bf6a-4149-b00b-dc107064834b,node/9776371609,el Portell de Just d'Alfafara,,,,,1087.0,OpenStreetMap (coincide con MDT a ±10 m),63.0,False,1022.0,secundaria,38.7636621,-0.5422889,10,Comunitat Valenciana,03,Alicante/Alacant,el Comtat,03010,Alfafara,OpenStreetMap (ODbL 1.0),Calculada sobre MDT25 © IGN (CC BY 4.0),4,2023-10-16T16:37:27Z,2026-10-04
5b8e18af-7358-4312-bdc5-edddf06b5db1,node/8094874130,Puntal Gros,,,,,1086.0,OpenStreetMap (coincide con MDT a ±10 m),484.0,False,600.0,principal,38.3291884,-0.9718394,10,Comunitat Valenciana,03,Alicante/Alacant,el Baix Segura / La Vega Baja,03099,Orihuela,OpenStreetMap (ODbL 1.0),Calculada sobre MDT25 © IGN (CC BY 4.0),2,2024-11-04T17:03:02Z,2026-10-04
0b420768-9f8c-4bad-a6a7-e79cf35c07eb,node/4471770985,el Carrascal,,el Carrascal,,,1085.0,OpenStreetMap (coincide con MDT a ±10 m),149.0,False,932.0,principal,38.6320036,-0.1852615,10,Comunitat Valenciana,03,Alicante/Alacant,la Marina Baixa,03037,Benimantell,OpenStreetMap (ODbL 1.0),Calculada sobre MDT25 © IGN (CC BY 4.0),4,2023-10-20T00:02:51Z,2026-10-04
251f1074-6b6a-40d2-b53d-6c1751ce6172,node/1242157054,Alt de la Pedrissa,,,,,1082.0,OpenStreetMap (coincide con MDT a ±10 m),85.0,False,997.0,secundaria,38.6515437,-0.3474205,10,Comunitat Valenciana,03,Alicante/Alacant,el Comtat,03008,Alcoleja,OpenStreetMap (ODbL 1.0),Calculada sobre MDT25 © IGN (CC BY 4.0),5,2025-11-16T21:30:23Z,2026-10-04
541b80eb-3f60-4ed2-9b51-d3a22cca4e69,node/1249811072,Alt del Montagut,,Alt del Montagut,,,1081.0,OpenStreetMap (coincide con MDT a ±10 m),111.0,False,968.0,principal,38.6014258,-0.4439453,10,Comunitat Valenciana,03,Alicante/Alacant,l'Alacantí,03132,la Torre de les Maçanes / Torremanzanas,OpenStreetMap (ODbL 1.0),Calculada sobre MDT25 © IGN (CC BY 4.0),6,2023-01-24T21:34:33Z,2026-10-04
2ab4dfbb-2afa-4f5c-be98-821ffa5cd3a9,node/4012876231,Penya de l'Altar Gelat,,Penya de l'Altar Gelat,,,1080.0,OpenStreetMap (coincide con MDT a ±10 m),42.0,False,1044.0,secundaria,38.7011003,-0.1853881,10,Comunitat Valenciana,03,Alicante/Alacant,la Marina Baixa,03027,Beniardà,OpenStreetMap (ODbL 1.0),Calculada sobre MDT25 © IGN (CC BY 4.0),7,2022-11-26T10:25:20Z,2026-10-04
d2037ca3-1d4c-47f3-89b7-e56b9ce731c7,node/7274048352,Morros de Vistabella,,Morros de Vistabella,,,1063.0,OpenStreetMap (coincide con MDT a ±10 m),39.0,False,1027.0,secundaria,38.6645173,-0.5614561,10,Comunitat Valenciana,03,Alicante/Alacant,l'Alcoià,03009,Alcoi / Alcoy,OpenStreetMap (ODbL 1.0),Calculada sobre MDT25 © IGN (CC BY 4.0),2,2022-12-10T14:11:38Z,2026-10-04
28d43ab1-4676-442f-84f1-03074c9cfbfe,node/1249812646,Penya del Salt de la Mort,Peña del Salto de la Muerte,Penya del Salt de la Mort,,,1055.0,OpenStreetMap (coincide con MDT a ±10 m),422.0,False,633.0,principal,38.3624093,-0.9675523,10,Comunitat Valenciana,03,Alicante/Alacant,el Vinalopó Mitjà / El Vinalopó Medio,03105,el Pinós / Pinoso,OpenStreetMap (ODbL 1.0),Calculada sobre MDT25 © IGN (CC BY 4.0),8,2024-09-03T19:05:09Z,2026-10-04
89dd2e68-c58c-4e8c-b52e-1c06cd9cf834,node/8497660802,Alt de les Pedreres,,Alt de les Pedreres,,,1055.0,OpenStreetMap (coincide con MDT a ±10 m),166.0,False,890.0,principal,38.7148571,-0.49948,10,Comunitat Valenciana,03,Alicante/Alacant,l'Alcoià,03009,Alcoi / Alcoy,OpenStreetMap (ODbL 1.0),Calculada sobre MDT25 © IGN (CC BY 4.0),6,2024-09-22T15:22:10Z,2026-10-04
31f11bac-72b0-4f41-b319-92f5bd1d5410,node/1249812027,Penya de la Mina,,Penya de la Mina,,,1053.0,OpenStreetMap (coincide con MDT a ±10 m),137.0,False,915.0,principal,38.3295574,-0.9385218,10,Comunitat Valenciana,03,Alicante/Alacant,el Vinalopó Mitjà / El Vinalopó Medio,03077,el Fondó de les Neus / Hondón de las Nieves,OpenStreetMap (ODbL 1.0),Calculada sobre MDT25 © IGN (CC BY 4.0),6,2022-11-26T10:54:38Z,2026-10-04
1d4d3c2f-2cc4-438b-bc1b-1bd66c568279,node/3056978747,la Serreta,,la Serreta,,,1051.7,OpenStreetMap (coincide con MDT a ±10 m),283.0,False,766.0,principal,38.6879533,-0.4364362,10,Comunitat Valenciana,03,Alicante/Alacant,l'Alcoià,03103,Penàguila,OpenStreetMap (ODbL 1.0),Calculada sobre MDT25 © IGN (CC BY 4.0),4,2023-10-20T00:04:33Z,2026-10-04
af6ddce7-6cbc-42cb-8a7c-e2c54d062e7e,node/1822383995,el Xocolate,El Chocolate,el Xocolate,,,1051.27,OpenStreetMap (coincide con MDT a ±10 m),70.0,False,981.0,secundaria,38.5514513,-0.7441857,10,Comunitat Valenciana,03,Alicante/Alacant,el Vinalopó Mitjà / El Vinalopó Medio,03104,Petrer,OpenStreetMap (ODbL 1.0),Calculada sobre MDT25 © IGN (CC BY 4.0),4,2023-10-20T00:04:34Z,2026-10-04
7c932886-16f1-4093-a838-d80605879974,node/11071249395,,,,,,1051.0,OpenStreetMap (coincide con MDT a ±10 m),86.0,False,958.0,secundaria,38.6387571,-0.1836989,10,Comunitat Valenciana,03,Alicante/Alacant,la Marina Baixa,03037,Benimantell,OpenStreetMap (ODbL 1.0),Calculada sobre MDT25 © IGN (CC BY 4.0),1,2023-07-27T13:36:20Z,2026-10-04
644a914d-2ff1-43ab-aa52-9e71ca1ed405,node/3707351391,Caire,,,,,1049.0,OpenStreetMap (coincide con MDT a ±10 m),37.0,False,1010.0,secundaria,38.5253626,-0.9476224,10,Comunitat Valenciana,03,Alicante/Alacant,l'Alt Vinalopó / El Alto Vinalopó,03116,Salinas,OpenStreetMap (ODbL 1.0),Calculada sobre MDT25 © IGN (CC BY 4.0),1,2015-08-21T00:01:47Z,2026-10-04
f664d76f-f19f-4da7-b026-8897f61908ec,node/4012866266,el Castellet,,el Castellet,,,1049.0,OpenStreetMap (coincide con MDT a ±10 m),173.0,False,873.0,principal,38.7055927,-0.2010867,10,Comunitat Valenciana,03,Alicante/Alacant,la Marina Baixa,03027,Beniardà,OpenStreetMap (ODbL 1.0),Calculada sobre MDT25 © IGN (CC BY 4.0),11,2024-02-27T21:37:43Z,2026-10-04
b5639256-8b65-4a55-b31d-21e8573c6b22,node/9026520312,Cocoll,,,,,1048.0,OpenStreetMap (coincide con MDT a ±10 m),280.0,False,763.0,principal,38.7362211,-0.1492696,10,Comunitat Valenciana,03,Alicante/Alacant,la Marina Alta,03054,Castell de Castells,OpenStreetMap (ODbL 1.0),Calculada sobre MDT25 © IGN (CC BY 4.0),1,2021-08-22T15:14:30Z,2026-10-04
c588b0cc-c991-48d8-9931-64601d68891a,node/6430722650,Cabeço de Mariola,,,,,1044.0,OpenStreetMap (coincide con MDT a ±10 m),40.0,False,1002.0,secundaria,38.7592114,-0.5519529,10,Comunitat Valenciana,03,Alicante/Alacant,el Comtat,03010,Alfafara,OpenStreetMap (ODbL 1.0),Calculada sobre MDT25 © IGN (CC BY 4.0),3,2021-11-17T23:33:48Z,2026-10-04
3c087f4e-b61d-4ddf-8afc-af9b5d132489,node/9490418955,Sierra del Fraile,,,,,1043.0,OpenStreetMap (coincide con MDT a ±10 m),230.0,False,814.0,principal,38.6119202,-0.7783334,10,Comunitat Valenciana,03,Alicante/Alacant,l'Alt Vinalopó / El Alto Vinalopó,03043,Biar,OpenStreetMap (ODbL 1.0),Calculada sobre MDT25 © IGN (CC BY 4.0),1,2022-02-08T17:47:16Z,2026-10-04
36069681-7ac1-4c20-a960-071e7b7e1832,node/10650275252,Algarejo,,,,,1043.0,OpenStreetMap (coincide con MDT a ±10 m),38.0,False,1004.0,secundaria,38.3683165,-0.9680424,10,Comunitat Valenciana,03,Alicante/Alacant,el Vinalopó Mitjà / El Vinalopó Medio,03105,el Pinós / Pinoso,OpenStreetMap (ODbL 1.0),Calculada sobre MDT25 © IGN (CC BY 4.0),1,2023-02-11T20:59:33Z,2026-10-04
f5d1e7e7-69ab-44e1-8efb-c1600c96a313,node/8291743340,Cabeç del Quarter,,Cabeç del Quarter,,,1036.0,OpenStreetMap (coincide con MDT a ±10 m),53.0,False,980.0,secundaria,38.5941945,-0.5554841,10,Comunitat Valenciana,03,Alicante/Alacant,l'Alacantí,03083,Xixona / Jijona,OpenStreetMap (ODbL 1.0),Calculada sobre MDT25 © IGN (CC BY 4.0),4,2022-11-26T12:01:49Z,2026-10-04
92a36578-57fd-4cf2-b02c-90a5c1dfe260,node/11196005861,,,,,,1029.0,OpenStreetMap (coincide con MDT a ±10 m),33.0,False,993.0,secundaria,38.6890501,-0.2927483,10,Comunitat Valenciana,03,Alicante/Alacant,la Marina Baixa,03057,Confrides,OpenStreetMap (ODbL 1.0),Calculada sobre MDT25 © IGN (CC BY 4.0),2,2023-09-29T14:13:26Z,2026-10-04
f7e9af65-1559-4135-a4ab-30155be6ebba,node/12426949714,Els Picatxos,,,,,1018.0,OpenStreetMap (coincide con MDT a ±10 m),50.0,False,962.0,secundaria,38.6835375,-0.7029212,10,Comunitat Valenciana,03,Alicante/Alacant,l'Alt Vinalopó / El Alto Vinalopó,03043,Biar,OpenStreetMap (ODbL 1.0),Calculada sobre MDT25 © IGN (CC BY 4.0),1,2024-12-17T19:47:58Z,2026-10-04
b3a5d4c9-fefe-4b10-b49e-0130710b6d76,node/1242129739,Alt de la Caseta de la Neu,,Alt de la Caseta de la Neu,,,1015.0,OpenStreetMap (coincide con MDT a ±10 m),295.0,False,719.0,principal,38.7547675,-0.3374279,10,Comunitat Valenciana,03,Alicante/Alacant,el Comtat,03020,Balones,OpenStreetMap (ODbL 1.0),Calculada sobre MDT25 © IGN (CC BY 4.0),5,2023-01-18T20:50:38Z,2026-10-04
a9860a1d-1efd-46d1-b715-37b6eab9e883,node/1249812163,Cim de la Safor,,Cim de la Safor,,,1013.0,OpenStreetMap (coincide con MDT a ±10 m),442.0,False,569.0,principal,38.8598619,-0.260132,10,Comunitat Valenciana,03,Alicante/Alacant,la Marina Alta,03136,la Vall de Gallinera,OpenStreetMap (ODbL 1.0),Calculada sobre MDT25 © IGN (CC BY 4.0),18,2024-10-10T09:59:19Z,2026-10-04
d809e2fb-5bc4-46a3-8f90-c110f6a9ef02,node/10612718658,L' Ascensió,,,,,1012.0,OpenStreetMap (coincide con MDT a ±10 m),305.0,False,707.0,principal,38.7355939,-0.7563172,10,Comunitat Valenciana,03,Alicante/Alacant,l'Alt Vinalopó / El Alto Vinalopó,03023,Beneixama,OpenStreetMap (ODbL 1.0),Calculada sobre MDT25 © IGN (CC BY 4.0),1,2023-02-06T21:05:18Z,2026-10-04
d78e79a6-ae22-4ea8-97ba-bf12674874c2,node/8346354738,Morro de la Solaneta,,,,,1011.0,OpenStreetMap (coincide con MDT a ±10 m),40.0,False,967.0,secundaria,38.6840473,-0.2893983,10,Comunitat Valenciana,03,Alicante/Alacant,la Marina Baixa,03057,Confrides,OpenStreetMap (ODbL 1.0),Calculada sobre MDT25 © IGN (CC BY 4.0),1,2021-01-21T20:21:06Z,2026-10-04
578e04f4-e848-4d97-9f20-eea34a91c51b,node/5417545927,Penya Muntesa,,Penya Muntesa,,,1008.0,OpenStreetMap (coincide con MDT a ±10 m),105.0,False,899.0,principal,38.4891325,-0.6801546,10,Comunitat Valenciana,03,Alicante/Alacant,el Vinalopó Mitjà / El Vinalopó Medio,03104,Petrer,OpenStreetMap (ODbL 1.0),Calculada sobre MDT25 © IGN (CC BY 4.0),3,2022-11-26T11:31:25Z,2026-10-04
540e91b1-7940-4bdf-8b7e-fd95e3129702,node/9026515494,sa Mallada Gran,,,,,1002.0,OpenStreetMap (coincide con MDT a ±10 m),130.0,False,871.0,principal,38.7234825,-0.1155558,10,Comunitat Valenciana,03,Alicante/Alacant,la Marina Baixa,03127,Tàrbena,OpenStreetMap (ODbL 1.0),Calculada sobre MDT25 © IGN (CC BY 4.0),4,2023-07-17T05:27:03Z,2026-10-04
b5eed91d-31f7-42f1-9e27-0d3adce15df3,node/1822384002,Rasos de Catí,Rasos de Catí,Rasos de Catí,,,999.0,OpenStreetMap (coincide con MDT a ±10 m),51.0,False,945.0,secundaria,38.4901418,-0.6852318,10,Comunitat Valenciana,03,Alicante/Alacant,el Vinalopó Mitjà / El Vinalopó Medio,03104,Petrer,OpenStreetMap (ODbL 1.0),Calculada sobre MDT25 © IGN (CC BY 4.0),2,2020-02-17T22:00:51Z,2026-10-04
63e70cde-cb8a-4606-8ebe-6e6b3cf820cc,node/2235215438,Cim Carrascal,,Cim Carrascal,,,998.0,OpenStreetMap (coincide con MDT a ±10 m),77.0,False,916.0,secundaria,38.723344,-0.0891085,10,Comunitat Valenciana,03,Alicante/Alacant,la Marina Alta,03100,Parcent,OpenStreetMap (ODbL 1.0),Calculada sobre MDT25 © IGN (CC BY 4.0),6,2022-11-21T04:05:55Z,2026-10-04
48dcb2bd-57f8-4f12-b54c-eba0e54cd036,node/8508157912,Alt del Carrascalet,,Alt del Carrascalet,,,997.0,OpenStreetMap (coincide con MDT a ±10 m),56.0,False,942.0,secundaria,38.7348231,-0.7896311,10,Comunitat Valenciana,03,Alicante/Alacant,l'Alt Vinalopó / El Alto Vinalopó,03023,Beneixama,OpenStreetMap (ODbL 1.0),Calculada sobre MDT25 © IGN (CC BY 4.0),2,2023-10-09T23:22:55Z,2026-10-04
a3e5895b-8eee-4a03-9de2-34cc93cd598e,node/10612720403,Fernoveta,,Fernoveta,,,995.0,OpenStreetMap (coincide con MDT a ±10 m),74.0,False,918.0,secundaria,38.63792,-0.5851327,10,Comunitat Valenciana,03,Alicante/Alacant,l'Alcoià,03079,Ibi,OpenStreetMap (ODbL 1.0),Calculada sobre MDT25 © IGN (CC BY 4.0),2,2023-10-09T23:25:13Z,2026-10-04
cef1e215-71a0-4d76-956b-b5294d4aafd8,node/7460862065,la Foradà,,la Foradà,,,989.0,OpenStreetMap (coincide con MDT a ±10 m),79.0,False,905.0,secundaria,38.5011201,-0.6736244,10,Comunitat Valenciana,03,Alicante/Alacant,el Vinalopó Mitjà / El Vinalopó Medio,03104,Petrer,OpenStreetMap (ODbL 1.0),Calculada sobre MDT25 © IGN (CC BY 4.0),3,2024-05-15T14:28:45Z,2026-10-04
6c07e63a-35a8-4fa3-b796-4b76f588b1d6,node/1242153024,Tossal Redó,,Tossal Redó,,,987.0,OpenStreetMap (coincide con MDT a ±10 m),34.0,False,952.0,secundaria,38.7307524,-0.5150342,10,Comunitat Valenciana,03,Alicante/Alacant,l'Alcoià,03009,Alcoi / Alcoy,OpenStreetMap (ODbL 1.0),Calculada sobre MDT25 © IGN (CC BY 4.0),7,2023-12-24T23:50:20Z,2026-10-04
d4f64299-02cd-4c67-8fa1-f405e2a96abf,node/10609178613,Panxa Blanca,,,,,987.0,OpenStreetMap (coincide con MDT a ±10 m),108.0,False,874.0,principal,38.6571712,-0.0356255,10,Comunitat Valenciana,03,Alicante/Alacant,la Marina Alta,03041,Benissa,OpenStreetMap (ODbL 1.0),Calculada sobre MDT25 © IGN (CC BY 4.0),4,2023-03-20T19:37:25Z,2026-10-04
fe83fb22-6a4c-47aa-af2c-7aa65f16d31c,node/9175240278,Lloma Redona,,Lloma Redona,,,984.0,OpenStreetMap (coincide con MDT a ±10 m),46.0,False,938.0,secundaria,38.7469054,-0.3602484,10,Comunitat Valenciana,03,Alicante/Alacant,el Comtat,03086,Millena,OpenStreetMap (ODbL 1.0),Calculada sobre MDT25 © IGN (CC BY 4.0),4,2023-01-18T22:21:13Z,2026-10-04
44c2f0ba-982d-4e76-9218-5e386368abd1,node/10665760139,es Crestall,,es Crestall,,,984.0,OpenStreetMap (coincide con MDT a ±10 m),95.0,False,887.0,secundaria,38.7240511,-0.1435784,10,Comunitat Valenciana,03,Alicante/Alacant,la Marina Baixa,03127,Tàrbena,OpenStreetMap (ODbL 1.0),Calculada sobre MDT25 © IGN (CC BY 4.0),3,2023-10-09T23:26:48Z,2026-10-04
9a5ca998-1cc9-4dd4-a54c-3c2eade24ee3,node/11071249396,,,,,,983.0,OpenStreetMap (coincide con MDT a ±10 m),40.0,False,936.0,secundaria,38.6368035,-0.1832643,10,Comunitat Valenciana,03,Alicante/Alacant,la Marina Baixa,03037,Benimantell,OpenStreetMap (ODbL 1.0),Calculada sobre MDT25 © IGN (CC BY 4.0),1,2023-07-27T13:36:20Z,2026-10-04
50d57fc7-deaf-4ac8-bb64-b452fb74292e,node/1822383990,Alt de Peret,Alto de Peret,Alt de Peret,,,981.0,OpenStreetMap (coincide con MDT a ±10 m),32.0,False,954.0,secundaria,38.5419469,-0.7349214,10,Comunitat Valenciana,03,Alicante/Alacant,el Vinalopó Mitjà / El Vinalopó Medio,03104,Petrer,OpenStreetMap (ODbL 1.0),Calculada sobre MDT25 © IGN (CC BY 4.0),3,2014-01-18T01:19:03Z,2026-10-04
4d897fdd-3bd5-49a0-99da-1858410cd68d,node/10597438452,la Lloma,,,,,973.0,OpenStreetMap (coincide con MDT a ±10 m),30.0,False,943.0,secundaria,38.7716438,-0.4796348,10,Comunitat Valenciana,03,Alicante/Alacant,el Comtat,03092,Muro de Alcoy,OpenStreetMap (ODbL 1.0),Calculada sobre MDT25 © IGN (CC BY 4.0),3,2024-12-11T00:00:22Z,2026-10-04
2ea13946-0d89-4e32-ab02-3727cfdba3ca,node/10665771555,Tossal Blanc,,Tossal Blanc,,,972.0,OpenStreetMap (coincide con MDT a ±10 m),54.0,False,915.0,secundaria,38.7647348,-0.3088717,10,Comunitat Valenciana,03,Alicante/Alacant,el Comtat,03039,Benimassot,OpenStreetMap (ODbL 1.0),Calculada sobre MDT25 © IGN (CC BY 4.0),3,2023-10-09T23:24:11Z,2026-10-04
fe622e40-3157-47af-8d7f-2e9ed4f30032,node/6455627977,,,,,,969.0,OpenStreetMap (coincide con MDT a ±10 m),47.0,False,920.0,secundaria,38.755531,-0.5656378,10,Comunitat Valenciana,03,Alicante/Alacant,el Comtat,03010,Alfafara,OpenStreetMap (ODbL 1.0),Calculada sobre MDT25 © IGN (CC BY 4.0),1,2019-05-07T15:47:37Z,2026-10-04
3e57e9a6-fd27-4771-82de-14dc897afc33,node/1242125146,Alt de l'Arcadeta,,,,,962.0,OpenStreetMap (coincide con MDT a ±10 m),38.0,False,927.0,secundaria,38.6431241,-0.6227596,10,Comunitat Valenciana,03,Alicante/Alacant,l'Alcoià,03096,Onil,OpenStreetMap (ODbL 1.0),Calculada sobre MDT25 © IGN (CC BY 4.0),4,2024-07-03T19:19:57Z,2026-10-04
56776ef4-c4d4-49ad-9dad-14dc0f10683b,node/9952637917,Penya Blanca de la Mallada de Figuera,,Penya Blanca de la Mallada de Figuera,,,954.0,OpenStreetMap (coincide con MDT a ±10 m),363.0,False,591.0,principal,38.7782028,-0.1678315,10,Comunitat Valenciana,03,Alicante/Alacant,la Marina Alta,03135,la Vall d'Ebo,OpenStreetMap (ODbL 1.0),Calculada sobre MDT25 © IGN (CC BY 4.0),4,2022-12-28T22:19:36Z,2026-10-04
54025207-1fe9-40b2-930a-22e48778c656,node/1242153207,Tossal del Rei,,,,,953.0,OpenStreetMap (coincide con MDT a ±10 m),55.0,False,898.0,secundaria,38.7597649,-0.2975946,10,Comunitat Valenciana,03,Alicante/Alacant,el Comtat,03039,Benimassot,OpenStreetMap (ODbL 1.0),Calculada sobre MDT25 © IGN (CC BY 4.0),5,2024-02-16T23:19:24Z,2026-10-04
f307ede9-aec3-4c1b-af23-9e562bb1c22b,node/11051433456,Penya Blanca,,Penya Blanca,,,951.0,OpenStreetMap (coincide con MDT a ±10 m),69.0,False,881.0,secundaria,38.8585617,-0.2459489,10,Comunitat Valenciana,03,Alicante/Alacant,la Marina Alta,03136,la Vall de Gallinera,OpenStreetMap (ODbL 1.0),Calculada sobre MDT25 © IGN (CC BY 4.0),2,2023-10-09T23:27:05Z,2026-10-04
02ef73c6-c7d7-435b-8b73-b94781d89e0d,node/1249812598,Alt de Mahoma,,Alt de Mahoma,,,947.0,OpenStreetMap (coincide con MDT a ±10 m),37.0,False,910.0,secundaria,38.6724026,-0.3454271,10,Comunitat Valenciana,03,Alicante/Alacant,l'Alcoià,03103,Penàguila,OpenStreetMap (ODbL 1.0),Calculada sobre MDT25 © IGN (CC BY 4.0),9,2026-05-17T19:09:46Z,2026-10-04
adda97f5-2067-497d-811a-d45a0d976909,node/3685408243,Cim de la Solana,,,,,945.0,OpenStreetMap (coincide con MDT a ±10 m),65.0,False,876.0,secundaria,38.7612285,-0.2754882,10,Comunitat Valenciana,03,Alicante/Alacant,el Comtat,03130,Tollos,OpenStreetMap (ODbL 1.0),Calculada sobre MDT25 © IGN (CC BY 4.0),7,2023-12-24T15:15:32Z,2026-10-04
5969875d-e444-468c-bbcf-841bed239c0f,node/1249815009,Alt Redó,,,,,944.0,OpenStreetMap (coincide con MDT a ±10 m),46.0,False,902.0,secundaria,38.8194185,-0.4479816,10,Comunitat Valenciana,03,Alicante/Alacant,el Comtat,03092,Muro de Alcoy,OpenStreetMap (ODbL 1.0),Calculada sobre MDT25 © IGN (CC BY 4.0),7,2025-02-24T14:47:48Z,2026-10-04
7aa8955d-031e-473d-902c-c2b5ce30bd28,node/1249819501,la Penya,,la Penya,,,942.0,OpenStreetMap (coincide con MDT a ±10 m),60.0,False,884.0,secundaria,38.63327,-0.3329103,10,Comunitat Valenciana,03,Alicante/Alacant,l'Alcoià,03103,Penàguila,OpenStreetMap (ODbL 1.0),Calculada sobre MDT25 © IGN (CC BY 4.0),9,2026-05-17T19:09:46Z,2026-10-04
c4ad6cf9-f0f6-4531-96f6-305cbfd8a19b,node/1822383992,la Patada del Cavall,La Patada del Caballo,la Patada del Cavall,,,935.0,OpenStreetMap (coincide con MDT a ±10 m),214.0,False,720.0,principal,38.503911,-0.7562734,10,Comunitat Valenciana,03,Alicante/Alacant,el Vinalopó Mitjà / El Vinalopó Medio,03104,Petrer,OpenStreetMap (ODbL 1.0),Calculada sobre MDT25 © IGN (CC BY 4.0),3,2022-10-24T22:36:09Z,2026-10-04
ee6278a3-974f-45f1-ab9d-91a9f8d34db4,node/12239991469,Tossal del Mas de Menente,,,,,930.0,OpenStreetMap (coincide con MDT a ±10 m),37.0,False,892.0,secundaria,38.705346,-0.5440577,10,Comunitat Valenciana,03,Alicante/Alacant,l'Alcoià,03009,Alcoi / Alcoy,OpenStreetMap (ODbL 1.0),Calculada sobre MDT25 © IGN (CC BY 4.0),2,2026-05-17T19:09:46Z,2026-10-04
5ff436be-fd83-4935-bcbc-1f1a8fc18c0f,node/12093980892,Peñón de la Peñarrubia,,,,,929.0,OpenStreetMap (coincide con MDT a ±10 m),154.0,False,772.0,principal,38.5944471,-0.8149678,10,Comunitat Valenciana,03,Alicante/Alacant,l'Alt Vinalopó / El Alto Vinalopó,03140,Villena,OpenStreetMap (ODbL 1.0),Calculada sobre MDT25 © IGN (CC BY 4.0),1,2024-08-05T19:12:25Z,2026-10-04
b8159798-6564-4470-9cb2-eb3cc8510df7,node/10924028646,Lloma de Frau,,Lloma de Frau,,,928.0,OpenStreetMap (coincide con MDT a ±10 m),30.0,False,901.0,secundaria,38.75944,-0.2916231,10,Comunitat Valenciana,03,Alicante/Alacant,el Comtat,03039,Benimassot,OpenStreetMap (ODbL 1.0),Calculada sobre MDT25 © IGN (CC BY 4.0),3,2026-05-17T19:09:46Z,2026-10-04
246dc5bd-699a-4eee-8795-e2467e70bc7e,node/8815875391,Alt de Ponce,,Alt de Ponce,,,927.0,OpenStreetMap (coincide con MDT a ±10 m),38.0,False,889.0,secundaria,38.515421,-0.6921279,10,Comunitat Valenciana,03,Alicante/Alacant,el Vinalopó Mitjà / El Vinalopó Medio,03104,Petrer,OpenStreetMap (ODbL 1.0),Calculada sobre MDT25 © IGN (CC BY 4.0),2,2022-12-26T22:16:52Z,2026-10-04
6d5be4e2-adc1-4bbb-9cf8-82d832d8d233,node/11050773228,,,,,,921.0,OpenStreetMap (coincide con MDT a ±10 m),39.0,False,880.0,secundaria,38.7619344,-0.2831242,10,Comunitat Valenciana,03,Alicante/Alacant,el Comtat,03130,Tollos,OpenStreetMap (ODbL 1.0),Calculada sobre MDT25 © IGN (CC BY 4.0),1,2023-07-17T10:07:48Z,2026-10-04
a49144d8-08ca-412c-9bee-1c87cff88ca5,node/3113735814,Puntal de Sòria,,Puntal de Sòria,,,919.0,OpenStreetMap (coincide con MDT a ±10 m),56.0,False,869.0,secundaria,38.5104,-0.7511939,10,Comunitat Valenciana,03,Alicante/Alacant,el Vinalopó Mitjà / El Vinalopó Medio,03104,Petrer,OpenStreetMap (ODbL 1.0),Calculada sobre MDT25 © IGN (CC BY 4.0),2,2022-12-26T23:30:43Z,2026-10-04
7c2bec37-94de-4a46-963c-445ac14ddfa1,node/1249811014,Alt de Creus,,,,,912.0,OpenStreetMap (coincide con MDT a ±10 m),38.0,False,880.0,secundaria,38.8145531,-0.4500368,10,Comunitat Valenciana,03,Alicante/Alacant,el Comtat,03092,Muro de Alcoy,OpenStreetMap (ODbL 1.0),Calculada sobre MDT25 © IGN (CC BY 4.0),6,2026-05-17T19:09:46Z,2026-10-04
c1aed06d-9599-43cb-9ca6-1762cbf52468,node/6456207740,Tossal de la Creu,,Tossal de la Creu,,,910.0,OpenStreetMap (coincide con MDT a ±10 m),256.0,False,654.0,principal,38.8041975,-0.2782718,10,Comunitat Valenciana,03,Alicante/Alacant,la Marina Alta,03134,la Vall d'Alcalà,OpenStreetMap (ODbL 1.0),Calculada sobre MDT25 © IGN (CC BY 4.0),6,2023-07-30T04:09:44Z,2026-10-04
7f30e280-2d64-4dc9-ba5e-25625169615a,node/10597393378,Lloma de l'Ull del Moro,,Lloma de l'Ull del Moro,,,908.0,OpenStreetMap (coincide con MDT a ±10 m),46.0,False,862.0,secundaria,38.6869217,-0.4500054,10,Comunitat Valenciana,03,Alicante/Alacant,l'Alcoià,03009,Alcoi / Alcoy,OpenStreetMap (ODbL 1.0),Calculada sobre MDT25 © IGN (CC BY 4.0),1,2023-01-31T23:21:45Z,2026-10-04
0ffdea12-86bb-46b8-a605-a41a35054dc1,node/1242144977,Penya dels Corbs,,Penya dels Corbs,,,907.0,OpenStreetMap (coincide con MDT a ±10 m),34.0,False,865.0,secundaria,38.7064833,-0.2552517,10,Comunitat Valenciana,03,Alicante/Alacant,la Marina Baixa,03057,Confrides,OpenStreetMap (ODbL 1.0),Calculada sobre MDT25 © IGN (CC BY 4.0),6,2024-07-22T10:36:31Z,2026-10-04
ef66dd30-06e1-4121-8236-a9442ab6c995,node/1249818610,Tossal del Xarpolar,,Tossal del Xarpolar,,,901.0,OpenStreetMap (coincide con MDT a ±10 m),41.0,False,858.0,secundaria,38.8062246,-0.2853633,10,Comunitat Valenciana,03,Alicante/Alacant,la Marina Alta,03136,la Vall de Gallinera,OpenStreetMap (ODbL 1.0),Calculada sobre MDT25 © IGN (CC BY 4.0),9,2023-10-09T23:27:05Z,2026-10-04
5b6c8bd7-7513-4f0e-8a08-cb35e5557151,node/1822383996,els Castellarets,Los Castellarets,els Castellarets,,,901.0,OpenStreetMap (coincide con MDT a ±10 m),120.0,False,775.0,principal,38.4958685,-0.7143793,10,Comunitat Valenciana,03,Alicante/Alacant,el Vinalopó Mitjà / El Vinalopó Medio,03104,Petrer,OpenStreetMap (ODbL 1.0),Calculada sobre MDT25 © IGN (CC BY 4.0),3,2023-10-20T00:04:34Z,2026-10-04
e2d68b11-3fd8-4910-9488-d4a106937343,node/1249818132,Cabeçó Ventós,,Cabeçó Ventós,,,900.0,OpenStreetMap (coincide con MDT a ±10 m),280.0,False,618.0,principal,38.4763396,-0.6146318,10,Comunitat Valenciana,03,Alicante/Alacant,l'Alcoià,03129,Tibi,OpenStreetMap (ODbL 1.0),Calculada sobre MDT25 © IGN (CC BY 4.0),8,2023-07-23T13:55:49Z,2026-10-04
6041880a-fe9b-4a8d-94c7-9d20b2f1e520,node/8508144335,Alt de l'Aspre,,,,,900.0,MDT IGN,82.0,False,818.0,secundaria,38.6630901,-0.0686038,10,Comunitat Valenciana,03,Alicante/Alacant,la Marina Baixa,03048,Callosa d'en Sarrià,OpenStreetMap (ODbL 1.0),Calculada sobre MDT25 © IGN (CC BY 4.0),2,2021-03-27T21:34:31Z,2026-10-04
aae095ac-e9dc-4212-afad-0084919a2296,node/10311387993,Penyes de s'Ombria,,,,,898.0,OpenStreetMap (coincide con MDT a ±10 m),302.0,False,594.0,principal,38.6998673,-0.0584959,10,Comunitat Valenciana,03,Alicante/Alacant,la Marina Baixa,03127,Tàrbena,OpenStreetMap (ODbL 1.0),Calculada sobre MDT25 © IGN (CC BY 4.0),5,2023-11-29T20:03:46Z,2026-10-04
2de58c3d-7e72-45a9-93e2-fd0a6b62a544,node/1249811136,Alt de les Florencies,,Alt de les Florencies,,,896.0,OpenStreetMap (coincide con MDT a ±10 m),102.0,False,795.0,principal,38.6686837,-0.4479908,10,Comunitat Valenciana,03,Alicante/Alacant,l'Alcoià,03009,Alcoi / Alcoy,OpenStreetMap (ODbL 1.0),Calculada sobre MDT25 © IGN (CC BY 4.0),5,2025-10-28T18:28:18Z,2026-10-04
70f9c99a-952c-4093-bc81-e8fb71d9254d,node/1242145658,Tossal dels Mosquits,,Tossal dels Mosquits,,,893.0,OpenStreetMap (coincide con MDT a ±10 m),36.0,False,856.0,secundaria,38.7432915,-0.1422994,10,Comunitat Valenciana,03,Alicante/Alacant,la Marina Alta,03137,la Vall de Laguar,OpenStreetMap (ODbL 1.0),Calculada sobre MDT25 © IGN (CC BY 4.0),7,2023-10-13T00:49:45Z,2026-10-04
59cc8cb2-2e48-40b7-9175-8bd571ae37ad,node/9490457905,Peña Rubia,,,,,893.0,OpenStreetMap (coincide con MDT a ±10 m),54.0,False,833.0,secundaria,38.5875418,-0.8214121,10,Comunitat Valenciana,03,Alicante/Alacant,l'Alt Vinalopó / El Alto Vinalopó,03140,Villena,OpenStreetMap (ODbL 1.0),Calculada sobre MDT25 © IGN (CC BY 4.0),2,2026-01-13T00:28:47Z,2026-10-04
019b74f5-6da8-4708-b3a9-6c442443523d,node/1242153011,Puig de les Florencies,,Puig de les Florencies,,,892.0,OpenStreetMap (coincide con MDT a ±10 m),78.0,False,811.0,secundaria,38.6653948,-0.4573165,10,Comunitat Valenciana,03,Alicante/Alacant,l'Alcoià,03009,Alcoi / Alcoy,OpenStreetMap (ODbL 1.0),Calculada sobre MDT25 © IGN (CC BY 4.0),4,2025-10-28T18:28:18Z,2026-10-04
76895453-fd2e-479f-910b-0adcd520356e,node/12115508550,Alt de Càrdenes,Alto de Cárdenes,Alt de Càrdenes,,,890.0,OpenStreetMap (coincide con MDT a ±10 m),50.0,False,840.0,secundaria,38.5165019,-0.7425883,10,Comunitat Valenciana,03,Alicante/Alacant,el Vinalopó Mitjà / El Vinalopó Medio,03104,Petrer,OpenStreetMap (ODbL 1.0),Calculada sobre MDT25 © IGN (CC BY 4.0),1,2024-08-16T17:55:29Z,2026-10-04
d7173339-0718-44f7-b209-541727b46fc1,node/14112208172,Cabeço de la Sal,,,,,890.0,OpenStreetMap (coincide con MDT a ±10 m),240.0,False,650.0,principal,38.3854885,-1.0236973,10,Comunitat Valenciana,03,Alicante/Alacant,el Vinalopó Mitjà / El Vinalopó Medio,03105,el Pinós / Pinoso,OpenStreetMap (ODbL 1.0),Calculada sobre MDT25 © IGN (CC BY 4.0),1,2026-08-22T12:46:56Z,2026-10-04
bc43a5f1-24fd-4e0e-b1b3-15a550bdb47b,node/10665760138,el Somo d'Aialt,,,,,884.0,OpenStreetMap (coincide con MDT a ±10 m),108.0,False,776.0,principal,38.7148863,-0.1506989,10,Comunitat Valenciana,03,Alicante/Alacant,la Marina Alta,03054,Castell de Castells,OpenStreetMap (ODbL 1.0),Calculada sobre MDT25 © IGN (CC BY 4.0),4,2023-10-15T16:02:29Z,2026-10-04
7471b5ab-5a34-4c73-b221-697f0e747d24,node/10597434680,Alto de la Covalta,,,,,882.0,OpenStreetMap (coincide con MDT a ±10 m),288.0,False,592.0,principal,38.8058723,-0.4988844,10,Comunitat Valenciana,03,Alicante/Alacant,el Comtat,03003,Agres,OpenStreetMap (ODbL 1.0),Calculada sobre MDT25 © IGN (CC BY 4.0),1,2023-01-31T23:49:04Z,2026-10-04
a46eef45-feee-454d-a44b-bbd6a4a570b4,node/1249814296,Cabeço dels Llorenços,,Cabeço dels Llorenços,,,880.0,OpenStreetMap (coincide con MDT a ±10 m),45.0,False,835.0,secundaria,38.6930163,-0.6648101,10,Comunitat Valenciana,03,Alicante/Alacant,l'Alcoià,03021,Banyeres de Mariola,OpenStreetMap (ODbL 1.0),Calculada sobre MDT25 © IGN (CC BY 4.0),6,2026-05-17T19:09:46Z,2026-10-04
5bfdca68-9d44-4952-82ea-50c34148c43d,node/11196006001,,,,,,878.0,OpenStreetMap (coincide con MDT a ±10 m),38.0,False,838.0,secundaria,38.7006373,-0.1443573,10,Comunitat Valenciana,03,Alicante/Alacant,la Marina Baixa,03045,Bolulla,OpenStreetMap (ODbL 1.0),Calculada sobre MDT25 © IGN (CC BY 4.0),1,2023-09-16T13:55:52Z,2026-10-04
81a68d3d-9ff4-463a-8710-fcb560cafa53,node/5262739944,Cabrera,,,,,873.0,OpenStreetMap (coincide con MDT a ±10 m),315.0,False,557.0,principal,38.5386926,-0.8658459,10,Comunitat Valenciana,03,Alicante/Alacant,l'Alt Vinalopó / El Alto Vinalopó,03123,Sax,OpenStreetMap (ODbL 1.0),Calculada sobre MDT25 © IGN (CC BY 4.0),3,2021-03-07T14:56:51Z,2026-10-04
fbc3de0b-3e81-4a21-a5ba-a56296888611,node/1249816147,Altet del Regadiuet,,Altet del Regadiuet,,,867.0,OpenStreetMap (coincide con MDT a ±10 m),86.0,False,782.0,secundaria,38.6742314,-0.4395605,10,Comunitat Valenciana,03,Alicante/Alacant,l'Alcoià,03009,Alcoi / Alcoy,OpenStreetMap (ODbL 1.0),Calculada sobre MDT25 © IGN (CC BY 4.0),6,2026-05-17T19:09:46Z,2026-10-04
dc3ce106-b644-426f-8a4a-153e11bc7e19,node/1249817377,Alto de Don Pedro,,Alt de Don Pedro,,,867.0,OpenStreetMap (coincide con MDT a ±10 m),207.0,False,657.0,principal,38.4818621,-0.9321649,10,Comunitat Valenciana,03,Alicante/Alacant,l'Alt Vinalopó / El Alto Vinalopó,03116,Salinas,OpenStreetMap (ODbL 1.0),Calculada sobre MDT25 © IGN (CC BY 4.0),5,2024-08-05T17:58:35Z,2026-10-04
a99ca173-7698-4032-8ce3-917afa836572,node/6457573360,Tossal dels Quartesos,,Tossal dels Quartesos,,,856.0,OpenStreetMap (coincide con MDT a ±10 m),79.0,False,775.0,secundaria,38.8076721,-0.2648116,10,Comunitat Valenciana,03,Alicante/Alacant,la Marina Alta,03134,la Vall d'Alcalà,OpenStreetMap (ODbL 1.0),Calculada sobre MDT25 © IGN (CC BY 4.0),3,2023-10-09T23:27:02Z,2026-10-04
bfe191e9-b279-4628-9e44-bd19b13ce82f,node/2640792293,Penya Roja,,Penya Roja,,,854.0,OpenStreetMap (coincide con MDT a ±10 m),33.0,False,817.0,secundaria,38.8095288,-0.2573623,10,Comunitat Valenciana,03,Alicante/Alacant,la Marina Alta,03134,la Vall d'Alcalà,OpenStreetMap (ODbL 1.0),Calculada sobre MDT25 © IGN (CC BY 4.0),8,2023-10-09T23:27:02Z,2026-10-04
e8cd590d-e7df-4ca7-97c7-914157236be6,node/14210150073,Alt Redó,,,,,854.0,OpenStreetMap (coincide con MDT a ±10 m),35.0,False,819.0,secundaria,38.7210771,-0.8340168,10,Comunitat Valenciana,03,Alicante/Alacant,l'Alt Vinalopó / El Alto Vinalopó,03052,Cañada,OpenStreetMap (ODbL 1.0),Calculada sobre MDT25 © IGN (CC BY 4.0),1,2026-09-23T19:07:51Z,2026-10-04
04e6fbb1-558d-4798-8efb-f30060ee3438,node/10650267887,Safra,,Safra,,,852.0,OpenStreetMap (coincide con MDT a ±10 m),328.0,False,522.0,principal,38.3989122,-0.8796931,10,Comunitat Valenciana,03,Alicante/Alacant,el Vinalopó Mitjà / El Vinalopó Medio,03089,Monòver / Monóvar,OpenStreetMap (ODbL 1.0),Calculada sobre MDT25 © IGN (CC BY 4.0),2,2025-03-01T12:03:28Z,2026-10-04
23a84a5a-d554-4aff-9a03-f42d9dc4bc47,node/11078022710,,,,,,850.0,OpenStreetMap (coincide con MDT a ±10 m),59.0,False,791.0,secundaria,38.781527,-0.2121805,10,Comunitat Valenciana,03,Alicante/Alacant,la Marina Alta,03134,la Vall d'Alcalà,OpenStreetMap (ODbL 1.0),Calculada sobre MDT25 © IGN (CC BY 4.0),1,2023-07-31T05:01:47Z,2026-10-04
f2d28e74-5a68-40c4-af84-83fce5170b6f,node/11982733038,,,,,,850.0,OpenStreetMap (coincide con MDT a ±10 m),54.0,False,795.0,secundaria,38.5008521,-0.7023538,10,Comunitat Valenciana,03,Alicante/Alacant,el Vinalopó Mitjà / El Vinalopó Medio,03104,Petrer,OpenStreetMap (ODbL 1.0),Calculada sobre MDT25 © IGN (CC BY 4.0),1,2024-06-15T11:21:05Z,2026-10-04
4c1c4bb4-28b2-4891-bfb3-4fabc9e0092c,node/11265114809,Alt de la Grana,,,,,849.0,OpenStreetMap (coincide con MDT a ±10 m),63.0,False,785.0,secundaria,38.5620745,-0.4384146,10,Comunitat Valenciana,03,Alicante/Alacant,l'Alacantí,03083,Xixona / Jijona,OpenStreetMap (ODbL 1.0),Calculada sobre MDT25 © IGN (CC BY 4.0),1,2023-10-15T18:16:20Z,2026-10-04
ffa6d7df-75a1-4ac5-945b-2808a32adffc,node/1249814599,Alt de la Bola,,Alt de la Bola,,,848.0,OpenStreetMap (coincide con MDT a ±10 m),317.0,False,528.0,principal,38.4723446,-0.8770175,10,Comunitat Valenciana,03,Alicante/Alacant,el Vinalopó Mitjà / El Vinalopó Medio,03089,Monòver / Monóvar,OpenStreetMap (ODbL 1.0),Calculada sobre MDT25 © IGN (CC BY 4.0),8,2025-01-01T17:33:41Z,2026-10-04
b2108481-57e9-4f19-8545-0ac791c528ef,node/12748980626,Penyes de la Coixa,,,,,848.0,OpenStreetMap (coincide con MDT a ±10 m),50.0,False,797.0,secundaria,38.4995041,-0.7137827,10,Comunitat Valenciana,03,Alicante/Alacant,el Vinalopó Mitjà / El Vinalopó Medio,03104,Petrer,OpenStreetMap (ODbL 1.0),Calculada sobre MDT25 © IGN (CC BY 4.0),2,2026-05-17T19:09:46Z,2026-10-04
54895635-e8f0-4727-a8b2-fca33351567b,node/1242128635,Penya de l'Alt,,Penya de l'Alt,,,847.0,OpenStreetMap (coincide con MDT a ±10 m),97.0,False,748.0,secundaria,38.7673872,-0.1346499,10,Comunitat Valenciana,03,Alicante/Alacant,la Marina Alta,03137,la Vall de Laguar,OpenStreetMap (ODbL 1.0),Calculada sobre MDT25 © IGN (CC BY 4.0),6,2023-07-30T09:31:50Z,2026-10-04
78c166cf-4fee-4afb-9157-84f8238dd78e,node/5003881957,Puntals del Ginebre,,Puntals del Ginebre,,,845.0,OpenStreetMap (coincide con MDT a ±10 m),92.0,False,750.0,secundaria,38.4818,-0.73731,10,Comunitat Valenciana,03,Alicante/Alacant,el Vinalopó Mitjà / El Vinalopó Medio,03104,Petrer,OpenStreetMap (ODbL 1.0),Calculada sobre MDT25 © IGN (CC BY 4.0),2,2022-11-26T11:31:26Z,2026-10-04
234b7697-6667-4e6d-9888-7df190934458,node/8303088538,Penya de la Safra,,Penya de la Safra,,,843.0,OpenStreetMap (coincide con MDT a ±10 m),92.0,False,752.0,secundaria,38.4105006,-0.8901175,10,Comunitat Valenciana,03,Alicante/Alacant,el Vinalopó Mitjà / El Vinalopó Medio,03089,Monòver / Monóvar,OpenStreetMap (ODbL 1.0),Calculada sobre MDT25 © IGN (CC BY 4.0),4,2023-10-20T00:04:11Z,2026-10-04
b1a8be7e-dd91-4ada-aeaf-cfffbd063944,node/4049379629,,,,,,842.0,OpenStreetMap (coincide con MDT a ±10 m),42.0,False,796.0,secundaria,38.7087265,-0.054184,10,Comunitat Valenciana,03,Alicante/Alacant,la Marina Baixa,03127,Tàrbena,OpenStreetMap (ODbL 1.0),Calculada sobre MDT25 © IGN (CC BY 4.0),4,2023-01-06T16:29:05Z,2026-10-04
69ceb13b-49de-42e7-8ee7-c38dd96e97d1,node/1242155763,les Malladetes Negres,,les Malladetes Negres,,,841.0,OpenStreetMap (coincide con MDT a ±10 m),31.0,False,809.0,secundaria,38.7727343,-0.2311707,10,Comunitat Valenciana,03,Alicante/Alacant,el Comtat,03130,Tollos,OpenStreetMap (ODbL 1.0),Calculada sobre MDT25 © IGN (CC BY 4.0),10,2025-03-30T02:05:18Z,2026-10-04
88cf25d6-a61b-42b5-88fe-7876434930e4,node/2735403337,la Mama del Sit,,la Mama del Sit,,,841.0,OpenStreetMap (coincide con MDT a ±10 m),36.0,False,802.0,secundaria,38.4523583,-0.7058774,10,Comunitat Valenciana,03,Alicante/Alacant,el Vinalopó Mitjà / El Vinalopó Medio,03104,Petrer,OpenStreetMap (ODbL 1.0),Calculada sobre MDT25 © IGN (CC BY 4.0),4,2023-10-20T00:04:34Z,2026-10-04
0776bc0d-fa7c-45b5-8340-af7069fdc46c,node/8630272879,Alt de Camara,,,,,841.0,OpenStreetMap (coincide con MDT a ±10 m),258.0,False,578.0,principal,38.4986297,-0.8356385,10,Comunitat Valenciana,03,Alicante/Alacant,el Vinalopó Mitjà / El Vinalopó Medio,03066,Elda,OpenStreetMap (ODbL 1.0),Calculada sobre MDT25 © IGN (CC BY 4.0),2,2021-08-05T06:28:25Z,2026-10-04
d3109003-f0b1-4c65-b776-12ca249ba780,node/10900647035,Tossal de Bartolo,,,,,841.0,OpenStreetMap (coincide con MDT a ±10 m),46.0,False,793.0,secundaria,38.7880719,-0.2268808,10,Comunitat Valenciana,03,Alicante/Alacant,la Marina Alta,03134,la Vall d'Alcalà,OpenStreetMap (ODbL 1.0),Calculada sobre MDT25 © IGN (CC BY 4.0),1,2023-05-15T22:58:47Z,2026-10-04
bbdf88ce-ec24-4e15-8ca2-cf2314e3c73e,node/12067712166,,,,,,841.0,OpenStreetMap (coincide con MDT a ±10 m),46.0,False,795.0,secundaria,38.6990864,-0.2606233,10,Comunitat Valenciana,03,Alicante/Alacant,la Marina Baixa,03057,Confrides,OpenStreetMap (ODbL 1.0),Calculada sobre MDT25 © IGN (CC BY 4.0),1,2024-07-22T08:42:24Z,2026-10-04
86235c9f-9a3a-438a-89cc-8e6e2e81cbac,node/9029617748,la Vella,,la Vella,,,838.0,OpenStreetMap (coincide con MDT a ±10 m),413.0,False,421.0,principal,38.2779066,-0.8586096,10,Comunitat Valenciana,03,Alicante/Alacant,el Baix Vinalopó,03059,Crevillent,OpenStreetMap (ODbL 1.0),Calculada sobre MDT25 © IGN (CC BY 4.0),2,2023-10-09T23:24:47Z,2026-10-04
69e83298-5cdd-43a8-94c6-03e4d9b3b94c,node/10602799154,,,,,,837.0,OpenStreetMap (coincide con MDT a ±10 m),143.0,False,689.0,principal,38.5274175,-0.522611,10,Comunitat Valenciana,03,Alicante/Alacant,l'Alacantí,03083,Xixona / Jijona,OpenStreetMap (ODbL 1.0),Calculada sobre MDT25 © IGN (CC BY 4.0),2,2023-10-15T17:58:31Z,2026-10-04
f1626e4c-bd8c-482a-a6d6-662544f1811b,node/12312315773,la Campana,,,,,832.0,OpenStreetMap (coincide con MDT a ±10 m),56.0,False,774.0,secundaria,38.3510059,-0.9773584,10,Comunitat Valenciana,03,Alicante/Alacant,el Vinalopó Mitjà / El Vinalopó Medio,03105,el Pinós / Pinoso,OpenStreetMap (ODbL 1.0),Calculada sobre MDT25 © IGN (CC BY 4.0),1,2024-11-04T15:57:03Z,2026-10-04
544632e7-093f-42db-bf57-4fc926a1f0e9,node/1242139600,Penyons de la Perereta,,Penyons de la Perereta,,,829.0,OpenStreetMap (coincide con MDT a ±10 m),30.0,False,796.0,secundaria,38.7683749,-0.1392538,10,Comunitat Valenciana,03,Alicante/Alacant,la Marina Alta,03137,la Vall de Laguar,OpenStreetMap (ODbL 1.0),Calculada sobre MDT25 © IGN (CC BY 4.0),8,2023-12-18T15:53:04Z,2026-10-04
e6b9413e-1da9-4af4-aaa7-9fbec8c38617,node/3280611015,Castellet de Garga,,,,,826.5,OpenStreetMap (coincide con MDT a ±10 m),54.0,False,769.0,secundaria,38.7681013,-0.1467773,10,Comunitat Valenciana,03,Alicante/Alacant,la Marina Alta,03137,la Vall de Laguar,OpenStreetMap (ODbL 1.0),Calculada sobre MDT25 © IGN (CC BY 4.0),4,2023-07-30T09:31:50Z,2026-10-04
27f925db-010e-43f6-8b88-9ff364412d53,node/1249810762,Pic de Sant Gaità,Pico de San Cayetano,,,,818.0,OpenStreetMap (coincide con MDT a ±10 m),108.0,False,702.0,principal,38.2638471,-0.8952829,10,Comunitat Valenciana,03,Alicante/Alacant,el Baix Vinalopó,03059,Crevillent,OpenStreetMap (ODbL 1.0),Calculada sobre MDT25 © IGN (CC BY 4.0),8,2022-01-21T13:12:44Z,2026-10-04
11e99f65-ace9-44fc-8fa1-26ae38770519,node/10609194782,Penya de la Xata,,Penya de la Xata,,,817.0,OpenStreetMap (coincide con MDT a ±10 m),101.0,False,709.0,principal,38.6089553,-0.2084567,10,Comunitat Valenciana,03,Alicante/Alacant,la Marina Baixa,03069,Finestrat,OpenStreetMap (ODbL 1.0),Calculada sobre MDT25 © IGN (CC BY 4.0),2,2023-10-19T23:09:40Z,2026-10-04
332630c9-edbd-4b68-bd37-906cf581e970,node/12748898364,Penyes de la Coixa,,Penyes de la Coixa,,,814.0,OpenStreetMap (coincide con MDT a ±10 m),30.0,False,780.0,secundaria,38.4995536,-0.7221908,10,Comunitat Valenciana,03,Alicante/Alacant,el Vinalopó Mitjà / El Vinalopó Medio,03104,Petrer,OpenStreetMap (ODbL 1.0),Calculada sobre MDT25 © IGN (CC BY 4.0),2,2025-04-11T22:22:19Z,2026-10-04
147e77fb-bb7c-4da1-8a5c-b9d6b75e1db4,node/1249815828,Alt de Sant Juri,,,,,812.0,OpenStreetMap (coincide con MDT a ±10 m),210.0,False,600.0,principal,38.2699912,-0.8851946,10,Comunitat Valenciana,03,Alicante/Alacant,el Vinalopó Mitjà / El Vinalopó Medio,03077,el Fondó de les Neus / Hondón de las Nieves,OpenStreetMap (ODbL 1.0),Calculada sobre MDT25 © IGN (CC BY 4.0),6,2021-01-11T21:46:06Z,2026-10-04
30f025f2-2c29-4daa-8ef5-4d074649cba7,node/10900647051,Lloma del Bracet,,Lloma del Bracet,,,812.0,OpenStreetMap (coincide con MDT a ±10 m),37.0,False,771.0,secundaria,38.7731516,-0.2445046,10,Comunitat Valenciana,03,Alicante/Alacant,el Comtat,03130,Tollos,OpenStreetMap (ODbL 1.0),Calculada sobre MDT25 © IGN (CC BY 4.0),2,2023-10-19T23:09:53Z,2026-10-04
b239aca2-86f7-4390-a1ba-fe3346f3ecaa,node/1242132173,Alt de la Creu,,Alt de la Creu,,,809.0,OpenStreetMap (coincide con MDT a ±10 m),40.0,False,768.0,secundaria,38.8610732,-0.32711,10,Comunitat Valenciana,03,Alicante/Alacant,el Comtat,03084,l'Orxa / Lorcha,OpenStreetMap (ODbL 1.0),Calculada sobre MDT25 © IGN (CC BY 4.0),5,2023-09-25T19:32:53Z,2026-10-04
7cbb3bb9-c688-42fa-a9cd-158d1cfa6596,node/11063248719,Cabeç de Mahoma,,,,,809.0,OpenStreetMap (coincide con MDT a ±10 m),59.0,False,748.0,secundaria,38.4903104,-0.6237286,10,Comunitat Valenciana,03,Alicante/Alacant,l'Alcoià,03129,Tibi,OpenStreetMap (ODbL 1.0),Calculada sobre MDT25 © IGN (CC BY 4.0),1,2023-07-23T13:55:49Z,2026-10-04
8c664ed9-e341-4845-a028-b1269fe812d2,node/1249816495,Peñón del Barbero ó del Llam,,,,,805.0,OpenStreetMap (coincide con MDT a ±10 m),41.0,False,762.0,secundaria,38.5198015,-0.3878226,10,Comunitat Valenciana,03,Alicante/Alacant,l'Alacantí,03046,Busot,OpenStreetMap (ODbL 1.0),Calculada sobre MDT25 © IGN (CC BY 4.0),5,2026-05-17T19:09:46Z,2026-10-04
8b5d7a79-458a-435d-bc7c-524bc1f75ced,node/11076594607,,,,,,805.0,OpenStreetMap (coincide con MDT a ±10 m),41.0,False,763.0,secundaria,38.7678865,-0.1587405,10,Comunitat Valenciana,03,Alicante/Alacant,la Marina Alta,03137,la Vall de Laguar,OpenStreetMap (ODbL 1.0),Calculada sobre MDT25 © IGN (CC BY 4.0),1,2023-07-30T09:31:50Z,2026-10-04
047646cc-c3df-4dfd-93e6-ce53bfd70033,node/9952574747,Tossal dels Endrets,,Tossal dels Endrets,,,804.0,OpenStreetMap (coincide con MDT a ±10 m),30.0,False,774.0,secundaria,38.7919342,-0.1494817,10,Comunitat Valenciana,03,Alicante/Alacant,la Marina Alta,03135,la Vall d'Ebo,OpenStreetMap (ODbL 1.0),Calculada sobre MDT25 © IGN (CC BY 4.0),3,2023-05-24T18:53:05Z,2026-10-04
6bb1153a-5ec9-4377-93bd-969231f7defd,node/10609210633,la Campana,,la Campana,,,803.0,OpenStreetMap (coincide con MDT a ±10 m),66.0,False,736.0,secundaria,38.6606787,-0.0791286,10,Comunitat Valenciana,03,Alicante/Alacant,la Marina Baixa,03048,Callosa d'en Sarrià,OpenStreetMap (ODbL 1.0),Calculada sobre MDT25 © IGN (CC BY 4.0),4,2023-10-20T00:03:04Z,2026-10-04
0d2ffde8-57e9-4619-b152-a49e9e7c8d26,node/7461086436,Alto del Cochinet,,Alt del Cotxinet,,,801.0,OpenStreetMap (coincide con MDT a ±10 m),63.0,False,736.0,secundaria,38.5411981,-0.767265,10,Comunitat Valenciana,03,Alicante/Alacant,l'Alt Vinalopó / El Alto Vinalopó,03123,Sax,OpenStreetMap (ODbL 1.0),Calculada sobre MDT25 © IGN (CC BY 4.0),3,2022-12-26T23:52:24Z,2026-10-04
f0274895-ca08-4548-a14e-52a85780f7ec,node/10923744130,Tossal Redó,,Tossal Redó,,,800.0,OpenStreetMap (coincide con MDT a ±10 m),36.0,False,764.0,secundaria,38.764884,-0.243046,10,Comunitat Valenciana,03,Alicante/Alacant,el Comtat,03130,Tollos,OpenStreetMap (ODbL 1.0),Calculada sobre MDT25 © IGN (CC BY 4.0),3,2026-05-17T19:09:46Z,2026-10-04
7553e06f-b851-4631-a96e-39e174b0e2d7,node/11076594610,,,,,,798.0,OpenStreetMap (coincide con MDT a ±10 m),35.0,False,762.0,secundaria,38.7654751,-0.1631681,10,Comunitat Valenciana,03,Alicante/Alacant,la Marina Alta,03137,la Vall de Laguar,OpenStreetMap (ODbL 1.0),Calculada sobre MDT25 © IGN (CC BY 4.0),1,2023-07-30T09:31:50Z,2026-10-04
51451243-4359-4726-8d7e-ea1ca7dc8613,node/1249815781,Penyal Roig,,Penyal Roig,,,792.0,OpenStreetMap (coincide con MDT a ±10 m),90.0,False,698.0,secundaria,38.7648857,-0.0989907,10,Comunitat Valenciana,03,Alicante/Alacant,la Marina Alta,03137,la Vall de Laguar,OpenStreetMap (ODbL 1.0),Calculada sobre MDT25 © IGN (CC BY 4.0),12,2023-07-30T09:31:50Z,2026-10-04
c1a6a3dc-7951-4d46-ba77-6ea25aa14e4c,node/4470209059,,,,,,791.0,OpenStreetMap (coincide con MDT a ±10 m),171.0,False,615.0,principal,38.6289352,-0.1634232,10,Comunitat Valenciana,03,Alicante/Alacant,la Marina Baixa,03107,Polop,OpenStreetMap (ODbL 1.0),Calculada sobre MDT25 © IGN (CC BY 4.0),9,2023-11-14T18:45:26Z,2026-10-04
82bfd49d-5e91-48a6-a92c-fc07d3879d2c,node/1268537519,Gaspar,,,,,786.0,OpenStreetMap (coincide con MDT a ±10 m),177.0,False,607.0,principal,38.6004399,-0.9599642,10,Comunitat Valenciana,03,Alicante/Alacant,l'Alt Vinalopó / El Alto Vinalopó,03140,Villena,OpenStreetMap (ODbL 1.0),Calculada sobre MDT25 © IGN (CC BY 4.0),6,2023-12-14T07:29:55Z,2026-10-04
99ba0da3-9b42-4fd8-89d4-89a80f7312db,node/8508152027,Penyot de l'Orenga,,Penyot de l'Orenga,,,784.0,OpenStreetMap (coincide con MDT a ±10 m),39.0,False,743.0,secundaria,38.6720689,-0.0642403,10,Comunitat Valenciana,03,Alicante/Alacant,la Marina Baixa,03048,Callosa d'en Sarrià,OpenStreetMap (ODbL 1.0),Calculada sobre MDT25 © IGN (CC BY 4.0),4,2023-01-06T17:41:52Z,2026-10-04
a0fa5dd3-14ff-4382-8c29-af1d9fbe69fe,node/7603580089,Sierra de la Villa,,,,,780.0,OpenStreetMap (coincide con MDT a ±10 m),212.0,False,567.0,principal,38.6402275,-0.8484766,10,Comunitat Valenciana,03,Alicante/Alacant,l'Alt Vinalopó / El Alto Vinalopó,03140,Villena,OpenStreetMap (ODbL 1.0),Calculada sobre MDT25 © IGN (CC BY 4.0),1,2020-06-08T19:22:08Z,2026-10-04
74ca237e-bfe8-48e8-ab3f-37081a601708,node/1249813563,el Penyó,,,,,776.0,MDT IGN,145.0,False,631.0,principal,38.7229937,-0.0554517,10,Comunitat Valenciana,03,Alicante/Alacant,la Marina Alta,03006,Alcalalí,OpenStreetMap (ODbL 1.0),Calculada sobre MDT25 © IGN (CC BY 4.0),8,2022-04-20T16:36:21Z,2026-10-04
6bcd6973-34db-4374-afda-7f0f454c570a,node/12752935794,,,,,,772.0,OpenStreetMap (coincide con MDT a ±10 m),34.0,False,738.0,secundaria,38.4973986,-0.7290217,10,Comunitat Valenciana,03,Alicante/Alacant,el Vinalopó Mitjà / El Vinalopó Medio,03104,Petrer,OpenStreetMap (ODbL 1.0),Calculada sobre MDT25 © IGN (CC BY 4.0),1,2025-04-13T20:50:31Z,2026-10-04
919246bd-5d5e-4ab8-bec9-057cbe9c4608,node/8369732230,el Penyó,,,,,771.0,OpenStreetMap (coincide con MDT a ±10 m),34.0,False,736.0,secundaria,38.6313043,-0.1655674,10,Comunitat Valenciana,03,Alicante/Alacant,la Marina Baixa,03107,Polop,OpenStreetMap (ODbL 1.0),Calculada sobre MDT25 © IGN (CC BY 4.0),3,2023-11-14T19:32:51Z,2026-10-04
b55021f6-e312-4bf5-99ba-90956fb8fd97,node/6454236129,,,,,,767.0,OpenStreetMap (coincide con MDT a ±10 m),176.0,False,591.0,principal,38.8159912,-0.3068202,10,Comunitat Valenciana,03,Alicante/Alacant,el Comtat,03106,Planes,OpenStreetMap (ODbL 1.0),Calculada sobre MDT25 © IGN (CC BY 4.0),1,2019-05-07T08:26:00Z,2026-10-04
b2c25bf5-0239-4269-be20-a7d06423e4fb,node/11423075398,Monte de los Arenales,,,,,765.0,OpenStreetMap (coincide con MDT a ±10 m),157.0,False,607.0,principal,38.5670384,-0.9886938,10,Comunitat Valenciana,03,Alicante/Alacant,l'Alt Vinalopó / El Alto Vinalopó,03140,Villena,OpenStreetMap (ODbL 1.0),Calculada sobre MDT25 © IGN (CC BY 4.0),1,2023-12-16T16:25:54Z,2026-10-04
11db3ced-92c4-4613-abe8-5e7c2379afd9,node/3950003430,Alt de la Creu,,Alt de la Creu,,,762.5,OpenStreetMap (coincide con MDT a ±10 m),47.0,False,712.0,secundaria,38.8459845,-0.3615997,10,Comunitat Valenciana,03,Alicante/Alacant,el Comtat,03028,Beniarrés,OpenStreetMap (ODbL 1.0),Calculada sobre MDT25 © IGN (CC BY 4.0),3,2023-01-08T14:05:07Z,2026-10-04
dbad4dac-b38b-498c-ae05-68c098ac33d3,node/9173515349,el Xillibre,El Miserat,el Xillibre,,,757.0,OpenStreetMap (coincide con MDT a ±10 m),185.0,False,568.0,principal,38.8304629,-0.1772744,10,Comunitat Valenciana,03,Alicante/Alacant,la Marina Alta,03136,la Vall de Gallinera,OpenStreetMap (ODbL 1.0),Calculada sobre MDT25 © IGN (CC BY 4.0),8,2023-11-12T17:34:46Z,2026-10-04
bc7a5897-9a31-4d89-bd50-322234eb96c2,node/12199872222,Els Esclafats,,Els Esclafats,,,755.0,OpenStreetMap (coincide con MDT a ±10 m),34.0,False,719.0,secundaria,38.4973915,-0.7337991,10,Comunitat Valenciana,03,Alicante/Alacant,el Vinalopó Mitjà / El Vinalopó Medio,03104,Petrer,OpenStreetMap (ODbL 1.0),Calculada sobre MDT25 © IGN (CC BY 4.0),2,2025-04-13T21:12:31Z,2026-10-04
0b73ed80-5231-4df7-9cb6-8109c9f953e4,node/1249814341,Penya de la Moleta,,Penya de la Moleta,,,753.0,OpenStreetMap (coincide con MDT a ±10 m),159.0,False,599.0,principal,38.511874,-0.5600233,10,Comunitat Valenciana,03,Alicante/Alacant,l'Alcoià,03129,Tibi,OpenStreetMap (ODbL 1.0),Calculada sobre MDT25 © IGN (CC BY 4.0),7,2023-02-02T23:21:31Z,2026-10-04
17d66b42-aade-415e-9ba8-c5da339477c0,node/26863905,Cap Gros del Montgó,Cap Gros del Montgó,Cap Gros del Montgó,,,752.0,OpenStreetMap (coincide con MDT a ±10 m),665.0,False,87.0,principal,38.8032299,0.1293696,10,Comunitat Valenciana,03,Alicante/Alacant,la Marina Alta,03063,Dénia,OpenStreetMap (ODbL 1.0),Calculada sobre MDT25 © IGN (CC BY 4.0),17,2026-02-25T18:57:22Z,2026-10-04
eb02d25f-6710-4d65-9bec-c1fe33de68ee,node/1242153203,,,,,,747.0,OpenStreetMap (coincide con MDT a ±10 m),251.0,False,494.0,principal,38.8022108,-0.1038804,10,Comunitat Valenciana,03,Alicante/Alacant,la Marina Alta,03097,Orba,OpenStreetMap (ODbL 1.0),Calculada sobre MDT25 © IGN (CC BY 4.0),8,2023-11-19T23:59:47Z,2026-10-04
18eaa45a-17e6-41a0-94c5-961baa0979e8,node/11076430483,Tossalet del Llamp,,,,,740.0,OpenStreetMap (coincide con MDT a ±10 m),53.0,False,685.0,secundaria,38.8487096,-0.2361893,10,Comunitat Valenciana,03,Alicante/Alacant,la Marina Alta,03136,la Vall de Gallinera,OpenStreetMap (ODbL 1.0),Calculada sobre MDT25 © IGN (CC BY 4.0),1,2023-07-30T06:15:42Z,2026-10-04
2910190a-9b5f-4500-af13-2660eb3d1f11,node/11423075458,Monte de la Casa de Luna,,,,,740.0,OpenStreetMap (coincide con MDT a ±10 m),32.0,False,708.0,secundaria,38.5600845,-0.9934897,10,Comunitat Valenciana,03,Alicante/Alacant,l'Alt Vinalopó / El Alto Vinalopó,03140,Villena,OpenStreetMap (ODbL 1.0),Calculada sobre MDT25 © IGN (CC BY 4.0),2,2026-05-17T19:09:46Z,2026-10-04
79f9e6c2-a738-4d36-922c-a52366bfb539,node/11415135381,El Castellar,,,,,737.0,OpenStreetMap (coincide con MDT a ±10 m),78.0,False,659.0,secundaria,38.6094723,-0.9460816,10,Comunitat Valenciana,03,Alicante/Alacant,l'Alt Vinalopó / El Alto Vinalopó,03140,Villena,OpenStreetMap (ODbL 1.0),Calculada sobre MDT25 © IGN (CC BY 4.0),1,2023-12-13T16:01:20Z,2026-10-04
3edba4b2-165c-4475-92a8-7f8a0b4581c0,node/9363591373,,,,,,734.0,MDT IGN,43.0,False,691.0,secundaria,38.6005161,-0.2944631,10,Comunitat Valenciana,03,Alicante/Alacant,la Marina Baixa,03112,Relleu,OpenStreetMap (ODbL 1.0),Calculada sobre MDT25 © IGN (CC BY 4.0),1,2021-12-24T11:03:06Z,2026-10-04
77bf0f6d-547b-453a-b3aa-a1d6713cd12a,node/1249810958,Cerro del Agudo,,,,,731.0,OpenStreetMap (coincide con MDT a ±10 m),237.0,False,493.0,principal,38.2383281,-0.9777423,10,Comunitat Valenciana,03,Alicante/Alacant,el Baix Segura / La Vega Baja,03099,Orihuela,OpenStreetMap (ODbL 1.0),Calculada sobre MDT25 © IGN (CC BY 4.0),5,2023-02-11T21:05:49Z,2026-10-04
71326e9b-c40a-4b55-aa7a-6952a75713ff,node/11423075457,Monte de los Secos,,,,,731.0,OpenStreetMap (coincide con MDT a ±10 m),49.0,False,683.0,secundaria,38.5563133,-1.0060776,10,Comunitat Valenciana,03,Alicante/Alacant,l'Alt Vinalopó / El Alto Vinalopó,03140,Villena,OpenStreetMap (ODbL 1.0),Calculada sobre MDT25 © IGN (CC BY 4.0),1,2023-12-16T16:25:54Z,2026-10-04
af44945e-1aa3-43c6-8a8f-dc421073b6ce,node/1242127082,,,,,,729.0,OpenStreetMap (coincide con MDT a ±10 m),68.0,False,658.0,secundaria,38.7972824,-0.1088049,10,Comunitat Valenciana,03,Alicante/Alacant,la Marina Alta,03097,Orba,OpenStreetMap (ODbL 1.0),Calculada sobre MDT25 © IGN (CC BY 4.0),6,2023-11-19T23:07:55Z,2026-10-04
1d006ff9-7aca-4995-a98b-f66f806e8fcd,node/1242150304,Tossal Borreguer,,Tossal Borreguer,,,727.0,OpenStreetMap (coincide con MDT a ±10 m),42.0,False,684.0,secundaria,38.7201057,-0.3114278,10,Comunitat Valenciana,03,Alicante/Alacant,el Comtat,03060,Quatretondeta,OpenStreetMap (ODbL 1.0),Calculada sobre MDT25 © IGN (CC BY 4.0),8,2024-02-27T23:53:08Z,2026-10-04
c9bd5166-3786-4d01-8d23-7451c33a5367,node/1242136661,l'Alt de la Mançanera,,l'Alt de la Mançanera,,,726.0,OpenStreetMap (coincide con MDT a ±10 m),93.0,False,633.0,secundaria,38.7948077,-0.1183794,10,Comunitat Valenciana,03,Alicante/Alacant,la Marina Alta,03137,la Vall de Laguar,OpenStreetMap (ODbL 1.0),Calculada sobre MDT25 © IGN (CC BY 4.0),7,2023-10-09T22:14:21Z,2026-10-04
2355ab95-3d07-4851-8e44-51443589b0f9,node/1929935745,Tossalet del Castellet,,Tossalet del Castellet,,,725.0,OpenStreetMap (coincide con MDT a ±10 m),194.0,False,528.0,principal,38.7043036,0.0004391,10,Comunitat Valenciana,03,Alicante/Alacant,la Marina Alta,03085,Llíber,OpenStreetMap (ODbL 1.0),Calculada sobre MDT25 © IGN (CC BY 4.0),17,2023-07-25T03:41:21Z,2026-10-04
29a6d56f-01f0-4f4e-a165-2dae32cc764e,node/11415098694,,,,,,713.0,OpenStreetMap (coincide con MDT a ±10 m),30.0,False,683.0,secundaria,38.6002936,-0.9342295,10,Comunitat Valenciana,03,Alicante/Alacant,l'Alt Vinalopó / El Alto Vinalopó,03140,Villena,OpenStreetMap (ODbL 1.0),Calculada sobre MDT25 © IGN (CC BY 4.0),1,2023-12-13T15:51:44Z,2026-10-04
68ea2416-8931-4e21-8cf6-d35d35685fc1,node/11059341400,,,,,,712.0,OpenStreetMap (coincide con MDT a ±10 m),30.0,False,682.0,secundaria,38.806559,0.1246318,10,Comunitat Valenciana,03,Alicante/Alacant,la Marina Alta,03082,Xàbia / Jávea,OpenStreetMap (ODbL 1.0),Calculada sobre MDT25 © IGN (CC BY 4.0),3,2023-12-24T10:34:23Z,2026-10-04
7e32ffc2-85c5-45da-bbbe-c15c15da372a,node/9211322173,Alt del Cavall,,Alt del Cavall,,,708.0,OpenStreetMap (coincide con MDT a ±10 m),65.0,False,635.0,secundaria,38.8080505,-0.0926073,10,Comunitat Valenciana,03,Alicante/Alacant,la Marina Alta,03102,Pego,OpenStreetMap (ODbL 1.0),Calculada sobre MDT25 © IGN (CC BY 4.0),3,2023-10-07T23:50:10Z,2026-10-04
a0899cc4-72a4-4f0c-a862-57861bd664d7,node/11943613546,Alt de Tafarmaig,,,,,708.0,OpenStreetMap (coincide con MDT a ±10 m),132.0,False,574.0,principal,38.6154286,-0.2373577,10,Comunitat Valenciana,03,Alicante/Alacant,la Marina Baixa,03124,Sella,OpenStreetMap (ODbL 1.0),Calculada sobre MDT25 © IGN (CC BY 4.0),1,2024-05-30T01:49:18Z,2026-10-04
9a3b80aa-8255-419b-9b58-00abd2f47950,node/1249811529,Peña del Marín,,,,,706.0,OpenStreetMap (coincide con MDT a ±10 m),88.0,False,612.0,secundaria,38.4959712,-0.8278739,10,Comunitat Valenciana,03,Alicante/Alacant,el Vinalopó Mitjà / El Vinalopó Medio,03066,Elda,OpenStreetMap (ODbL 1.0),Calculada sobre MDT25 © IGN (CC BY 4.0),5,2021-04-09T21:22:32Z,2026-10-04
d1aea8cb-019d-4886-b855-f9704122d20c,node/1242130493,Tossal de la Creu,,Tossal de la Creu,,,703.0,OpenStreetMap (coincide con MDT a ±10 m),63.0,False,635.0,secundaria,38.745006,-0.1175956,10,Comunitat Valenciana,03,Alicante/Alacant,la Marina Alta,03029,Benigembla,OpenStreetMap (ODbL 1.0),Calculada sobre MDT25 © IGN (CC BY 4.0),9,2023-12-24T23:04:20Z,2026-10-04
dd1c7b6f-ad6f-4b67-8275-818a6bf6dc16,node/10292215742,Tossal Negre,,Tossal Negre,,,698.0,OpenStreetMap (coincide con MDT a ±10 m),42.0,False,653.0,secundaria,38.8257028,-0.4080464,10,Comunitat Valenciana,03,Alicante/Alacant,el Comtat,03072,Gaianes,OpenStreetMap (ODbL 1.0),Calculada sobre MDT25 © IGN (CC BY 4.0),4,2023-01-15T19:41:05Z,2026-10-04
de2ab99c-d8ae-45a0-a27f-8d18ba294dfc,node/10687104980,Alt del Realet,,,,,697.0,OpenStreetMap (coincide con MDT a ±10 m),142.0,False,548.0,principal,38.591901,-0.2402869,10,Comunitat Valenciana,03,Alicante/Alacant,la Marina Baixa,03069,Finestrat,OpenStreetMap (ODbL 1.0),Calculada sobre MDT25 © IGN (CC BY 4.0),1,2023-02-22T23:36:28Z,2026-10-04
ae38f684-be35-4650-a8e9-18e43206041d,node/10602801039,els Almadens,,els Almadens,,,696.0,OpenStreetMap (coincide con MDT a ±10 m),30.0,False,664.0,secundaria,38.5321155,-0.4766178,10,Comunitat Valenciana,03,Alicante/Alacant,l'Alacantí,03083,Xixona / Jijona,OpenStreetMap (ODbL 1.0),Calculada sobre MDT25 © IGN (CC BY 4.0),3,2023-10-09T23:27:26Z,2026-10-04
6c07d793-83ba-40aa-b13a-410c5154e815,node/1249814045,Tossal de la Terra Nova,,Tossal de la Terra Nova,,,695.0,OpenStreetMap (coincide con MDT a ±10 m),30.0,False,664.0,secundaria,38.7243951,-0.3118581,10,Comunitat Valenciana,03,Alicante/Alacant,el Comtat,03060,Quatretondeta,OpenStreetMap (ODbL 1.0),Calculada sobre MDT25 © IGN (CC BY 4.0),12,2024-02-28T08:17:44Z,2026-10-04
009ff0c8-d48f-416c-b48e-a0795768c35e,node/1242144231,Alt de l'Escobella,Alto de la Escobella,Alt de l'Escobella,,,693.0,OpenStreetMap (coincide con MDT a ±10 m),166.0,False,524.0,principal,38.4808653,-0.562096,10,Comunitat Valenciana,03,Alicante/Alacant,l'Alacantí,03122,Sant Vicent del Raspeig / San Vicente del Raspeig,OpenStreetMap (ODbL 1.0),Calculada sobre MDT25 © IGN (CC BY 4.0),8,2024-04-03T16:08:11Z,2026-10-04
3f96a6ef-f450-4502-abfc-8eac277b3668,node/1830792716,Tossal Gran,,Tossal Gran,,,688.2,OpenStreetMap (coincide con MDT a ±10 m),123.0,False,562.0,principal,38.8145452,-0.1496332,10,Comunitat Valenciana,03,Alicante/Alacant,la Marina Alta,03135,la Vall d'Ebo,OpenStreetMap (ODbL 1.0),Calculada sobre MDT25 © IGN (CC BY 4.0),11,2023-07-30T15:46:52Z,2026-10-04
90687f65-2b7e-4397-988c-fcf737ea6ca8,node/1249817804,Cabezo Andreu,,,,,688.0,OpenStreetMap (coincide con MDT a ±10 m),62.0,False,624.0,secundaria,38.5568606,-0.9716591,10,Comunitat Valenciana,03,Alicante/Alacant,l'Alt Vinalopó / El Alto Vinalopó,03140,Villena,OpenStreetMap (ODbL 1.0),Calculada sobre MDT25 © IGN (CC BY 4.0),5,2026-05-17T19:09:46Z,2026-10-04
47953187-1c31-4e79-9848-0a4077657f60,node/10609166972,L'Almèdia,,,,,686.0,OpenStreetMap (coincide con MDT a ±10 m),124.0,False,562.0,principal,38.6659168,-0.1378129,10,Comunitat Valenciana,03,Alicante/Alacant,la Marina Baixa,03048,Callosa d'en Sarrià,OpenStreetMap (ODbL 1.0),Calculada sobre MDT25 © IGN (CC BY 4.0),2,2023-02-27T10:07:37Z,2026-10-04
f8dbec51-5c9b-41b7-aae3-eb1c68347ada,node/10609196160,Tossal de Navarro,,Tossal de Navarro,,,686.0,OpenStreetMap (coincide con MDT a ±10 m),97.0,False,587.0,secundaria,38.6993828,-0.0039798,10,Comunitat Valenciana,03,Alicante/Alacant,la Marina Alta,03085,Llíber,OpenStreetMap (ODbL 1.0),Calculada sobre MDT25 © IGN (CC BY 4.0),4,2023-10-09T23:25:15Z,2026-10-04
07126741-a952-4c7b-adc7-f520a43b6eee,node/1242132291,Alt de les Planisses,,Alt de les Planisses,,,682.0,OpenStreetMap (coincide con MDT a ±10 m),65.0,False,617.0,secundaria,38.6857346,-0.0409681,10,Comunitat Valenciana,03,Alicante/Alacant,la Marina Alta,03081,Xaló,OpenStreetMap (ODbL 1.0),Calculada sobre MDT25 © IGN (CC BY 4.0),5,2023-12-24T21:42:51Z,2026-10-04
ee0d5438-60f4-4b62-b94e-bd0d95ad7f29,node/6463624872,Tossal de la Roca,,Tossal de la Roca,,,679.0,OpenStreetMap (coincide con MDT a ±10 m),30.0,False,646.0,secundaria,38.7911975,-0.2802796,10,Comunitat Valenciana,03,Alicante/Alacant,la Marina Alta,03134,la Vall d'Alcalà,OpenStreetMap (ODbL 1.0),Calculada sobre MDT25 © IGN (CC BY 4.0),5,2023-12-24T15:04:22Z,2026-10-04
e8b0d67f-636b-46c3-9015-02a7a7440414,node/1242150792,Penyeta de l'Àguila,,,,,677.0,OpenStreetMap (coincide con MDT a ±10 m),32.0,False,644.0,secundaria,38.5406286,-0.5734557,10,Comunitat Valenciana,03,Alicante/Alacant,l'Alcoià,03129,Tibi,OpenStreetMap (ODbL 1.0),Calculada sobre MDT25 © IGN (CC BY 4.0),4,2024-06-12T17:22:39Z,2026-10-04
7ef63136-6806-4549-86d8-93515fac15e4,node/3875331466,Alt de Petillo,,,,,675.0,OpenStreetMap (coincide con MDT a ±10 m),419.0,False,257.0,principal,38.562804,-0.2447364,10,Comunitat Valenciana,03,Alicante/Alacant,la Marina Baixa,03069,Finestrat,OpenStreetMap (ODbL 1.0),Calculada sobre MDT25 © IGN (CC BY 4.0),3,2021-02-11T22:00:02Z,2026-10-04
c435ef7f-4083-483f-8477-6918cc17d243,node/1249816926,Alt del Serrellar,,,,,668.0,OpenStreetMap (coincide con MDT a ±10 m),45.0,False,624.0,secundaria,38.8371175,-0.3776849,10,Comunitat Valenciana,03,Alicante/Alacant,el Comtat,03028,Beniarrés,OpenStreetMap (ODbL 1.0),Calculada sobre MDT25 © IGN (CC BY 4.0),5,2026-05-17T19:09:46Z,2026-10-04
32c1d944-8d24-432f-a6a9-cac8d8e87c91,node/1249818726,Tossal de Grau,,Tossal de Grau,,,668.0,OpenStreetMap (coincide con MDT a ±10 m),62.0,False,606.0,secundaria,38.5998982,-0.1722681,10,Comunitat Valenciana,03,Alicante/Alacant,la Marina Baixa,03031,Benidorm,OpenStreetMap (ODbL 1.0),Calculada sobre MDT25 © IGN (CC BY 4.0),6,2026-05-17T19:09:46Z,2026-10-04
8a354ad1-ca44-4001-a893-0ef1d3e02776,node/1242129534,Cabeç d'Albabor,,,,,667.0,OpenStreetMap (coincide con MDT a ±10 m),53.0,False,614.0,secundaria,38.5223821,-0.559766,10,Comunitat Valenciana,03,Alicante/Alacant,l'Alcoià,03129,Tibi,OpenStreetMap (ODbL 1.0),Calculada sobre MDT25 © IGN (CC BY 4.0),4,2024-06-18T22:21:49Z,2026-10-04
6ebd08b9-be08-49e5-8878-f4780c6dc57a,node/1242131824,Tossal del Molinet,,Tossal del Molinet,,,664.0,OpenStreetMap (coincide con MDT a ±10 m),48.0,False,616.0,secundaria,38.7874493,-0.2809615,10,Comunitat Valenciana,03,Alicante/Alacant,la Marina Alta,03134,la Vall d'Alcalà,OpenStreetMap (ODbL 1.0),Calculada sobre MDT25 © IGN (CC BY 4.0),5,2023-12-24T14:58:44Z,2026-10-04
5593850e-657d-48bd-8ffc-4947c2b6e604,node/10609195560,Penya de l'Or,,Penya de l'Or,,,661.0,OpenStreetMap (coincide con MDT a ±10 m),83.0,False,575.0,secundaria,38.6794409,-0.1250103,10,Comunitat Valenciana,03,Alicante/Alacant,la Marina Baixa,03045,Bolulla,OpenStreetMap (ODbL 1.0),Calculada sobre MDT25 © IGN (CC BY 4.0),2,2023-10-09T23:24:19Z,2026-10-04
399ece8e-ecd0-4ea9-98cf-69b3c2c1e772,node/1242127922,Pic de la Creueta,,,,,659.0,OpenStreetMap (coincide con MDT a ±10 m),34.0,False,624.0,secundaria,38.6680284,-0.8150964,10,Comunitat Valenciana,03,Alicante/Alacant,l'Alt Vinalopó / El Alto Vinalopó,03052,Cañada,OpenStreetMap (ODbL 1.0),Calculada sobre MDT25 © IGN (CC BY 4.0),5,2026-09-23T19:07:51Z,2026-10-04
b5c6ad92-69a7-4c23-ba9e-a8a9b9e7028e,node/12147725641,Sereta d'Esteve,,,,,658.0,OpenStreetMap (coincide con MDT a ±10 m),74.0,False,579.0,secundaria,38.3547796,-1.0373188,10,Comunitat Valenciana,03,Alicante/Alacant,el Vinalopó Mitjà / El Vinalopó Medio,03013,Algueña,OpenStreetMap (ODbL 1.0),Calculada sobre MDT25 © IGN (CC BY 4.0),3,2024-11-04T17:03:02Z,2026-10-04
66a45467-994f-436e-8092-cf71271ca5e5,node/7567531991,Cabeço del Rutlo,,Cabeço del Rutlo,,,656.0,OpenStreetMap (coincide con MDT a ±10 m),66.0,False,587.0,secundaria,38.5070875,-0.7733191,10,Comunitat Valenciana,03,Alicante/Alacant,el Vinalopó Mitjà / El Vinalopó Medio,03104,Petrer,OpenStreetMap (ODbL 1.0),Calculada sobre MDT25 © IGN (CC BY 4.0),3,2026-09-23T22:48:49Z,2026-10-04
e4809d3b-7585-4532-bee9-ec9351e46604,node/4283419911,Bolón,,,,,655.0,OpenStreetMap (coincide con MDT a ±10 m),191.0,False,463.0,principal,38.4738058,-0.8167917,10,Comunitat Valenciana,03,Alicante/Alacant,el Vinalopó Mitjà / El Vinalopó Medio,03066,Elda,OpenStreetMap (ODbL 1.0),Calculada sobre MDT25 © IGN (CC BY 4.0),2,2019-07-17T16:12:08Z,2026-10-04
bc1de0e8-9180-4165-bff7-5171608136c9,node/6469343313,Penyetes del Magre,,Penyetes del Magre,,,654.0,OpenStreetMap (coincide con MDT a ±10 m),98.0,False,558.0,secundaria,38.7957471,-0.3373886,10,Comunitat Valenciana,03,Alicante/Alacant,el Comtat,03106,Planes,OpenStreetMap (ODbL 1.0),Calculada sobre MDT25 © IGN (CC BY 4.0),3,2023-10-09T23:26:02Z,2026-10-04
071aa4b6-362b-4c14-a386-34135210d1d2,node/10595159060,,,,,,654.0,OpenStreetMap (coincide con MDT a ±10 m),31.0,False,625.0,secundaria,38.7247342,-0.3183128,10,Comunitat Valenciana,03,Alicante/Alacant,el Comtat,03060,Quatretondeta,OpenStreetMap (ODbL 1.0),Calculada sobre MDT25 © IGN (CC BY 4.0),2,2024-02-27T23:53:08Z,2026-10-04
c4b923b9-a07d-4a5d-b394-e5022fb20f99,node/11077201925,,,,,,654.0,OpenStreetMap (coincide con MDT a ±10 m),36.0,False,614.0,secundaria,38.8070053,-0.0867901,10,Comunitat Valenciana,03,Alicante/Alacant,la Marina Alta,03131,Tormos,OpenStreetMap (ODbL 1.0),Calculada sobre MDT25 © IGN (CC BY 4.0),1,2023-07-30T15:46:52Z,2026-10-04
53f8282f-ef52-4a6c-aab9-4c15ad4f97bf,node/1242146488,Penya del Maser,,Penya del Maser,,,653.0,OpenStreetMap (coincide con MDT a ±10 m),58.0,False,594.0,secundaria,38.799525,-0.2098819,10,Comunitat Valenciana,03,Alicante/Alacant,la Marina Alta,03136,la Vall de Gallinera,OpenStreetMap (ODbL 1.0),Calculada sobre MDT25 © IGN (CC BY 4.0),7,2023-12-24T12:36:26Z,2026-10-04
b72f1c2f-34a9-4e2f-a96e-71aeb98f38b6,node/6454312316,,,,,,652.0,OpenStreetMap (coincide con MDT a ±10 m),146.0,False,512.0,principal,38.7965279,-0.3224017,10,Comunitat Valenciana,03,Alicante/Alacant,el Comtat,03106,Planes,OpenStreetMap (ODbL 1.0),Calculada sobre MDT25 © IGN (CC BY 4.0),1,2019-05-07T09:02:25Z,2026-10-04
cdfa6570-387c-407b-a13f-4929177414ce,node/8455772755,la Velleta,,la Velleta,,,650.0,MDT IGN,73.0,False,577.0,secundaria,38.4797537,-0.7549171,10,Comunitat Valenciana,03,Alicante/Alacant,el Vinalopó Mitjà / El Vinalopó Medio,03104,Petrer,OpenStreetMap (ODbL 1.0),Calculada sobre MDT25 © IGN (CC BY 4.0),3,2023-10-20T00:04:34Z,2026-10-04
3b601208-6c9b-4291-b390-b292ac6dc68b,node/12514311619,Penya dels Castellets,,,,,650.0,OpenStreetMap (coincide con MDT a ±10 m),32.0,False,608.0,secundaria,38.5887568,-0.2419096,10,Comunitat Valenciana,03,Alicante/Alacant,la Marina Baixa,03069,Finestrat,OpenStreetMap (ODbL 1.0),Calculada sobre MDT25 © IGN (CC BY 4.0),2,2026-05-17T19:09:46Z,2026-10-04
5a6b2c08-e78f-4701-8903-58d8dd4e37aa,node/10292198735,els Crestalls de Montnegre,,els Crestalls de Montnegre,,,649.0,OpenStreetMap (coincide con MDT a ±10 m),105.0,False,541.0,principal,38.8116643,-0.1222203,10,Comunitat Valenciana,03,Alicante/Alacant,la Marina Alta,03102,Pego,OpenStreetMap (ODbL 1.0),Calculada sobre MDT25 © IGN (CC BY 4.0),4,2026-01-02T14:50:02Z,2026-10-04
ca29dd72-336b-48f0-b386-41665d776155,node/11050371805,,,,,,646.0,OpenStreetMap (coincide con MDT a ±10 m),30.0,False,614.0,secundaria,38.708326,-0.1291599,10,Comunitat Valenciana,03,Alicante/Alacant,la Marina Baixa,03127,Tàrbena,OpenStreetMap (ODbL 1.0),Calculada sobre MDT25 © IGN (CC BY 4.0),1,2023-07-17T04:53:05Z,2026-10-04
b5c12bd6-9781-415a-9d5e-f45769562c59,node/3251644599,,,,,,645.0,OpenStreetMap (coincide con MDT a ±10 m),35.0,False,620.0,secundaria,38.6963058,-0.0082988,10,Comunitat Valenciana,03,Alicante/Alacant,la Marina Alta,03085,Llíber,OpenStreetMap (ODbL 1.0),Calculada sobre MDT25 © IGN (CC BY 4.0),5,2016-09-26T15:45:00Z,2026-10-04
e3a102ee-3688-458e-a856-74e8c81f9a9a,node/10650275258,Peña de Orihuela,,,,,634.0,OpenStreetMap (coincide con MDT a ±10 m),526.0,False,107.0,principal,38.099027,-0.9992364,10,Comunitat Valenciana,03,Alicante/Alacant,el Baix Segura / La Vega Baja,03099,Orihuela,OpenStreetMap (ODbL 1.0),Calculada sobre MDT25 © IGN (CC BY 4.0),1,2023-02-11T21:16:06Z,2026-10-04
f993d5ec-7df1-4009-b7d3-5b91b19ba394,node/11070794822,Tossal Redó,,,,,633.0,OpenStreetMap (coincide con MDT a ±10 m),45.0,False,589.0,secundaria,38.6726597,-0.1515614,10,Comunitat Valenciana,03,Alicante/Alacant,la Marina Baixa,03075,el Castell de Guadalest,OpenStreetMap (ODbL 1.0),Calculada sobre MDT25 © IGN (CC BY 4.0),1,2023-07-27T08:49:14Z,2026-10-04
2ecc874a-ee46-424a-82b9-d175b1fe53e0,node/1242139040,el Roig,,,,,627.0,OpenStreetMap (coincide con MDT a ±10 m),41.0,False,590.0,secundaria,38.8264833,-0.1930404,10,Comunitat Valenciana,03,Alicante/Alacant,la Marina Alta,03136,la Vall de Gallinera,OpenStreetMap (ODbL 1.0),Calculada sobre MDT25 © IGN (CC BY 4.0),9,2023-12-24T11:04:34Z,2026-10-04
ab4a5cd0-06ab-46fe-9a21-0ef4e8907209,node/1249818543,Penya Alta,,Penya Alta,,,627.0,OpenStreetMap (coincide con MDT a ±10 m),91.0,False,531.0,secundaria,38.5048572,-0.5222674,10,Comunitat Valenciana,03,Alicante/Alacant,l'Alacantí,03083,Xixona / Jijona,OpenStreetMap (ODbL 1.0),Calculada sobre MDT25 © IGN (CC BY 4.0),6,2022-11-26T12:02:12Z,2026-10-04
8ed327a8-d41a-4133-a0d4-7d50344e8c72,node/11076305487,,,,,,625.0,OpenStreetMap (coincide con MDT a ±10 m),35.0,False,588.0,secundaria,38.8522328,-0.1997426,10,Comunitat Valenciana,03,Alicante/Alacant,la Marina Alta,03136,la Vall de Gallinera,OpenStreetMap (ODbL 1.0),Calculada sobre MDT25 © IGN (CC BY 4.0),1,2023-07-30T02:57:01Z,2026-10-04
d3f0f412-690c-49f6-b7e1-1fdcaf74264e,node/1242142319,Alt de Pasqual,,Alt de Pasqual,,,623.0,OpenStreetMap (coincide con MDT a ±10 m),45.0,False,578.0,secundaria,38.8175335,-0.1365938,10,Comunitat Valenciana,03,Alicante/Alacant,la Marina Alta,03102,Pego,OpenStreetMap (ODbL 1.0),Calculada sobre MDT25 © IGN (CC BY 4.0),7,2023-11-07T21:40:12Z,2026-10-04
f16e5590-c012-4743-acfe-4d0823f76fd1,node/14210489015,la Cabra,,,,,619.0,OpenStreetMap (coincide con MDT a ±10 m),49.0,False,569.0,secundaria,38.4708231,-0.7545322,10,Comunitat Valenciana,03,Alicante/Alacant,el Vinalopó Mitjà / El Vinalopó Medio,03104,Petrer,OpenStreetMap (ODbL 1.0),Calculada sobre MDT25 © IGN (CC BY 4.0),1,2026-09-23T22:48:49Z,2026-10-04
08dc4c59-34fe-4d46-ba9b-53bbc8be6de9,node/1249817681,Cabezo Lodroño,,,,,616.0,OpenStreetMap (coincide con MDT a ±10 m),44.0,False,570.0,secundaria,38.0979386,-0.9927799,10,Comunitat Valenciana,03,Alicante/Alacant,el Baix Segura / La Vega Baja,03099,Orihuela,OpenStreetMap (ODbL 1.0),Calculada sobre MDT25 © IGN (CC BY 4.0),6,2024-11-15T23:08:48Z,2026-10-04
4ba5919b-e0ab-4a21-a44b-fcb4169e4071,node/1249812438,Tossal del Moro,,Tossal del Moro,,,612.0,OpenStreetMap (coincide con MDT a ±10 m),51.0,False,559.0,secundaria,38.7076159,-0.3724283,10,Comunitat Valenciana,03,Alicante/Alacant,l'Alcoià,03103,Penàguila,OpenStreetMap (ODbL 1.0),Calculada sobre MDT25 © IGN (CC BY 4.0),6,2024-04-04T20:30:08Z,2026-10-04
df72fd51-6bb5-4d5c-9600-7181f5db192c,node/948642276,Castell d'Aixa,,Castell d'Aixa,,,606.7,OpenStreetMap (coincide con MDT a ±10 m),342.0,False,264.0,principal,38.7645707,-0.0012017,10,Comunitat Valenciana,03,Alicante/Alacant,la Marina Alta,03081,Xaló,OpenStreetMap (ODbL 1.0),Calculada sobre MDT25 © IGN (CC BY 4.0),13,2025-04-06T20:17:14Z,2026-10-04
f0df113b-d709-4874-81c1-2215b73bc13d,node/2734387072,Pico del Águila,,,,,605.0,OpenStreetMap (coincide con MDT a ±10 m),240.0,False,364.0,principal,38.0941114,-1.0172623,10,Comunitat Valenciana,03,Alicante/Alacant,el Baix Segura / La Vega Baja,03099,Orihuela,OpenStreetMap (ODbL 1.0),Calculada sobre MDT25 © IGN (CC BY 4.0),4,2026-05-17T19:09:46Z,2026-10-04
990eff62-890b-4d2a-bb95-89d5a2db0d33,node/3950087540,Tossal de la Cova,,Tossal de la Cova,,,604.3,OpenStreetMap (coincide con MDT a ±10 m),30.0,False,572.0,secundaria,38.8664322,-0.3100619,10,Comunitat Valenciana,03,Alicante/Alacant,el Comtat,03084,l'Orxa / Lorcha,OpenStreetMap (ODbL 1.0),Calculada sobre MDT25 © IGN (CC BY 4.0),3,2022-11-21T03:48:38Z,2026-10-04
f4c61e91-3bb3-4120-bdae-70616beb1eac,node/3369779225,el Penyot,,el Penyot,,,600.0,OpenStreetMap (coincide con MDT a ±10 m),58.0,False,541.0,secundaria,38.7193254,-0.0137273,10,Comunitat Valenciana,03,Alicante/Alacant,la Marina Alta,03081,Xaló,OpenStreetMap (ODbL 1.0),Calculada sobre MDT25 © IGN (CC BY 4.0),8,2023-10-09T23:27:21Z,2026-10-04
ce4e8a17-29d6-42e3-b150-6435cfc42266,node/1249813650,Peñón del Mosquito,,,,,599.0,OpenStreetMap (coincide con MDT a ±10 m),37.0,False,559.0,secundaria,38.606207,-0.9334045,10,Comunitat Valenciana,03,Alicante/Alacant,l'Alt Vinalopó / El Alto Vinalopó,03140,Villena,OpenStreetMap (ODbL 1.0),Calculada sobre MDT25 © IGN (CC BY 4.0),5,2026-05-17T19:09:46Z,2026-10-04
c914ae14-e41c-4bed-a29d-a28702ee0b4b,node/3915164372,la Creu,,,,,599.0,OpenStreetMap (coincide con MDT a ±10 m),114.0,False,484.0,principal,38.8180369,-0.0837583,10,Comunitat Valenciana,03,Alicante/Alacant,la Marina Alta,03102,Pego,OpenStreetMap (ODbL 1.0),Calculada sobre MDT25 © IGN (CC BY 4.0),8,2023-10-07T23:50:10Z,2026-10-04
10cbbc02-2a2c-484f-ae84-293589ea81d1,node/1249816796,Tossal Gran,,Tossal Gran,,,592.0,OpenStreetMap (coincide con MDT a ±10 m),77.0,False,513.0,secundaria,38.76103,0.0024012,10,Comunitat Valenciana,03,Alicante/Alacant,la Marina Alta,03081,Xaló,OpenStreetMap (ODbL 1.0),Calculada sobre MDT25 © IGN (CC BY 4.0),7,2026-05-17T19:09:46Z,2026-10-04
93bf1847-6016-47ec-9ea3-0987d4f44a04,node/11077202088,,,,,,592.0,OpenStreetMap (coincide con MDT a ±10 m),45.0,False,544.0,secundaria,38.7909784,-0.1147705,10,Comunitat Valenciana,03,Alicante/Alacant,la Marina Alta,03137,la Vall de Laguar,OpenStreetMap (ODbL 1.0),Calculada sobre MDT25 © IGN (CC BY 4.0),1,2023-07-30T15:46:52Z,2026-10-04
a6b07c9c-19f4-4fe7-bcd2-d46a0e4a6dde,node/4419182434,el Dit d'Oltà,,el Dit d'Oltà,,,589.5,OpenStreetMap (coincide con MDT a ±10 m),371.0,False,215.0,principal,38.6611757,0.0147044,10,Comunitat Valenciana,03,Alicante/Alacant,la Marina Alta,03041,Benissa,OpenStreetMap (ODbL 1.0),Calculada sobre MDT25 © IGN (CC BY 4.0),5,2022-12-10T14:27:40Z,2026-10-04
1b603460-7710-4338-bb36-2bf7d4c4b1e0,node/11415079064,,,,,,583.0,OpenStreetMap (coincide con MDT a ±10 m),80.0,False,503.0,secundaria,38.6458089,-0.8923663,10,Comunitat Valenciana,03,Alicante/Alacant,l'Alt Vinalopó / El Alto Vinalopó,03140,Villena,OpenStreetMap (ODbL 1.0),Calculada sobre MDT25 © IGN (CC BY 4.0),1,2023-12-13T15:48:39Z,2026-10-04
f8e4fc2b-bde7-4dea-822b-974f74ec010e,node/2907291726,Tossal de les Manueles,,Tossal de les Manueles,,,582.0,OpenStreetMap (coincide con MDT a ±10 m),36.0,False,546.0,secundaria,38.7965487,-0.127431,10,Comunitat Valenciana,03,Alicante/Alacant,la Marina Alta,03137,la Vall de Laguar,OpenStreetMap (ODbL 1.0),Calculada sobre MDT25 © IGN (CC BY 4.0),5,2023-10-09T23:27:06Z,2026-10-04
6d30a637-44ad-404d-9256-b2bf761b5f4d,node/8954995094,Cabeç dels Nanos,,Cabeç dels Nanos,,,582.0,OpenStreetMap (coincide con MDT a ±10 m),44.0,False,541.0,secundaria,38.5462324,-0.5090343,10,Comunitat Valenciana,03,Alicante/Alacant,l'Alacantí,03083,Xixona / Jijona,OpenStreetMap (ODbL 1.0),Calculada sobre MDT25 © IGN (CC BY 4.0),3,2026-05-17T19:09:46Z,2026-10-04
13767a81-c728-45ea-9eaf-e73211043edb,node/11055111483,,,,,,582.0,OpenStreetMap (coincide con MDT a ±10 m),35.0,False,545.0,secundaria,38.8623097,-0.287932,10,Comunitat Valenciana,03,Alicante/Alacant,el Comtat,03084,l'Orxa / Lorcha,OpenStreetMap (ODbL 1.0),Calculada sobre MDT25 © IGN (CC BY 4.0),1,2023-07-19T15:40:47Z,2026-10-04
f6826516-c54d-418b-999e-f88a6bb6cd04,node/1268536290,Cabezo Redondo,,,,,575.0,OpenStreetMap (coincide con MDT a ±10 m),42.0,False,534.0,secundaria,38.6434314,-0.8901885,10,Comunitat Valenciana,03,Alicante/Alacant,l'Alt Vinalopó / El Alto Vinalopó,03140,Villena,OpenStreetMap (ODbL 1.0),Calculada sobre MDT25 © IGN (CC BY 4.0),5,2023-12-13T15:48:39Z,2026-10-04
0ab0b3fe-103c-4e61-8a84-fe895aa671ef,node/8493225245,Pico del Águila,,,,,568.0,OpenStreetMap (coincide con MDT a ±10 m),525.0,False,40.0,principal,38.1214361,-0.9007562,10,Comunitat Valenciana,03,Alicante/Alacant,el Baix Segura / La Vega Baja,03058,Cox,OpenStreetMap (ODbL 1.0),Calculada sobre MDT25 © IGN (CC BY 4.0),1,2021-03-07T00:40:02Z,2026-10-04
782652ce-9dc9-48c4-a798-5910da005bf2,node/1268536833,Cabezo Jordán,,,,,567.0,OpenStreetMap (coincide con MDT a ±10 m),45.0,False,522.0,secundaria,38.6069252,-0.9056204,10,Comunitat Valenciana,03,Alicante/Alacant,l'Alt Vinalopó / El Alto Vinalopó,03140,Villena,OpenStreetMap (ODbL 1.0),Calculada sobre MDT25 © IGN (CC BY 4.0),4,2026-05-17T19:09:46Z,2026-10-04
2219e732-e819-4c15-a732-c2bbec56c39d,node/1249810910,Cabezo del Polovar,,,,,566.0,OpenStreetMap (coincide con MDT a ±10 m),58.0,False,506.0,secundaria,38.6181756,-0.8941357,10,Comunitat Valenciana,03,Alicante/Alacant,l'Alt Vinalopó / El Alto Vinalopó,03140,Villena,OpenStreetMap (ODbL 1.0),Calculada sobre MDT25 © IGN (CC BY 4.0),5,2026-05-17T19:09:46Z,2026-10-04
914aa2a5-9613-46b0-96d3-919594783346,node/10609142499,el Castellet,,el Castellet,,,564.0,OpenStreetMap (coincide con MDT a ±10 m),57.0,False,501.0,secundaria,38.6277204,-0.1571585,10,Comunitat Valenciana,03,Alicante/Alacant,la Marina Baixa,03107,Polop,OpenStreetMap (ODbL 1.0),Calculada sobre MDT25 © IGN (CC BY 4.0),3,2023-10-20T00:04:42Z,2026-10-04
c2e25a40-7d22-499c-bf8a-2b4d3c037961,node/11772943929,Penya la Macaroba,,,,,564.0,OpenStreetMap (coincide con MDT a ±10 m),158.0,False,404.0,principal,38.5550554,-0.309884,10,Comunitat Valenciana,03,Alicante/Alacant,la Marina Baixa,03112,Relleu,OpenStreetMap (ODbL 1.0),Calculada sobre MDT25 © IGN (CC BY 4.0),1,2024-03-30T03:59:11Z,2026-10-04
d0260b6a-f929-42ab-8b77-db0be52ad9e4,node/4456185922,,,,,,562.0,OpenStreetMap (coincide con MDT a ±10 m),46.0,False,516.0,secundaria,38.7129665,-0.0011481,10,Comunitat Valenciana,03,Alicante/Alacant,la Marina Alta,03085,Llíber,OpenStreetMap (ODbL 1.0),Calculada sobre MDT25 © IGN (CC BY 4.0),3,2023-07-16T11:12:49Z,2026-10-04
0058754c-6883-4e7c-881d-b13cee675097,node/7570284522,l'Almorxoneta,,l'Almorxoneta,,,560.0,OpenStreetMap (coincide con MDT a ±10 m),42.0,False,519.0,secundaria,38.5018183,-0.7807642,10,Comunitat Valenciana,03,Alicante/Alacant,el Vinalopó Mitjà / El Vinalopó Medio,03104,Petrer,OpenStreetMap (ODbL 1.0),Calculada sobre MDT25 © IGN (CC BY 4.0),3,2022-12-26T23:27:46Z,2026-10-04
9675ec3b-0871-41b4-806a-ac7eb11945d3,node/3618528881,Montagut,,Montagut,,,559.0,OpenStreetMap (coincide con MDT a ±10 m),134.0,False,424.0,principal,38.4186578,-0.7674137,10,Comunitat Valenciana,03,Alicante/Alacant,el Vinalopó Mitjà / El Vinalopó Medio,03093,Novelda,OpenStreetMap (ODbL 1.0),Calculada sobre MDT25 © IGN (CC BY 4.0),2,2022-11-27T11:37:14Z,2026-10-04
b390a491-3f4f-4d48-b00a-94d7a20eff26,node/10665771556,Penya del Castellet,,Penya del Castellet,,,558.0,OpenStreetMap (coincide con MDT a ±10 m),41.0,False,517.0,secundaria,38.6808365,-0.2036874,10,Comunitat Valenciana,03,Alicante/Alacant,la Marina Baixa,03037,Benimantell,OpenStreetMap (ODbL 1.0),Calculada sobre MDT25 © IGN (CC BY 4.0),3,2023-10-09T23:24:10Z,2026-10-04
73417f3b-3177-445f-8f1e-9e1e705c0f3e,node/8419183584,Alt de Sant Pascual,Pico de San Pascual,Alt de Sant Pascual,,,555.0,OpenStreetMap (coincide con MDT a ±10 m),277.0,False,276.0,principal,38.3809225,-0.656411,10,Comunitat Valenciana,03,Alicante/Alacant,l'Alacantí,03014,Alacant / Alicante,OpenStreetMap (ODbL 1.0),Calculada sobre MDT25 © IGN (CC BY 4.0),4,2024-06-17T21:43:41Z,2026-10-04
fe657c3b-7acc-477c-9d05-65de8532a1ea,node/10609184085,Tossal de Marraix,,Tossal de Marraix,,,551.0,OpenStreetMap (coincide con MDT a ±10 m),139.0,False,409.0,principal,38.5775948,-0.1676876,10,Comunitat Valenciana,03,Alicante/Alacant,la Marina Baixa,03069,Finestrat,OpenStreetMap (ODbL 1.0),Calculada sobre MDT25 © IGN (CC BY 4.0),2,2023-10-19T23:09:40Z,2026-10-04
dceda544-7ec3-4302-93cd-697188384246,node/3951795124,la Solana,,la Solana,,,549.0,OpenStreetMap (coincide con MDT a ±10 m),118.0,False,427.0,principal,38.7589274,-0.0199442,10,Comunitat Valenciana,03,Alicante/Alacant,la Marina Alta,03006,Alcalalí,OpenStreetMap (ODbL 1.0),Calculada sobre MDT25 © IGN (CC BY 4.0),6,2023-10-20T00:02:12Z,2026-10-04
ed253c62-039d-4c70-a712-e8c54df985c9,node/3122689827,Bodoix,,Bodoix,,,541.0,OpenStreetMap (coincide con MDT a ±10 m),70.0,False,469.0,secundaria,38.8224288,-0.1230274,10,Comunitat Valenciana,03,Alicante/Alacant,la Marina Alta,03102,Pego,OpenStreetMap (ODbL 1.0),Calculada sobre MDT25 © IGN (CC BY 4.0),5,2023-10-09T23:25:56Z,2026-10-04
b0e2ab8d-e5f8-4b1e-a3fd-1fa6c12eda97,node/4359973578,La Mola,,La Mola,,,540.0,OpenStreetMap (coincide con MDT a ±10 m),184.0,False,354.0,principal,38.4064689,-0.7989202,10,Comunitat Valenciana,03,Alicante/Alacant,el Vinalopó Mitjà / El Vinalopó Medio,03093,Novelda,OpenStreetMap (ODbL 1.0),Calculada sobre MDT25 © IGN (CC BY 4.0),4,2026-05-17T19:09:46Z,2026-10-04
027222cd-c84c-4066-9338-6288d4ee86cc,node/4837104449,la Mola,,la Mola,,,537.87,OpenStreetMap (coincide con MDT a ±10 m),44.0,False,493.0,secundaria,38.6478665,0.0181269,10,Comunitat Valenciana,03,Alicante/Alacant,la Marina Alta,03047,Calp,OpenStreetMap (ODbL 1.0),Calculada sobre MDT25 © IGN (CC BY 4.0),6,2025-02-24T15:35:34Z,2026-10-04
5032c533-8ed7-491e-a443-c9c0e900fce7,node/10609142497,Tossal de la Mamelleta,,Tossal de la Mamelleta,,,537.0,OpenStreetMap (coincide con MDT a ±10 m),91.0,False,441.0,secundaria,38.5822635,-0.1692487,10,Comunitat Valenciana,03,Alicante/Alacant,la Marina Baixa,03069,Finestrat,OpenStreetMap (ODbL 1.0),Calculada sobre MDT25 © IGN (CC BY 4.0),3,2023-10-19T23:09:40Z,2026-10-04
258623ba-df26-42e0-a2bc-c1af83bf2b6d,node/14210489014,Lloma Badada,,,,,535.0,OpenStreetMap (coincide con MDT a ±10 m),62.0,False,472.0,secundaria,38.4474887,-0.7683241,10,Comunitat Valenciana,03,Alicante/Alacant,el Vinalopó Mitjà / El Vinalopó Medio,03104,Petrer,OpenStreetMap (ODbL 1.0),Calculada sobre MDT25 © IGN (CC BY 4.0),1,2026-09-23T22:48:49Z,2026-10-04
cc32caaf-e489-4c5a-81ff-a660cb6658b8,node/1268535842,Cabecico Judas,,,,,534.0,OpenStreetMap (coincide con MDT a ±10 m),30.0,False,502.0,secundaria,38.5856949,-0.8785233,10,Comunitat Valenciana,03,Alicante/Alacant,l'Alt Vinalopó / El Alto Vinalopó,03140,Villena,OpenStreetMap (ODbL 1.0),Calculada sobre MDT25 © IGN (CC BY 4.0),4,2026-05-17T19:09:46Z,2026-10-04
d92573da-d5de-49e7-8134-b5ab62803044,node/11659134916,Penya Costa,,,,,525.0,OpenStreetMap (coincide con MDT a ±10 m),112.0,False,412.0,principal,38.5852336,-0.2708806,10,Comunitat Valenciana,03,Alicante/Alacant,la Marina Baixa,03098,Orxeta,OpenStreetMap (ODbL 1.0),Calculada sobre MDT25 © IGN (CC BY 4.0),1,2024-02-24T07:29:56Z,2026-10-04
dffb33cf-4170-485b-a844-3894f5a3864c,node/11985862753,la Cresta,,,,,525.0,OpenStreetMap (coincide con MDT a ±10 m),62.0,False,454.0,secundaria,38.500118,-0.5609978,10,Comunitat Valenciana,03,Alicante/Alacant,l'Alcoià,03129,Tibi,OpenStreetMap (ODbL 1.0),Calculada sobre MDT25 © IGN (CC BY 4.0),2,2024-06-16T20:01:29Z,2026-10-04
0a757297-541f-43f3-a1d8-be358528a0b6,node/1249811953,Tossal de la Llosa,,Tossal de la Llosa,,,524.0,OpenStreetMap (coincide con MDT a ±10 m),37.0,False,486.0,secundaria,38.7684514,0.0052387,10,Comunitat Valenciana,03,Alicante/Alacant,la Marina Alta,03006,Alcalalí,OpenStreetMap (ODbL 1.0),Calculada sobre MDT25 © IGN (CC BY 4.0),10,2022-11-21T03:29:03Z,2026-10-04
3f50e2b5-cb21-42dd-9aec-39299375d9f0,node/1249815448,Pico del Chinar,,,,,518.0,OpenStreetMap (coincide con MDT a ±10 m),30.0,False,486.0,secundaria,38.1249706,-0.9080275,10,Comunitat Valenciana,03,Alicante/Alacant,el Baix Segura / La Vega Baja,03058,Cox,OpenStreetMap (ODbL 1.0),Calculada sobre MDT25 © IGN (CC BY 4.0),5,2026-01-12T16:58:07Z,2026-10-04
d352b16b-71a3-4635-b8a0-578149706443,node/9238638637,Tossal Gros,,Tossal Gros,,,518.0,OpenStreetMap (coincide con MDT a ±10 m),216.0,False,302.0,principal,38.7597441,-0.0504292,10,Comunitat Valenciana,03,Alicante/Alacant,la Marina Alta,03097,Orba,OpenStreetMap (ODbL 1.0),Calculada sobre MDT25 © IGN (CC BY 4.0),3,2022-11-21T03:59:03Z,2026-10-04
4e45b8f4-320b-40f7-a517-0c8605588096,node/11985862611,Cabecó Togarit,,,,,518.0,MDT IGN,49.0,False,469.0,secundaria,38.4958702,-0.5619056,10,Comunitat Valenciana,03,Alicante/Alacant,l'Alcoià,03129,Tibi,OpenStreetMap (ODbL 1.0),Calculada sobre MDT25 © IGN (CC BY 4.0),1,2024-06-16T17:57:22Z,2026-10-04
ad849895-5374-4626-b9e3-43a396fa37d9,node/4441049894,Cabeç de Montnegre,,Cabeç de Montnegre,,,515.0,OpenStreetMap (coincide con MDT a ±10 m),111.0,False,405.0,principal,38.4782967,-0.5098266,10,Comunitat Valenciana,03,Alicante/Alacant,l'Alacantí,03083,Xixona / Jijona,OpenStreetMap (ODbL 1.0),Calculada sobre MDT25 © IGN (CC BY 4.0),10,2025-02-03T19:15:57Z,2026-10-04
91705742-0746-411a-9305-94742171d3d1,node/11154781357,Serra de la Venta,,Serra de la Venta,,,515.0,OpenStreetMap (coincide con MDT a ±10 m),138.0,False,375.0,principal,38.3909134,-0.638064,10,Comunitat Valenciana,03,Alicante/Alacant,l'Alacantí,03014,Alacant / Alicante,OpenStreetMap (ODbL 1.0),Calculada sobre MDT25 © IGN (CC BY 4.0),2,2023-10-19T23:08:43Z,2026-10-04
770e6eb5-ef19-43db-9ba2-0899dd1930c9,node/8436137934,Cim de Segària,,,,,508.0,OpenStreetMap (coincide con MDT a ±10 m),334.0,False,172.0,principal,38.8381981,-0.0208651,10,Comunitat Valenciana,03,Alicante/Alacant,la Marina Alta,03040,Benimeli,OpenStreetMap (ODbL 1.0),Calculada sobre MDT25 © IGN (CC BY 4.0),2,2021-02-21T22:25:14Z,2026-10-04
0dc948ab-aae2-41ff-ad82-345f56628424,node/8419183583,Sierra de las Águilas,,,,,505.0,OpenStreetMap (coincide con MDT a ±10 m),34.0,False,469.0,secundaria,38.385575,-0.6425715,10,Comunitat Valenciana,03,Alicante/Alacant,l'Alacantí,03014,Alacant / Alicante,OpenStreetMap (ODbL 1.0),Calculada sobre MDT25 © IGN (CC BY 4.0),1,2021-02-12T20:38:34Z,2026-10-04
0c2124b2-9c58-4772-8d72-f6ea290af783,node/6476073198,la Murta,,la Murta,,,504.0,OpenStreetMap (coincide con MDT a ±10 m),106.0,False,398.0,principal,38.4520368,-0.608229,10,Comunitat Valenciana,03,Alicante/Alacant,l'Alacantí,03002,Agost,OpenStreetMap (ODbL 1.0),Calculada sobre MDT25 © IGN (CC BY 4.0),2,2022-12-10T14:03:56Z,2026-10-04
c4ce0dda-2810-477a-b436-519bbde70b74,node/11055111418,,,,,,500.0,OpenStreetMap (coincide con MDT a ±10 m),56.0,False,442.0,secundaria,38.8536721,-0.3040125,10,Comunitat Valenciana,03,Alicante/Alacant,el Comtat,03084,l'Orxa / Lorcha,OpenStreetMap (ODbL 1.0),Calculada sobre MDT25 © IGN (CC BY 4.0),2,2023-10-07T17:25:32Z,2026-10-04
f11d93c1-291b-4406-bee4-3d0710995fe3,node/7891369884,la Tarta,,,,,497.0,OpenStreetMap (coincide con MDT a ±10 m),58.0,False,438.0,secundaria,38.4434039,-0.6182134,10,Comunitat Valenciana,03,Alicante/Alacant,l'Alacantí,03002,Agost,OpenStreetMap (ODbL 1.0),Calculada sobre MDT25 © IGN (CC BY 4.0),7,2023-07-23T13:55:49Z,2026-10-04
24b32c52-6321-47fc-9b49-b3e2bbab4150,node/11078022610,la Muntanyeta,,,,,497.0,OpenStreetMap (coincide con MDT a ±10 m),61.0,False,434.0,secundaria,38.8069794,-0.1739726,10,Comunitat Valenciana,03,Alicante/Alacant,la Marina Alta,03135,la Vall d'Ebo,OpenStreetMap (ODbL 1.0),Calculada sobre MDT25 © IGN (CC BY 4.0),3,2023-12-20T20:59:32Z,2026-10-04
daf4dc01-feca-4788-a0ae-7c14db4e7990,node/1323432542,La Naveta,,,,,490.0,OpenStreetMap (coincide con MDT a ±10 m),81.0,False,408.0,secundaria,38.1056553,-0.978927,10,Comunitat Valenciana,03,Alicante/Alacant,el Baix Segura / La Vega Baja,03099,Orihuela,OpenStreetMap (ODbL 1.0),Calculada sobre MDT25 © IGN (CC BY 4.0),5,2026-05-17T19:09:46Z,2026-10-04
d2da6c8b-9f86-4bfc-a05c-2a67c2f10c4a,node/1249817635,Penya de l'Àguila,,Penya de l'Àguila,,,484.0,OpenStreetMap (coincide con MDT a ±10 m),30.0,False,452.0,secundaria,38.8128227,0.1008518,10,Comunitat Valenciana,03,Alicante/Alacant,la Marina Alta,03063,Dénia,OpenStreetMap (ODbL 1.0),Calculada sobre MDT25 © IGN (CC BY 4.0),7,2023-07-15T06:35:29Z,2026-10-04
1267df1b-12fd-49bf-9659-3bdc79e5a653,node/1249819161,el Cantal,,el Cantal,,,484.0,OpenStreetMap (coincide con MDT a ±10 m),58.0,False,424.0,secundaria,38.5225486,-0.3200197,10,Comunitat Valenciana,03,Alicante/Alacant,la Marina Baixa,03098,Orxeta,OpenStreetMap (ODbL 1.0),Calculada sobre MDT25 © IGN (CC BY 4.0),7,2026-05-17T19:09:46Z,2026-10-04
6f18ecaa-a699-40d0-81cc-f2aa95731ddf,node/11154781356,Puntal de l'Alcoraia,,,,,484.0,OpenStreetMap (coincide con MDT a ±10 m),47.0,False,434.0,secundaria,38.3781084,-0.6510972,10,Comunitat Valenciana,03,Alicante/Alacant,l'Alacantí,03014,Alacant / Alicante,OpenStreetMap (ODbL 1.0),Calculada sobre MDT25 © IGN (CC BY 4.0),1,2023-08-29T22:27:39Z,2026-10-04
dcb0b30b-1ee2-4170-932a-8754d2c4c258,node/6454236089,,,,,,475.0,OpenStreetMap (coincide con MDT a ±10 m),39.0,False,436.0,secundaria,38.8220987,-0.2683605,10,Comunitat Valenciana,03,Alicante/Alacant,la Marina Alta,03136,la Vall de Gallinera,OpenStreetMap (ODbL 1.0),Calculada sobre MDT25 © IGN (CC BY 4.0),1,2019-05-07T08:26:00Z,2026-10-04
39f26102-3cef-477a-b012-be1ada6523b8,node/8981426579,Lloma de la Canyaeta Blanca,,,,,475.0,OpenStreetMap (coincide con MDT a ±10 m),57.0,False,416.0,secundaria,38.4573148,-0.6411383,10,Comunitat Valenciana,03,Alicante/Alacant,l'Alacantí,03002,Agost,OpenStreetMap (ODbL 1.0),Calculada sobre MDT25 © IGN (CC BY 4.0),1,2021-08-04T22:42:35Z,2026-10-04
a1dd50ee-b584-419f-8f26-513e5b6d7b92,node/1249813537,Bec de l'Àguila,Vuelo del Aguila,Bec de l'Àguila,,,474.0,OpenStreetMap (coincide con MDT a ±10 m),127.0,False,342.0,principal,38.4636456,-0.527639,10,Comunitat Valenciana,03,Alicante/Alacant,l'Alacantí,03014,Alacant / Alicante,OpenStreetMap (ODbL 1.0),Calculada sobre MDT25 © IGN (CC BY 4.0),14,2024-12-08T23:26:38Z,2026-10-04
b4131259-6ef4-436b-a6ac-9aa448d5d452,node/10292239839,,,,,,474.0,OpenStreetMap (coincide con MDT a ±10 m),48.0,False,423.0,secundaria,38.8380164,-0.183166,10,Comunitat Valenciana,03,Alicante/Alacant,la Marina Alta,03136,la Vall de Gallinera,OpenStreetMap (ODbL 1.0),Calculada sobre MDT25 © IGN (CC BY 4.0),2,2023-01-01T23:57:35Z,2026-10-04
5d5b1a73-13d7-40ff-a582-7fce697b19dd,node/11237223609,el Savinar,El Sabinar,el Savinar,,,469.0,OpenStreetMap (coincide con MDT a ±10 m),87.0,False,379.0,secundaria,38.4598923,-0.5456317,10,Comunitat Valenciana,03,Alicante/Alacant,l'Alacantí,03090,Mutxamel,OpenStreetMap (ODbL 1.0),Calculada sobre MDT25 © IGN (CC BY 4.0),8,2024-12-14T13:44:27Z,2026-10-04
54d1b410-1dea-4156-8810-245ebd565ffa,node/1249813020,Cabezo Redondo,,,,,468.0,OpenStreetMap (coincide con MDT a ±10 m),60.0,False,409.0,secundaria,38.0926089,-0.9911166,10,Comunitat Valenciana,03,Alicante/Alacant,el Baix Segura / La Vega Baja,03099,Orihuela,OpenStreetMap (ODbL 1.0),Calculada sobre MDT25 © IGN (CC BY 4.0),5,2026-05-17T19:09:46Z,2026-10-04
ddec3fe1-41d6-4c2d-904a-6292b53d343c,node/1249817492,Alt de l'Espino,,,,,465.0,OpenStreetMap (coincide con MDT a ±10 m),35.0,False,428.0,secundaria,38.5065712,-0.4223499,10,Comunitat Valenciana,03,Alicante/Alacant,l'Alacantí,03046,Busot,OpenStreetMap (ODbL 1.0),Calculada sobre MDT25 © IGN (CC BY 4.0),6,2026-05-17T19:09:46Z,2026-10-04
bab7ab0d-1f39-499b-8c42-8abfa852410f,node/10650275257,Cruz de la Muela,,,,,463.0,OpenStreetMap (coincide con MDT a ±10 m),38.0,False,426.0,secundaria,38.1020354,-0.9515658,10,Comunitat Valenciana,03,Alicante/Alacant,el Baix Segura / La Vega Baja,03099,Orihuela,OpenStreetMap (ODbL 1.0),Calculada sobre MDT25 © IGN (CC BY 4.0),2,2024-12-12T23:09:06Z,2026-10-04
9886e28f-74aa-4bd7-a69f-94697361d828,node/1249816843,Pico Cortado,,,,,453.0,OpenStreetMap (coincide con MDT a ±10 m),52.0,False,396.0,secundaria,38.1279145,-0.8897443,10,Comunitat Valenciana,03,Alicante/Alacant,el Baix Segura / La Vega Baja,03058,Cox,OpenStreetMap (ODbL 1.0),Calculada sobre MDT25 © IGN (CC BY 4.0),6,2026-05-17T19:09:46Z,2026-10-04
707966e7-fcdf-4f00-94db-2caa83026881,node/10201934647,Alt de Fontcalent,,,,,446.0,OpenStreetMap (coincide con MDT a ±10 m),308.0,False,137.0,principal,38.3523044,-0.5903489,10,Comunitat Valenciana,03,Alicante/Alacant,l'Alacantí,03014,Alacant / Alicante,OpenStreetMap (ODbL 1.0),Calculada sobre MDT25 © IGN (CC BY 4.0),1,2022-11-19T13:35:51Z,2026-10-04
9f3fadd6-f509-46c4-925d-265fb0b1f316,node/12417547513,La Copa de la Maceta,,,,,446.0,OpenStreetMap (coincide con MDT a ±10 m),37.0,False,408.0,secundaria,38.1026062,-0.9482226,10,Comunitat Valenciana,03,Alicante/Alacant,el Baix Segura / La Vega Baja,03099,Orihuela,OpenStreetMap (ODbL 1.0),Calculada sobre MDT25 © IGN (CC BY 4.0),1,2024-12-12T23:09:06Z,2026-10-04
af738e38-8b29-4e75-b262-2a0df1be3989,node/3947680618,Puig de la Llorença,,Puig de la Llorença,,,442.0,OpenStreetMap (coincide con MDT a ±10 m),314.0,False,125.0,principal,38.7231402,0.1614508,10,Comunitat Valenciana,03,Alicante/Alacant,la Marina Alta,03042,el Poble Nou de Benitatxell / Benitachell,OpenStreetMap (ODbL 1.0),Calculada sobre MDT25 © IGN (CC BY 4.0),6,2023-11-14T20:12:30Z,2026-10-04
644b4e82-2647-4cb4-abaa-4921649e57d8,node/1242131708,Tossal dels Nius,,Tossal dels Nius,,,441.0,OpenStreetMap (coincide con MDT a ±10 m),96.0,False,340.0,secundaria,38.5815005,-0.2291163,10,Comunitat Valenciana,03,Alicante/Alacant,la Marina Baixa,03069,Finestrat,OpenStreetMap (ODbL 1.0),Calculada sobre MDT25 © IGN (CC BY 4.0),5,2025-01-19T14:55:44Z,2026-10-04
123d5a16-9b78-420f-91f8-00122b11cf94,node/8887862252,Tossal del Senyal,,Tossal del Senyal,,,441.0,OpenStreetMap (coincide con MDT a ±10 m),63.0,False,378.0,secundaria,38.5708741,-0.1590627,10,Comunitat Valenciana,03,Alicante/Alacant,la Marina Baixa,03031,Benidorm,OpenStreetMap (ODbL 1.0),Calculada sobre MDT25 © IGN (CC BY 4.0),3,2024-02-24T19:12:10Z,2026-10-04
9da3fa8d-79df-481e-8aba-e067511ff3c6,node/288350573,Alt del Governador,,,,,435.0,OpenStreetMap (coincide con MDT a ±10 m),396.0,False,36.0,principal,38.5561799,-0.0618169,10,Comunitat Valenciana,03,Alicante/Alacant,la Marina Baixa,03011,l'Alfàs del Pi,OpenStreetMap (ODbL 1.0),Calculada sobre MDT25 © IGN (CC BY 4.0),9,2026-01-14T20:53:49Z,2026-10-04
213f1113-0d46-431c-a00d-9bb880a05edd,node/1249811817,Alt de la Pedrissa,,Alt de la Pedrissa,,,433.0,OpenStreetMap (coincide con MDT a ±10 m),36.0,False,398.0,secundaria,38.6449944,-0.0058493,10,Comunitat Valenciana,03,Alicante/Alacant,la Marina Alta,03041,Benissa,OpenStreetMap (ODbL 1.0),Calculada sobre MDT25 © IGN (CC BY 4.0),7,2022-12-10T14:27:03Z,2026-10-04
68f4f5be-9e2c-4b2d-a867-d8d86bce640a,node/2066246746,,,,,,432.1,OpenStreetMap (coincide con MDT a ±10 m),207.0,False,224.0,principal,38.7496067,0.070978,10,Comunitat Valenciana,03,Alicante/Alacant,la Marina Alta,03041,Benissa,OpenStreetMap (ODbL 1.0),Calculada sobre MDT25 © IGN (CC BY 4.0),12,2023-12-19T17:40:17Z,2026-10-04
ca388ee7-b909-42a6-8cfa-7dc6b80c6bf5,node/8858077259,Pico de La Justa,,,,,431.0,OpenStreetMap (coincide con MDT a ±10 m),42.0,False,386.0,secundaria,38.4576327,-0.5396243,10,Comunitat Valenciana,03,Alicante/Alacant,l'Alacantí,03090,Mutxamel,OpenStreetMap (ODbL 1.0),Calculada sobre MDT25 © IGN (CC BY 4.0),7,2026-03-10T13:21:57Z,2026-10-04
bfcb28d5-54d4-4a58-9674-1df4c6abda63,node/10292214751,Alt de Senabre,Alt de Senabre,Alt de Senabre,,,429.0,OpenStreetMap (coincide con MDT a ±10 m),55.0,False,374.0,secundaria,38.8197025,-0.3482793,10,Comunitat Valenciana,03,Alicante/Alacant,el Comtat,03028,Beniarrés,OpenStreetMap (ODbL 1.0),Calculada sobre MDT25 © IGN (CC BY 4.0),4,2025-05-06T00:13:33Z,2026-10-04
6c66fec5-e465-49a5-be3d-bb80290043df,node/8981426577,Altet dels Talls,,Altet dels Talls,,,426.0,OpenStreetMap (coincide con MDT a ±10 m),64.0,False,363.0,secundaria,38.4522312,-0.5908189,10,Comunitat Valenciana,03,Alicante/Alacant,l'Alacantí,03014,Alacant / Alicante,OpenStreetMap (ODbL 1.0),Calculada sobre MDT25 © IGN (CC BY 4.0),2,2022-11-26T10:01:02Z,2026-10-04
93617e27-3580-438d-a61b-7082b7b3e56b,node/633166723,Tossal Redó I,,Tossal Redó I,,,423.0,OpenStreetMap (coincide con MDT a ±10 m),71.0,False,353.0,secundaria,38.4526455,-0.5364156,10,Comunitat Valenciana,03,Alicante/Alacant,l'Alacantí,03090,Mutxamel,OpenStreetMap (ODbL 1.0),Calculada sobre MDT25 © IGN (CC BY 4.0),24,2026-05-04T15:30:10Z,2026-10-04
bae5b2fe-7f4f-4052-8aeb-d0dcbdd09e2c,node/10665751492,Tossal del Port,,Tossal del Port,,,421.0,OpenStreetMap (coincide con MDT a ±10 m),112.0,False,305.0,principal,38.7740289,-0.0778032,10,Comunitat Valenciana,03,Alicante/Alacant,la Marina Alta,03091,Murla,OpenStreetMap (ODbL 1.0),Calculada sobre MDT25 © IGN (CC BY 4.0),3,2023-10-09T23:25:36Z,2026-10-04
f0d633c0-0ebc-4dd4-93c0-cd35ed6d94ab,node/10665686441,Mascarat,,,,,417.0,OpenStreetMap (coincide con MDT a ±10 m),50.0,False,364.0,secundaria,38.6383917,0.0008484,10,Comunitat Valenciana,03,Alicante/Alacant,la Marina Baixa,03018,Altea,OpenStreetMap (ODbL 1.0),Calculada sobre MDT25 © IGN (CC BY 4.0),2,2023-02-27T10:05:59Z,2026-10-04
f6b3fea0-55e8-4eff-b9ec-2a7b01500047,node/5077713067,El Castellet,,El Castellet,,,416.0,OpenStreetMap (coincide con MDT a ±10 m),121.0,False,291.0,principal,38.7719337,-0.0668381,10,Comunitat Valenciana,03,Alicante/Alacant,la Marina Alta,03097,Orba,OpenStreetMap (ODbL 1.0),Calculada sobre MDT25 © IGN (CC BY 4.0),5,2023-02-15T21:40:01Z,2026-10-04
4f44c3e2-2a9e-4985-8b77-0fce19367c36,node/8402523970,Serra Mitjana,Sierra Mediana,Serra Mitjana,,,407.0,OpenStreetMap (coincide con MDT a ±10 m),202.0,False,204.0,principal,38.3821584,-0.5963101,10,Comunitat Valenciana,03,Alicante/Alacant,l'Alacantí,03014,Alacant / Alicante,OpenStreetMap (ODbL 1.0),Calculada sobre MDT25 © IGN (CC BY 4.0),2,2022-01-21T13:12:45Z,2026-10-04
f32fa1e6-6147-425b-bada-52b3491bfe40,node/1962462590,la Creu,,la Creu,,,405.0,OpenStreetMap (coincide con MDT a ±10 m),140.0,False,266.0,principal,38.7389514,0.0414431,10,Comunitat Valenciana,03,Alicante/Alacant,la Marina Alta,03125,Senija,OpenStreetMap (ODbL 1.0),Calculada sobre MDT25 © IGN (CC BY 4.0),6,2023-02-06T00:14:59Z,2026-10-04
9826ea24-12cc-4bed-8d38-bf417c7c822e,node/8603660831,Tabaià,,,,,403.0,OpenStreetMap (coincide con MDT a ±10 m),128.0,False,274.0,principal,38.327404,-0.6999058,10,Comunitat Valenciana,03,Alicante/Alacant,el Baix Vinalopó,03065,Elx / Elche,OpenStreetMap (ODbL 1.0),Calculada sobre MDT25 © IGN (CC BY 4.0),3,2024-11-07T08:14:54Z,2026-10-04
1d4fc76d-3631-4d13-8952-808b9896a941,node/11074835799,,,,,,401.0,OpenStreetMap (coincide con MDT a ±10 m),61.0,False,340.0,secundaria,38.7485438,0.0974199,10,Comunitat Valenciana,03,Alicante/Alacant,la Marina Alta,03063,Dénia,OpenStreetMap (ODbL 1.0),Calculada sobre MDT25 © IGN (CC BY 4.0),1,2023-07-29T11:13:35Z,2026-10-04
aa29eac4-9597-4aed-b9d8-768ebc302ae0,node/1249814193,Alt del Sebastià,,,,,398.0,OpenStreetMap (coincide con MDT a ±10 m),37.0,False,361.0,secundaria,38.5190625,-0.3069797,10,Comunitat Valenciana,03,Alicante/Alacant,la Marina Baixa,03139,la Vila Joiosa / Villajoyosa,OpenStreetMap (ODbL 1.0),Calculada sobre MDT25 © IGN (CC BY 4.0),6,2026-05-17T19:09:46Z,2026-10-04
f39359a5-f6f3-4b46-8a29-72e64d91f783,node/1249816225,Peña Moia,,,,,398.0,OpenStreetMap (coincide con MDT a ±10 m),70.0,False,328.0,secundaria,38.6410727,-0.1458751,10,Comunitat Valenciana,03,Alicante/Alacant,la Marina Baixa,03107,Polop,OpenStreetMap (ODbL 1.0),Calculada sobre MDT25 © IGN (CC BY 4.0),5,2023-07-27T12:53:11Z,2026-10-04
ab85ec80-5da0-4fc4-a094-c870b67cd4a4,node/1249818420,Alt de Jerónimo,,,,,394.0,OpenStreetMap (coincide con MDT a ±10 m),73.0,False,322.0,secundaria,38.5257708,-0.2949461,10,Comunitat Valenciana,03,Alicante/Alacant,la Marina Baixa,03139,la Vila Joiosa / Villajoyosa,OpenStreetMap (ODbL 1.0),Calculada sobre MDT25 © IGN (CC BY 4.0),5,2026-05-17T19:09:46Z,2026-10-04
78e669f8-4253-47ef-8ff6-90ff45264c20,node/8981426576,,,,,,394.0,OpenStreetMap (coincide con MDT a ±10 m),50.0,False,344.0,secundaria,38.4519915,-0.5852893,10,Comunitat Valenciana,03,Alicante/Alacant,l'Alacantí,03014,Alacant / Alicante,OpenStreetMap (ODbL 1.0),Calculada sobre MDT25 © IGN (CC BY 4.0),1,2021-08-04T22:42:35Z,2026-10-04
1140c41a-b243-4e51-926a-f4eb618d46e1,node/1242130354,Tossal del Moro,,Tossal del Moro,,,389.2,OpenStreetMap (coincide con MDT a ±10 m),84.0,False,302.0,secundaria,38.7473182,0.0594833,10,Comunitat Valenciana,03,Alicante/Alacant,la Marina Alta,03071,Gata de Gorgos,OpenStreetMap (ODbL 1.0),Calculada sobre MDT25 © IGN (CC BY 4.0),5,2023-12-19T19:35:59Z,2026-10-04
a6acf78e-3811-403e-ab8b-9ed2901513dc,node/11066475030,Tossal de Llacinta,,,,,387.0,OpenStreetMap (coincide con MDT a ±10 m),37.0,False,350.0,secundaria,38.749437,0.0469545,10,Comunitat Valenciana,03,Alicante/Alacant,la Marina Alta,03125,Senija,OpenStreetMap (ODbL 1.0),Calculada sobre MDT25 © IGN (CC BY 4.0),5,2023-12-05T16:41:47Z,2026-10-04
f2eac82b-e389-454e-add7-cf465829ff29,node/11959590951,la Sima,,,,,383.0,OpenStreetMap (coincide con MDT a ±10 m),46.0,False,339.0,secundaria,38.5826486,-0.2489338,10,Comunitat Valenciana,03,Alicante/Alacant,la Marina Baixa,03098,Orxeta,OpenStreetMap (ODbL 1.0),Calculada sobre MDT25 © IGN (CC BY 4.0),3,2024-06-06T17:45:35Z,2026-10-04
1da461bc-473b-41cd-87b2-5757b6cc69b1,node/8990644666,Puntal dels Talls,,,,,382.0,OpenStreetMap (coincide con MDT a ±10 m),41.0,False,339.0,secundaria,38.4303639,-0.6016575,10,Comunitat Valenciana,03,Alicante/Alacant,l'Alacantí,03014,Alacant / Alicante,OpenStreetMap (ODbL 1.0),Calculada sobre MDT25 © IGN (CC BY 4.0),2,2023-07-23T13:55:49Z,2026-10-04
5a35be67-2b1b-4d17-8584-872bf304d46c,node/11074847922,Tossal Aspre,,Tossal Aspre,,,378.0,OpenStreetMap (coincide con MDT a ±10 m),40.0,False,339.0,secundaria,38.7527507,0.0828136,10,Comunitat Valenciana,03,Alicante/Alacant,la Marina Alta,03071,Gata de Gorgos,OpenStreetMap (ODbL 1.0),Calculada sobre MDT25 © IGN (CC BY 4.0),2,2023-10-09T23:25:07Z,2026-10-04
7ef2ff59-34bb-440f-8e3b-d24bcc84116f,node/1242149571,Alt de Pérez,,Alt de Pérez,,,376.0,OpenStreetMap (coincide con MDT a ±10 m),31.0,False,338.0,secundaria,38.5293336,-0.2874197,10,Comunitat Valenciana,03,Alicante/Alacant,la Marina Baixa,03139,la Vila Joiosa / Villajoyosa,OpenStreetMap (ODbL 1.0),Calculada sobre MDT25 © IGN (CC BY 4.0),5,2024-03-30T04:23:25Z,2026-10-04
b487e38e-c778-491b-8cb7-43eeba76b1fb,node/1249812499,Tossal de Farines,,Tossal de Farines,,,376.0,OpenStreetMap (coincide con MDT a ±10 m),52.0,False,327.0,secundaria,38.6449696,-0.1431459,10,Comunitat Valenciana,03,Alicante/Alacant,la Marina Baixa,03048,Callosa d'en Sarrià,OpenStreetMap (ODbL 1.0),Calculada sobre MDT25 © IGN (CC BY 4.0),6,2023-10-09T23:24:25Z,2026-10-04
c6414778-d379-4a30-b6d0-a537cbcbba81,node/3264770366,Penyetes Roges,,,,,373.0,OpenStreetMap (coincide con MDT a ±10 m),94.0,False,278.0,secundaria,38.8266111,-0.0344956,10,Comunitat Valenciana,03,Alicante/Alacant,la Marina Alta,03040,Benimeli,OpenStreetMap (ODbL 1.0),Calculada sobre MDT25 © IGN (CC BY 4.0),3,2023-09-16T06:25:04Z,2026-10-04
c7bbc744-5eae-401a-bafb-c0fb91387c58,node/8273520493,Lloma Redonda,,,,,368.0,OpenStreetMap (coincide con MDT a ±10 m),64.0,False,303.0,secundaria,38.4098732,-0.7109485,10,Comunitat Valenciana,03,Alicante/Alacant,el Vinalopó Mitjà / El Vinalopó Medio,03088,Monforte del Cid,OpenStreetMap (ODbL 1.0),Calculada sobre MDT25 © IGN (CC BY 4.0),2,2026-05-17T19:09:46Z,2026-10-04
cfeee3de-adb9-47c6-b43c-e59bdd85868a,node/10297500986,,,,,,368.0,MDT IGN,89.0,False,279.0,secundaria,38.3192531,-0.7630584,10,Comunitat Valenciana,03,Alicante/Alacant,el Vinalopó Mitjà / El Vinalopó Medio,03019,Aspe,OpenStreetMap (ODbL 1.0),Calculada sobre MDT25 © IGN (CC BY 4.0),1,2022-12-31T21:56:26Z,2026-10-04
b9ebad6f-0073-4e10-bda3-a55ff835ea17,node/11294378450,Tossal del Martí,,,,,368.0,OpenStreetMap (coincide con MDT a ±10 m),41.0,False,326.0,secundaria,38.8550248,-0.3152909,10,Comunitat Valenciana,03,Alicante/Alacant,el Comtat,03084,l'Orxa / Lorcha,OpenStreetMap (ODbL 1.0),Calculada sobre MDT25 © IGN (CC BY 4.0),1,2023-10-27T22:40:21Z,2026-10-04
ccda258e-25ef-4057-9ad9-656ad2e33273,node/1242149145,Creu de Mostalla,,Creu de Mostalla,,,364.0,OpenStreetMap (coincide con MDT a ±10 m),211.0,False,151.0,principal,38.8623918,-0.1269678,10,Comunitat Valenciana,03,Alicante/Alacant,la Marina Alta,03102,Pego,OpenStreetMap (ODbL 1.0),Calculada sobre MDT25 © IGN (CC BY 4.0),6,2023-04-15T22:45:22Z,2026-10-04
3d8d22a1-fa84-45f2-8a4d-4ca9343b1c8d,node/1242134759,Tossal de les Coques,,,,,359.0,OpenStreetMap (coincide con MDT a ±10 m),46.0,False,310.0,secundaria,38.4513538,-0.5427652,10,Comunitat Valenciana,03,Alicante/Alacant,l'Alacantí,03090,Mutxamel,OpenStreetMap (ODbL 1.0),Calculada sobre MDT25 © IGN (CC BY 4.0),21,2026-05-04T15:38:11Z,2026-10-04
4f7e0313-782c-49f2-ac5a-ac5eace36aab,node/8471122529,Alt de la Canyada,,,,,354.0,OpenStreetMap (coincide con MDT a ±10 m),65.0,False,289.0,secundaria,38.33784,-0.676987,10,Comunitat Valenciana,03,Alicante/Alacant,el Vinalopó Mitjà / El Vinalopó Medio,03088,Monforte del Cid,OpenStreetMap (ODbL 1.0),Calculada sobre MDT25 © IGN (CC BY 4.0),2,2023-07-23T14:02:53Z,2026-10-04
436f9f32-4e5c-4b6a-a42c-75446797663a,node/8614528013,,,,,,354.0,OpenStreetMap (coincide con MDT a ±10 m),37.0,False,316.0,secundaria,38.3400723,-0.6785628,10,Comunitat Valenciana,03,Alicante/Alacant,el Vinalopó Mitjà / El Vinalopó Medio,03088,Monforte del Cid,OpenStreetMap (ODbL 1.0),Calculada sobre MDT25 © IGN (CC BY 4.0),3,2023-07-23T14:02:53Z,2026-10-04
73fe5e39-4f84-419a-9627-9f8f7f3ede12,node/11074866167,,,,,,339.0,OpenStreetMap (coincide con MDT a ±10 m),32.0,False,306.0,secundaria,38.8759332,-0.1769142,10,Comunitat Valenciana,03,Alicante/Alacant,la Marina Alta,03001,l'Atzúbia,OpenStreetMap (ODbL 1.0),Calculada sobre MDT25 © IGN (CC BY 4.0),1,2023-07-29T11:38:39Z,2026-10-04
9a4f0b7b-c55e-4fce-832b-cd319afbbb62,node/1889022390,Serra de Toix,Sierra de Toix,Serra de Toix,,,338.0,OpenStreetMap (coincide con MDT a ±10 m),207.0,False,133.0,principal,38.6352988,0.0138548,10,Comunitat Valenciana,03,Alicante/Alacant,la Marina Alta,03047,Calp,OpenStreetMap (ODbL 1.0),Calculada sobre MDT25 © IGN (CC BY 4.0),6,2023-09-27T17:23:21Z,2026-10-04
a42105d1-22aa-4a25-88c9-e4d7b9805e6e,node/7741926786,Alt de la Montera,,,,,337.23,OpenStreetMap (coincide con MDT a ±10 m),70.0,False,268.0,secundaria,38.5336842,-0.0893361,10,Comunitat Valenciana,03,Alicante/Alacant,la Marina Baixa,03031,Benidorm,OpenStreetMap (ODbL 1.0),Calculada sobre MDT25 © IGN (CC BY 4.0),5,2024-05-29T23:02:34Z,2026-10-04
1bbad50b-2788-451c-8321-8803abd85df9,node/409151051,Penyal d'Ifac,Peñón de Ifach,Penyal d'Ifac,,,332.0,OpenStreetMap (coincide con MDT a ±10 m),323.0,False,3.0,principal,38.6349593,0.0744591,10,Comunitat Valenciana,03,Alicante/Alacant,la Marina Alta,03047,Calp,OpenStreetMap (ODbL 1.0),Calculada sobre MDT25 © IGN (CC BY 4.0),23,2025-10-28T08:55:00Z,2026-10-04
f5b9e81a-f158-405f-9416-eb0d6f748ca8,node/11382340849,Peñón de la Lobera,,,,,327.0,OpenStreetMap (coincide con MDT a ±10 m),88.0,False,240.0,secundaria,38.1326836,-0.9215285,10,Comunitat Valenciana,03,Alicante/Alacant,el Baix Segura / La Vega Baja,03058,Cox,OpenStreetMap (ODbL 1.0),Calculada sobre MDT25 © IGN (CC BY 4.0),1,2023-11-28T20:15:52Z,2026-10-04
5501520d-3d65-4515-967f-e36ccffb765b,node/1249811738,Cerro de Tácio,,,,,319.0,OpenStreetMap (coincide con MDT a ±10 m),32.0,False,283.0,secundaria,38.5077571,-0.3218545,10,Comunitat Valenciana,03,Alicante/Alacant,la Marina Baixa,03139,la Vila Joiosa / Villajoyosa,OpenStreetMap (ODbL 1.0),Calculada sobre MDT25 © IGN (CC BY 4.0),5,2026-05-17T19:09:46Z,2026-10-04
91bb13db-4e9d-456c-9aec-d25e4d70a2b6,node/11071202853,,,,,,318.0,OpenStreetMap (coincide con MDT a ±10 m),51.0,False,266.0,secundaria,38.6370117,-0.1380375,10,Comunitat Valenciana,03,Alicante/Alacant,la Marina Baixa,03107,Polop,OpenStreetMap (ODbL 1.0),Calculada sobre MDT25 © IGN (CC BY 4.0),1,2023-07-27T12:53:11Z,2026-10-04
bd7664fa-599e-470f-a01b-38069a90d514,node/4475527374,Tossal de Sant Antoni,,Tossal de Sant Antoni,,,312.0,OpenStreetMap (coincide con MDT a ±10 m),66.0,False,242.0,secundaria,38.3172338,-0.6922883,10,Comunitat Valenciana,03,Alicante/Alacant,el Baix Vinalopó,03065,Elx / Elche,OpenStreetMap (ODbL 1.0),Calculada sobre MDT25 © IGN (CC BY 4.0),8,2025-05-14T21:46:51Z,2026-10-04
74fa91ee-c39d-4c9c-8d32-d84fc62f285e,node/1242127844,Tossal de Cabrera,,Tossal de Cabrera,,,307.0,OpenStreetMap (coincide con MDT a ±10 m),64.0,False,252.0,secundaria,38.7064578,0.0345085,10,Comunitat Valenciana,03,Alicante/Alacant,la Marina Alta,03041,Benissa,OpenStreetMap (ODbL 1.0),Calculada sobre MDT25 © IGN (CC BY 4.0),8,2021-12-07T18:28:07Z,2026-10-04
4e127851-d421-4a63-af22-d0d3ec0fabf9,node/10803095171,la Creu,,la Creu,,,305.0,OpenStreetMap (coincide con MDT a ±10 m),111.0,False,190.0,principal,38.853037,-0.1493786,10,Comunitat Valenciana,03,Alicante/Alacant,la Marina Alta,03001,l'Atzúbia,OpenStreetMap (ODbL 1.0),Calculada sobre MDT25 © IGN (CC BY 4.0),2,2023-10-09T23:22:44Z,2026-10-04
e452ad73-e369-4380-8f57-cfd5cf7d336e,node/3439516006,Ambra,,Ambra,,,301.0,OpenStreetMap (coincide con MDT a ±10 m),60.0,False,236.0,secundaria,38.8286889,-0.1107632,10,Comunitat Valenciana,03,Alicante/Alacant,la Marina Alta,03102,Pego,OpenStreetMap (ODbL 1.0),Calculada sobre MDT25 © IGN (CC BY 4.0),7,2022-12-10T15:31:07Z,2026-10-04
25b3350c-9b4e-4b62-871b-01072902ce64,node/11382340848,Pico de las Esparragueras,,,,,301.0,OpenStreetMap (coincide con MDT a ±10 m),58.0,False,240.0,secundaria,38.1279839,-0.9175213,10,Comunitat Valenciana,03,Alicante/Alacant,el Baix Segura / La Vega Baja,03058,Cox,OpenStreetMap (ODbL 1.0),Calculada sobre MDT25 © IGN (CC BY 4.0),1,2023-11-28T20:15:52Z,2026-10-04
d5e53951-9d89-421b-bb6a-159e4950d7a9,node/11154781358,Tossal del Capellà,,Tossal del Capellà,,,298.0,OpenStreetMap (coincide con MDT a ±10 m),65.0,False,233.0,secundaria,38.3915614,-0.6220144,10,Comunitat Valenciana,03,Alicante/Alacant,l'Alacantí,03014,Alacant / Alicante,OpenStreetMap (ODbL 1.0),Calculada sobre MDT25 © IGN (CC BY 4.0),2,2023-10-19T23:08:43Z,2026-10-04
3dbe9e4f-56a0-4629-94dc-ee22d2c9b0da,node/4475377804,Puntal Gros,,,,,285.0,OpenStreetMap (coincide con MDT a ±10 m),58.0,False,225.0,secundaria,38.3201367,-0.6793212,10,Comunitat Valenciana,03,Alicante/Alacant,el Baix Vinalopó,03065,Elx / Elche,OpenStreetMap (ODbL 1.0),Calculada sobre MDT25 © IGN (CC BY 4.0),2,2020-12-29T16:37:19Z,2026-10-04
e26f6a61-66e4-4d7c-9dba-928aab9348fc,node/11074665398,,,,,,279.0,OpenStreetMap (coincide con MDT a ±10 m),91.0,False,189.0,secundaria,38.6954542,0.0788186,10,Comunitat Valenciana,03,Alicante/Alacant,la Marina Alta,03041,Benissa,OpenStreetMap (ODbL 1.0),Calculada sobre MDT25 © IGN (CC BY 4.0),1,2023-07-29T09:01:58Z,2026-10-04
d9e07e58-40d2-4cd9-88ec-187c6e60b5bd,node/14141056771,Tossal de la Creu,,,,,275.0,MDT IGN,42.0,False,233.0,secundaria,38.8393817,-0.0405738,10,Comunitat Valenciana,03,Alicante/Alacant,la Marina Alta,03063,Dénia,OpenStreetMap (ODbL 1.0),Calculada sobre MDT25 © IGN (CC BY 4.0),1,2026-09-01T23:16:42Z,2026-10-04
e1b4662e-7872-4867-83fa-ff071511b7ca,node/1249819348,Cabezo Pisana,,,,,261.0,OpenStreetMap (coincide con MDT a ±10 m),68.0,False,192.0,secundaria,38.0153036,-0.951669,10,Comunitat Valenciana,03,Alicante/Alacant,el Baix Segura / La Vega Baja,03099,Orihuela,OpenStreetMap (ODbL 1.0),Calculada sobre MDT25 © IGN (CC BY 4.0),5,2026-05-17T19:09:46Z,2026-10-04
a4a95242-0251-4bcb-addb-23ef402babd6,node/10665717191,Castellet de Calp,,,,,254.0,OpenStreetMap (coincide con MDT a ±10 m),77.0,False,175.0,secundaria,38.6380512,0.0090066,10,Comunitat Valenciana,03,Alicante/Alacant,la Marina Alta,03047,Calp,OpenStreetMap (ODbL 1.0),Calculada sobre MDT25 © IGN (CC BY 4.0),4,2025-12-20T07:58:46Z,2026-10-04
804bc28a-1f27-49e7-8672-d239b0aa9d55,node/4174241539,el Miquelet,,el Miquelet,,,245.0,OpenStreetMap (coincide con MDT a ±10 m),56.0,False,186.0,secundaria,38.8086508,0.0419947,10,Comunitat Valenciana,03,Alicante/Alacant,la Marina Alta,03101,Pedreguer,OpenStreetMap (ODbL 1.0),Calculada sobre MDT25 © IGN (CC BY 4.0),4,2022-12-10T15:30:35Z,2026-10-04
d53ff4ec-5219-4c9f-95d8-8caf26c4832a,node/4173799417,Picatxo,,,,,244.0,OpenStreetMap (coincide con MDT a ±10 m),160.0,False,83.0,principal,38.8079329,0.0449548,10,Comunitat Valenciana,03,Alicante/Alacant,la Marina Alta,03101,Pedreguer,OpenStreetMap (ODbL 1.0),Calculada sobre MDT25 © IGN (CC BY 4.0),9,2024-01-08T15:18:03Z,2026-10-04
529c7d16-0d03-4d5b-8d6a-96826566b581,node/1249812950,Penya Roja,,Penya Roja,,,241.6,OpenStreetMap (coincide con MDT a ±10 m),102.0,False,139.0,principal,38.8035151,0.0573383,10,Comunitat Valenciana,03,Alicante/Alacant,la Marina Alta,03101,Pedreguer,OpenStreetMap (ODbL 1.0),Calculada sobre MDT25 © IGN (CC BY 4.0),10,2022-11-26T11:29:49Z,2026-10-04
73a4426e-794d-4652-b3ac-c6a0d38dc98a,node/11077202077,Puntal de Tano,,Puntal de Tano,,,236.0,OpenStreetMap (coincide con MDT a ±10 m),35.0,False,201.0,secundaria,38.7913573,-0.0886934,10,Comunitat Valenciana,03,Alicante/Alacant,la Marina Alta,03097,Orba,OpenStreetMap (ODbL 1.0),Calculada sobre MDT25 © IGN (CC BY 4.0),2,2023-10-19T23:09:48Z,2026-10-04
2b03367a-23d0-44a7-b17a-2f48b5b0a60d,node/8706681389,Tossal de la Ràpita,,Tossal de la Ràpita,,,233.0,OpenStreetMap (coincide con MDT a ±10 m),56.0,False,177.0,secundaria,38.688085,0.0286747,10,Comunitat Valenciana,03,Alicante/Alacant,la Marina Alta,03041,Benissa,OpenStreetMap (ODbL 1.0),Calculada sobre MDT25 © IGN (CC BY 4.0),2,2022-11-21T03:36:04Z,2026-10-04
1721b80b-48bd-42f3-b3db-506bc7d39df3,node/10911520124,Punta de Benimaquia,,Punta de Benimaquia,,,218.07,OpenStreetMap (coincide con MDT a ±10 m),41.0,False,178.0,secundaria,38.8168291,0.0721668,10,Comunitat Valenciana,03,Alicante/Alacant,la Marina Alta,03063,Dénia,OpenStreetMap (ODbL 1.0),Calculada sobre MDT25 © IGN (CC BY 4.0),3,2023-10-19T23:09:39Z,2026-10-04
dccabd0b-0270-4dae-a205-ff75389a910b,node/13522438620,Cabezo de las Zorras,,,,,196.0,OpenStreetMap (coincide con MDT a ±10 m),65.0,False,130.0,secundaria,38.0635213,-0.8165529,10,Comunitat Valenciana,03,Alicante/Alacant,el Baix Segura / La Vega Baja,03024,Benejúzar,OpenStreetMap (ODbL 1.0),Calculada sobre MDT25 © IGN (CC BY 4.0),1,2026-02-03T18:12:49Z,2026-10-04
0249bef5-bdca-4caa-8425-a26acba66134,node/5051225632,Serra Grossa,,Serra Grossa,,,177.0,OpenStreetMap (coincide con MDT a ±10 m),114.0,False,59.0,principal,38.3588761,-0.4590049,10,Comunitat Valenciana,03,Alicante/Alacant,l'Alacantí,03014,Alacant / Alicante,OpenStreetMap (ODbL 1.0),Calculada sobre MDT25 © IGN (CC BY 4.0),7,2025-08-27T08:14:32Z,2026-10-04
d5dc732d-138c-4c58-8a7d-1c97ed998d8e,node/5051180194,el Benacantil,,el Benacantil,,,167.0,OpenStreetMap (coincide con MDT a ±10 m),121.0,False,42.0,principal,38.3484449,-0.4796061,10,Comunitat Valenciana,03,Alicante/Alacant,l'Alacantí,03014,Alacant / Alicante,OpenStreetMap (ODbL 1.0),Calculada sobre MDT25 © IGN (CC BY 4.0),7,2025-08-27T07:56:55Z,2026-10-04
59db7807-0448-4b68-a06f-b174a6209fff,node/10665733873,Cap d'Or,,Cap d'Or,,,165.0,OpenStreetMap (coincide con MDT a ±10 m),59.0,False,106.0,secundaria,38.6843107,0.1513213,10,Comunitat Valenciana,03,Alicante/Alacant,la Marina Alta,03128,Teulada,OpenStreetMap (ODbL 1.0),Calculada sobre MDT25 © IGN (CC BY 4.0),2,2023-10-09T23:26:50Z,2026-10-04
b22709b3-ae7c-49b7-b6b7-f16a48f67aaf,node/13522436545,Cabezo del Sombrero,,,,,150.0,OpenStreetMap (coincide con MDT a ±10 m),44.0,False,110.0,secundaria,38.0520462,-0.831624,10,Comunitat Valenciana,03,Alicante/Alacant,el Baix Segura / La Vega Baja,03024,Benejúzar,OpenStreetMap (ODbL 1.0),Calculada sobre MDT25 © IGN (CC BY 4.0),1,2026-02-03T18:23:00Z,2026-10-04
67034bf4-41ab-4117-b9d3-2ec50811caf2,node/10665671539,Torre del Aguiló,,,,,147.0,OpenStreetMap (coincide con MDT a ±10 m),56.0,False,90.0,secundaria,38.5191666,-0.1721136,10,Comunitat Valenciana,03,Alicante/Alacant,la Marina Baixa,03139,la Vila Joiosa / Villajoyosa,OpenStreetMap (ODbL 1.0),Calculada sobre MDT25 © IGN (CC BY 4.0),2,2023-02-27T10:10:08Z,2026-10-04
2d4f6d4c-4fd4-4a18-9ff4-77692c46b767,node/1242135735,Penyes del Pla de Magarra,,Penyes del Pla de Magarra,,,130.0,OpenStreetMap (coincide con MDT a ±10 m),68.0,False,63.0,secundaria,38.3429203,-0.5553313,10,Comunitat Valenciana,03,Alicante/Alacant,l'Alacantí,03014,Alacant / Alicante,OpenStreetMap (ODbL 1.0),Calculada sobre MDT25 © IGN (CC BY 4.0),7,2026-05-17T19:09:46Z,2026-10-04
ba15fce1-8cda-4001-a785-39a6f22072bb,node/973811682,Tossal de la Cala,,Tossal de la Cala,,,101.0,OpenStreetMap (coincide con MDT a ±10 m),77.0,False,23.0,secundaria,38.5250429,-0.1615382,10,Comunitat Valenciana,03,Alicante/Alacant,la Marina Baixa,03031,Benidorm,OpenStreetMap (ODbL 1.0),Calculada sobre MDT25 © IGN (CC BY 4.0),7,2023-10-20T00:02:47Z,2026-10-04
59e0f6f3-6fb7-48bf-a901-41987cb68c8e,node/1249812744,Cabezo Soler,,,,,93.0,OpenStreetMap (coincide con MDT a ±10 m),43.0,False,43.0,secundaria,38.0895348,-0.6984709,10,Comunitat Valenciana,03,Alicante/Alacant,el Baix Segura / La Vega Baja,03113,Rojales,OpenStreetMap (ODbL 1.0),Calculada sobre MDT25 © IGN (CC BY 4.0),6,2020-10-08T07:46:44Z,2026-10-04
2ce3b137-6504-429b-9af7-a2b9bc762606,node/276913145,Penyagolosa,Peñagolosa,Penyagolosa,,,1815.0,OpenStreetMap (coincide con MDT a ±10 m),438.0,False,1374.0,principal,40.2227596,-0.3497418,10,Comunitat Valenciana,12,Castellón/Castelló,l'Alcalatén,12055,Xodos / Chodos,OpenStreetMap (ODbL 1.0),Calculada sobre MDT25 © IGN (CC BY 4.0),11,2024-01-15T18:23:53Z,2026-10-04
53fe8086-c426-4f9d-8b2d-ae9eb1171d8e,node/11081985708,Cabezo la Cruz,,,,,1708.0,OpenStreetMap (coincide con MDT a ±10 m),231.0,False,1478.0,principal,40.2441754,-0.5478208,10,Comunitat Valenciana,12,Castellón/Castelló,El Alto Mijares,12048,Cortes de Arenoso,OpenStreetMap (ODbL 1.0),Calculada sobre MDT25 © IGN (CC BY 4.0),4,2026-05-17T19:09:46Z,2026-10-04
84b04d90-606a-4e40-8063-0fd94667294c,node/1249954039,La Fita,,,,,1649.0,OpenStreetMap (coincide con MDT a ±10 m),249.0,False,1400.0,principal,40.2640586,-0.3833859,10,Comunitat Valenciana,12,Castellón/Castelló,l'Alt Maestrat,12139,Vistabella del Maestrat,OpenStreetMap (ODbL 1.0),Calculada sobre MDT25 © IGN (CC BY 4.0),9,2026-07-31T17:02:26Z,2026-10-04
f569ab56-eb21-4563-b4ba-e6858ed57928,node/1249957983,La Cruz del Herrero,,,,,1639.0,OpenStreetMap (coincide con MDT a ±10 m),68.0,False,1571.0,secundaria,40.2385227,-0.5321907,10,Comunitat Valenciana,12,Castellón/Castelló,El Alto Mijares,12048,Cortes de Arenoso,OpenStreetMap (ODbL 1.0),Calculada sobre MDT25 © IGN (CC BY 4.0),6,2025-06-26T17:05:37Z,2026-10-04
b2a51a4c-b33e-4ba6-942c-ab0cf812b47d,node/13626992885,Puntal de Magaña,,,,,1615.0,OpenStreetMap (coincide con MDT a ±10 m),115.0,False,1499.0,principal,39.9312914,-0.8316778,10,Comunitat Valenciana,12,Castellón/Castelló,l'Alt Palància,12115,El Toro,OpenStreetMap (ODbL 1.0),Calculada sobre MDT25 © IGN (CC BY 4.0),2,2026-09-23T09:38:17Z,2026-10-04
52a30241-0b2d-4929-baf8-41921298a1c3,node/1243273547,Puntal del Agrillar,,,,,1614.0,OpenStreetMap (coincide con MDT a ±10 m),107.0,False,1507.0,principal,39.9186446,-0.8215429,10,Comunitat Valenciana,12,Castellón/Castelló,l'Alt Palància,12115,El Toro,OpenStreetMap (ODbL 1.0),Calculada sobre MDT25 © IGN (CC BY 4.0),5,2019-07-17T16:01:43Z,2026-10-04
bf7fcd0f-6c9f-47be-b937-2ffdca2f8056,node/1243239544,Puntal de Peiró,,,,,1603.0,OpenStreetMap (coincide con MDT a ±10 m),44.0,False,1558.0,secundaria,39.9252426,-0.8242484,10,Comunitat Valenciana,12,Castellón/Castelló,l'Alt Palància,12115,El Toro,OpenStreetMap (ODbL 1.0),Calculada sobre MDT25 © IGN (CC BY 4.0),5,2019-07-17T16:01:40Z,2026-10-04
83cbeba1-0b04-4a82-a8e5-b5a2543be71c,node/11535280765,Collet del Corral Sec,,,,,1599.0,OpenStreetMap (coincide con MDT a ±10 m),31.0,False,1569.0,secundaria,40.261972,-0.3727418,10,Comunitat Valenciana,12,Castellón/Castelló,l'Alt Maestrat,12139,Vistabella del Maestrat,OpenStreetMap (ODbL 1.0),Calculada sobre MDT25 © IGN (CC BY 4.0),3,2026-08-05T00:37:47Z,2026-10-04
8cb9f9c2-dae5-40b6-91f4-67fc8725f7b1,node/12071549686,Roques de Marcén,,,,,1593.0,OpenStreetMap (coincide con MDT a ±10 m),36.0,False,1558.0,secundaria,40.2383037,-0.3721319,10,Comunitat Valenciana,12,Castellón/Castelló,El Alto Mijares,12130,Villahermosa del Río,OpenStreetMap (ODbL 1.0),Calculada sobre MDT25 © IGN (CC BY 4.0),1,2024-07-24T12:08:12Z,2026-10-04
818fdeec-2760-47e6-a359-455d1de3e231,node/10781722917,La Golosilla,,,,,1581.0,OpenStreetMap (coincide con MDT a ±10 m),106.0,False,1474.0,principal,40.2127971,-0.3618745,10,Comunitat Valenciana,12,Castellón/Castelló,El Alto Mijares,12130,Villahermosa del Río,OpenStreetMap (ODbL 1.0),Calculada sobre MDT25 © IGN (CC BY 4.0),5,2026-04-27T07:19:50Z,2026-10-04
adb66a8b-1ac0-498d-94e3-35cd8e3f3945,node/6195247582,Cerro de Pascua,,,,,1568.0,OpenStreetMap (coincide con MDT a ±10 m),39.0,False,1529.0,secundaria,39.9713651,-0.838885,10,Comunitat Valenciana,12,Castellón/Castelló,l'Alt Palància,12115,El Toro,OpenStreetMap (ODbL 1.0),Calculada sobre MDT25 © IGN (CC BY 4.0),2,2025-11-03T10:38:42Z,2026-10-04
5cbbc2c5-42d1-4a3d-ab35-9d504f87742b,node/6205307192,Cerro de la Umbria Negra,,,,,1553.0,OpenStreetMap (coincide con MDT a ±10 m),40.0,False,1512.0,secundaria,39.9006658,-0.8038344,10,Comunitat Valenciana,12,Castellón/Castelló,l'Alt Palància,12115,El Toro,OpenStreetMap (ODbL 1.0),Calculada sobre MDT25 © IGN (CC BY 4.0),2,2022-09-28T15:19:39Z,2026-10-04
2de93144-38e2-4566-bbb3-34b1ee0259bf,node/7099964078,Lloma de Velart,,,,,1551.0,OpenStreetMap (coincide con MDT a ±10 m),61.0,False,1490.0,secundaria,40.2367451,-0.3458183,10,Comunitat Valenciana,12,Castellón/Castelló,l'Alt Maestrat,12139,Vistabella del Maestrat,OpenStreetMap (ODbL 1.0),Calculada sobre MDT25 © IGN (CC BY 4.0),5,2024-02-11T18:59:04Z,2026-10-04
09421aef-c07b-4a01-9f18-f8ee50553a07,node/10719842704,Los Torrojones,,,,,1532.0,OpenStreetMap (coincide con MDT a ±10 m),51.0,False,1481.0,secundaria,40.252104,-0.4054545,10,Comunitat Valenciana,12,Castellón/Castelló,El Alto Mijares,12130,Villahermosa del Río,OpenStreetMap (ODbL 1.0),Calculada sobre MDT25 © IGN (CC BY 4.0),1,2023-03-07T20:26:04Z,2026-10-04
36e38ca1-cb7d-429d-9c6d-c777a84bfa9b,node/12988616230,,,,,,1514.0,OpenStreetMap (coincide con MDT a ±10 m),75.0,False,1439.0,secundaria,40.2306189,-0.5074793,10,Comunitat Valenciana,12,Castellón/Castelló,El Alto Mijares,12130,Villahermosa del Río,OpenStreetMap (ODbL 1.0),Calculada sobre MDT25 © IGN (CC BY 4.0),1,2025-07-08T23:21:39Z,2026-10-04
bbac5b83-8eb4-43c7-a3c5-7e27e96e6c03,node/10719853907,Tossal del Mas de Montsó,,,,,1511.0,OpenStreetMap (coincide con MDT a ±10 m),42.0,False,1470.0,secundaria,40.2838934,-0.3784845,10,Comunitat Valenciana,12,Castellón/Castelló,l'Alt Maestrat,12139,Vistabella del Maestrat,OpenStreetMap (ODbL 1.0),Calculada sobre MDT25 © IGN (CC BY 4.0),5,2025-05-19T13:50:03Z,2026-10-04
fe981142-4ecb-4d34-91d4-cc025a594986,node/1243274581,Puntal del Estepar,,,,,1505.0,OpenStreetMap (coincide con MDT a ±10 m),70.0,False,1435.0,secundaria,39.928253,-0.8106306,10,Comunitat Valenciana,12,Castellón/Castelló,l'Alt Palància,12115,El Toro,OpenStreetMap (ODbL 1.0),Calculada sobre MDT25 © IGN (CC BY 4.0),7,2024-12-22T17:27:24Z,2026-10-04
2edc80b9-793e-414c-8752-8dd1bf03d8b1,node/1243272117,Las Moletas,,,,,1484.0,OpenStreetMap (coincide con MDT a ±10 m),33.0,False,1451.0,secundaria,40.2285947,-0.5146767,10,Comunitat Valenciana,12,Castellón/Castelló,El Alto Mijares,12048,Cortes de Arenoso,OpenStreetMap (ODbL 1.0),Calculada sobre MDT25 © IGN (CC BY 4.0),4,2024-07-30T17:30:12Z,2026-10-04
61b2ed6c-c7c2-4db5-b538-70fb1e1930cf,node/1249944886,Tossal de l'Albagés,,Tossal de l'Albagés,,,1481.0,OpenStreetMap (coincide con MDT a ±10 m),124.0,False,1357.0,principal,40.2663006,-0.3080089,10,Comunitat Valenciana,12,Castellón/Castelló,l'Alcalatén,12055,Xodos / Chodos,OpenStreetMap (ODbL 1.0),Calculada sobre MDT25 © IGN (CC BY 4.0),5,2022-11-21T04:10:19Z,2026-10-04
a0874bb6-abdc-4b32-b0e1-6e069b3651b3,node/12405075943,Roca de l'Àguila,,,,,1475.0,OpenStreetMap (coincide con MDT a ±10 m),39.0,False,1435.0,secundaria,40.2365976,-0.3246234,10,Comunitat Valenciana,12,Castellón/Castelló,l'Alcalatén,12055,Xodos / Chodos,OpenStreetMap (ODbL 1.0),Calculada sobre MDT25 © IGN (CC BY 4.0),2,2024-12-10T10:29:59Z,2026-10-04
5357d29d-1941-4622-a287-5794c68c5364,node/6228047417,Peña Juliana,,,,,1474.0,OpenStreetMap (coincide con MDT a ±10 m),62.0,False,1412.0,secundaria,39.901348,-0.7798916,10,Comunitat Valenciana,12,Castellón/Castelló,l'Alt Palància,12022,Bejís,OpenStreetMap (ODbL 1.0),Calculada sobre MDT25 © IGN (CC BY 4.0),2,2020-10-08T07:46:45Z,2026-10-04
d3982eb3-0135-4847-9577-0b8687c334f0,node/1243235160,Cerro de la Pericona,,,,,1471.0,OpenStreetMap (coincide con MDT a ±10 m),52.0,False,1418.0,secundaria,39.9048915,-0.7909559,10,Comunitat Valenciana,12,Castellón/Castelló,l'Alt Palància,12115,El Toro,OpenStreetMap (ODbL 1.0),Calculada sobre MDT25 © IGN (CC BY 4.0),4,2019-07-17T16:01:40Z,2026-10-04
df23a71d-3ce8-40d3-b87b-e87d7c34282b,node/1243242735,Cerro de la Musa,,,,,1467.0,OpenStreetMap (coincide con MDT a ±10 m),42.0,False,1425.0,secundaria,39.9410356,-0.8085569,10,Comunitat Valenciana,12,Castellón/Castelló,l'Alt Palància,12115,El Toro,OpenStreetMap (ODbL 1.0),Calculada sobre MDT25 © IGN (CC BY 4.0),5,2019-07-17T16:01:41Z,2026-10-04
803b10d7-a5a4-495f-92f3-a961144160d7,node/1243273476,el Marinet,,el Marinet,,,1466.0,OpenStreetMap (coincide con MDT a ±10 m),93.0,False,1373.0,secundaria,40.245992,-0.313112,10,Comunitat Valenciana,12,Castellón/Castelló,l'Alcalatén,12055,Xodos / Chodos,OpenStreetMap (ODbL 1.0),Calculada sobre MDT25 © IGN (CC BY 4.0),9,2023-10-19T23:10:00Z,2026-10-04
0063ef0e-5154-4d71-80b3-a7abb6971b8a,node/1243275634,el Piló,,el Piló,,,1455.49,OpenStreetMap (coincide con MDT a ±10 m),61.0,False,1393.0,secundaria,40.2577471,-0.3128044,10,Comunitat Valenciana,12,Castellón/Castelló,l'Alcalatén,12055,Xodos / Chodos,OpenStreetMap (ODbL 1.0),Calculada sobre MDT25 © IGN (CC BY 4.0),8,2024-02-11T17:04:47Z,2026-10-04
a94253d2-a380-46d6-aa5c-bbea1b269a74,node/13406732090,Canto de la Creu,,,,,1452.0,OpenStreetMap (coincide con MDT a ±10 m),31.0,False,1422.0,secundaria,40.4351399,-0.3226805,10,Comunitat Valenciana,12,Castellón/Castelló,els Ports,12129,Vilafranca / Villafranca del Cid,OpenStreetMap (ODbL 1.0),Calculada sobre MDT25 © IGN (CC BY 4.0),1,2025-12-25T23:00:08Z,2026-10-04
d6509983-dfdc-455d-bb36-7999ff8e0a39,node/12478473153,Canto de la Corona,,,,,1442.0,OpenStreetMap (coincide con MDT a ±10 m),116.0,False,1324.0,principal,40.4146642,-0.3004611,10,Comunitat Valenciana,12,Castellón/Castelló,els Ports,12129,Vilafranca / Villafranca del Cid,OpenStreetMap (ODbL 1.0),Calculada sobre MDT25 © IGN (CC BY 4.0),1,2025-01-06T13:22:30Z,2026-10-04
dd83e022-25a3-4210-87d9-856ed6a8dcdd,node/11608520477,Moleta de Mor,,,,,1441.0,OpenStreetMap (coincide con MDT a ±10 m),58.0,False,1381.0,secundaria,40.2491586,-0.3264892,10,Comunitat Valenciana,12,Castellón/Castelló,l'Alt Maestrat,12139,Vistabella del Maestrat,OpenStreetMap (ODbL 1.0),Calculada sobre MDT25 © IGN (CC BY 4.0),1,2024-02-10T19:42:22Z,2026-10-04
576aaa03-5d38-42e5-8959-755b2fbb2d0e,node/7951827859,Moleta de la Clocha,,,,,1431.0,OpenStreetMap (coincide con MDT a ±10 m),56.0,False,1374.0,secundaria,40.2059621,-0.3595264,10,Comunitat Valenciana,12,Castellón/Castelló,El Alto Mijares,12130,Villahermosa del Río,OpenStreetMap (ODbL 1.0),Calculada sobre MDT25 © IGN (CC BY 4.0),3,2024-01-19T00:27:50Z,2026-10-04
da08e739-771a-486b-9e8f-97e1069fe440,node/6707741230,Santa Barbara - Monte Pina,,,,,1404.0,OpenStreetMap (coincide con MDT a ±10 m),411.0,False,988.0,principal,40.0286592,-0.6285209,10,Comunitat Valenciana,12,Castellón/Castelló,l'Alt Palància,12090,Pina de Montalgrao,OpenStreetMap (ODbL 1.0),Calculada sobre MDT25 © IGN (CC BY 4.0),1,2019-08-13T14:39:44Z,2026-10-04
22b6267b-b9b7-4222-aa12-e1a185a6230b,node/1243243914,el Cabeço Roig,,,,,1399.07,OpenStreetMap (coincide con MDT a ±10 m),104.0,False,1296.0,principal,40.2089281,-0.3212614,10,Comunitat Valenciana,12,Castellón/Castelló,El Alto Mijares,12041,Castillo de Villamalefa,OpenStreetMap (ODbL 1.0),Calculada sobre MDT25 © IGN (CC BY 4.0),7,2022-01-10T20:53:27Z,2026-10-04
be0deca3-1edf-43cb-ad5a-0c3d6de121f6,node/1243278710,la Palomita,,,,,1391.0,OpenStreetMap (coincide con MDT a ±10 m),43.0,False,1349.0,secundaria,40.4367439,-0.3059055,10,Comunitat Valenciana,12,Castellón/Castelló,els Ports,12129,Vilafranca / Villafranca del Cid,OpenStreetMap (ODbL 1.0),Calculada sobre MDT25 © IGN (CC BY 4.0),7,2025-05-19T20:02:23Z,2026-10-04
1bf2099c-16a3-4930-b337-2e2a37b79e4b,node/6228033921,Puntal de Cabrera,,,,,1389.0,OpenStreetMap (coincide con MDT a ±10 m),39.0,False,1349.0,secundaria,39.9364449,-0.7900267,10,Comunitat Valenciana,12,Castellón/Castelló,l'Alt Palància,12115,El Toro,OpenStreetMap (ODbL 1.0),Calculada sobre MDT25 © IGN (CC BY 4.0),1,2019-01-22T19:46:11Z,2026-10-04
210f3626-e330-4c1f-8e93-79c832db9d5b,node/1243273407,Puntal de Monreal,,,,,1383.0,OpenStreetMap (coincide con MDT a ±10 m),35.0,False,1346.0,secundaria,39.917155,-0.7814721,10,Comunitat Valenciana,12,Castellón/Castelló,l'Alt Palància,12115,El Toro,OpenStreetMap (ODbL 1.0),Calculada sobre MDT25 © IGN (CC BY 4.0),5,2019-07-17T16:01:43Z,2026-10-04
b742c03e-71fb-41d6-8b5e-d20d0089d600,node/1243234001,Moleta de Gargant,,Moleta de Gargant,,,1364.0,OpenStreetMap (coincide con MDT a ±10 m),42.0,False,1322.0,secundaria,40.2327137,-0.318113,10,Comunitat Valenciana,12,Castellón/Castelló,l'Alcalatén,12055,Xodos / Chodos,OpenStreetMap (ODbL 1.0),Calculada sobre MDT25 © IGN (CC BY 4.0),7,2023-10-19T23:10:00Z,2026-10-04
c6b9bbb4-0614-4322-b459-45d117e60a22,node/6228027353,Puntal del Mas,,,,,1357.0,OpenStreetMap (coincide con MDT a ±10 m),40.0,False,1315.0,secundaria,39.9289238,-0.7717818,10,Comunitat Valenciana,12,Castellón/Castelló,l'Alt Palància,12115,El Toro,OpenStreetMap (ODbL 1.0),Calculada sobre MDT25 © IGN (CC BY 4.0),1,2019-01-22T19:43:51Z,2026-10-04
4a03f1f2-8f3e-407b-89a2-559d317f362c,node/11489740392,Tossal del Mas de Montoliu,,,,,1353.0,OpenStreetMap (coincide con MDT a ±10 m),39.0,False,1310.0,secundaria,40.216701,-0.3200519,10,Comunitat Valenciana,12,Castellón/Castelló,l'Alcalatén,12055,Xodos / Chodos,OpenStreetMap (ODbL 1.0),Calculada sobre MDT25 © IGN (CC BY 4.0),1,2024-01-05T01:16:41Z,2026-10-04
33674dfa-ed63-4afd-9e46-c5873bf06f16,node/12444894041,Cerro de la Cruz,,,,,1352.0,OpenStreetMap (coincide con MDT a ±10 m),119.0,False,1229.0,principal,39.9219138,-0.754386,10,Comunitat Valenciana,12,Castellón/Castelló,l'Alt Palància,12022,Bejís,OpenStreetMap (ODbL 1.0),Calculada sobre MDT25 © IGN (CC BY 4.0),1,2024-12-23T18:36:48Z,2026-10-04
8499fae0-4516-45f9-a247-fe2594aa9c1d,node/1243272529,Tossal dels Pinarejos,,Tossal dels Pinarejos,,,1348.12,OpenStreetMap (coincide con MDT a ±10 m),33.0,False,1315.0,secundaria,40.2577839,-0.2973434,10,Comunitat Valenciana,12,Castellón/Castelló,l'Alcalatén,12055,Xodos / Chodos,OpenStreetMap (ODbL 1.0),Calculada sobre MDT25 © IGN (CC BY 4.0),7,2024-10-21T20:02:58Z,2026-10-04
bfc07751-5d7e-4b05-b1e7-f78c46f51b49,node/1243282336,la Solana,,la Solana,,,1348.0,OpenStreetMap (coincide con MDT a ±10 m),40.0,False,1302.0,secundaria,40.6979026,0.0758483,10,Comunitat Valenciana,12,Castellón/Castelló,el Baix Maestrat,12093,la Pobla de Benifassà,OpenStreetMap (ODbL 1.0),Calculada sobre MDT25 © IGN (CC BY 4.0),7,2025-04-22T13:18:49Z,2026-10-04
81c190f0-9ab5-4dd0-908e-150402e96a40,node/5312062515,Tossal d'en Cervera,,Tossal d'en Cervera,,,1347.5,OpenStreetMap (coincide con MDT a ±10 m),149.0,False,1197.0,principal,40.7241334,0.1972873,10,Comunitat Valenciana,12,Castellón/Castelló,el Baix Maestrat,12093,la Pobla de Benifassà,OpenStreetMap (ODbL 1.0),Calculada sobre MDT25 © IGN (CC BY 4.0),2,2021-12-08T17:19:26Z,2026-10-04
5b1cb06f-fa22-4277-9e2e-20532d60da12,node/12846509972,Cabezo Blanco,,,,,1340.0,OpenStreetMap (coincide con MDT a ±10 m),156.0,False,1183.0,principal,40.2094378,-0.4894879,10,Comunitat Valenciana,12,Castellón/Castelló,El Alto Mijares,12130,Villahermosa del Río,OpenStreetMap (ODbL 1.0),Calculada sobre MDT25 © IGN (CC BY 4.0),1,2025-05-18T07:57:39Z,2026-10-04
8ec5e84a-4a38-4d33-9f66-b94d2cf45153,node/1243237807,Tossal de l'Alforí,,Tossal de l'Alforí,,,1321.0,OpenStreetMap (coincide con MDT a ±10 m),102.0,False,1219.0,principal,40.2952776,-0.3054744,10,Comunitat Valenciana,12,Castellón/Castelló,l'Alt Maestrat,12139,Vistabella del Maestrat,OpenStreetMap (ODbL 1.0),Calculada sobre MDT25 © IGN (CC BY 4.0),7,2026-05-17T19:09:46Z,2026-10-04
da38b3d8-a777-4c93-a06f-7908da2afa70,node/7191609445,Mola del Vilar,,Mola del Vilar,,,1321.0,OpenStreetMap (coincide con MDT a ±10 m),182.0,False,1139.0,principal,40.4536759,-0.1516209,10,Comunitat Valenciana,12,Castellón/Castelló,l'Alt Maestrat,12014,Ares del Maestrat,OpenStreetMap (ODbL 1.0),Calculada sobre MDT25 © IGN (CC BY 4.0),2,2022-12-10T14:17:58Z,2026-10-04
af40570d-9ada-4beb-9f76-f2238f5e2f6c,node/9294500880,Peñaescabia,,,,,1319.0,OpenStreetMap (coincide con MDT a ±10 m),33.0,False,1283.0,secundaria,39.9265099,-0.7457521,10,Comunitat Valenciana,12,Castellón/Castelló,l'Alt Palància,12022,Bejís,OpenStreetMap (ODbL 1.0),Calculada sobre MDT25 © IGN (CC BY 4.0),2,2022-07-03T18:00:14Z,2026-10-04
b3fa9fb1-df3f-476e-8a8e-4ee4873a929f,node/948633664,Arriello,,,,,1316.1,OpenStreetMap (coincide con MDT a ±10 m),192.0,False,1123.0,principal,40.4610315,-0.2163221,10,Comunitat Valenciana,12,Castellón/Castelló,els Ports,12129,Vilafranca / Villafranca del Cid,OpenStreetMap (ODbL 1.0),Calculada sobre MDT25 © IGN (CC BY 4.0),9,2025-04-06T20:17:14Z,2026-10-04
f36f664c-abe1-4389-b91f-b3f679a81885,node/12083688586,Alto de la Fuente de la Hoya,,,,,1315.0,OpenStreetMap (coincide con MDT a ±10 m),80.0,False,1237.0,secundaria,40.2123921,-0.5246279,10,Comunitat Valenciana,12,Castellón/Castelló,El Alto Mijares,12048,Cortes de Arenoso,OpenStreetMap (ODbL 1.0),Calculada sobre MDT25 © IGN (CC BY 4.0),1,2024-07-30T17:30:12Z,2026-10-04
8fbb726b-221e-429e-8dda-4a1c9b4cb953,node/12846468619,El Tis,,,,,1310.0,OpenStreetMap (coincide con MDT a ±10 m),294.0,False,1017.0,principal,40.1790037,-0.4278008,10,Comunitat Valenciana,12,Castellón/Castelló,El Alto Mijares,12130,Villahermosa del Río,OpenStreetMap (ODbL 1.0),Calculada sobre MDT25 © IGN (CC BY 4.0),2,2025-05-19T17:26:15Z,2026-10-04
186c6b80-a02e-4527-960a-5d5c070a11c1,node/11055805246,Tossal del Calvari,,Tossal del Calvari,,,1309.0,OpenStreetMap (coincide con MDT a ±10 m),50.0,False,1258.0,secundaria,40.2919642,-0.2969445,10,Comunitat Valenciana,12,Castellón/Castelló,l'Alt Maestrat,12139,Vistabella del Maestrat,OpenStreetMap (ODbL 1.0),Calculada sobre MDT25 © IGN (CC BY 4.0),2,2023-10-19T23:09:58Z,2026-10-04
97e00b7c-0396-4e3a-af43-50c341e1c18c,node/11517341435,Tossal del Mas de l'Hostal,,,,,1309.0,OpenStreetMap (coincide con MDT a ±10 m),95.0,False,1213.0,secundaria,40.3027322,-0.2936074,10,Comunitat Valenciana,12,Castellón/Castelló,l'Alt Maestrat,12139,Vistabella del Maestrat,OpenStreetMap (ODbL 1.0),Calculada sobre MDT25 © IGN (CC BY 4.0),3,2026-07-17T00:16:19Z,2026-10-04
fc755a29-5021-4e95-9e08-249c91903542,node/6920725631,Lloma de la Carrascosa,,Lloma de la Carrascosa,,,1307.0,OpenStreetMap (coincide con MDT a ±10 m),43.0,False,1262.0,secundaria,40.2156511,-0.3055915,10,Comunitat Valenciana,12,Castellón/Castelló,l'Alcalatén,12055,Xodos / Chodos,OpenStreetMap (ODbL 1.0),Calculada sobre MDT25 © IGN (CC BY 4.0),3,2025-01-19T19:15:02Z,2026-10-04
d6992668-4a74-4fc3-bb75-70f3fce9e002,node/10129075771,el Picaio,,el Picaio,,,1304.0,OpenStreetMap (coincide con MDT a ±10 m),122.0,False,1177.0,principal,40.389101,-0.2411876,10,Comunitat Valenciana,12,Castellón/Castelló,l'Alt Maestrat,12026,Benassal,OpenStreetMap (ODbL 1.0),Calculada sobre MDT25 © IGN (CC BY 4.0),2,2023-10-09T23:22:54Z,2026-10-04
174589e7-8d9b-473a-964b-7e2783c52891,node/11500832113,Tossal del Mas de Leandro,,,,,1301.0,OpenStreetMap (coincide con MDT a ±10 m),146.0,False,1153.0,principal,40.3407535,-0.3173679,10,Comunitat Valenciana,12,Castellón/Castelló,l'Alt Maestrat,12139,Vistabella del Maestrat,OpenStreetMap (ODbL 1.0),Calculada sobre MDT25 © IGN (CC BY 4.0),1,2024-01-08T19:26:03Z,2026-10-04
0dda1980-b54f-4c80-b396-6b8a1d677fc4,node/10056739129,Lausilla,,,,,1299.0,OpenStreetMap (coincide con MDT a ±10 m),82.0,False,1212.0,secundaria,39.8760535,-0.756059,10,Comunitat Valenciana,12,Castellón/Castelló,l'Alt Palància,12097,Sacañet,OpenStreetMap (ODbL 1.0),Calculada sobre MDT25 © IGN (CC BY 4.0),1,2022-09-27T17:55:46Z,2026-10-04
42e24172-12f0-40c7-81ea-7c5459136372,node/12462893249,el Moletó,,,,,1295.0,OpenStreetMap (coincide con MDT a ±10 m),225.0,False,1068.0,principal,40.5333862,-0.0683712,10,Comunitat Valenciana,12,Castellón/Castelló,els Ports,12080,Morella,OpenStreetMap (ODbL 1.0),Calculada sobre MDT25 © IGN (CC BY 4.0),1,2024-12-30T11:58:51Z,2026-10-04
a4e143df-7718-4fd4-85a2-315429396f30,node/1243272516,Cerro Gordo,,,,,1290.0,OpenStreetMap (coincide con MDT a ±10 m),128.0,False,1161.0,principal,39.9483947,-0.7654928,10,Comunitat Valenciana,12,Castellón/Castelló,l'Alt Palància,12115,El Toro,OpenStreetMap (ODbL 1.0),Calculada sobre MDT25 © IGN (CC BY 4.0),7,2024-04-22T17:05:57Z,2026-10-04
a22438f7-2860-4879-bdcf-2cc3236ff9f3,node/1249959098,Tossal de les Navades,,,,,1288.0,OpenStreetMap (coincide con MDT a ±10 m),90.0,False,1198.0,secundaria,40.3099388,-0.280073,10,Comunitat Valenciana,12,Castellón/Castelló,l'Alt Maestrat,12139,Vistabella del Maestrat,OpenStreetMap (ODbL 1.0),Calculada sobre MDT25 © IGN (CC BY 4.0),6,2024-10-15T19:45:12Z,2026-10-04
8841ab15-e2a8-4aa8-943f-4804d3a30e0a,node/11500703808,Tossal d'Esclaramunda,,,,,1288.0,OpenStreetMap (coincide con MDT a ±10 m),154.0,False,1132.0,principal,40.3364084,-0.2656284,10,Comunitat Valenciana,12,Castellón/Castelló,l'Alt Maestrat,12139,Vistabella del Maestrat,OpenStreetMap (ODbL 1.0),Calculada sobre MDT25 © IGN (CC BY 4.0),4,2026-08-11T13:37:58Z,2026-10-04
1a818265-4628-4e3c-bd9c-6a3be169045f,node/11500832112,Tossal del Mas de Folc,,,,,1288.0,OpenStreetMap (coincide con MDT a ±10 m),34.0,False,1253.0,secundaria,40.3443374,-0.3128117,10,Comunitat Valenciana,12,Castellón/Castelló,l'Alt Maestrat,12139,Vistabella del Maestrat,OpenStreetMap (ODbL 1.0),Calculada sobre MDT25 © IGN (CC BY 4.0),1,2024-01-08T19:26:03Z,2026-10-04
0a252bf0-7992-4965-9bae-b8e25dc86238,node/8173258680,,,,,,1287.0,OpenStreetMap (coincide con MDT a ±10 m),34.0,False,1248.0,secundaria,40.6754052,0.0701037,10,Comunitat Valenciana,12,Castellón/Castelló,el Baix Maestrat,12037,Castell de Cabres,OpenStreetMap (ODbL 1.0),Calculada sobre MDT25 © IGN (CC BY 4.0),2,2025-10-17T17:38:37Z,2026-10-04
22c07f4c-59d5-43b1-a211-57b9307cf882,node/12444915222,Loma de las Herradillas,,,,,1287.0,OpenStreetMap (coincide con MDT a ±10 m),42.0,False,1241.0,secundaria,39.9063857,-0.7687937,10,Comunitat Valenciana,12,Castellón/Castelló,l'Alt Palància,12022,Bejís,OpenStreetMap (ODbL 1.0),Calculada sobre MDT25 © IGN (CC BY 4.0),1,2024-12-23T18:36:48Z,2026-10-04
327ec998-8ad2-4885-bc39-bce4afbbf01d,node/10294301775,Tossal de la Nevera,,Tossal de la Nevera,,,1286.0,OpenStreetMap (coincide con MDT a ±10 m),241.0,False,1045.0,principal,40.4677938,-0.0299841,10,Comunitat Valenciana,12,Castellón/Castelló,l'Alt Maestrat,12042,Catí,OpenStreetMap (ODbL 1.0),Calculada sobre MDT25 © IGN (CC BY 4.0),1,2022-12-30T01:05:18Z,2026-10-04
0d01261e-04d3-4e9e-b464-ac501ab09bcd,node/8173258681,,,,,,1282.0,OpenStreetMap (coincide con MDT a ±10 m),41.0,False,1236.0,secundaria,40.6829075,0.0830547,10,Comunitat Valenciana,12,Castellón/Castelló,el Baix Maestrat,12093,la Pobla de Benifassà,OpenStreetMap (ODbL 1.0),Calculada sobre MDT25 © IGN (CC BY 4.0),1,2020-11-28T09:32:15Z,2026-10-04
32197b5d-9efe-40c7-8bbf-464535a1183c,node/8173258686,,,,,,1282.0,OpenStreetMap (coincide con MDT a ±10 m),51.0,False,1226.0,secundaria,40.6847694,0.0879885,10,Comunitat Valenciana,12,Castellón/Castelló,el Baix Maestrat,12093,la Pobla de Benifassà,OpenStreetMap (ODbL 1.0),Calculada sobre MDT25 © IGN (CC BY 4.0),1,2020-11-28T09:32:15Z,2026-10-04
781f0851-c333-4a37-a7e8-cc6d3512f1e3,node/6190988400,Mollons de Sant Bernabé,,Mollons de Sant Bernabé,,,1279.0,OpenStreetMap (coincide con MDT a ±10 m),76.0,False,1202.0,secundaria,40.6724641,0.0970524,10,Comunitat Valenciana,12,Castellón/Castelló,el Baix Maestrat,12093,la Pobla de Benifassà,OpenStreetMap (ODbL 1.0),Calculada sobre MDT25 © IGN (CC BY 4.0),4,2025-04-22T13:18:49Z,2026-10-04
da5888fd-aa16-4b6b-ab03-6b0ce4a3a299,node/11500703809,Serra Negra,,,,,1279.0,OpenStreetMap (coincide con MDT a ±10 m),63.0,False,1213.0,secundaria,40.3478524,-0.2594984,10,Comunitat Valenciana,12,Castellón/Castelló,l'Alt Maestrat,12139,Vistabella del Maestrat,OpenStreetMap (ODbL 1.0),Calculada sobre MDT25 © IGN (CC BY 4.0),2,2024-10-17T12:53:41Z,2026-10-04
b9e1fe05-0b02-4b54-92bb-1839039f6fc4,node/1243279089,el Turmell,,el Turmell,,,1276.0,OpenStreetMap (coincide con MDT a ±10 m),247.0,False,1028.0,principal,40.5773653,0.0900379,10,Comunitat Valenciana,12,Castellón/Castelló,els Ports,12127,Vallibona,OpenStreetMap (ODbL 1.0),Calculada sobre MDT25 © IGN (CC BY 4.0),6,2025-02-24T19:19:58Z,2026-10-04
4e05611c-e9f2-49c6-8d7f-bb933f5cc7e8,node/7804004585,el Muixacre,,el Muixacre,,,1275.0,OpenStreetMap (coincide con MDT a ±10 m),39.0,False,1233.0,secundaria,40.5437739,-0.0848603,10,Comunitat Valenciana,12,Castellón/Castelló,els Ports,12080,Morella,OpenStreetMap (ODbL 1.0),Calculada sobre MDT25 © IGN (CC BY 4.0),3,2024-12-30T02:09:28Z,2026-10-04
8db429ee-e2a2-4017-9be8-23bb8ae6fab5,node/1249943878,Cerro de Toni,,,,,1268.0,OpenStreetMap (coincide con MDT a ±10 m),69.0,False,1199.0,secundaria,40.5434758,-0.2770188,10,Comunitat Valenciana,12,Castellón/Castelló,els Ports,12091,Portell de Morella,OpenStreetMap (ODbL 1.0),Calculada sobre MDT25 © IGN (CC BY 4.0),5,2026-05-17T19:09:46Z,2026-10-04
74303eb6-afc2-4e66-a25f-dfdc244f291f,node/8173258682,,,,,,1268.0,OpenStreetMap (coincide con MDT a ±10 m),46.0,False,1217.0,secundaria,40.686675,0.0791122,10,Comunitat Valenciana,12,Castellón/Castelló,el Baix Maestrat,12093,la Pobla de Benifassà,OpenStreetMap (ODbL 1.0),Calculada sobre MDT25 © IGN (CC BY 4.0),1,2020-11-28T09:32:15Z,2026-10-04
236d8842-013d-484a-be00-d99531bd8c21,node/12849427502,Mola del Carrascal,,,,,1268.0,OpenStreetMap (coincide con MDT a ±10 m),148.0,False,1117.0,principal,40.6693745,-0.0881106,10,Comunitat Valenciana,12,Castellón/Castelló,els Ports,12080,Morella,OpenStreetMap (ODbL 1.0),Calculada sobre MDT25 © IGN (CC BY 4.0),1,2025-05-19T17:48:42Z,2026-10-04
d0a4b29c-7c05-494c-94ac-461c3526b7fd,node/7221224944,Molló Blanc,,Molló Blanc,,,1262.0,OpenStreetMap (coincide con MDT a ±10 m),133.0,False,1125.0,principal,40.5615344,-0.2448964,10,Comunitat Valenciana,12,Castellón/Castelló,els Ports,12045,Cinctorres,OpenStreetMap (ODbL 1.0),Calculada sobre MDT25 © IGN (CC BY 4.0),5,2025-05-19T17:48:42Z,2026-10-04
a08e33d3-64af-4001-8995-a329249b1e40,node/12847087010,Regatxol,,,,,1259.0,OpenStreetMap (coincide con MDT a ±10 m),127.0,False,1132.0,principal,40.6486641,0.0127102,10,Comunitat Valenciana,12,Castellón/Castelló,els Ports,12080,Morella,OpenStreetMap (ODbL 1.0),Calculada sobre MDT25 © IGN (CC BY 4.0),1,2025-05-18T14:04:24Z,2026-10-04
38df43d5-250c-4d59-910a-88d7125bb945,node/1243278706,Cerro Gil,,,,,1254.0,OpenStreetMap (coincide con MDT a ±10 m),45.0,False,1208.0,secundaria,39.9642844,-0.7796129,10,Comunitat Valenciana,12,Castellón/Castelló,l'Alt Palància,12115,El Toro,OpenStreetMap (ODbL 1.0),Calculada sobre MDT25 © IGN (CC BY 4.0),4,2019-07-17T16:01:45Z,2026-10-04
733b3a11-4980-4430-a013-50c519b3e769,node/11150283706,Tossal Gros,,Tossal Gros,,,1254.0,OpenStreetMap (coincide con MDT a ±10 m),116.0,False,1138.0,principal,40.5840622,0.0008224,10,Comunitat Valenciana,12,Castellón/Castelló,els Ports,12080,Morella,OpenStreetMap (ODbL 1.0),Calculada sobre MDT25 © IGN (CC BY 4.0),3,2024-10-19T18:59:37Z,2026-10-04
88f6ce1f-66dc-49db-af87-e368be98ca06,node/7773392437,Tossal de n'Aguilar,,,,,1249.0,OpenStreetMap (coincide con MDT a ±10 m),87.0,False,1164.0,secundaria,40.6602138,0.0960017,10,Comunitat Valenciana,12,Castellón/Castelló,el Baix Maestrat,12037,Castell de Cabres,OpenStreetMap (ODbL 1.0),Calculada sobre MDT25 © IGN (CC BY 4.0),2,2020-11-28T09:32:15Z,2026-10-04
bf0d5a98-bc19-4b76-97e3-c64e8289d677,node/8173258684,,,,,,1249.0,OpenStreetMap (coincide con MDT a ±10 m),39.0,False,1209.0,secundaria,40.6868324,0.093418,10,Comunitat Valenciana,12,Castellón/Castelló,el Baix Maestrat,12093,la Pobla de Benifassà,OpenStreetMap (ODbL 1.0),Calculada sobre MDT25 © IGN (CC BY 4.0),1,2020-11-28T09:32:15Z,2026-10-04
b92b0876-8837-46a0-b827-a47c6cf03eea,node/11504314214,la Corona,,,,,1243.0,OpenStreetMap (coincide con MDT a ±10 m),73.0,False,1164.0,secundaria,40.3407137,-0.2468598,10,Comunitat Valenciana,12,Castellón/Castelló,l'Alt Maestrat,12139,Vistabella del Maestrat,OpenStreetMap (ODbL 1.0),Calculada sobre MDT25 © IGN (CC BY 4.0),1,2024-01-09T20:59:21Z,2026-10-04
daaa9bdb-f73a-4236-ab63-466d4ac066bd,node/9914225318,Punta del Mas Nou,,Punta del Mas Nou,,,1236.0,OpenStreetMap (coincide con MDT a ±10 m),109.0,False,1125.0,principal,40.6894027,0.1590383,10,Comunitat Valenciana,12,Castellón/Castelló,el Baix Maestrat,12093,la Pobla de Benifassà,OpenStreetMap (ODbL 1.0),Calculada sobre MDT25 © IGN (CC BY 4.0),4,2025-05-19T18:00:40Z,2026-10-04
733bad65-b69b-4fcf-8b18-5753dfb46191,node/8173258687,,,,,,1223.0,OpenStreetMap (coincide con MDT a ±10 m),38.0,False,1181.0,secundaria,40.6885719,0.0995392,10,Comunitat Valenciana,12,Castellón/Castelló,el Baix Maestrat,12093,la Pobla de Benifassà,OpenStreetMap (ODbL 1.0),Calculada sobre MDT25 © IGN (CC BY 4.0),1,2020-11-28T09:32:15Z,2026-10-04
05932e38-b111-4007-9c26-24ef49eb96aa,node/7233652051,Torre Algares,,,,,1222.0,OpenStreetMap (coincide con MDT a ±10 m),40.0,False,1182.0,secundaria,40.6158643,-0.3584491,10,Comunitat Valenciana,12,Castellón/Castelló,els Ports,12083,Olocau del Rey,OpenStreetMap (ODbL 1.0),Calculada sobre MDT25 © IGN (CC BY 4.0),1,2020-02-21T17:45:16Z,2026-10-04
f85ed5cf-6533-4521-aee4-7eb6dff4597e,node/12790145537,la Devesa,,,,,1222.0,OpenStreetMap (coincide con MDT a ±10 m),35.0,False,1188.0,secundaria,40.6549068,0.100303,10,Comunitat Valenciana,12,Castellón/Castelló,el Baix Maestrat,12093,la Pobla de Benifassà,OpenStreetMap (ODbL 1.0),Calculada sobre MDT25 © IGN (CC BY 4.0),3,2025-05-19T17:56:26Z,2026-10-04
ca6bead2-91f6-4ce1-a147-f74852093b64,node/9914225111,,,,,,1218.0,OpenStreetMap (coincide con MDT a ±10 m),39.0,False,1179.0,secundaria,40.6631853,0.1093476,10,Comunitat Valenciana,12,Castellón/Castelló,el Baix Maestrat,12093,la Pobla de Benifassà,OpenStreetMap (ODbL 1.0),Calculada sobre MDT25 © IGN (CC BY 4.0),1,2022-07-27T09:47:04Z,2026-10-04
d6916235-e515-4ae8-ad1a-af2762104db4,node/12463195433,Collet del Conill,,,,,1213.0,OpenStreetMap (coincide con MDT a ±10 m),37.0,False,1177.0,secundaria,40.4937578,-0.1504925,10,Comunitat Valenciana,12,Castellón/Castelló,l'Alt Maestrat,12014,Ares del Maestrat,OpenStreetMap (ODbL 1.0),Calculada sobre MDT25 © IGN (CC BY 4.0),1,2024-12-30T14:42:05Z,2026-10-04
1800640a-f3a5-4846-8e6d-2e8700f3deb8,node/1243270420,Alto del Mosquitero,,,,,1208.0,OpenStreetMap (coincide con MDT a ±10 m),48.0,False,1158.0,secundaria,39.9900131,-0.789203,10,Comunitat Valenciana,12,Castellón/Castelló,l'Alt Palància,12115,El Toro,OpenStreetMap (ODbL 1.0),Calculada sobre MDT25 © IGN (CC BY 4.0),4,2025-04-13T17:54:36Z,2026-10-04
c7c68fbf-ce77-4e44-8654-8d3f175ac1a7,node/13373098149,Tossal de la Creu,,,,,1208.0,OpenStreetMap (coincide con MDT a ±10 m),73.0,False,1136.0,secundaria,40.4818392,-0.0539001,10,Comunitat Valenciana,12,Castellón/Castelló,els Ports,12080,Morella,OpenStreetMap (ODbL 1.0),Calculada sobre MDT25 © IGN (CC BY 4.0),2,2026-05-17T19:09:46Z,2026-10-04
e87da586-8c9a-40b1-b170-a91b3b27073d,node/12307419300,Camiseta,,,,,1207.0,OpenStreetMap (coincide con MDT a ±10 m),187.0,False,1017.0,principal,40.7243683,-0.0301775,10,Comunitat Valenciana,12,Castellón/Castelló,els Ports,12068,Herbers,OpenStreetMap (ODbL 1.0),Calculada sobre MDT25 © IGN (CC BY 4.0),1,2024-11-02T16:27:23Z,2026-10-04
ef827ae6-65ab-4e67-ae3d-fb6a3bea8388,node/8090489081,Cerrito del Enebral,,,,,1206.0,OpenStreetMap (coincide con MDT a ±10 m),59.0,False,1154.0,secundaria,40.0318362,-0.6495613,10,Comunitat Valenciana,12,Castellón/Castelló,l'Alt Palància,12090,Pina de Montalgrao,OpenStreetMap (ODbL 1.0),Calculada sobre MDT25 © IGN (CC BY 4.0),3,2024-02-23T20:09:23Z,2026-10-04
d9a6cd13-c902-4987-b0f4-d40c8d2accdc,node/7772661758,Pic de l'Espinosa,,Pic de l'Espinosa,,,1205.0,OpenStreetMap (coincide con MDT a ±10 m),34.0,False,1168.0,secundaria,40.6502997,0.0897431,10,Comunitat Valenciana,12,Castellón/Castelló,el Baix Maestrat,12093,la Pobla de Benifassà,OpenStreetMap (ODbL 1.0),Calculada sobre MDT25 © IGN (CC BY 4.0),2,2022-12-10T15:06:17Z,2026-10-04
a19761c5-6377-4a1e-8bfa-3d7d343b0ad4,node/8853813296,la Picossa,,la Picossa,,,1205.0,OpenStreetMap (coincide con MDT a ±10 m),39.0,False,1169.0,secundaria,40.1802048,-0.3101446,10,Comunitat Valenciana,12,Castellón/Castelló,l'Alcalatén,12072,Llucena / Lucena del Cid,OpenStreetMap (ODbL 1.0),Calculada sobre MDT25 © IGN (CC BY 4.0),3,2023-10-19T23:09:45Z,2026-10-04
e76fbda6-093b-4aa6-941a-26a65fff50b7,node/13619192400,Tossal de Regatxol,,,,,1203.0,OpenStreetMap (coincide con MDT a ±10 m),52.0,False,1151.0,secundaria,40.6445765,0.0310707,10,Comunitat Valenciana,12,Castellón/Castelló,els Ports,12080,Morella,OpenStreetMap (ODbL 1.0),Calculada sobre MDT25 © IGN (CC BY 4.0),1,2026-03-05T01:23:57Z,2026-10-04
530ff2c8-a756-49da-aaba-2a06a7c5872a,node/6205275664,Punta del Agua,,,,,1200.0,OpenStreetMap (coincide con MDT a ±10 m),32.0,False,1167.0,secundaria,40.0044933,-0.7729203,10,Comunitat Valenciana,12,Castellón/Castelló,l'Alt Palància,12115,El Toro,OpenStreetMap (ODbL 1.0),Calculada sobre MDT25 © IGN (CC BY 4.0),2,2024-12-19T20:06:45Z,2026-10-04
6f4beea4-1ba3-4acd-850b-d28349c3165e,node/948636867,Alto del Castillo,,,,,1199.2,OpenStreetMap (coincide con MDT a ±10 m),102.0,False,1094.0,principal,40.641107,-0.3440946,10,Comunitat Valenciana,12,Castellón/Castelló,els Ports,12083,Olocau del Rey,OpenStreetMap (ODbL 1.0),Calculada sobre MDT25 © IGN (CC BY 4.0),8,2025-05-04T19:58:21Z,2026-10-04
64d81554-90aa-4728-8032-bf3d398e7c9b,node/1243243861,el Carril,,el Carril,,,1198.18,OpenStreetMap (coincide con MDT a ±10 m),98.0,False,1101.0,secundaria,40.2599209,-0.2774294,10,Comunitat Valenciana,12,Castellón/Castelló,l'Alt Maestrat,12001,Atzeneta del Maestrat,OpenStreetMap (ODbL 1.0),Calculada sobre MDT25 © IGN (CC BY 4.0),6,2022-12-10T15:58:00Z,2026-10-04
5126159c-bdd3-4a7a-9299-9209c34b7f26,node/1249957056,la Nevera,,,,,1195.0,OpenStreetMap (coincide con MDT a ±10 m),97.0,False,1098.0,secundaria,40.2635787,-0.2535593,10,Comunitat Valenciana,12,Castellón/Castelló,l'Alt Maestrat,12001,Atzeneta del Maestrat,OpenStreetMap (ODbL 1.0),Calculada sobre MDT25 © IGN (CC BY 4.0),8,2026-01-03T15:46:01Z,2026-10-04
2c2f75b5-6a92-4ed2-9096-af221a4b8974,node/1243274445,Puntal del Navajo de María,,,,,1194.0,OpenStreetMap (coincide con MDT a ±10 m),32.0,False,1165.0,secundaria,39.8715619,-0.7295543,10,Comunitat Valenciana,12,Castellón/Castelló,l'Alt Palància,12022,Bejís,OpenStreetMap (ODbL 1.0),Calculada sobre MDT25 © IGN (CC BY 4.0),4,2025-01-07T11:47:35Z,2026-10-04
29fcc24e-745c-4386-8ed6-9f1a14323d82,node/1243266219,Cerro Gordo,,,,,1186.0,OpenStreetMap (coincide con MDT a ±10 m),32.0,False,1154.0,secundaria,39.8834932,-0.767075,10,Comunitat Valenciana,12,Castellón/Castelló,l'Alt Palància,12022,Bejís,OpenStreetMap (ODbL 1.0),Calculada sobre MDT25 © IGN (CC BY 4.0),4,2024-12-23T20:16:33Z,2026-10-04
498de3d6-123f-45bc-83a5-1351a114a11c,node/1243276342,Puntal Redondo,,,,,1179.0,OpenStreetMap (coincide con MDT a ±10 m),34.0,False,1143.0,secundaria,39.88693,-0.7545767,10,Comunitat Valenciana,12,Castellón/Castelló,l'Alt Palància,12022,Bejís,OpenStreetMap (ODbL 1.0),Calculada sobre MDT25 © IGN (CC BY 4.0),4,2024-12-23T20:16:33Z,2026-10-04
e9ebd65d-6853-45df-91d5-c0c7fe1b4a38,node/11150283708,Tossal de les Hedreretes,,,,,1174.0,OpenStreetMap (coincide con MDT a ±10 m),45.0,False,1128.0,secundaria,40.5763147,0.0007939,10,Comunitat Valenciana,12,Castellón/Castelló,els Ports,12080,Morella,OpenStreetMap (ODbL 1.0),Calculada sobre MDT25 © IGN (CC BY 4.0),1,2023-08-28T12:36:57Z,2026-10-04
ecd10b3e-9241-412e-840e-10bb2f87993c,node/1243242205,la Lloma Bernat,,la Lloma Bernat,,,1172.0,OpenStreetMap (coincide con MDT a ±10 m),200.0,False,970.0,principal,40.2035009,-0.2690685,10,Comunitat Valenciana,12,Castellón/Castelló,l'Alcalatén,12055,Xodos / Chodos,OpenStreetMap (ODbL 1.0),Calculada sobre MDT25 © IGN (CC BY 4.0),7,2024-01-04T20:51:24Z,2026-10-04
851629e0-653f-453c-95fd-b55ba6147607,node/1243272184,Alto del Limbo,,,,,1172.0,OpenStreetMap (coincide con MDT a ±10 m),132.0,False,1043.0,principal,40.0175015,-0.6725312,10,Comunitat Valenciana,12,Castellón/Castelló,l'Alt Palància,12090,Pina de Montalgrao,OpenStreetMap (ODbL 1.0),Calculada sobre MDT25 © IGN (CC BY 4.0),4,2025-04-13T19:13:06Z,2026-10-04
5207eb0e-f362-40b7-8dec-092769d6fd89,node/8173258694,,,,,,1171.0,OpenStreetMap (coincide con MDT a ±10 m),39.0,False,1132.0,secundaria,40.6590971,0.0449096,10,Comunitat Valenciana,12,Castellón/Castelló,el Baix Maestrat,12037,Castell de Cabres,OpenStreetMap (ODbL 1.0),Calculada sobre MDT25 © IGN (CC BY 4.0),1,2020-11-28T09:32:15Z,2026-10-04
9c085431-ea18-40cf-80e0-e86ee554a3d5,node/12453681574,La Serrecica,,,,,1167.0,OpenStreetMap (coincide con MDT a ±10 m),33.0,False,1136.0,secundaria,39.8804149,-0.7242285,10,Comunitat Valenciana,12,Castellón/Castelló,l'Alt Palància,12022,Bejís,OpenStreetMap (ODbL 1.0),Calculada sobre MDT25 © IGN (CC BY 4.0),1,2024-12-26T20:19:06Z,2026-10-04
1f9a2f40-13c0-42b9-8c14-a597cab98963,node/1249943425,Pico Royo,,,,,1162.0,OpenStreetMap (coincide con MDT a ±10 m),67.0,False,1092.0,secundaria,40.6343421,-0.331136,10,Comunitat Valenciana,12,Castellón/Castelló,els Ports,12083,Olocau del Rey,OpenStreetMap (ODbL 1.0),Calculada sobre MDT25 © IGN (CC BY 4.0),5,2025-05-03T23:43:54Z,2026-10-04
4a0fa826-b380-4709-b7b4-18f45086d2c9,node/1243271302,Alto de las Palomas,,,,,1156.0,OpenStreetMap (coincide con MDT a ±10 m),253.0,False,901.0,principal,39.9918874,-0.5751493,10,Comunitat Valenciana,12,Castellón/Castelló,l'Alt Palància,12043,Caudiel,OpenStreetMap (ODbL 1.0),Calculada sobre MDT25 © IGN (CC BY 4.0),4,2023-01-02T19:15:43Z,2026-10-04
efa63b6b-6d98-4118-a00f-8f60461ebf43,node/12488148978,la Moleta,,,,,1156.0,OpenStreetMap (coincide con MDT a ±10 m),30.0,False,1127.0,secundaria,40.4264931,-0.0956307,10,Comunitat Valenciana,12,Castellón/Castelló,l'Alt Maestrat,12014,Ares del Maestrat,OpenStreetMap (ODbL 1.0),Calculada sobre MDT25 © IGN (CC BY 4.0),1,2025-01-10T10:58:29Z,2026-10-04
25ec9d7e-6791-4cca-8593-9578d35ff9c0,node/7380308796,Cabeço de Cogom,,Cabeço de Cogom,,,1154.0,OpenStreetMap (coincide con MDT a ±10 m),48.0,False,1109.0,secundaria,40.1746453,-0.330449,10,Comunitat Valenciana,12,Castellón/Castelló,l'Alcalatén,12072,Llucena / Lucena del Cid,OpenStreetMap (ODbL 1.0),Calculada sobre MDT25 © IGN (CC BY 4.0),4,2024-01-06T01:06:04Z,2026-10-04
5cfe1d08-611e-4e0e-b66d-f61094e61ff3,node/1243238201,,,,,,1152.0,OpenStreetMap (coincide con MDT a ±10 m),92.0,False,1061.0,secundaria,40.5309707,-0.2318297,10,Comunitat Valenciana,12,Castellón/Castelló,els Ports,12038,Castellfort,OpenStreetMap (ODbL 1.0),Calculada sobre MDT25 © IGN (CC BY 4.0),5,2024-12-28T00:24:02Z,2026-10-04
689e5ea8-f174-49db-abdd-bd126912d668,node/10795480659,Tossal de Marco,,,,,1152.0,OpenStreetMap (coincide con MDT a ±10 m),30.0,False,1122.0,secundaria,40.2721861,-0.2454216,10,Comunitat Valenciana,12,Castellón/Castelló,l'Alt Maestrat,12139,Vistabella del Maestrat,OpenStreetMap (ODbL 1.0),Calculada sobre MDT25 © IGN (CC BY 4.0),1,2023-04-08T16:47:10Z,2026-10-04
692f5315-458d-4767-8665-2793ca69ccf2,node/11787810589,Collet de Sant Pere,,,,,1152.0,OpenStreetMap (coincide con MDT a ±10 m),57.0,False,1098.0,secundaria,40.6363141,-0.0925457,10,Comunitat Valenciana,12,Castellón/Castelló,els Ports,12080,Morella,OpenStreetMap (ODbL 1.0),Calculada sobre MDT25 © IGN (CC BY 4.0),1,2024-04-04T20:05:22Z,2026-10-04
dbe5e9e0-b96c-4380-9b52-2860f11e9683,node/1260546042,Tossal Gros,,Tossal Gros,,,1151.0,OpenStreetMap (coincide con MDT a ±10 m),48.0,False,1098.0,secundaria,40.7260971,-0.0437419,10,Comunitat Valenciana,12,Castellón/Castelló,els Ports,12068,Herbers,OpenStreetMap (ODbL 1.0),Calculada sobre MDT25 © IGN (CC BY 4.0),7,2024-03-30T19:31:35Z,2026-10-04
fae53130-5e18-4d3e-ab61-6eb1eb759697,node/8740035343,Tossal del Maset,,Tossal del Maset,,,1151.0,OpenStreetMap (coincide con MDT a ±10 m),70.0,False,1076.0,secundaria,40.6689394,0.0407655,10,Comunitat Valenciana,12,Castellón/Castelló,el Baix Maestrat,12037,Castell de Cabres,OpenStreetMap (ODbL 1.0),Calculada sobre MDT25 © IGN (CC BY 4.0),2,2022-11-21T03:39:30Z,2026-10-04
3c8fa6e8-707d-4cab-9c19-d9c8549ab59f,node/948630131,Orenga,,Orenga,,,1148.7,OpenStreetMap (coincide con MDT a ±10 m),133.0,False,1015.0,principal,40.3949269,-0.0701208,10,Comunitat Valenciana,12,Castellón/Castelló,l'Alt Maestrat,12014,Ares del Maestrat,OpenStreetMap (ODbL 1.0),Calculada sobre MDT25 © IGN (CC BY 4.0),10,2025-04-06T20:17:14Z,2026-10-04
32fac39b-a2b8-4055-b286-fe84fe0bf7d0,node/12771945969,Mola de la Pedrera,,,,,1146.0,OpenStreetMap (coincide con MDT a ±10 m),63.0,False,1088.0,secundaria,40.6352222,-0.0818342,10,Comunitat Valenciana,12,Castellón/Castelló,els Ports,12080,Morella,OpenStreetMap (ODbL 1.0),Calculada sobre MDT25 © IGN (CC BY 4.0),1,2025-04-21T11:03:23Z,2026-10-04
633d73b0-7a1c-4003-9827-565c6bdde3c3,node/1243236561,Mola de la Garumba,,,,,1145.0,OpenStreetMap (coincide con MDT a ±10 m),197.0,False,946.0,principal,40.6161627,-0.1599748,10,Comunitat Valenciana,12,Castellón/Castelló,els Ports,12080,Morella,OpenStreetMap (ODbL 1.0),Calculada sobre MDT25 © IGN (CC BY 4.0),6,2025-09-28T20:59:55Z,2026-10-04
c23cc831-2a8b-45f8-b4ed-b5c5b81ceb13,node/1243267439,Cerro del Ferrín,,,,,1145.0,OpenStreetMap (coincide con MDT a ±10 m),43.0,False,1104.0,secundaria,39.8895573,-0.7296413,10,Comunitat Valenciana,12,Castellón/Castelló,l'Alt Palància,12022,Bejís,OpenStreetMap (ODbL 1.0),Calculada sobre MDT25 © IGN (CC BY 4.0),4,2024-12-26T20:19:06Z,2026-10-04
b863429b-cc89-4fde-a16a-135ca90a32fb,node/1243267024,Alto de Sacañet,,,,,1142.0,OpenStreetMap (coincide con MDT a ±10 m),43.0,False,1098.0,secundaria,39.84668,-0.7206442,10,Comunitat Valenciana,12,Castellón/Castelló,l'Alt Palància,12097,Sacañet,OpenStreetMap (ODbL 1.0),Calculada sobre MDT25 © IGN (CC BY 4.0),4,2024-12-23T20:16:33Z,2026-10-04
ee5bb3bd-25e9-4bef-b381-5dd556f41b03,node/1243275241,Alto Fustero,,,,,1137.0,OpenStreetMap (coincide con MDT a ±10 m),162.0,False,976.0,principal,39.9341443,-0.7302261,10,Comunitat Valenciana,12,Castellón/Castelló,l'Alt Palància,12115,El Toro,OpenStreetMap (ODbL 1.0),Calculada sobre MDT25 © IGN (CC BY 4.0),6,2021-04-10T11:45:05Z,2026-10-04
3ab848be-ff65-42b7-9642-f4e4ae52afb8,node/7241195100,El Cordeler,,,,,1124.0,OpenStreetMap (coincide con MDT a ±10 m),44.0,False,1081.0,secundaria,40.4451682,-0.1107458,10,Comunitat Valenciana,12,Castellón/Castelló,l'Alt Maestrat,12014,Ares del Maestrat,OpenStreetMap (ODbL 1.0),Calculada sobre MDT25 © IGN (CC BY 4.0),1,2020-02-25T00:28:20Z,2026-10-04
5b965f94-4adb-44cc-bbbe-a602e0172766,node/7191618490,Castell de Culla,,Castell de Culla,,,1123.0,OpenStreetMap (coincide con MDT a ±10 m),191.0,False,922.0,principal,40.3375902,-0.166706,10,Comunitat Valenciana,12,Castellón/Castelló,l'Alt Maestrat,12051,Culla,OpenStreetMap (ODbL 1.0),Calculada sobre MDT25 © IGN (CC BY 4.0),2,2022-11-10T02:09:18Z,2026-10-04
094d3040-3e82-4e98-aef8-e87d99a72165,node/12526343854,Cerro de la Fuente,,,,,1123.0,OpenStreetMap (coincide con MDT a ±10 m),39.0,False,1088.0,secundaria,40.0087486,-0.6499858,10,Comunitat Valenciana,12,Castellón/Castelló,l'Alt Palància,12090,Pina de Montalgrao,OpenStreetMap (ODbL 1.0),Calculada sobre MDT25 © IGN (CC BY 4.0),1,2025-01-23T12:54:23Z,2026-10-04
733bb3cb-7e58-4de2-9777-9757b4bfae95,node/1243277725,Tossal del Cabeço,,Tossal del Cabeço,,,1118.48,OpenStreetMap (coincide con MDT a ±10 m),33.0,False,1086.0,secundaria,40.231753,-0.2950958,10,Comunitat Valenciana,12,Castellón/Castelló,l'Alcalatén,12055,Xodos / Chodos,OpenStreetMap (ODbL 1.0),Calculada sobre MDT25 © IGN (CC BY 4.0),8,2024-01-03T23:13:24Z,2026-10-04
2b94bf75-2638-4b83-9f75-c831e1d23b84,node/10793171997,el Tornet,,el Tornet,,,1118.0,OpenStreetMap (coincide con MDT a ±10 m),32.0,False,1086.0,secundaria,40.2652004,-0.2412272,10,Comunitat Valenciana,12,Castellón/Castelló,l'Alt Maestrat,12001,Atzeneta del Maestrat,OpenStreetMap (ODbL 1.0),Calculada sobre MDT25 © IGN (CC BY 4.0),2,2023-10-19T23:09:31Z,2026-10-04
443de5f7-ca05-4619-9eb0-560f2a731f05,node/7191616109,Montcàtil,,Montcàtil,,,1116.0,OpenStreetMap (coincide con MDT a ±10 m),278.0,False,840.0,principal,40.3596362,-0.1399393,10,Comunitat Valenciana,12,Castellón/Castelló,l'Alt Maestrat,12026,Benassal,OpenStreetMap (ODbL 1.0),Calculada sobre MDT25 © IGN (CC BY 4.0),4,2026-01-30T11:14:37Z,2026-10-04
29a0d081-df8b-4a43-bba9-f79ccf1b59bb,node/1243242539,Alto del Mazorral,,,,,1111.0,OpenStreetMap (coincide con MDT a ±10 m),101.0,False,1010.0,principal,39.9984946,-0.7192979,10,Comunitat Valenciana,12,Castellón/Castelló,l'Alt Palància,12020,Barracas,OpenStreetMap (ODbL 1.0),Calculada sobre MDT25 © IGN (CC BY 4.0),4,2019-07-17T16:01:41Z,2026-10-04
62e2923e-e0c3-49be-a727-be732a4f3173,node/1260554837,Collet de Feltrer,,,,,1111.0,OpenStreetMap (coincide con MDT a ±10 m),112.0,False,998.0,principal,40.7273005,-0.0647628,10,Comunitat Valenciana,12,Castellón/Castelló,els Ports,12080,Morella,OpenStreetMap (ODbL 1.0),Calculada sobre MDT25 © IGN (CC BY 4.0),7,2025-04-22T13:18:49Z,2026-10-04
ea332226-d5da-4efe-abec-d3ace122809f,node/1249949904,Tossal de Montargull,,Tossal de Montargull,,,1109.0,OpenStreetMap (coincide con MDT a ±10 m),110.0,False,1000.0,principal,40.562666,-0.2137166,10,Comunitat Valenciana,12,Castellón/Castelló,els Ports,12045,Cinctorres,OpenStreetMap (ODbL 1.0),Calculada sobre MDT25 © IGN (CC BY 4.0),7,2022-11-21T03:40:29Z,2026-10-04
90a83698-9816-4576-ac0d-b8e2835c8488,node/12407285540,Collet de la Saranyana,,,,,1109.0,OpenStreetMap (coincide con MDT a ±10 m),130.0,False,978.0,principal,40.6231802,-0.2222007,10,Comunitat Valenciana,12,Castellón/Castelló,els Ports,12112,Todolella,OpenStreetMap (ODbL 1.0),Calculada sobre MDT25 © IGN (CC BY 4.0),1,2024-12-09T14:46:11Z,2026-10-04
cbc1fc14-2524-4089-ab95-2efef28b5685,node/1243230800,La Rápita,,,,,1106.0,OpenStreetMap (coincide con MDT a ±10 m),275.0,False,829.0,principal,39.9276908,-0.4131004,10,Comunitat Valenciana,12,Castellón/Castelló,l'Alt Palància,12008,Algimia de Almonacid,OpenStreetMap (ODbL 1.0),Calculada sobre MDT25 © IGN (CC BY 4.0),7,2024-12-21T16:53:58Z,2026-10-04
1285ca1f-6947-4731-b995-e3adc0d1b22d,node/1243266325,Puntal de la Atalaya,,,,,1106.0,OpenStreetMap (coincide con MDT a ±10 m),112.0,False,995.0,principal,40.022069,-0.5753237,10,Comunitat Valenciana,12,Castellón/Castelló,El Alto Mijares,12078,Montán,OpenStreetMap (ODbL 1.0),Calculada sobre MDT25 © IGN (CC BY 4.0),6,2026-05-17T19:09:46Z,2026-10-04
a46f0f22-44d9-486d-86d6-0146cb6d8548,node/1243267624,La Serratilla,,,,,1104.0,OpenStreetMap (coincide con MDT a ±10 m),33.0,False,1068.0,secundaria,39.9474511,-0.7060885,10,Comunitat Valenciana,12,Castellón/Castelló,l'Alt Palància,12115,El Toro,OpenStreetMap (ODbL 1.0),Calculada sobre MDT25 © IGN (CC BY 4.0),4,2024-12-26T17:41:43Z,2026-10-04
545d3e7c-7b3d-41a4-b248-64415c2c45d3,node/1243281563,Puntal del Cerro Mojón,,,,,1104.0,OpenStreetMap (coincide con MDT a ±10 m),35.0,False,1068.0,secundaria,39.8347163,-0.7073862,10,Comunitat Valenciana,12,Castellón/Castelló,l'Alt Palància,12097,Sacañet,OpenStreetMap (ODbL 1.0),Calculada sobre MDT25 © IGN (CC BY 4.0),4,2025-01-18T18:51:20Z,2026-10-04
cd6faf08-b2ec-49ba-9af7-d045cf0fa5af,node/1243272039,Pic d'Espadà,Pico Espadán,Pic d'Espadà,,,1103.0,OpenStreetMap (coincide con MDT a ±10 m),382.0,False,716.0,principal,39.9011024,-0.3763258,10,Comunitat Valenciana,12,Castellón/Castelló,la Plana Baixa,12002,Aín,OpenStreetMap (ODbL 1.0),Calculada sobre MDT25 © IGN (CC BY 4.0),9,2024-02-21T17:07:02Z,2026-10-04
02a7fc65-bb78-4c3f-8056-03b5ec8c59e6,node/1249961451,el Tossal,,,,,1103.0,OpenStreetMap (coincide con MDT a ±10 m),93.0,False,1009.0,secundaria,40.6002323,-0.282173,10,Comunitat Valenciana,12,Castellón/Castelló,els Ports,12075,la Mata de Morella,OpenStreetMap (ODbL 1.0),Calculada sobre MDT25 © IGN (CC BY 4.0),8,2025-05-01T15:57:06Z,2026-10-04
9673dafb-2832-4614-82b8-f07776f3586e,node/12462861392,Tossal Gros,,,,,1103.0,OpenStreetMap (coincide con MDT a ±10 m),30.0,False,1072.0,secundaria,40.6714678,0.0007081,10,Comunitat Valenciana,12,Castellón/Castelló,els Ports,12080,Morella,OpenStreetMap (ODbL 1.0),Calculada sobre MDT25 © IGN (CC BY 4.0),1,2024-12-30T11:49:54Z,2026-10-04
240e602c-801a-4ce1-b54b-953b0295ea8e,node/4055266291,El Pinar,,,,,1102.0,OpenStreetMap (coincide con MDT a ±10 m),216.0,False,883.0,principal,39.9814365,-0.4508329,10,Comunitat Valenciana,12,Castellón/Castelló,El Alto Mijares,12116,Torralba del Pinar,OpenStreetMap (ODbL 1.0),Calculada sobre MDT25 © IGN (CC BY 4.0),5,2025-05-19T18:02:15Z,2026-10-04
be0a96b1-b04f-4c37-90cb-644c2de04a9b,node/12752774254,Puntal de la Contienda,,,,,1102.0,OpenStreetMap (coincide con MDT a ±10 m),45.0,False,1057.0,secundaria,40.0372475,-0.7460223,10,Comunitat Valenciana,12,Castellón/Castelló,l'Alt Palància,12115,El Toro,OpenStreetMap (ODbL 1.0),Calculada sobre MDT25 © IGN (CC BY 4.0),1,2025-04-13T17:54:36Z,2026-10-04
60e3e88a-4dd0-4bb8-904f-bdddc6c02e9a,node/13089507029,Corona del Tozal,,,,,1099.0,OpenStreetMap (coincide con MDT a ±10 m),76.0,False,1022.0,secundaria,40.6688966,-0.359343,10,Comunitat Valenciana,12,Castellón/Castelló,els Ports,12083,Olocau del Rey,OpenStreetMap (ODbL 1.0),Calculada sobre MDT25 © IGN (CC BY 4.0),2,2025-08-22T18:51:55Z,2026-10-04
9c45b056-f977-4c02-bfaa-274ba5038cf1,node/1243236684,el Teixet,,,,,1097.0,OpenStreetMap (coincide con MDT a ±10 m),55.0,False,1040.0,secundaria,40.586847,0.1292002,10,Comunitat Valenciana,12,Castellón/Castelló,els Ports,12127,Vallibona,OpenStreetMap (ODbL 1.0),Calculada sobre MDT25 © IGN (CC BY 4.0),4,2023-08-28T12:36:57Z,2026-10-04
39392ab8-f8a5-46eb-a202-a96cfa2af37a,node/1243277338,Tossal d'en Ramos,,,,,1096.0,OpenStreetMap (coincide con MDT a ±10 m),77.0,False,1013.0,secundaria,40.4137968,-0.2140377,10,Comunitat Valenciana,12,Castellón/Castelló,els Ports,12129,Vilafranca / Villafranca del Cid,OpenStreetMap (ODbL 1.0),Calculada sobre MDT25 © IGN (CC BY 4.0),4,2025-07-31T22:58:14Z,2026-10-04
13d6b979-9adc-424a-a02c-fe64b426bed6,node/1249949389,Collet de la Buitrera,,Collet de la Buitrera,,,1091.0,OpenStreetMap (coincide con MDT a ±10 m),31.0,False,1059.0,secundaria,40.6076281,-0.2379528,10,Comunitat Valenciana,12,Castellón/Castelló,els Ports,12045,Cinctorres,OpenStreetMap (ODbL 1.0),Calculada sobre MDT25 © IGN (CC BY 4.0),6,2024-09-11T18:42:41Z,2026-10-04
b60a8215-a388-41da-b65c-53ee6871826c,node/10795497796,Tossal del Vidre,,Tossal del Vidre,,,1091.0,OpenStreetMap (coincide con MDT a ±10 m),35.0,False,1056.0,secundaria,40.2758087,-0.2375941,10,Comunitat Valenciana,12,Castellón/Castelló,l'Alt Maestrat,12025,Benafigos,OpenStreetMap (ODbL 1.0),Calculada sobre MDT25 © IGN (CC BY 4.0),3,2024-01-30T19:23:35Z,2026-10-04
5e959a9f-33ef-45ba-ba11-38bf91645a47,node/7191615769,l'Esparreguera,,,,,1089.0,OpenStreetMap (coincide con MDT a ±10 m),421.0,False,664.0,principal,40.2973285,-0.0860736,10,Comunitat Valenciana,12,Castellón/Castelló,l'Alt Maestrat,12051,Culla,OpenStreetMap (ODbL 1.0),Calculada sobre MDT25 © IGN (CC BY 4.0),3,2025-07-08T11:17:06Z,2026-10-04
3c0285a4-476e-43f3-9f82-99e83ef06b7d,node/12749083785,Tossal de la Serrada,,,,,1088.0,OpenStreetMap (coincide con MDT a ±10 m),39.0,False,1051.0,secundaria,40.3350427,-0.1628054,10,Comunitat Valenciana,12,Castellón/Castelló,l'Alt Maestrat,12051,Culla,OpenStreetMap (ODbL 1.0),Calculada sobre MDT25 © IGN (CC BY 4.0),2,2025-07-08T11:17:06Z,2026-10-04
83778122-36d5-45b4-b111-75ba52fffc1a,node/13263942844,Peña del Calvo,,,,,1083.16,OpenStreetMap (coincide con MDT a ±10 m),35.0,False,1048.0,secundaria,39.9503014,-0.7405731,10,Comunitat Valenciana,12,Castellón/Castelló,l'Alt Palància,12115,El Toro,OpenStreetMap (ODbL 1.0),Calculada sobre MDT25 © IGN (CC BY 4.0),1,2025-10-27T22:22:02Z,2026-10-04
74d200e2-fe4e-43be-a989-ee58d00f0f54,node/1243235693,Moleta de l'Aldua,,,,,1083.0,OpenStreetMap (coincide con MDT a ±10 m),55.0,False,1031.0,secundaria,40.1754771,-0.3453916,10,Comunitat Valenciana,12,Castellón/Castelló,l'Alcalatén,12072,Llucena / Lucena del Cid,OpenStreetMap (ODbL 1.0),Calculada sobre MDT25 © IGN (CC BY 4.0),4,2024-01-05T01:16:41Z,2026-10-04
86a8273b-2acd-41fa-a625-d066729d39d2,node/9067812733,Tossal del Mas Roig,,Tossal del Mas Roig,,,1081.0,OpenStreetMap (coincide con MDT a ±10 m),35.0,False,1047.0,secundaria,40.6403983,0.0833775,10,Comunitat Valenciana,12,Castellón/Castelló,els Ports,12127,Vallibona,OpenStreetMap (ODbL 1.0),Calculada sobre MDT25 © IGN (CC BY 4.0),3,2025-04-22T23:20:39Z,2026-10-04
6a59d406-1bff-4655-aaaa-663ff8805357,node/26865156,Tossal de Saragossa,,Tossal de Saragossa,,,1080.0,OpenStreetMap (coincide con MDT a ±10 m),552.0,False,528.0,principal,40.2900416,-0.000956,10,Comunitat Valenciana,12,Castellón/Castelló,la Plana Alta,12105,Sierra Engarcerán,OpenStreetMap (ODbL 1.0),Calculada sobre MDT25 © IGN (CC BY 4.0),12,2022-11-21T03:50:36Z,2026-10-04
7937c625-1aab-4c6e-bc40-f821911edfc5,node/12084065532,Lloma de la Pena-roja,,,,,1079.0,OpenStreetMap (coincide con MDT a ±10 m),49.0,False,1029.0,secundaria,40.3015094,-0.2281412,10,Comunitat Valenciana,12,Castellón/Castelló,l'Alt Maestrat,12025,Benafigos,OpenStreetMap (ODbL 1.0),Calculada sobre MDT25 © IGN (CC BY 4.0),1,2024-07-30T22:51:16Z,2026-10-04
0b5ac861-41fa-4610-9a65-2f554bb8a5c2,node/12078790182,Piedra de Ladín,,,,,1074.0,OpenStreetMap (coincide con MDT a ±10 m),36.0,False,1042.0,secundaria,40.0384772,-0.6119557,10,Comunitat Valenciana,12,Castellón/Castelló,El Alto Mijares,12063,Fuente la Reina,OpenStreetMap (ODbL 1.0),Calculada sobre MDT25 © IGN (CC BY 4.0),1,2024-07-28T17:36:28Z,2026-10-04
d06e0315-42f4-4fde-a6f0-ca822b50b579,node/3928620130,Tossal de l'Ereta,,Tossal de l'Ereta,,,1072.0,OpenStreetMap (coincide con MDT a ±10 m),58.0,False,1014.0,secundaria,40.288761,-0.0098801,10,Comunitat Valenciana,12,Castellón/Castelló,la Plana Alta,12105,Sierra Engarcerán,OpenStreetMap (ODbL 1.0),Calculada sobre MDT25 © IGN (CC BY 4.0),3,2022-11-28T01:29:17Z,2026-10-04
d488e90f-1031-434d-a41e-a322f694f5e8,node/1243265998,Cerro del Navajo,,,,,1071.0,OpenStreetMap (coincide con MDT a ±10 m),68.0,False,1001.0,secundaria,39.8543904,-0.700427,10,Comunitat Valenciana,12,Castellón/Castelló,l'Alt Palància,12097,Sacañet,OpenStreetMap (ODbL 1.0),Calculada sobre MDT25 © IGN (CC BY 4.0),4,2025-01-17T18:10:17Z,2026-10-04
808b68b0-fd09-4dcb-9239-93f67b8422da,node/12847227986,el Collado,,,,,1071.0,OpenStreetMap (coincide con MDT a ±10 m),170.0,False,902.0,principal,40.1468252,-0.3522278,10,Comunitat Valenciana,12,Castellón/Castelló,l'Alcalatén,12072,Llucena / Lucena del Cid,OpenStreetMap (ODbL 1.0),Calculada sobre MDT25 © IGN (CC BY 4.0),2,2025-06-24T12:05:59Z,2026-10-04
a14659e4-d56c-4b06-81d1-668a082cbdbb,node/6957219339,Molló dels Tres Termes,,Molló dels Tres Termes,,,1069.0,OpenStreetMap (coincide con MDT a ±10 m),103.0,False,965.0,principal,40.6369315,0.1393501,10,Comunitat Valenciana,12,Castellón/Castelló,el Baix Maestrat,12093,la Pobla de Benifassà,OpenStreetMap (ODbL 1.0),Calculada sobre MDT25 © IGN (CC BY 4.0),4,2022-11-26T11:08:46Z,2026-10-04
400ae14b-90fd-46cf-bf6c-09e72142295b,node/1243278651,el Castellet de Dalt,,,,,1068.0,OpenStreetMap (coincide con MDT a ±10 m),39.0,False,1027.0,secundaria,40.5693318,0.0914059,10,Comunitat Valenciana,12,Castellón/Castelló,el Baix Maestrat,12052,Xert,OpenStreetMap (ODbL 1.0),Calculada sobre MDT25 © IGN (CC BY 4.0),5,2025-02-25T00:28:07Z,2026-10-04
6b1cde43-c5b9-4c76-bc32-9e7d16745c7b,node/13158844713,Collet del Mas de l'Orde,,,,,1068.0,OpenStreetMap (coincide con MDT a ±10 m),58.0,False,1010.0,secundaria,40.4970638,-0.1274136,10,Comunitat Valenciana,12,Castellón/Castelló,l'Alt Maestrat,12014,Ares del Maestrat,OpenStreetMap (ODbL 1.0),Calculada sobre MDT25 © IGN (CC BY 4.0),2,2025-09-20T23:32:16Z,2026-10-04
ab4e6cdb-5248-4363-b3b4-1e3fb18412b8,node/1243269369,Calacierto,,,,,1067.0,OpenStreetMap (coincide con MDT a ±10 m),31.0,False,1040.0,secundaria,40.0118933,-0.5391532,10,Comunitat Valenciana,12,Castellón/Castelló,l'Alt Palància,12043,Caudiel,OpenStreetMap (ODbL 1.0),Calculada sobre MDT25 © IGN (CC BY 4.0),6,2025-04-25T15:39:52Z,2026-10-04
e4659dc8-01fc-4dd8-918e-5ea95e4e329e,node/12453681571,Alto del Pino,,,,,1067.0,OpenStreetMap (coincide con MDT a ±10 m),46.0,False,1022.0,secundaria,39.8991871,-0.737447,10,Comunitat Valenciana,12,Castellón/Castelló,l'Alt Palància,12022,Bejís,OpenStreetMap (ODbL 1.0),Calculada sobre MDT25 © IGN (CC BY 4.0),1,2024-12-26T20:19:06Z,2026-10-04
35e70752-55d6-421d-9b46-6d837cb69cdc,node/9077779526,Moleta del Forat,,Moleta del Forat,,,1064.0,OpenStreetMap (coincide con MDT a ±10 m),48.0,False,1016.0,secundaria,40.6989431,0.1936934,10,Comunitat Valenciana,12,Castellón/Castelló,el Baix Maestrat,12093,la Pobla de Benifassà,OpenStreetMap (ODbL 1.0),Calculada sobre MDT25 © IGN (CC BY 4.0),4,2025-09-23T18:06:49Z,2026-10-04
facff459-af52-4b80-95a7-bb24cbe5a087,node/3928620156,la Talaia,,la Talaia,,,1062.0,OpenStreetMap (coincide con MDT a ±10 m),62.0,False,997.0,secundaria,40.2955331,-0.0059726,10,Comunitat Valenciana,12,Castellón/Castelló,la Plana Alta,12105,Sierra Engarcerán,OpenStreetMap (ODbL 1.0),Calculada sobre MDT25 © IGN (CC BY 4.0),6,2023-10-20T00:05:07Z,2026-10-04
76dd0d29-f361-4471-8e1e-9a2096fbe630,node/13005335831,Tossal de la Foieta,,,,,1062.0,OpenStreetMap (coincide con MDT a ±10 m),33.0,False,1031.0,secundaria,40.3462416,-0.1703417,10,Comunitat Valenciana,12,Castellón/Castelló,l'Alt Maestrat,12051,Culla,OpenStreetMap (ODbL 1.0),Calculada sobre MDT25 © IGN (CC BY 4.0),1,2025-07-16T22:00:11Z,2026-10-04
8806ebf4-c6b8-40f6-a82d-b9ca272b3d6a,node/1243269304,Alto de Garramanchel,,,,,1059.0,OpenStreetMap (coincide con MDT a ±10 m),54.0,False,1003.0,secundaria,39.9800512,-0.6545024,10,Comunitat Valenciana,12,Castellón/Castelló,l'Alt Palància,12090,Pina de Montalgrao,OpenStreetMap (ODbL 1.0),Calculada sobre MDT25 © IGN (CC BY 4.0),4,2025-09-08T19:30:19Z,2026-10-04
60fdb515-2ade-4955-8944-c0462da81a69,node/10838102412,Molló de Jacint,,Molló de Jacint,,,1058.0,OpenStreetMap (coincide con MDT a ±10 m),33.0,False,1026.0,secundaria,40.5282709,-0.0037339,10,Comunitat Valenciana,12,Castellón/Castelló,els Ports,12080,Morella,OpenStreetMap (ODbL 1.0),Calculada sobre MDT25 © IGN (CC BY 4.0),2,2023-04-25T08:31:43Z,2026-10-04
24250710-2fe9-4b6e-9a57-5de07b2ea7c0,node/1243235698,Cerro Moro,,,,,1057.0,OpenStreetMap (coincide con MDT a ±10 m),31.0,False,1029.0,secundaria,39.9041148,-0.7305311,10,Comunitat Valenciana,12,Castellón/Castelló,l'Alt Palància,12022,Bejís,OpenStreetMap (ODbL 1.0),Calculada sobre MDT25 © IGN (CC BY 4.0),4,2024-12-26T20:19:06Z,2026-10-04
946e52c3-3543-4315-aa76-cc25f814c595,node/1243277561,El Cerro,,,,,1055.0,OpenStreetMap (coincide con MDT a ±10 m),32.0,False,1027.0,secundaria,40.0044231,-0.731007,10,Comunitat Valenciana,12,Castellón/Castelló,l'Alt Palància,12115,El Toro,OpenStreetMap (ODbL 1.0),Calculada sobre MDT25 © IGN (CC BY 4.0),5,2025-11-04T08:32:23Z,2026-10-04
2a623ad6-fece-4ca2-b4b4-d903cc762d60,node/10300928972,Alto Bellota,,,,,1052.0,OpenStreetMap (coincide con MDT a ±10 m),46.0,False,1004.0,secundaria,40.0143048,-0.5508949,10,Comunitat Valenciana,12,Castellón/Castelló,El Alto Mijares,12078,Montán,OpenStreetMap (ODbL 1.0),Calculada sobre MDT25 © IGN (CC BY 4.0),1,2023-01-02T17:48:41Z,2026-10-04
30e2906d-7504-4da8-81b3-7ea2b0b20d4b,node/1243272908,El Frontón,,,,,1051.0,OpenStreetMap (coincide con MDT a ±10 m),48.0,False,1001.0,secundaria,39.8970687,-0.7464792,10,Comunitat Valenciana,12,Castellón/Castelló,l'Alt Palància,12022,Bejís,OpenStreetMap (ODbL 1.0),Calculada sobre MDT25 © IGN (CC BY 4.0),4,2024-12-26T20:19:06Z,2026-10-04
084fdcbb-677f-4e49-822e-10078f863748,node/1249944109,Curolles,,Curolles,,,1049.0,OpenStreetMap (coincide con MDT a ±10 m),37.0,False,1013.0,secundaria,40.5896994,-0.2818173,10,Comunitat Valenciana,12,Castellón/Castelló,els Ports,12075,la Mata de Morella,OpenStreetMap (ODbL 1.0),Calculada sobre MDT25 © IGN (CC BY 4.0),6,2022-12-10T15:04:40Z,2026-10-04
9d5b313e-24c0-4e5a-ad0a-86df5b8ec396,node/1243241816,Cerro de la Masadica,,,,,1048.0,OpenStreetMap (coincide con MDT a ±10 m),41.0,False,1006.0,secundaria,39.9090428,-0.7453112,10,Comunitat Valenciana,12,Castellón/Castelló,l'Alt Palància,12022,Bejís,OpenStreetMap (ODbL 1.0),Calculada sobre MDT25 © IGN (CC BY 4.0),4,2024-12-26T18:17:19Z,2026-10-04
65343ef6-e121-411a-bc9e-830fd8784e20,node/12611191320,Coll de la Gralla,,,,,1047.0,OpenStreetMap (coincide con MDT a ±10 m),42.0,False,1005.0,secundaria,40.5514364,0.084411,10,Comunitat Valenciana,12,Castellón/Castelló,el Baix Maestrat,12052,Xert,OpenStreetMap (ODbL 1.0),Calculada sobre MDT25 © IGN (CC BY 4.0),1,2025-02-23T02:00:26Z,2026-10-04
1236fc9c-7c8f-4925-a1dc-5da12580fcd8,node/12847228680,,,,,,1047.0,OpenStreetMap (coincide con MDT a ±10 m),68.0,False,978.0,secundaria,40.5457182,-0.1448586,10,Comunitat Valenciana,12,Castellón/Castelló,els Ports,12080,Morella,OpenStreetMap (ODbL 1.0),Calculada sobre MDT25 © IGN (CC BY 4.0),2,2025-05-19T19:55:18Z,2026-10-04
03d1e5d6-a2ba-4c72-902a-9ca3b4513cf3,node/11952204371,Tossal de la Lloma Fría,,,,,1045.0,OpenStreetMap (coincide con MDT a ±10 m),32.0,False,1016.0,secundaria,40.1771876,-0.3571751,10,Comunitat Valenciana,12,Castellón/Castelló,l'Alcalatén,12072,Llucena / Lucena del Cid,OpenStreetMap (ODbL 1.0),Calculada sobre MDT25 © IGN (CC BY 4.0),1,2024-06-02T17:07:07Z,2026-10-04
99e8077b-290c-4ce0-be5d-a9821876a313,node/12749136694,Tossal del Castellar,,,,,1045.0,OpenStreetMap (coincide con MDT a ±10 m),44.0,False,1002.0,secundaria,40.3255955,-0.1589501,10,Comunitat Valenciana,12,Castellón/Castelló,l'Alt Maestrat,12051,Culla,OpenStreetMap (ODbL 1.0),Calculada sobre MDT25 © IGN (CC BY 4.0),3,2025-08-08T23:55:02Z,2026-10-04
8949ccc8-c257-4039-b160-1d7f65b2d3a2,node/5927857685,Alto del Pinar,,,,,1044.0,OpenStreetMap (coincide con MDT a ±10 m),122.0,False,923.0,principal,39.9688549,-0.425224,10,Comunitat Valenciana,12,Castellón/Castelló,El Alto Mijares,12131,Villamalur,OpenStreetMap (ODbL 1.0),Calculada sobre MDT25 © IGN (CC BY 4.0),1,2018-09-25T00:58:17Z,2026-10-04
ee9aaadd-076f-4fca-a9d2-bcd8daf95597,node/12987532435,el Mollonàs,,,,,1044.0,OpenStreetMap (coincide con MDT a ±10 m),37.0,False,1009.0,secundaria,40.3387266,-0.1786673,10,Comunitat Valenciana,12,Castellón/Castelló,l'Alt Maestrat,12051,Culla,OpenStreetMap (ODbL 1.0),Calculada sobre MDT25 © IGN (CC BY 4.0),1,2025-07-08T11:17:06Z,2026-10-04
2071e624-425c-4416-b52d-655dfd6c46d4,node/5499699197,La Lastra,,,,,1042.0,OpenStreetMap (coincide con MDT a ±10 m),125.0,False,918.0,principal,39.936341,-0.427847,10,Comunitat Valenciana,12,Castellón/Castelló,l'Alt Palància,12008,Algimia de Almonacid,OpenStreetMap (ODbL 1.0),Calculada sobre MDT25 © IGN (CC BY 4.0),2,2021-07-12T08:09:32Z,2026-10-04
3af8d2ff-6808-45af-ac3e-4e6592d16309,node/1243278591,Mola d'en Camarás,,,,,1036.0,OpenStreetMap (coincide con MDT a ±10 m),53.0,False,983.0,secundaria,40.6541564,-0.1663006,10,Comunitat Valenciana,12,Castellón/Castelló,els Ports,12080,Morella,OpenStreetMap (ODbL 1.0),Calculada sobre MDT25 © IGN (CC BY 4.0),5,2025-03-30T15:58:52Z,2026-10-04
2d42c128-b270-41dc-83d0-2fbb6123026b,node/9067812314,,,,,,1036.0,MDT IGN,49.0,False,987.0,secundaria,40.6371002,0.1624633,10,Comunitat Valenciana,12,Castellón/Castelló,el Baix Maestrat,12096,Rossell,OpenStreetMap (ODbL 1.0),Calculada sobre MDT25 © IGN (CC BY 4.0),1,2021-09-06T19:51:19Z,2026-10-04
27435864-57c7-4b1d-a7ce-b1e72d2ab1e5,node/12949353806,la Torreta,,,,,1034.0,OpenStreetMap (coincide con MDT a ±10 m),58.0,False,976.0,secundaria,40.1522846,-0.3428185,10,Comunitat Valenciana,12,Castellón/Castelló,l'Alcalatén,12072,Llucena / Lucena del Cid,OpenStreetMap (ODbL 1.0),Calculada sobre MDT25 © IGN (CC BY 4.0),1,2025-06-24T12:05:59Z,2026-10-04
732a22c3-8c08-4273-8143-20f37b447522,node/13607441091,Tossal Pinós,,,,,1034.0,OpenStreetMap (coincide con MDT a ±10 m),53.0,False,982.0,secundaria,40.5776023,0.1086938,10,Comunitat Valenciana,12,Castellón/Castelló,el Baix Maestrat,12052,Xert,OpenStreetMap (ODbL 1.0),Calculada sobre MDT25 © IGN (CC BY 4.0),1,2026-02-28T11:35:26Z,2026-10-04
f9afc89d-af69-4879-872c-b7b3de1ee69a,node/10838102411,Molló de la Talaia,,Molló de la Talaia,,,1033.0,OpenStreetMap (coincide con MDT a ±10 m),128.0,False,906.0,principal,40.5317743,0.0309108,10,Comunitat Valenciana,12,Castellón/Castelló,els Ports,12080,Morella,OpenStreetMap (ODbL 1.0),Calculada sobre MDT25 © IGN (CC BY 4.0),1,2023-04-24T21:22:02Z,2026-10-04
2410fa10-391a-40f6-8615-8b2c17561cf3,node/13410803898,Roca del Corb,,,,,1033.0,OpenStreetMap (coincide con MDT a ±10 m),38.0,False,995.0,secundaria,40.6380617,0.1546671,10,Comunitat Valenciana,12,Castellón/Castelló,el Baix Maestrat,12096,Rossell,OpenStreetMap (ODbL 1.0),Calculada sobre MDT25 © IGN (CC BY 4.0),1,2025-12-27T16:20:26Z,2026-10-04
d3c0c91a-92cf-4f5f-a353-dd60aa8c1d6d,node/12847277069,Alto de Yuste,,,,,1030.0,OpenStreetMap (coincide con MDT a ±10 m),74.0,False,955.0,secundaria,39.8600411,-0.6730239,10,Comunitat Valenciana,12,Castellón/Castelló,l'Alt Palància,12071,Jérica,OpenStreetMap (ODbL 1.0),Calculada sobre MDT25 © IGN (CC BY 4.0),1,2025-05-18T16:15:35Z,2026-10-04
720a642f-3189-4694-992b-daf30f4a731a,node/1243235723,Cerro del Frontón,,,,,1029.0,OpenStreetMap (coincide con MDT a ±10 m),58.0,False,969.0,secundaria,39.8513685,-0.6815347,10,Comunitat Valenciana,12,Castellón/Castelló,l'Alt Palància,12071,Jérica,OpenStreetMap (ODbL 1.0),Calculada sobre MDT25 © IGN (CC BY 4.0),4,2025-01-17T18:10:17Z,2026-10-04
69b3decb-4f80-4d05-9b64-ccc70e5ae27d,node/9077779533,Morral del Crebalòs,,,,,1028.0,MDT IGN,38.0,False,990.0,secundaria,40.7020229,0.2053853,10,Comunitat Valenciana,12,Castellón/Castelló,el Baix Maestrat,12093,la Pobla de Benifassà,OpenStreetMap (ODbL 1.0),Calculada sobre MDT25 © IGN (CC BY 4.0),1,2021-09-09T20:26:56Z,2026-10-04
19c9e54e-defc-45cd-bffa-8954a3216231,node/10310601046,Monte de Elvira,,,,,1028.0,OpenStreetMap (coincide con MDT a ±10 m),53.0,False,974.0,secundaria,40.0040711,-0.5223325,10,Comunitat Valenciana,12,Castellón/Castelló,l'Alt Palància,12069,Higueras,OpenStreetMap (ODbL 1.0),Calculada sobre MDT25 © IGN (CC BY 4.0),2,2023-03-08T16:40:07Z,2026-10-04
e660ae0b-a8f0-47ee-8bb7-9a18ced63e1f,node/9077779527,Tossal del Portell,,Tossal del Portell,,,1026.0,OpenStreetMap (coincide con MDT a ±10 m),56.0,False,968.0,secundaria,40.7001606,0.1973015,10,Comunitat Valenciana,12,Castellón/Castelló,el Baix Maestrat,12093,la Pobla de Benifassà,OpenStreetMap (ODbL 1.0),Calculada sobre MDT25 © IGN (CC BY 4.0),3,2025-09-23T18:06:49Z,2026-10-04
631f28de-2aeb-42b1-901a-635c4c9da7eb,node/7221190210,Lloma dels Castellans,,Lloma dels Castellans,,,1025.0,OpenStreetMap (coincide con MDT a ±10 m),41.0,False,980.0,secundaria,40.6455454,-0.261554,10,Comunitat Valenciana,12,Castellón/Castelló,els Ports,12112,Todolella,OpenStreetMap (ODbL 1.0),Calculada sobre MDT25 © IGN (CC BY 4.0),3,2025-01-11T16:56:01Z,2026-10-04
1ef98346-d973-4d8e-a8b4-dba82eea111d,node/11486613048,Lloma del Fenassar,,Lloma del Fenassar,,,1025.0,OpenStreetMap (coincide con MDT a ±10 m),48.0,False,977.0,secundaria,40.5022118,0.0068917,10,Comunitat Valenciana,12,Castellón/Castelló,l'Alt Maestrat,12042,Catí,OpenStreetMap (ODbL 1.0),Calculada sobre MDT25 © IGN (CC BY 4.0),3,2024-09-14T16:47:19Z,2026-10-04
7da0558e-3df8-48a6-b8f5-14a7bf702f9a,node/13853323059,Sant Marc,,,,,1025.0,OpenStreetMap (coincide con MDT a ±10 m),90.0,False,934.0,secundaria,40.7295992,-0.1185107,10,Comunitat Valenciana,12,Castellón/Castelló,els Ports,12141,Zorita del Maestrazgo,OpenStreetMap (ODbL 1.0),Calculada sobre MDT25 © IGN (CC BY 4.0),1,2026-05-20T15:32:09Z,2026-10-04
05295420-b6ec-4f06-a04e-730237f0abf6,node/576912802,Peña Ladín,,,,,1024.0,OpenStreetMap (coincide con MDT a ±10 m),30.0,False,998.0,secundaria,40.0397378,-0.6073048,10,Comunitat Valenciana,12,Castellón/Castelló,El Alto Mijares,12078,Montán,OpenStreetMap (ODbL 1.0),Calculada sobre MDT25 © IGN (CC BY 4.0),4,2024-07-28T17:36:28Z,2026-10-04
19b8343e-cb45-440b-ae78-8976efd0b7d8,node/1249943690,Tossal d'en Sabater,,Tossal d'en Sabater,,,1024.0,OpenStreetMap (coincide con MDT a ±10 m),94.0,False,930.0,secundaria,40.7063537,-0.0064418,10,Comunitat Valenciana,12,Castellón/Castelló,els Ports,12068,Herbers,OpenStreetMap (ODbL 1.0),Calculada sobre MDT25 © IGN (CC BY 4.0),6,2026-05-17T19:09:46Z,2026-10-04
c8954224-6ad2-48a1-8729-63ad9d7abf55,node/7416690656,lo Tossal,,lo Tossal,,,1024.0,OpenStreetMap (coincide con MDT a ±10 m),89.0,False,936.0,secundaria,40.6224974,0.1587526,10,Comunitat Valenciana,12,Castellón/Castelló,el Baix Maestrat,12096,Rossell,OpenStreetMap (ODbL 1.0),Calculada sobre MDT25 © IGN (CC BY 4.0),2,2023-10-09T23:26:22Z,2026-10-04
8ef3bb06-24ce-4d59-98c2-e8356271765e,node/12771946596,Collet de la Querola,,,,,1024.0,OpenStreetMap (coincide con MDT a ±10 m),46.0,False,973.0,secundaria,40.6280978,-0.0939739,10,Comunitat Valenciana,12,Castellón/Castelló,els Ports,12080,Morella,OpenStreetMap (ODbL 1.0),Calculada sobre MDT25 © IGN (CC BY 4.0),1,2025-04-21T11:03:23Z,2026-10-04
eecc03a1-41eb-4152-b665-75673b3e6aa5,node/1243278676,Alto de la Solana,,,,,1022.0,OpenStreetMap (coincide con MDT a ±10 m),108.0,False,913.0,principal,39.9914411,-0.5878137,10,Comunitat Valenciana,12,Castellón/Castelló,l'Alt Palància,12043,Caudiel,OpenStreetMap (ODbL 1.0),Calculada sobre MDT25 © IGN (CC BY 4.0),4,2024-09-12T11:02:42Z,2026-10-04
40b96978-346e-4236-8719-b92ffc2531e5,node/12849004055,el Bovalar,,,,,1021.0,OpenStreetMap (coincide con MDT a ±10 m),50.0,False,975.0,secundaria,40.3701606,-0.1441057,10,Comunitat Valenciana,12,Castellón/Castelló,l'Alt Maestrat,12026,Benassal,OpenStreetMap (ODbL 1.0),Calculada sobre MDT25 © IGN (CC BY 4.0),3,2025-08-12T15:57:55Z,2026-10-04
600f64ec-6407-4555-97c3-a281951fd995,node/11845308361,El Rodeno Alto,,,,,1020.0,OpenStreetMap (coincide con MDT a ±10 m),69.0,False,951.0,secundaria,40.005519,-0.5133091,10,Comunitat Valenciana,12,Castellón/Castelló,l'Alt Palància,12069,Higueras,OpenStreetMap (ODbL 1.0),Calculada sobre MDT25 © IGN (CC BY 4.0),1,2024-04-24T19:19:43Z,2026-10-04
150322b0-5f5f-445a-815a-b381439b2598,node/1243240153,El Tajar,,,,,1019.0,OpenStreetMap (coincide con MDT a ±10 m),30.0,False,989.0,secundaria,39.9749303,-0.4362503,10,Comunitat Valenciana,12,Castellón/Castelló,El Alto Mijares,12131,Villamalur,OpenStreetMap (ODbL 1.0),Calculada sobre MDT25 © IGN (CC BY 4.0),4,2023-12-03T20:53:09Z,2026-10-04
5e4bef16-395a-4cdb-b3c8-710053e86874,node/1126423744,Montmayor,,,,,1016.0,OpenStreetMap (coincide con MDT a ±10 m),183.0,False,832.0,principal,39.8328242,-0.625595,10,Comunitat Valenciana,12,Castellón/Castelló,l'Alt Palància,12012,Altura,OpenStreetMap (ODbL 1.0),Calculada sobre MDT25 © IGN (CC BY 4.0),4,2025-12-26T20:46:31Z,2026-10-04
563f4466-379a-4634-90cb-df40476abf3c,node/7603316370,Picaio,,,,,1016.0,OpenStreetMap (coincide con MDT a ±10 m),52.0,False,962.0,secundaria,39.8970297,-0.3599941,10,Comunitat Valenciana,12,Castellón/Castelló,la Plana Baixa,12002,Aín,OpenStreetMap (ODbL 1.0),Calculada sobre MDT25 © IGN (CC BY 4.0),5,2023-06-10T11:29:44Z,2026-10-04
1dd7d616-cfa4-4d35-945d-740d25a358e3,node/1260547655,Cerro Bureles,,,,,1013.0,OpenStreetMap (coincide con MDT a ±10 m),64.0,False,953.0,secundaria,40.6578709,-0.378776,10,Comunitat Valenciana,12,Castellón/Castelló,els Ports,12083,Olocau del Rey,OpenStreetMap (ODbL 1.0),Calculada sobre MDT25 © IGN (CC BY 4.0),7,2024-03-30T19:31:35Z,2026-10-04
51a3a3a2-290f-4859-9566-5baf87ec7e13,node/11270637139,Tossal de Mercades,,,,,1013.0,OpenStreetMap (coincide con MDT a ±10 m),56.0,False,960.0,secundaria,40.3204649,-0.1566617,10,Comunitat Valenciana,12,Castellón/Castelló,l'Alt Maestrat,12051,Culla,OpenStreetMap (ODbL 1.0),Calculada sobre MDT25 © IGN (CC BY 4.0),1,2023-10-17T23:35:31Z,2026-10-04
e8d1f046-1d9a-4c5b-9736-9c4679cbcce2,node/5312062468,Morral Desplegat,,Morral Desplegat,,,1012.6,OpenStreetMap (coincide con MDT a ±10 m),116.0,False,896.0,principal,40.7162833,0.2273394,10,Comunitat Valenciana,12,Castellón/Castelló,el Baix Maestrat,12093,la Pobla de Benifassà,OpenStreetMap (ODbL 1.0),Calculada sobre MDT25 © IGN (CC BY 4.0),5,2021-12-08T17:19:20Z,2026-10-04
c46236fe-62a6-4c31-83a4-2b1d452fc43e,node/12777372657,Collet del Corb,,,,,1012.0,OpenStreetMap (coincide con MDT a ±10 m),37.0,False,974.0,secundaria,40.6262511,-0.0090505,10,Comunitat Valenciana,12,Castellón/Castelló,els Ports,12080,Morella,OpenStreetMap (ODbL 1.0),Calculada sobre MDT25 © IGN (CC BY 4.0),2,2026-05-17T19:09:46Z,2026-10-04
24aa287c-0b59-41ec-9599-cc6749b143f1,node/13410784757,lo Pulino,,,,,1012.0,OpenStreetMap (coincide con MDT a ±10 m),83.0,False,926.0,secundaria,40.6503864,0.1780031,10,Comunitat Valenciana,12,Castellón/Castelló,el Baix Maestrat,12093,la Pobla de Benifassà,OpenStreetMap (ODbL 1.0),Calculada sobre MDT25 © IGN (CC BY 4.0),2,2025-12-27T18:24:43Z,2026-10-04
42bf38ac-da4c-44e0-b320-e734effe34d2,node/7416695220,Mola de Bel,,Mola de Bel,,,1011.0,OpenStreetMap (coincide con MDT a ±10 m),49.0,False,961.0,secundaria,40.6151785,0.162998,10,Comunitat Valenciana,12,Castellón/Castelló,el Baix Maestrat,12096,Rossell,OpenStreetMap (ODbL 1.0),Calculada sobre MDT25 © IGN (CC BY 4.0),3,2026-05-17T14:07:49Z,2026-10-04
f2567948-4717-4d8d-8a7c-47d64f633a47,node/1243271268,Los García,,,,,1009.0,OpenStreetMap (coincide con MDT a ±10 m),35.0,False,972.0,secundaria,39.8587549,-0.6830451,10,Comunitat Valenciana,12,Castellón/Castelló,l'Alt Palància,12071,Jérica,OpenStreetMap (ODbL 1.0),Calculada sobre MDT25 © IGN (CC BY 4.0),4,2025-01-17T18:10:17Z,2026-10-04
13406f9d-63a4-4341-89bb-83433e1b5969,node/11504219302,la Bargida,,,,,1009.0,OpenStreetMap (coincide con MDT a ±10 m),46.0,False,958.0,secundaria,40.3685201,-0.2510414,10,Comunitat Valenciana,12,Castellón/Castelló,l'Alt Maestrat,12139,Vistabella del Maestrat,OpenStreetMap (ODbL 1.0),Calculada sobre MDT25 © IGN (CC BY 4.0),1,2024-01-09T20:15:23Z,2026-10-04
c865aa82-2967-4723-b425-451a95212aab,node/12465110990,Tossal de l'Ombieta,,,,,1009.0,OpenStreetMap (coincide con MDT a ±10 m),34.0,False,974.0,secundaria,40.643167,-0.2712175,10,Comunitat Valenciana,12,Castellón/Castelló,els Ports,12112,Todolella,OpenStreetMap (ODbL 1.0),Calculada sobre MDT25 © IGN (CC BY 4.0),1,2024-12-31T10:42:29Z,2026-10-04
186ede2d-68a1-46a4-95b2-8aab174ef5dc,node/1243276514,Monte Redondo,,,,,1004.0,OpenStreetMap (coincide con MDT a ±10 m),48.0,False,958.0,secundaria,40.009284,-0.5264667,10,Comunitat Valenciana,12,Castellón/Castelló,l'Alt Palància,12069,Higueras,OpenStreetMap (ODbL 1.0),Calculada sobre MDT25 © IGN (CC BY 4.0),4,2023-01-06T10:18:05Z,2026-10-04
4369a4c6-b93b-4f58-bc7e-7fb9b1a7c980,node/7416695219,Mola de la Pena,,Mola de la Pena,,,1004.0,OpenStreetMap (coincide con MDT a ±10 m),46.0,False,960.0,secundaria,40.6116649,0.1702634,10,Comunitat Valenciana,12,Castellón/Castelló,el Baix Maestrat,12096,Rossell,OpenStreetMap (ODbL 1.0),Calculada sobre MDT25 © IGN (CC BY 4.0),3,2025-05-19T20:10:32Z,2026-10-04
224b78e5-a2e6-4937-91ce-4a88124fab42,node/13019193361,Tossal d'Arinesa,,,,,1003.0,OpenStreetMap (coincide con MDT a ±10 m),34.0,False,970.0,secundaria,40.3165896,-0.1532775,10,Comunitat Valenciana,12,Castellón/Castelló,l'Alt Maestrat,12051,Culla,OpenStreetMap (ODbL 1.0),Calculada sobre MDT25 © IGN (CC BY 4.0),1,2025-07-23T14:42:41Z,2026-10-04
02458311-544d-492b-8e83-4021a819a974,node/13032531623,Tossal del Mas de l'Home,,,,,1003.0,OpenStreetMap (coincide con MDT a ±10 m),45.0,False,958.0,secundaria,40.3092471,-0.172745,10,Comunitat Valenciana,12,Castellón/Castelló,l'Alt Maestrat,12051,Culla,OpenStreetMap (ODbL 1.0),Calculada sobre MDT25 © IGN (CC BY 4.0),2,2025-07-29T06:33:01Z,2026-10-04
d2a28a96-7a61-4912-8a8a-2e1564a5d607,node/6319084841,,,,,,997.0,OpenStreetMap (coincide con MDT a ±10 m),105.0,False,892.0,principal,39.8945739,-0.3821443,10,Comunitat Valenciana,12,Castellón/Castelló,l'Alt Palància,12008,Algimia de Almonacid,OpenStreetMap (ODbL 1.0),Calculada sobre MDT25 © IGN (CC BY 4.0),2,2025-12-22T00:49:12Z,2026-10-04
7a39827d-2ab5-43b3-ab67-b2fe042da571,node/12172066225,Alto del Mas del Bravo,,,,,996.0,OpenStreetMap (coincide con MDT a ±10 m),65.0,False,931.0,secundaria,39.9970086,-0.59212,10,Comunitat Valenciana,12,Castellón/Castelló,l'Alt Palància,12043,Caudiel,OpenStreetMap (ODbL 1.0),Calculada sobre MDT25 © IGN (CC BY 4.0),1,2024-09-12T11:02:42Z,2026-10-04
28632248-6ae6-400b-8343-a93defd4a0d8,node/1243238295,Cerro de Simón,,,,,994.0,OpenStreetMap (coincide con MDT a ±10 m),39.0,False,954.0,secundaria,39.9254008,-0.7217178,10,Comunitat Valenciana,12,Castellón/Castelló,l'Alt Palància,12022,Bejís,OpenStreetMap (ODbL 1.0),Calculada sobre MDT25 © IGN (CC BY 4.0),4,2024-12-26T17:41:43Z,2026-10-04
abcacdc0-04b3-4e15-8ba4-6da0a6e55741,node/7416690657,Tossal de la Borja,,Tossal de la Borja,,,994.0,OpenStreetMap (coincide con MDT a ±10 m),51.0,False,944.0,secundaria,40.6252361,0.143425,10,Comunitat Valenciana,12,Castellón/Castelló,els Ports,12127,Vallibona,OpenStreetMap (ODbL 1.0),Calculada sobre MDT25 © IGN (CC BY 4.0),3,2025-01-23T17:28:59Z,2026-10-04
3a3ca5d3-c18a-4ab2-a071-9c48bcd76698,node/13830452559,El Cantón,,,,,994.0,OpenStreetMap (coincide con MDT a ±10 m),70.0,False,923.0,secundaria,40.1127973,-0.5504371,10,Comunitat Valenciana,12,Castellón/Castelló,El Alto Mijares,12092,Puebla de Arenoso,OpenStreetMap (ODbL 1.0),Calculada sobre MDT25 © IGN (CC BY 4.0),2,2026-05-15T11:46:34Z,2026-10-04
4d0160cf-ae38-45a0-afb3-83d484bb57dd,node/12488110290,Moleta de les Pallisses,,,,,992.0,OpenStreetMap (coincide con MDT a ±10 m),45.0,False,948.0,secundaria,40.4334302,-0.1291203,10,Comunitat Valenciana,12,Castellón/Castelló,l'Alt Maestrat,12014,Ares del Maestrat,OpenStreetMap (ODbL 1.0),Calculada sobre MDT25 © IGN (CC BY 4.0),1,2025-01-10T10:58:29Z,2026-10-04
e4a2c6f6-23c7-427c-92ce-c5773fa5fda0,node/1243244005,San Cristóbal,,,,,988.0,OpenStreetMap (coincide con MDT a ±10 m),48.0,False,937.0,secundaria,40.0893848,-0.594229,10,Comunitat Valenciana,12,Castellón/Castelló,El Alto Mijares,12092,Puebla de Arenoso,OpenStreetMap (ODbL 1.0),Calculada sobre MDT25 © IGN (CC BY 4.0),5,2024-07-19T11:39:46Z,2026-10-04
e0a37b8a-71a0-4ced-b12d-62b0b86171a5,node/11845315491,Alto de la Pedriza,,,,,988.0,OpenStreetMap (coincide con MDT a ±10 m),81.0,False,905.0,secundaria,39.995517,-0.4803382,10,Comunitat Valenciana,12,Castellón/Castelló,l'Alt Palància,12069,Higueras,OpenStreetMap (ODbL 1.0),Calculada sobre MDT25 © IGN (CC BY 4.0),1,2024-04-24T19:19:43Z,2026-10-04
865b70d8-836f-4fb6-867a-b14b23f591d5,node/1249958916,Mola del Fitó,,Mola del Fitó,,,985.0,OpenStreetMap (coincide con MDT a ±10 m),36.0,False,948.0,secundaria,40.6898428,0.2642952,10,Comunitat Valenciana,12,Castellón/Castelló,el Baix Maestrat,12093,la Pobla de Benifassà,OpenStreetMap (ODbL 1.0),Calculada sobre MDT25 © IGN (CC BY 4.0),5,2026-05-17T19:09:46Z,2026-10-04
f6739e73-1423-48bf-8b0b-2c723204f591,node/1243244131,Tossal de la Taladeta,,,,,980.0,OpenStreetMap (coincide con MDT a ±10 m),56.0,False,921.0,secundaria,40.3021891,-0.1777272,10,Comunitat Valenciana,12,Castellón/Castelló,l'Alt Maestrat,12051,Culla,OpenStreetMap (ODbL 1.0),Calculada sobre MDT25 © IGN (CC BY 4.0),5,2025-07-08T09:04:06Z,2026-10-04
fd1ea410-7ac8-46cb-b35a-16cc96a8ef7f,node/12987532799,Roca de Penyacalba,,,,,975.0,OpenStreetMap (coincide con MDT a ±10 m),34.0,False,940.0,secundaria,40.320737,-0.196327,10,Comunitat Valenciana,12,Castellón/Castelló,l'Alt Maestrat,12051,Culla,OpenStreetMap (ODbL 1.0),Calculada sobre MDT25 © IGN (CC BY 4.0),1,2025-07-08T11:17:06Z,2026-10-04
5732cc90-1bf8-47d5-818b-10e7ab600bc5,node/5927872485,Pic Batalla,,Pic Batalla,,,974.0,OpenStreetMap (coincide con MDT a ±10 m),216.0,False,756.0,principal,39.8865944,-0.3369199,10,Comunitat Valenciana,12,Castellón/Castelló,la Plana Baixa,12002,Aín,OpenStreetMap (ODbL 1.0),Calculada sobre MDT25 © IGN (CC BY 4.0),6,2022-12-10T14:04:35Z,2026-10-04
dc302aa4-2844-41f5-a6e8-e6d72e855b21,node/7650657795,Alt del Pinar,,,,,974.0,OpenStreetMap (coincide con MDT a ±10 m),180.0,False,794.0,principal,39.8776515,-0.3579525,10,Comunitat Valenciana,12,Castellón/Castelló,l'Alt Palància,12018,Azuébar,OpenStreetMap (ODbL 1.0),Calculada sobre MDT25 © IGN (CC BY 4.0),6,2026-04-18T15:29:26Z,2026-10-04
0e1edbef-e493-4067-a1c1-b75d549c276f,node/13045717416,Lloma del Bord,,,,,974.0,OpenStreetMap (coincide con MDT a ±10 m),33.0,False,941.0,secundaria,40.3638769,-0.1605249,10,Comunitat Valenciana,12,Castellón/Castelló,l'Alt Maestrat,12026,Benassal,OpenStreetMap (ODbL 1.0),Calculada sobre MDT25 © IGN (CC BY 4.0),1,2025-08-03T13:14:20Z,2026-10-04
9e1ad025-664d-4bcf-a88b-3d289bf67f58,node/1243230787,La Serratilla,,,,,973.0,OpenStreetMap (coincide con MDT a ±10 m),61.0,False,911.0,secundaria,39.9838229,-0.4759736,10,Comunitat Valenciana,12,Castellón/Castelló,l'Alt Palància,12088,Pavías,OpenStreetMap (ODbL 1.0),Calculada sobre MDT25 © IGN (CC BY 4.0),4,2024-04-24T19:19:43Z,2026-10-04
83786f6c-f48f-4dee-be16-11d4cf618725,node/13084855309,Tossalet de Sant Pere,,,,,972.4,OpenStreetMap (coincide con MDT a ±10 m),35.0,False,936.0,secundaria,40.585183,-0.0750193,10,Comunitat Valenciana,12,Castellón/Castelló,els Ports,12080,Morella,OpenStreetMap (ODbL 1.0),Calculada sobre MDT25 © IGN (CC BY 4.0),1,2025-08-20T16:28:33Z,2026-10-04
f8ad6eff-21fb-4c97-be53-f742a09658df,node/1243270679,les Forques,,les Forques,,,972.0,OpenStreetMap (coincide con MDT a ±10 m),44.0,False,930.0,secundaria,40.3729151,-0.1305082,10,Comunitat Valenciana,12,Castellón/Castelló,l'Alt Maestrat,12026,Benassal,OpenStreetMap (ODbL 1.0),Calculada sobre MDT25 © IGN (CC BY 4.0),6,2026-05-17T19:09:46Z,2026-10-04
c2d0924c-d1a0-42f1-937e-bf0a6d870fd3,node/12509891581,Alto de Pipa,,,,,972.0,OpenStreetMap (coincide con MDT a ±10 m),33.0,False,938.0,secundaria,39.8674283,-0.6836972,10,Comunitat Valenciana,12,Castellón/Castelló,l'Alt Palància,12110,Teresa,OpenStreetMap (ODbL 1.0),Calculada sobre MDT25 © IGN (CC BY 4.0),1,2025-01-17T18:10:17Z,2026-10-04
6cf36b69-a74d-49c0-ab6e-7eb4508a587c,node/11533218756,Tossal de la Creu,,Tossal de la Creu,,,969.0,OpenStreetMap (coincide con MDT a ±10 m),30.0,False,938.0,secundaria,40.5378435,0.0727564,10,Comunitat Valenciana,12,Castellón/Castelló,l'Alt Maestrat,12042,Catí,OpenStreetMap (ODbL 1.0),Calculada sobre MDT25 © IGN (CC BY 4.0),2,2025-02-23T02:00:26Z,2026-10-04
22a3aa6e-7475-4d5d-b846-613dac0e6a89,node/11570547351,Tossal del Mas de Clèric,,,,,967.0,OpenStreetMap (coincide con MDT a ±10 m),63.0,False,904.0,secundaria,40.2815719,-0.251956,10,Comunitat Valenciana,12,Castellón/Castelló,l'Alt Maestrat,12139,Vistabella del Maestrat,OpenStreetMap (ODbL 1.0),Calculada sobre MDT25 © IGN (CC BY 4.0),1,2024-01-30T19:23:35Z,2026-10-04
3d127606-47f0-4f20-b4c6-9239f4ce2727,node/1243233624,Las Cascajeras,,,,,963.0,OpenStreetMap (coincide con MDT a ±10 m),37.0,False,919.0,secundaria,40.0274728,-0.5721255,10,Comunitat Valenciana,12,Castellón/Castelló,El Alto Mijares,12078,Montán,OpenStreetMap (ODbL 1.0),Calculada sobre MDT25 © IGN (CC BY 4.0),4,2025-04-15T09:15:55Z,2026-10-04
b41dfd2b-810b-494f-9c46-019a4d5acf53,node/1243244265,El Morrón de Campos,,,,,963.0,OpenStreetMap (coincide con MDT a ±10 m),105.0,False,863.0,principal,40.0776867,-0.5474667,10,Comunitat Valenciana,12,Castellón/Castelló,El Alto Mijares,12079,Montanejos,OpenStreetMap (ODbL 1.0),Calculada sobre MDT25 © IGN (CC BY 4.0),5,2025-03-31T20:24:17Z,2026-10-04
85191baf-374c-44ba-8f4d-557ecc40c714,node/1243232683,La Ereta,,,,,959.0,OpenStreetMap (coincide con MDT a ±10 m),58.0,False,899.0,secundaria,39.8801451,-0.3628936,10,Comunitat Valenciana,12,Castellón/Castelló,l'Alt Palància,12018,Azuébar,OpenStreetMap (ODbL 1.0),Calculada sobre MDT25 © IGN (CC BY 4.0),10,2025-01-30T13:11:12Z,2026-10-04
0a77e99c-7a7c-4046-b4a7-e1c0e32a47eb,node/11525092533,Alto del Erizo,,,,,958.0,OpenStreetMap (coincide con MDT a ±10 m),56.0,False,898.0,secundaria,39.8952439,-0.3944276,10,Comunitat Valenciana,12,Castellón/Castelló,l'Alt Palància,12008,Algimia de Almonacid,OpenStreetMap (ODbL 1.0),Calculada sobre MDT25 © IGN (CC BY 4.0),2,2025-12-22T00:49:12Z,2026-10-04
81b5abdf-36f6-49dd-9c26-4a0885483870,node/3434673958,Pico de la Bellota,,,,,956.0,OpenStreetMap (coincide con MDT a ±10 m),84.0,False,874.0,secundaria,39.869768,-0.3434163,10,Comunitat Valenciana,12,Castellón/Castelló,l'Alt Palància,12056,Chóvar,OpenStreetMap (ODbL 1.0),Calculada sobre MDT25 © IGN (CC BY 4.0),2,2018-09-27T19:43:28Z,2026-10-04
e51d0893-7354-4a2e-8e89-55cde3ed2a0f,node/11548222941,Tossal de l'Algepsar,,,,,955.0,OpenStreetMap (coincide con MDT a ±10 m),58.0,False,896.0,secundaria,40.2860243,-0.2563012,10,Comunitat Valenciana,12,Castellón/Castelló,l'Alt Maestrat,12139,Vistabella del Maestrat,OpenStreetMap (ODbL 1.0),Calculada sobre MDT25 © IGN (CC BY 4.0),2,2024-01-30T19:23:35Z,2026-10-04
a41cfe16-58b6-46a9-a469-44f38d68ab6c,node/1243277409,Tossal de la Vila,,Tossal de la Vila,,,954.0,OpenStreetMap (coincide con MDT a ±10 m),164.0,False,789.0,principal,40.2672352,-0.0352318,10,Comunitat Valenciana,12,Castellón/Castelló,la Plana Alta,12105,Sierra Engarcerán,OpenStreetMap (ODbL 1.0),Calculada sobre MDT25 © IGN (CC BY 4.0),5,2024-12-12T15:59:07Z,2026-10-04
ac9ad1c2-e333-4d49-9269-d0c4ba84670f,node/10838102410,Mola de la Servera,,Mola de la Servera,,,954.0,OpenStreetMap (coincide con MDT a ±10 m),56.0,False,899.0,secundaria,40.5319614,0.0423587,10,Comunitat Valenciana,12,Castellón/Castelló,els Ports,12080,Morella,OpenStreetMap (ODbL 1.0),Calculada sobre MDT25 © IGN (CC BY 4.0),1,2023-04-24T21:22:02Z,2026-10-04
2b735ae3-311d-4944-9707-afcb77d57894,node/11392871406,Peña de Esteban,,,,,954.0,OpenStreetMap (coincide con MDT a ±10 m),112.0,False,842.0,principal,40.0128579,-0.4616404,10,Comunitat Valenciana,12,Castellón/Castelló,El Alto Mijares,12116,Torralba del Pinar,OpenStreetMap (ODbL 1.0),Calculada sobre MDT25 © IGN (CC BY 4.0),1,2023-12-03T20:53:09Z,2026-10-04
4839e2b6-2d3e-4484-88f3-28d2b2c5881d,node/8833484853,Peña de la Hiedra,,,,,951.0,OpenStreetMap (coincide con MDT a ±10 m),89.0,False,862.0,secundaria,40.0053638,-0.4680713,10,Comunitat Valenciana,12,Castellón/Castelló,El Alto Mijares,12116,Torralba del Pinar,OpenStreetMap (ODbL 1.0),Calculada sobre MDT25 © IGN (CC BY 4.0),2,2023-08-27T08:05:19Z,2026-10-04
cf21f997-344b-40af-a544-cc2e64af0a2f,node/1243278847,Alto del Cinglo,,,,,947.0,OpenStreetMap (coincide con MDT a ±10 m),131.0,False,817.0,principal,40.0246356,-0.4901138,10,Comunitat Valenciana,12,Castellón/Castelló,El Alto Mijares,12046,Cirat,OpenStreetMap (ODbL 1.0),Calculada sobre MDT25 © IGN (CC BY 4.0),4,2024-04-10T16:55:50Z,2026-10-04
6d7bbc5b-58b3-4fd3-ab58-15a9d4304964,node/7191586777,Mola de la Vila,,Mola de la Vila,,,947.0,OpenStreetMap (coincide con MDT a ±10 m),142.0,False,805.0,principal,40.65717,-0.2047973,10,Comunitat Valenciana,12,Castellón/Castelló,els Ports,12061,Forcall,OpenStreetMap (ODbL 1.0),Calculada sobre MDT25 © IGN (CC BY 4.0),2,2022-12-10T14:59:10Z,2026-10-04
a2750f6e-d141-455d-b2e0-28d2c31b20f9,node/7084819078,Pascual,,,,,946.0,OpenStreetMap (coincide con MDT a ±10 m),132.0,False,813.0,principal,39.9011687,-0.4092432,10,Comunitat Valenciana,12,Castellón/Castelló,l'Alt Palància,12008,Algimia de Almonacid,OpenStreetMap (ODbL 1.0),Calculada sobre MDT25 © IGN (CC BY 4.0),1,2019-12-25T22:52:28Z,2026-10-04
39d5d2c5-c987-45a9-9ad1-9fa1907e4175,node/12526741976,Mola Closa,,,,,946.0,OpenStreetMap (coincide con MDT a ±10 m),37.0,False,910.0,secundaria,40.6156762,0.131533,10,Comunitat Valenciana,12,Castellón/Castelló,els Ports,12127,Vallibona,OpenStreetMap (ODbL 1.0),Calculada sobre MDT25 © IGN (CC BY 4.0),1,2025-01-23T17:28:59Z,2026-10-04
5ea35b79-b929-4f89-a38c-c4d4fe2895cb,node/3434673960,Puntal de l'Aljub,Puntal del Aljibe,Puntal de l'Aljub,,,944.0,OpenStreetMap (coincide con MDT a ±10 m),94.0,False,854.0,secundaria,39.8720608,-0.3247975,10,Comunitat Valenciana,12,Castellón/Castelló,la Plana Baixa,12057,Eslida,OpenStreetMap (ODbL 1.0),Calculada sobre MDT25 © IGN (CC BY 4.0),5,2020-10-19T21:39:37Z,2026-10-04
c91669ea-1da7-4b5d-9cf7-f84f2ab7e42a,node/1243273979,la Talaiola,,,,,943.0,OpenStreetMap (coincide con MDT a ±10 m),86.0,False,857.0,secundaria,40.5794679,0.1634627,10,Comunitat Valenciana,12,Castellón/Castelló,el Baix Maestrat,12036,Canet lo Roig,OpenStreetMap (ODbL 1.0),Calculada sobre MDT25 © IGN (CC BY 4.0),5,2026-03-05T00:31:09Z,2026-10-04
774f4658-e869-4149-b9f7-1505d98dabc6,node/1243243570,Rosada,,,,,941.0,OpenStreetMap (coincide con MDT a ±10 m),58.0,False,889.0,secundaria,40.0631812,-0.5489827,10,Comunitat Valenciana,12,Castellón/Castelló,El Alto Mijares,12079,Montanejos,OpenStreetMap (ODbL 1.0),Calculada sobre MDT25 © IGN (CC BY 4.0),4,2023-01-02T18:23:09Z,2026-10-04
f7660195-4363-4f92-b654-a937479e8503,node/1243242816,Tossal Gros,,Turó Gros,,,938.0,OpenStreetMap (coincide con MDT a ±10 m),96.0,False,840.0,secundaria,39.8864,-0.3584281,10,Comunitat Valenciana,12,Castellón/Castelló,la Plana Baixa,12002,Aín,OpenStreetMap (ODbL 1.0),Calculada sobre MDT25 © IGN (CC BY 4.0),9,2024-02-21T15:19:38Z,2026-10-04
5dc1a8d0-9bc0-409c-9c5b-df7fd5014008,node/11206399511,la Bastida,,la Bastida,,,938.0,OpenStreetMap (coincide con MDT a ±10 m),93.0,False,845.0,secundaria,40.3206081,0.0234422,10,Comunitat Valenciana,12,Castellón/Castelló,l'Alt Maestrat,12103,la Serratella,OpenStreetMap (ODbL 1.0),Calculada sobre MDT25 © IGN (CC BY 4.0),2,2023-10-09T23:26:41Z,2026-10-04
b5eb662d-b1be-4e09-8faf-d31bf40d1705,node/12757022679,Alto de la Torralbilla,,,,,937.0,OpenStreetMap (coincide con MDT a ±10 m),61.0,False,882.0,secundaria,40.048087,-0.5833532,10,Comunitat Valenciana,12,Castellón/Castelló,El Alto Mijares,12078,Montán,OpenStreetMap (ODbL 1.0),Calculada sobre MDT25 © IGN (CC BY 4.0),1,2025-04-15T09:15:55Z,2026-10-04
355b583f-619f-40e1-8da1-164b3ec7113c,node/11868571639,Alto de la Cueva Roya,,,,,936.0,OpenStreetMap (coincide con MDT a ±10 m),51.0,False,886.0,secundaria,39.9401526,-0.4339237,10,Comunitat Valenciana,12,Castellón/Castelló,l'Alt Palància,12076,Matet,OpenStreetMap (ODbL 1.0),Calculada sobre MDT25 © IGN (CC BY 4.0),1,2024-04-30T09:30:57Z,2026-10-04
222718f1-9693-4397-9e25-9d60d3885343,node/1243234289,Alto del Gordo,,,,,929.0,OpenStreetMap (coincide con MDT a ±10 m),33.0,False,894.0,secundaria,39.8570578,-0.6522063,10,Comunitat Valenciana,12,Castellón/Castelló,l'Alt Palància,12071,Jérica,OpenStreetMap (ODbL 1.0),Calculada sobre MDT25 © IGN (CC BY 4.0),4,2025-01-27T11:14:36Z,2026-10-04
f2dca503-5c91-4b07-8d84-a70c67ff9662,node/1243263423,Cerro del Catalán,,,,,926.0,OpenStreetMap (coincide con MDT a ±10 m),50.0,False,876.0,secundaria,39.9772193,-0.6103803,10,Comunitat Valenciana,12,Castellón/Castelló,l'Alt Palància,12024,Benafer,OpenStreetMap (ODbL 1.0),Calculada sobre MDT25 © IGN (CC BY 4.0),4,2024-09-12T11:02:42Z,2026-10-04
a98a747a-3542-4a64-b75b-999410eee6e5,node/1243273627,Alto de la Muza,,,,,925.0,OpenStreetMap (coincide con MDT a ±10 m),37.0,False,889.0,secundaria,39.9486923,-0.4228585,10,Comunitat Valenciana,12,Castellón/Castelló,El Alto Mijares,12131,Villamalur,OpenStreetMap (ODbL 1.0),Calculada sobre MDT25 © IGN (CC BY 4.0),5,2024-04-30T09:30:57Z,2026-10-04
bea62390-6468-4225-b650-a54ab1183290,node/13410720596,la Tossa,,,,,924.0,OpenStreetMap (coincide con MDT a ±10 m),33.0,False,892.0,secundaria,40.6418257,0.1772693,10,Comunitat Valenciana,12,Castellón/Castelló,el Baix Maestrat,12096,Rossell,OpenStreetMap (ODbL 1.0),Calculada sobre MDT25 © IGN (CC BY 4.0),1,2025-12-27T16:20:26Z,2026-10-04
cf1f24d2-23f6-4129-8598-3b9292f17acc,node/7601754376,la Talaia,,la Talaia,,,922.0,OpenStreetMap (coincide con MDT a ±10 m),79.0,False,841.0,secundaria,39.9354304,-0.3953144,10,Comunitat Valenciana,12,Castellón/Castelló,la Plana Baixa,12006,Alcudia de Veo,OpenStreetMap (ODbL 1.0),Calculada sobre MDT25 © IGN (CC BY 4.0),3,2022-11-27T11:23:47Z,2026-10-04
77f81fdc-d7a9-4183-81bc-8122b0c919e4,node/12776141500,Collet de les Canalisses,,,,,922.0,OpenStreetMap (coincide con MDT a ±10 m),36.0,False,888.0,secundaria,40.7564106,-0.139271,10,Comunitat Valenciana,12,Castellón/Castelló,els Ports,12141,Zorita del Maestrazgo,OpenStreetMap (ODbL 1.0),Calculada sobre MDT25 © IGN (CC BY 4.0),1,2025-04-22T13:18:49Z,2026-10-04
df60679b-8671-425d-a3ec-827bd5d1a7c7,node/1243263397,Alto del Gafero,,,,,921.0,OpenStreetMap (coincide con MDT a ±10 m),55.0,False,866.0,secundaria,39.872043,-0.6504174,10,Comunitat Valenciana,12,Castellón/Castelló,l'Alt Palància,12071,Jérica,OpenStreetMap (ODbL 1.0),Calculada sobre MDT25 © IGN (CC BY 4.0),4,2025-01-17T19:38:08Z,2026-10-04
dfe27947-1d68-4a88-9e21-a9c1f6d2bef9,node/13046467679,Tossal del Mas d'Insa,,,,,919.0,OpenStreetMap (coincide con MDT a ±10 m),71.0,False,848.0,secundaria,40.3527317,-0.0960043,10,Comunitat Valenciana,12,Castellón/Castelló,l'Alt Maestrat,12051,Culla,OpenStreetMap (ODbL 1.0),Calculada sobre MDT25 © IGN (CC BY 4.0),1,2025-08-03T18:46:23Z,2026-10-04
3b25f73a-bb3d-402e-b80a-718dee92fd2a,node/1243274384,el Curulló de Motxellos,,,,,918.0,OpenStreetMap (coincide con MDT a ±10 m),51.0,False,869.0,secundaria,40.353203,-0.1113479,10,Comunitat Valenciana,12,Castellón/Castelló,l'Alt Maestrat,12051,Culla,OpenStreetMap (ODbL 1.0),Calculada sobre MDT25 © IGN (CC BY 4.0),4,2025-05-28T22:58:47Z,2026-10-04
622c8a0a-7b36-43a6-bedf-94fea7f608c1,node/1243243926,Moleta de la Sebastiana,,Moleta de la Sebastiana,,,917.0,OpenStreetMap (coincide con MDT a ±10 m),44.0,False,872.0,secundaria,40.6534739,-0.2404308,10,Comunitat Valenciana,12,Castellón/Castelló,els Ports,12061,Forcall,OpenStreetMap (ODbL 1.0),Calculada sobre MDT25 © IGN (CC BY 4.0),6,2025-03-11T12:40:30Z,2026-10-04
606722b1-e4e7-4025-8c3c-4972b69fcba1,node/1243237938,Cerro de las Mulas,,,,,915.0,OpenStreetMap (coincide con MDT a ±10 m),70.0,False,846.0,secundaria,39.8096718,-0.6313075,10,Comunitat Valenciana,12,Castellón/Castelló,l'Alt Palància,12012,Altura,OpenStreetMap (ODbL 1.0),Calculada sobre MDT25 © IGN (CC BY 4.0),4,2025-02-09T19:07:51Z,2026-10-04
64dabc8d-7dd1-4a31-a47b-e513ee50f508,node/7476815770,el Campero,,,,,914.0,OpenStreetMap (coincide con MDT a ±10 m),86.0,False,828.0,secundaria,40.0522088,-0.4923878,10,Comunitat Valenciana,12,Castellón/Castelló,El Alto Mijares,12046,Cirat,OpenStreetMap (ODbL 1.0),Calculada sobre MDT25 © IGN (CC BY 4.0),1,2020-05-03T18:28:42Z,2026-10-04
d89af5e5-711f-41dc-98e3-f5b9566aff72,node/11486613058,Tossal de Na Rabades,,Tossal de Na Rabades,,,912.0,OpenStreetMap (coincide con MDT a ±10 m),94.0,False,817.0,secundaria,40.3957196,-0.018378,10,Comunitat Valenciana,12,Castellón/Castelló,l'Alt Maestrat,12042,Catí,OpenStreetMap (ODbL 1.0),Calculada sobre MDT25 © IGN (CC BY 4.0),2,2024-01-20T07:31:39Z,2026-10-04
ad04dfbb-3bca-43f6-8d07-77ac810ef273,node/11486613060,,,,,,911.0,OpenStreetMap (coincide con MDT a ±10 m),205.0,False,707.0,principal,40.4267669,0.0044413,10,Comunitat Valenciana,12,Castellón/Castelló,l'Alt Maestrat,12042,Catí,OpenStreetMap (ODbL 1.0),Calculada sobre MDT25 © IGN (CC BY 4.0),2,2025-09-23T17:45:24Z,2026-10-04
fd0b98b7-d487-4f40-b2d5-00cf7ddf3a6a,node/1243266853,la Pedrenyera,,la Pedrenyera,,,910.0,OpenStreetMap (coincide con MDT a ±10 m),43.0,False,864.0,secundaria,40.2785996,-0.1982526,10,Comunitat Valenciana,12,Castellón/Castelló,l'Alt Maestrat,12025,Benafigos,OpenStreetMap (ODbL 1.0),Calculada sobre MDT25 © IGN (CC BY 4.0),9,2026-05-17T19:09:46Z,2026-10-04
3d7352b1-83de-4978-afcb-157f2f8b40f1,node/12078823475,Alto del Hoyazán,,,,,910.0,OpenStreetMap (coincide con MDT a ±10 m),74.0,False,838.0,secundaria,40.0582316,-0.5827999,10,Comunitat Valenciana,12,Castellón/Castelló,El Alto Mijares,12079,Montanejos,OpenStreetMap (ODbL 1.0),Calculada sobre MDT25 © IGN (CC BY 4.0),1,2024-07-28T18:03:54Z,2026-10-04
93ff808f-95f7-4517-aa14-10fb5fd94c72,node/13389410312,Pont Foradat,,,,,908.36,OpenStreetMap (coincide con MDT a ±10 m),30.0,False,880.0,secundaria,40.7124226,0.2298647,10,Comunitat Valenciana,12,Castellón/Castelló,el Baix Maestrat,12093,la Pobla de Benifassà,OpenStreetMap (ODbL 1.0),Calculada sobre MDT25 © IGN (CC BY 4.0),1,2025-12-19T19:21:36Z,2026-10-04
98f8e6b8-9fe8-4d7b-a310-e46975cb8385,node/11457488957,Moleta del Mas de Llorenç,,,,,908.0,OpenStreetMap (coincide con MDT a ±10 m),42.0,False,866.0,secundaria,40.6572101,-0.2174885,10,Comunitat Valenciana,12,Castellón/Castelló,els Ports,12061,Forcall,OpenStreetMap (ODbL 1.0),Calculada sobre MDT25 © IGN (CC BY 4.0),2,2026-05-17T19:09:46Z,2026-10-04
567ec4e8-9384-4483-96f1-7f53d0044043,node/13057082242,Lloma del Saulonar,,,,,907.0,OpenStreetMap (coincide con MDT a ±10 m),89.0,False,820.0,secundaria,40.3984744,-0.1709626,10,Comunitat Valenciana,12,Castellón/Castelló,l'Alt Maestrat,12026,Benassal,OpenStreetMap (ODbL 1.0),Calculada sobre MDT25 © IGN (CC BY 4.0),1,2025-08-07T22:21:41Z,2026-10-04
36591e73-45d2-4b65-bb3c-cdf41b0ad2ee,node/1243265276,Alto del Campo,,,,,906.0,OpenStreetMap (coincide con MDT a ±10 m),34.0,False,873.0,secundaria,40.0021269,-0.4705468,10,Comunitat Valenciana,12,Castellón/Castelló,El Alto Mijares,12116,Torralba del Pinar,OpenStreetMap (ODbL 1.0),Calculada sobre MDT25 © IGN (CC BY 4.0),5,2021-05-31T17:52:02Z,2026-10-04
64333b50-e3ed-4b91-b4ce-0c609f78114d,node/10301138492,Peña Redonda,,,,,905.0,OpenStreetMap (coincide con MDT a ±10 m),104.0,False,806.0,principal,40.1015283,-0.5536745,10,Comunitat Valenciana,12,Castellón/Castelló,El Alto Mijares,12092,Puebla de Arenoso,OpenStreetMap (ODbL 1.0),Calculada sobre MDT25 © IGN (CC BY 4.0),2,2024-06-24T16:01:28Z,2026-10-04
a6f52f4b-c600-4785-855f-0083e2ee77da,node/12536057817,El Contador,,,,,904.0,OpenStreetMap (coincide con MDT a ±10 m),49.0,False,853.0,secundaria,39.8414565,-0.6443396,10,Comunitat Valenciana,12,Castellón/Castelló,l'Alt Palància,12071,Jérica,OpenStreetMap (ODbL 1.0),Calculada sobre MDT25 © IGN (CC BY 4.0),1,2025-01-27T11:14:36Z,2026-10-04
269894cf-3dfb-43e9-aaf9-c9f77991fdde,node/11868571640,Alto de la Cerretilla,,,,,903.0,OpenStreetMap (coincide con MDT a ±10 m),39.0,False,865.0,secundaria,39.9457519,-0.4193212,10,Comunitat Valenciana,12,Castellón/Castelló,El Alto Mijares,12131,Villamalur,OpenStreetMap (ODbL 1.0),Calculada sobre MDT25 © IGN (CC BY 4.0),1,2024-04-30T09:30:57Z,2026-10-04
8566dc21-cbb1-4709-bbba-f93a3215212e,node/1243273592,Alto del Portillo,,,,,902.0,OpenStreetMap (coincide con MDT a ±10 m),37.0,False,865.0,secundaria,40.0135162,-0.4792884,10,Comunitat Valenciana,12,Castellón/Castelló,El Alto Mijares,12046,Cirat,OpenStreetMap (ODbL 1.0),Calculada sobre MDT25 © IGN (CC BY 4.0),4,2024-04-25T18:23:18Z,2026-10-04
45c557c3-caed-423c-bd8a-1cd79858a8a1,node/1243278105,Alto del Zorro,,,,,902.0,OpenStreetMap (coincide con MDT a ±10 m),50.0,False,853.0,secundaria,39.8815955,-0.6528144,10,Comunitat Valenciana,12,Castellón/Castelló,l'Alt Palància,12071,Jérica,OpenStreetMap (ODbL 1.0),Calculada sobre MDT25 © IGN (CC BY 4.0),4,2025-01-17T19:38:08Z,2026-10-04
62a368d1-c88e-4789-9cf4-7bc0671ba66e,node/13032428159,Tossal de la Bassa d'en Ponç,,,,,902.0,OpenStreetMap (coincide con MDT a ±10 m),30.0,False,866.0,secundaria,40.3469949,-0.1953258,10,Comunitat Valenciana,12,Castellón/Castelló,l'Alt Maestrat,12051,Culla,OpenStreetMap (ODbL 1.0),Calculada sobre MDT25 © IGN (CC BY 4.0),2,2026-05-17T19:09:46Z,2026-10-04
aa12740c-f03e-4978-b455-e34b7df8e785,node/1243241335,Cerro de la Torrecilla,,,,,899.0,OpenStreetMap (coincide con MDT a ±10 m),51.0,False,848.0,secundaria,39.8516086,-0.6346259,10,Comunitat Valenciana,12,Castellón/Castelló,l'Alt Palància,12012,Altura,OpenStreetMap (ODbL 1.0),Calculada sobre MDT25 © IGN (CC BY 4.0),4,2025-01-27T11:14:36Z,2026-10-04
44af9c87-f554-4caf-b281-5f4baba040e2,node/1243274567,El Castillejo,,,,,899.0,OpenStreetMap (coincide con MDT a ±10 m),87.0,False,811.0,secundaria,39.9658261,-0.4753165,10,Comunitat Valenciana,12,Castellón/Castelló,l'Alt Palància,12088,Pavías,OpenStreetMap (ODbL 1.0),Calculada sobre MDT25 © IGN (CC BY 4.0),4,2024-04-25T18:23:18Z,2026-10-04
3dc13dd7-1885-44a1-ba7c-d24d1d7e3f51,node/12628089096,Tossal de na Miqueleta,,,,,899.0,MDT IGN,45.0,False,854.0,secundaria,40.2797317,-0.0059733,10,Comunitat Valenciana,12,Castellón/Castelló,la Plana Alta,12105,Sierra Engarcerán,OpenStreetMap (ODbL 1.0),Calculada sobre MDT25 © IGN (CC BY 4.0),1,2025-03-01T10:11:43Z,2026-10-04
cf42cc95-aa20-45fd-9a05-919080d40957,node/12030079767,Mola del Ferro,,,,,898.0,OpenStreetMap (coincide con MDT a ±10 m),30.0,False,863.0,secundaria,40.6569913,0.2283787,10,Comunitat Valenciana,12,Castellón/Castelló,el Baix Maestrat,12096,Rossell,OpenStreetMap (ODbL 1.0),Calculada sobre MDT25 © IGN (CC BY 4.0),1,2024-07-02T23:27:28Z,2026-10-04
4ea4dcad-7662-476b-a431-cbaea3c9ce96,node/1243244304,Alt de la Porquera,,,,,896.0,OpenStreetMap (coincide con MDT a ±10 m),63.0,False,832.0,secundaria,40.0492327,-0.4994457,10,Comunitat Valenciana,12,Castellón/Castelló,El Alto Mijares,12046,Cirat,OpenStreetMap (ODbL 1.0),Calculada sobre MDT25 © IGN (CC BY 4.0),5,2024-12-30T14:34:40Z,2026-10-04
08687adb-dba2-499d-8c30-333fef987913,node/1243244226,Cerro Pachón,,,,,892.0,OpenStreetMap (coincide con MDT a ±10 m),55.0,False,841.0,secundaria,40.0345836,-0.5877919,10,Comunitat Valenciana,12,Castellón/Castelló,El Alto Mijares,12078,Montán,OpenStreetMap (ODbL 1.0),Calculada sobre MDT25 © IGN (CC BY 4.0),4,2023-01-06T09:58:08Z,2026-10-04
b86f82bc-ff59-4ed0-91c3-6dc00ed31635,node/12212697176,Tossal del Mançanar,,,,,888.0,OpenStreetMap (coincide con MDT a ±10 m),53.0,False,836.0,secundaria,40.3739414,-0.1638654,10,Comunitat Valenciana,12,Castellón/Castelló,l'Alt Maestrat,12026,Benassal,OpenStreetMap (ODbL 1.0),Calculada sobre MDT25 © IGN (CC BY 4.0),1,2024-09-30T21:43:58Z,2026-10-04
357381de-68ac-4be4-891b-b2532fbef331,node/1243278993,el Castellar,,,,,885.0,OpenStreetMap (coincide con MDT a ±10 m),60.0,False,824.0,secundaria,40.3216542,-0.058803,10,Comunitat Valenciana,12,Castellón/Castelló,l'Alt Maestrat,12119,la Torre d'en Besora,OpenStreetMap (ODbL 1.0),Calculada sobre MDT25 © IGN (CC BY 4.0),7,2025-01-10T17:21:25Z,2026-10-04
3b4e2ee8-7079-4a8c-978e-42e5714b5310,node/10123399502,la Mola,,,,,885.0,OpenStreetMap (coincide con MDT a ±10 m),124.0,False,761.0,principal,40.2692929,-0.0077601,10,Comunitat Valenciana,12,Castellón/Castelló,la Plana Alta,12105,Sierra Engarcerán,OpenStreetMap (ODbL 1.0),Calculada sobre MDT25 © IGN (CC BY 4.0),5,2026-05-17T19:09:46Z,2026-10-04
4c8abcfc-12c3-4af6-a956-94eceb0b3581,node/12572022060,Cerro de la Piedra,,,,,885.0,OpenStreetMap (coincide con MDT a ±10 m),39.0,False,846.0,secundaria,39.813842,-0.6440075,10,Comunitat Valenciana,12,Castellón/Castelló,l'Alt Palància,12012,Altura,OpenStreetMap (ODbL 1.0),Calculada sobre MDT25 © IGN (CC BY 4.0),1,2025-02-09T19:07:51Z,2026-10-04
c11b90f7-b402-4d4e-995f-f6ad79df8557,node/12078823476,Peña Roya,,,,,884.0,OpenStreetMap (coincide con MDT a ±10 m),47.0,False,841.0,secundaria,40.0531229,-0.5727293,10,Comunitat Valenciana,12,Castellón/Castelló,El Alto Mijares,12078,Montán,OpenStreetMap (ODbL 1.0),Calculada sobre MDT25 © IGN (CC BY 4.0),1,2024-07-28T18:03:54Z,2026-10-04
333901fb-4d91-4589-b09f-3c3b0ba4d342,node/1249960736,Cabeço Negre,,Cabeço Negre,,,882.0,OpenStreetMap (coincide con MDT a ±10 m),45.0,False,837.0,secundaria,40.7789127,-0.1717938,10,Comunitat Valenciana,12,Castellón/Castelló,els Ports,12141,Zorita del Maestrazgo,OpenStreetMap (ODbL 1.0),Calculada sobre MDT25 © IGN (CC BY 4.0),5,2026-05-17T19:09:46Z,2026-10-04
cc9f4f6f-cb94-4111-a4e8-c7a47cb59cd8,node/948644668,Carrascal,,,,,880.7,OpenStreetMap (coincide con MDT a ±10 m),156.0,False,725.0,principal,39.862805,-0.363718,10,Comunitat Valenciana,12,Castellón/Castelló,l'Alt Palància,12018,Azuébar,OpenStreetMap (ODbL 1.0),Calculada sobre MDT25 © IGN (CC BY 4.0),8,2025-04-06T20:17:14Z,2026-10-04
c38465d8-741f-4805-859e-b54c21e81e84,node/12446034613,Tossal de l'Om,,,,,880.0,OpenStreetMap (coincide con MDT a ±10 m),34.0,False,847.0,secundaria,40.2774364,-0.016965,10,Comunitat Valenciana,12,Castellón/Castelló,la Plana Alta,12105,Sierra Engarcerán,OpenStreetMap (ODbL 1.0),Calculada sobre MDT25 © IGN (CC BY 4.0),1,2024-12-24T00:15:58Z,2026-10-04
82ab5f50-cd96-4a9d-9447-d73c51b7199c,node/11486613059,Tossal dels Povets,,Tossal dels Povets,,,879.0,OpenStreetMap (coincide con MDT a ±10 m),47.0,False,832.0,secundaria,40.4158098,-0.003451,10,Comunitat Valenciana,12,Castellón/Castelló,l'Alt Maestrat,12042,Catí,OpenStreetMap (ODbL 1.0),Calculada sobre MDT25 © IGN (CC BY 4.0),3,2024-01-20T07:31:39Z,2026-10-04
eae3aeec-78c0-4088-bf82-ef218ac7f6b0,node/1243263427,Tossal de la Canada,,Tossal de la Canada,,,877.0,OpenStreetMap (coincide con MDT a ±10 m),97.0,False,778.0,secundaria,40.2643468,-0.0036211,10,Comunitat Valenciana,12,Castellón/Castelló,la Plana Alta,12105,Sierra Engarcerán,OpenStreetMap (ODbL 1.0),Calculada sobre MDT25 © IGN (CC BY 4.0),5,2025-01-31T17:04:50Z,2026-10-04
68010c96-ac8d-4649-b1b9-fea89494a701,node/3434673959,Pico de la Nevera,,,,,877.0,OpenStreetMap (coincide con MDT a ±10 m),223.0,False,653.0,principal,39.8574465,-0.2920295,10,Comunitat Valenciana,12,Castellón/Castelló,la Plana Baixa,12007,Alfondeguilla,OpenStreetMap (ODbL 1.0),Calculada sobre MDT25 © IGN (CC BY 4.0),1,2015-04-03T16:24:15Z,2026-10-04
ab4e50b9-7292-4249-8701-b6f41c8c1bbb,node/11849958557,Mojón de Hilario,,,,,876.0,OpenStreetMap (coincide con MDT a ±10 m),80.0,False,796.0,secundaria,39.9552001,-0.439905,10,Comunitat Valenciana,12,Castellón/Castelló,l'Alt Palància,12076,Matet,OpenStreetMap (ODbL 1.0),Calculada sobre MDT25 © IGN (CC BY 4.0),1,2024-04-26T10:12:01Z,2026-10-04
cd97ab36-57aa-42d3-9650-a9bd42608fe5,node/7084853102,Las dos Tetas,,,,,875.0,OpenStreetMap (coincide con MDT a ±10 m),83.0,False,791.0,secundaria,39.9200431,-0.3912579,10,Comunitat Valenciana,12,Castellón/Castelló,la Plana Baixa,12006,Alcudia de Veo,OpenStreetMap (ODbL 1.0),Calculada sobre MDT25 © IGN (CC BY 4.0),4,2025-09-14T14:18:18Z,2026-10-04
41098f00-02e0-4e82-a2e6-f7b2f180fabe,node/11848029168,Peña de la Huesa,,,,,875.0,OpenStreetMap (coincide con MDT a ±10 m),36.0,False,832.0,secundaria,39.9731934,-0.4946771,10,Comunitat Valenciana,12,Castellón/Castelló,l'Alt Palància,12088,Pavías,OpenStreetMap (ODbL 1.0),Calculada sobre MDT25 © IGN (CC BY 4.0),1,2024-04-25T18:23:18Z,2026-10-04
d8058714-8b89-48fb-962c-30fcea054827,node/13165673667,Tossal del Mas de Martí,,Tossal del Mas de Martí,,,875.0,OpenStreetMap (coincide con MDT a ±10 m),43.0,False,830.0,secundaria,40.4143164,0.0037977,10,Comunitat Valenciana,12,Castellón/Castelló,l'Alt Maestrat,12003,Albocàsser,OpenStreetMap (ODbL 1.0),Calculada sobre MDT25 © IGN (CC BY 4.0),1,2025-09-23T17:45:24Z,2026-10-04
399c5629-46e7-4072-a0c9-026a867e0fe4,node/7779225831,Penya de l'Àguila,,,,,873.0,OpenStreetMap (coincide con MDT a ±10 m),66.0,False,800.0,secundaria,40.6602848,0.2363763,10,Comunitat Valenciana,12,Castellón/Castelló,el Baix Maestrat,12093,la Pobla de Benifassà,OpenStreetMap (ODbL 1.0),Calculada sobre MDT25 © IGN (CC BY 4.0),4,2026-05-17T22:03:56Z,2026-10-04
da850042-2ddc-4612-889f-ac5ab07e2ab8,node/7380507272,Tossal de Gossalbo,,Tossal de Gossalbo,,,870.0,OpenStreetMap (coincide con MDT a ±10 m),134.0,False,735.0,principal,40.1604315,-0.2273593,10,Comunitat Valenciana,12,Castellón/Castelló,l'Alcalatén,12072,Llucena / Lucena del Cid,OpenStreetMap (ODbL 1.0),Calculada sobre MDT25 © IGN (CC BY 4.0),3,2023-10-19T23:09:45Z,2026-10-04
76afd126-bee8-464c-bcce-b3c80e43998f,node/5927857686,Alto de San Cristóbal,,,,,869.0,OpenStreetMap (coincide con MDT a ±10 m),67.0,False,799.0,secundaria,39.9846835,-0.4344535,10,Comunitat Valenciana,12,Castellón/Castelló,El Alto Mijares,12116,Torralba del Pinar,OpenStreetMap (ODbL 1.0),Calculada sobre MDT25 © IGN (CC BY 4.0),2,2021-05-31T17:52:02Z,2026-10-04
a9b83c9f-2ec6-4028-906e-6ecec3fa9023,node/13045717277,Tossal de Celades,,,,,868.0,OpenStreetMap (coincide con MDT a ±10 m),32.0,False,837.0,secundaria,40.3659697,-0.1855231,10,Comunitat Valenciana,12,Castellón/Castelló,l'Alt Maestrat,12026,Benassal,OpenStreetMap (ODbL 1.0),Calculada sobre MDT25 © IGN (CC BY 4.0),1,2025-08-03T13:14:20Z,2026-10-04
544dc5e5-e171-432f-98cf-4bb4925eaa18,node/1243263350,Tossal de la Collada,,Tossal de la Collada,,,866.0,OpenStreetMap (coincide con MDT a ±10 m),43.0,False,822.0,secundaria,40.2500256,-0.0470448,10,Comunitat Valenciana,12,Castellón/Castelló,la Plana Alta,12105,Sierra Engarcerán,OpenStreetMap (ODbL 1.0),Calculada sobre MDT25 © IGN (CC BY 4.0),5,2024-12-12T15:59:07Z,2026-10-04
6673f321-68ee-4f9c-a723-cb16a51eddd7,node/7779225830,la Tossa,,la Tossa,,,865.0,OpenStreetMap (coincide con MDT a ±10 m),63.0,False,801.0,secundaria,40.6595954,0.2423674,10,Comunitat Valenciana,12,Castellón/Castelló,el Baix Maestrat,12096,Rossell,OpenStreetMap (ODbL 1.0),Calculada sobre MDT25 © IGN (CC BY 4.0),2,2022-11-27T11:48:14Z,2026-10-04
a1d2c213-1637-473f-ace1-0ef31be2a771,node/7945922971,Morral del Voltor,,Morral del Voltor,,,865.0,OpenStreetMap (coincide con MDT a ±10 m),127.0,False,736.0,principal,40.4694852,0.0788723,10,Comunitat Valenciana,12,Castellón/Castelló,l'Alt Maestrat,12111,Tírig,OpenStreetMap (ODbL 1.0),Calculada sobre MDT25 © IGN (CC BY 4.0),5,2024-01-04T18:04:53Z,2026-10-04
e0802119-0ca8-4b97-9eb5-5e5dab9a8340,node/11486613065,Puig Cabrer,,,,,864.0,OpenStreetMap (coincide con MDT a ±10 m),85.0,False,775.0,secundaria,40.4772974,0.0849165,10,Comunitat Valenciana,12,Castellón/Castelló,l'Alt Maestrat,12111,Tírig,OpenStreetMap (ODbL 1.0),Calculada sobre MDT25 © IGN (CC BY 4.0),3,2026-01-12T00:43:48Z,2026-10-04
799f6ce4-1a4e-4608-bc79-da9960af9fbd,node/1243278807,Monte Morterico,,,,,863.0,OpenStreetMap (coincide con MDT a ±10 m),62.0,False,796.0,secundaria,39.954306,-0.4666243,10,Comunitat Valenciana,12,Castellón/Castelló,l'Alt Palància,12076,Matet,OpenStreetMap (ODbL 1.0),Calculada sobre MDT25 © IGN (CC BY 4.0),4,2024-04-28T19:30:22Z,2026-10-04
68f5353f-a8d0-4b01-968f-f0838fd7fb7e,node/1249959203,Franco,,,,,862.0,OpenStreetMap (coincide con MDT a ±10 m),104.0,False,758.0,principal,39.9016558,-0.6823559,10,Comunitat Valenciana,12,Castellón/Castelló,l'Alt Palància,12110,Teresa,OpenStreetMap (ODbL 1.0),Calculada sobre MDT25 © IGN (CC BY 4.0),4,2026-05-17T19:09:46Z,2026-10-04
51112730-c287-42b9-98ea-41092f446342,node/1243282322,Alto del Castillejo,,,,,861.0,OpenStreetMap (coincide con MDT a ±10 m),91.0,False,764.0,secundaria,39.9701073,-0.4095651,10,Comunitat Valenciana,12,Castellón/Castelló,El Alto Mijares,12131,Villamalur,OpenStreetMap (ODbL 1.0),Calculada sobre MDT25 © IGN (CC BY 4.0),4,2021-06-02T23:07:03Z,2026-10-04
6dc9faa5-c91d-4955-93bc-17581ee17108,node/10726866303,Alto de la Mojeta,,,,,859.0,OpenStreetMap (coincide con MDT a ±10 m),43.0,False,818.0,secundaria,40.0793305,-0.4609993,10,Comunitat Valenciana,12,Castellón/Castelló,El Alto Mijares,12046,Cirat,OpenStreetMap (ODbL 1.0),Calculada sobre MDT25 © IGN (CC BY 4.0),1,2023-03-10T22:50:44Z,2026-10-04
de7bd709-2d0c-4b54-a212-0e7ab6806203,node/1243232079,Alto de la Cruz,,,,,857.0,OpenStreetMap (coincide con MDT a ±10 m),158.0,False,698.0,principal,39.8771136,-0.5925571,10,Comunitat Valenciana,12,Castellón/Castelló,l'Alt Palància,12071,Jérica,OpenStreetMap (ODbL 1.0),Calculada sobre MDT25 © IGN (CC BY 4.0),4,2025-01-19T11:14:44Z,2026-10-04
4157335f-ca6e-4fbb-8294-f007166cf319,node/1243265767,Peñalba,,,,,857.0,OpenStreetMap (coincide con MDT a ±10 m),78.0,False,777.0,secundaria,40.0362778,-0.4466991,10,Comunitat Valenciana,12,Castellón/Castelló,El Alto Mijares,12046,Cirat,OpenStreetMap (ODbL 1.0),Calculada sobre MDT25 © IGN (CC BY 4.0),4,2024-04-10T18:19:58Z,2026-10-04
df474d30-0254-4722-9079-963fc489a616,node/9294783348,Tossal del Perro,,Tossal del Perro,,,857.0,OpenStreetMap (coincide con MDT a ±10 m),142.0,False,713.0,principal,40.1109276,-0.2819464,10,Comunitat Valenciana,12,Castellón/Castelló,l'Alcalatén,12072,Llucena / Lucena del Cid,OpenStreetMap (ODbL 1.0),Calculada sobre MDT25 © IGN (CC BY 4.0),4,2026-05-17T19:09:46Z,2026-10-04
96ff0db0-7f7d-4dc5-a411-82e4b059542f,node/7779343079,Morral Desplegat,,Morral Desplegat,,,856.0,OpenStreetMap (coincide con MDT a ±10 m),34.0,False,814.0,secundaria,40.7092466,0.2220831,10,Comunitat Valenciana,12,Castellón/Castelló,el Baix Maestrat,12093,la Pobla de Benifassà,OpenStreetMap (ODbL 1.0),Calculada sobre MDT25 © IGN (CC BY 4.0),2,2022-12-10T15:06:10Z,2026-10-04
f739ddff-97b3-41de-b949-82c4d500965d,node/1249952212,Creu de la Tossa,Cruz de Latosa,Creu de la Tossa,,,854.0,OpenStreetMap (coincide con MDT a ±10 m),57.0,False,799.0,secundaria,40.7543452,-0.1773415,10,Comunitat Valenciana,12,Castellón/Castelló,els Ports,12141,Zorita del Maestrazgo,OpenStreetMap (ODbL 1.0),Calculada sobre MDT25 © IGN (CC BY 4.0),5,2026-05-17T19:09:46Z,2026-10-04
3544033f-561d-4e5c-80de-0c9e37d10cca,node/1243271470,Alto de la Cruz,,,,,851.0,OpenStreetMap (coincide con MDT a ±10 m),35.0,False,814.0,secundaria,39.9910446,-0.5137534,10,Comunitat Valenciana,12,Castellón/Castelló,l'Alt Palància,12069,Higueras,OpenStreetMap (ODbL 1.0),Calculada sobre MDT25 © IGN (CC BY 4.0),4,2024-04-24T19:19:43Z,2026-10-04
89bcea2b-37c6-4f0a-87c8-edf110cf164e,node/1243277908,Cerro Molino,,,,,850.0,OpenStreetMap (coincide con MDT a ±10 m),56.0,False,792.0,secundaria,39.9001575,-0.6980037,10,Comunitat Valenciana,12,Castellón/Castelló,l'Alt Palància,12022,Bejís,OpenStreetMap (ODbL 1.0),Calculada sobre MDT25 © IGN (CC BY 4.0),4,2024-12-08T16:39:34Z,2026-10-04
ec5428de-33a6-4ee3-b843-7409c85ee0d3,node/13250590911,Tossal del Cingle de Piquer,,,,,850.0,OpenStreetMap (coincide con MDT a ±10 m),31.0,False,819.0,secundaria,40.2772632,-0.0093044,10,Comunitat Valenciana,12,Castellón/Castelló,la Plana Alta,12105,Sierra Engarcerán,OpenStreetMap (ODbL 1.0),Calculada sobre MDT25 © IGN (CC BY 4.0),2,2026-05-17T19:09:46Z,2026-10-04
9d8d77e9-513b-4384-b534-fb43a99ab2f9,node/13019193359,Tossal de la Ferritja,,,,,849.0,OpenStreetMap (coincide con MDT a ±10 m),39.0,False,812.0,secundaria,40.309603,-0.101425,10,Comunitat Valenciana,12,Castellón/Castelló,l'Alt Maestrat,12119,la Torre d'en Besora,OpenStreetMap (ODbL 1.0),Calculada sobre MDT25 © IGN (CC BY 4.0),2,2025-08-01T22:54:49Z,2026-10-04
687507a4-f7b3-4d02-9849-40254e3503d3,node/1249946392,Mola del Mangraner,,Mola del Mangraner,,,848.0,OpenStreetMap (coincide con MDT a ±10 m),79.0,False,767.0,secundaria,40.6890513,0.2102065,10,Comunitat Valenciana,12,Castellón/Castelló,el Baix Maestrat,12093,la Pobla de Benifassà,OpenStreetMap (ODbL 1.0),Calculada sobre MDT25 © IGN (CC BY 4.0),7,2026-05-17T19:09:46Z,2026-10-04
64e15b7a-74cf-4230-a890-91d3ad8ac37d,node/7380507273,Tossal del Rouret,,Tossal del Rouret,,,848.0,OpenStreetMap (coincide con MDT a ±10 m),81.0,False,766.0,secundaria,40.1554847,-0.2384612,10,Comunitat Valenciana,12,Castellón/Castelló,l'Alcalatén,12072,Llucena / Lucena del Cid,OpenStreetMap (ODbL 1.0),Calculada sobre MDT25 © IGN (CC BY 4.0),3,2023-10-20T00:04:02Z,2026-10-04
a719b7d1-1b59-4b9f-91ce-852de69c7f9b,node/9447691604,la Copa,,,,,846.48,OpenStreetMap (coincide con MDT a ±10 m),86.0,False,761.0,secundaria,40.0827533,-0.5235124,10,Comunitat Valenciana,12,Castellón/Castelló,El Alto Mijares,12079,Montanejos,OpenStreetMap (ODbL 1.0),Calculada sobre MDT25 © IGN (CC BY 4.0),2,2026-03-17T17:49:40Z,2026-10-04
3dc2ebdb-e85c-404e-8052-02db41d00ddc,node/1249950195,Vilarroig,,,,,846.0,OpenStreetMap (coincide con MDT a ±10 m),38.0,False,808.0,secundaria,40.7277527,-0.1920571,10,Comunitat Valenciana,12,Castellón/Castelló,els Ports,12141,Zorita del Maestrazgo,OpenStreetMap (ODbL 1.0),Calculada sobre MDT25 © IGN (CC BY 4.0),5,2026-05-17T19:09:46Z,2026-10-04
1be3d762-ccc3-45d3-9967-a1574b5f5504,node/1243277975,Peñas Blancas,,,,,845.0,OpenStreetMap (coincide con MDT a ±10 m),94.0,False,751.0,secundaria,39.7318293,-0.457492,10,Comunitat Valenciana,12,Castellón/Castelló,l'Alt Palància,12104,Segorbe,OpenStreetMap (ODbL 1.0),Calculada sobre MDT25 © IGN (CC BY 4.0),5,2026-04-03T12:53:07Z,2026-10-04
175e997f-5a62-4f5f-bac3-eaa1de9f346e,node/1243267892,Alto del Carro,,,,,844.0,OpenStreetMap (coincide con MDT a ±10 m),31.0,False,821.0,secundaria,39.9444264,-0.4371874,10,Comunitat Valenciana,12,Castellón/Castelló,l'Alt Palància,12076,Matet,OpenStreetMap (ODbL 1.0),Calculada sobre MDT25 © IGN (CC BY 4.0),4,2024-04-30T09:30:57Z,2026-10-04
9fad7883-d147-4081-8e20-947c5695df2c,node/1243278739,Cerro de Jaime,,,,,842.0,OpenStreetMap (coincide con MDT a ±10 m),60.0,False,781.0,secundaria,39.9659763,-0.597411,10,Comunitat Valenciana,12,Castellón/Castelló,l'Alt Palància,12043,Caudiel,OpenStreetMap (ODbL 1.0),Calculada sobre MDT25 © IGN (CC BY 4.0),4,2024-12-08T11:46:44Z,2026-10-04
b9fc6a01-dd05-4e58-be8f-865c6f2e40d3,node/1243240224,Alto de las Simas,,,,,841.0,OpenStreetMap (coincide con MDT a ±10 m),41.0,False,796.0,secundaria,40.0248371,-0.4464467,10,Comunitat Valenciana,12,Castellón/Castelló,El Alto Mijares,12064,Fuentes de Ayódar,OpenStreetMap (ODbL 1.0),Calculada sobre MDT25 © IGN (CC BY 4.0),4,2024-04-10T18:19:58Z,2026-10-04
03f205ea-2aee-4fb0-9175-d59a3a3c6c1f,node/1243267562,Montegordo,,Montegordo,,,837.0,OpenStreetMap (coincide con MDT a ±10 m),228.0,False,608.0,principal,40.4000299,0.0323535,10,Comunitat Valenciana,12,Castellón/Castelló,l'Alt Maestrat,12003,Albocàsser,OpenStreetMap (ODbL 1.0),Calculada sobre MDT25 © IGN (CC BY 4.0),5,2025-04-27T15:32:28Z,2026-10-04
36b8dd0c-2d5d-4e3d-a492-eb354b823f5c,node/8505053843,Alt de la Buitrera,,,,,837.0,OpenStreetMap (coincide con MDT a ±10 m),135.0,False,697.0,principal,39.9503185,-0.3828563,10,Comunitat Valenciana,12,Castellón/Castelló,El Alto Mijares,12131,Villamalur,OpenStreetMap (ODbL 1.0),Calculada sobre MDT25 © IGN (CC BY 4.0),1,2021-03-10T21:43:09Z,2026-10-04
b801f1a8-cd0e-4a78-bd73-34741380b451,node/11807709928,Alto de la Loma,,,,,837.0,OpenStreetMap (coincide con MDT a ±10 m),97.0,False,740.0,secundaria,40.0420582,-0.4348136,10,Comunitat Valenciana,12,Castellón/Castelló,El Alto Mijares,12046,Cirat,OpenStreetMap (ODbL 1.0),Calculada sobre MDT25 © IGN (CC BY 4.0),1,2024-04-10T18:19:58Z,2026-10-04
c9c79f5b-054c-477e-b84d-bb00979f05f7,node/1243244177,Alto de la Patorra,,,,,834.0,OpenStreetMap (coincide con MDT a ±10 m),66.0,False,766.0,secundaria,39.8889117,-0.6819831,10,Comunitat Valenciana,12,Castellón/Castelló,l'Alt Palància,12110,Teresa,OpenStreetMap (ODbL 1.0),Calculada sobre MDT25 © IGN (CC BY 4.0),4,2025-01-17T19:32:17Z,2026-10-04
a5a92b5f-544e-433d-a874-7473c931fb1c,node/1243269999,Alto del Rejo,,,,,834.0,OpenStreetMap (coincide con MDT a ±10 m),113.0,False,723.0,principal,39.785565,-0.5754693,10,Comunitat Valenciana,12,Castellón/Castelló,l'Alt Palància,12012,Altura,OpenStreetMap (ODbL 1.0),Calculada sobre MDT25 © IGN (CC BY 4.0),4,2025-01-26T18:00:22Z,2026-10-04
b3edd7c7-1152-4b85-bd2d-4861a6f023e7,node/7455346298,La Moratilla,,,,,834.0,OpenStreetMap (coincide con MDT a ±10 m),63.0,False,770.0,secundaria,39.7366997,-0.484484,10,Comunitat Valenciana,12,Castellón/Castelló,l'Alt Palància,12104,Segorbe,OpenStreetMap (ODbL 1.0),Calculada sobre MDT25 © IGN (CC BY 4.0),4,2026-04-03T12:53:07Z,2026-10-04
bef9e9e1-bfb3-4c49-b495-7f663b8ad086,node/12949353436,Tossal del Mas de la Parra,,,,,834.0,OpenStreetMap (coincide con MDT a ±10 m),50.0,False,785.0,secundaria,40.1558147,-0.2459964,10,Comunitat Valenciana,12,Castellón/Castelló,l'Alcalatén,12072,Llucena / Lucena del Cid,OpenStreetMap (ODbL 1.0),Calculada sobre MDT25 © IGN (CC BY 4.0),1,2025-06-24T12:05:59Z,2026-10-04
5559210b-f77a-46e0-9a5d-5f4e6f30cfb5,node/13096443614,Tossal del Mas de la Cova,,,,,833.0,OpenStreetMap (coincide con MDT a ±10 m),53.0,False,781.0,secundaria,40.3450477,-0.1265574,10,Comunitat Valenciana,12,Castellón/Castelló,l'Alt Maestrat,12051,Culla,OpenStreetMap (ODbL 1.0),Calculada sobre MDT25 © IGN (CC BY 4.0),1,2025-08-25T13:33:23Z,2026-10-04
eb520bed-64ad-4f1f-ac5e-cc6c471c1d47,node/1243278397,Alto de las Horcas,,,,,832.0,OpenStreetMap (coincide con MDT a ±10 m),70.0,False,759.0,secundaria,39.9895892,-0.4320418,10,Comunitat Valenciana,12,Castellón/Castelló,El Alto Mijares,12116,Torralba del Pinar,OpenStreetMap (ODbL 1.0),Calculada sobre MDT25 © IGN (CC BY 4.0),4,2023-12-03T20:53:09Z,2026-10-04
601e999a-09a0-4955-8331-4a1a0f3661c3,node/13085651953,el Puig,,,,,830.0,OpenStreetMap (coincide con MDT a ±10 m),67.0,False,761.0,secundaria,40.3710249,-0.0184663,10,Comunitat Valenciana,12,Castellón/Castelló,l'Alt Maestrat,12003,Albocàsser,OpenStreetMap (ODbL 1.0),Calculada sobre MDT25 © IGN (CC BY 4.0),1,2025-08-21T00:42:01Z,2026-10-04
ac76e87e-9281-4e09-82cb-46bd2bf5199d,node/11849893049,Monte de Peras,,,,,827.0,OpenStreetMap (coincide con MDT a ±10 m),99.0,False,726.0,secundaria,39.961769,-0.4580586,10,Comunitat Valenciana,12,Castellón/Castelló,l'Alt Palància,12088,Pavías,OpenStreetMap (ODbL 1.0),Calculada sobre MDT25 © IGN (CC BY 4.0),1,2024-04-26T09:47:51Z,2026-10-04
de157926-1e2c-4f57-be57-6ca4ecc69c12,node/11807709926,Alto de los Zailes,,,,,826.0,OpenStreetMap (coincide con MDT a ±10 m),87.0,False,740.0,secundaria,40.0305397,-0.4344986,10,Comunitat Valenciana,12,Castellón/Castelló,El Alto Mijares,12064,Fuentes de Ayódar,OpenStreetMap (ODbL 1.0),Calculada sobre MDT25 © IGN (CC BY 4.0),1,2024-04-10T18:19:58Z,2026-10-04
8e1b4cb3-0a5d-4dc9-bf57-81a9aae9ddc8,node/4897702804,Monte del Cascalbar,,,,,822.0,OpenStreetMap (coincide con MDT a ±10 m),84.0,False,733.0,secundaria,39.8880286,-0.4215549,10,Comunitat Valenciana,12,Castellón/Castelló,l'Alt Palància,12010,Almedíjar,OpenStreetMap (ODbL 1.0),Calculada sobre MDT25 © IGN (CC BY 4.0),2,2026-05-17T19:09:46Z,2026-10-04
016eaa09-198c-45b7-bc2a-bb7625f1b8cd,node/1243381849,Alto Romero,,,,,821.0,OpenStreetMap (coincide con MDT a ±10 m),54.0,False,766.0,secundaria,39.7679752,-0.577258,10,Comunitat Valenciana,12,Castellón/Castelló,l'Alt Palància,12012,Altura,OpenStreetMap (ODbL 1.0),Calculada sobre MDT25 © IGN (CC BY 4.0),5,2026-04-03T09:40:16Z,2026-10-04
51f734f2-9e8b-42c7-8d04-a28236f1f939,node/11867086962,Peña Alta,,,,,821.0,OpenStreetMap (coincide con MDT a ±10 m),35.0,False,784.0,secundaria,39.9580639,-0.4896144,10,Comunitat Valenciana,12,Castellón/Castelló,l'Alt Palància,12088,Pavías,OpenStreetMap (ODbL 1.0),Calculada sobre MDT25 © IGN (CC BY 4.0),1,2024-04-29T18:29:06Z,2026-10-04
e3437d52-355e-455c-af03-6d91f1e0e68e,node/13085530046,Tossal de Tàfer,,,,,821.0,OpenStreetMap (coincide con MDT a ±10 m),129.0,False,693.0,principal,40.2826695,-0.098708,10,Comunitat Valenciana,12,Castellón/Castelló,l'Alt Maestrat,12051,Culla,OpenStreetMap (ODbL 1.0),Calculada sobre MDT25 © IGN (CC BY 4.0),2,2026-05-17T19:09:46Z,2026-10-04
19986de4-f985-4462-8747-fc6a9c795ba4,node/13059459819,Tossal del Pedacet,,,,,816.0,OpenStreetMap (coincide con MDT a ±10 m),76.0,False,739.0,secundaria,40.2887578,-0.1614261,10,Comunitat Valenciana,12,Castellón/Castelló,l'Alt Maestrat,12051,Culla,OpenStreetMap (ODbL 1.0),Calculada sobre MDT25 © IGN (CC BY 4.0),2,2025-09-08T23:20:47Z,2026-10-04
41cd7954-2617-43d5-a82a-3abb726f9b1e,node/12777373104,Tossal Redó,,,,,814.0,OpenStreetMap (coincide con MDT a ±10 m),53.0,False,761.0,secundaria,40.6638917,0.1636146,10,Comunitat Valenciana,12,Castellón/Castelló,el Baix Maestrat,12093,la Pobla de Benifassà,OpenStreetMap (ODbL 1.0),Calculada sobre MDT25 © IGN (CC BY 4.0),1,2025-04-22T23:20:39Z,2026-10-04
bb8c8eb6-46bb-4c06-b60e-4fa25d105f5b,node/1243232908,Cerro Negro,,,,,813.0,OpenStreetMap (coincide con MDT a ±10 m),33.0,False,779.0,secundaria,39.9618085,-0.6115601,10,Comunitat Valenciana,12,Castellón/Castelló,l'Alt Palància,12024,Benafer,OpenStreetMap (ODbL 1.0),Calculada sobre MDT25 © IGN (CC BY 4.0),4,2025-01-17T19:38:08Z,2026-10-04
c25e1623-2c86-410c-b113-485527c0da62,node/1243232932,Cerro del Sastre,,,,,808.0,OpenStreetMap (coincide con MDT a ±10 m),39.0,False,770.0,secundaria,39.7933093,-0.5242404,10,Comunitat Valenciana,12,Castellón/Castelló,l'Alt Palància,12104,Segorbe,OpenStreetMap (ODbL 1.0),Calculada sobre MDT25 © IGN (CC BY 4.0),4,2025-02-06T17:07:39Z,2026-10-04
bb29dca1-c66b-4958-bf09-01fd894a85a2,node/12251296648,Mola de Xert,,,,,808.0,OpenStreetMap (coincide con MDT a ±10 m),176.0,False,630.0,principal,40.5381605,0.16841,10,Comunitat Valenciana,12,Castellón/Castelló,el Baix Maestrat,12052,Xert,OpenStreetMap (ODbL 1.0),Calculada sobre MDT25 © IGN (CC BY 4.0),1,2024-10-14T20:44:45Z,2026-10-04
9482f709-2407-4412-a70a-4930831d777b,node/7469618555,la Muela del Tormo,,,,,803.0,OpenStreetMap (coincide con MDT a ±10 m),135.0,False,669.0,principal,40.0744704,-0.4157224,10,Comunitat Valenciana,12,Castellón/Castelló,El Alto Mijares,12046,Cirat,OpenStreetMap (ODbL 1.0),Calculada sobre MDT25 © IGN (CC BY 4.0),3,2024-04-13T15:54:54Z,2026-10-04
60a61da8-06c6-4395-965c-ac565aa6ef6d,node/11557003646,Loma del Mesón,,,,,800.0,OpenStreetMap (coincide con MDT a ±10 m),45.0,False,755.0,secundaria,40.0781814,-0.3235351,10,Comunitat Valenciana,12,Castellón/Castelló,El Alto Mijares,12015,Argelita,OpenStreetMap (ODbL 1.0),Calculada sobre MDT25 © IGN (CC BY 4.0),2,2026-04-21T23:07:09Z,2026-10-04
47c9d33f-175b-45f5-8669-557dbb32a58d,node/9954458074,Tossal Redó,,,,,799.0,OpenStreetMap (coincide con MDT a ±10 m),85.0,False,714.0,secundaria,40.1620238,-0.2167038,10,Comunitat Valenciana,12,Castellón/Castelló,l'Alcalatén,12072,Llucena / Lucena del Cid,OpenStreetMap (ODbL 1.0),Calculada sobre MDT25 © IGN (CC BY 4.0),4,2026-05-17T19:09:46Z,2026-10-04
95377825-518c-48af-a77c-4c5c1dfbaa52,node/13607440895,Mola Jovera,,,,,799.0,OpenStreetMap (coincide con MDT a ±10 m),48.0,False,752.0,secundaria,40.548472,0.1342606,10,Comunitat Valenciana,12,Castellón/Castelló,el Baix Maestrat,12052,Xert,OpenStreetMap (ODbL 1.0),Calculada sobre MDT25 © IGN (CC BY 4.0),1,2026-02-28T11:35:26Z,2026-10-04
06d42faa-7bf2-4c22-93d5-fa2fe9d4cc80,node/6668227869,Pico de Tristán,,,,,798.0,OpenStreetMap (coincide con MDT a ±10 m),36.0,False,760.0,secundaria,39.7358925,-0.4738021,10,Comunitat Valenciana,12,Castellón/Castelló,l'Alt Palància,12104,Segorbe,OpenStreetMap (ODbL 1.0),Calculada sobre MDT25 © IGN (CC BY 4.0),1,2019-07-31T23:10:10Z,2026-10-04
909a1f23-0616-41fc-9e59-5ca932e2b83e,node/12475299568,la Tossa,,,,,797.0,OpenStreetMap (coincide con MDT a ±10 m),54.0,False,740.0,secundaria,40.6631198,0.2551431,10,Comunitat Valenciana,12,Castellón/Castelló,el Baix Maestrat,12096,Rossell,OpenStreetMap (ODbL 1.0),Calculada sobre MDT25 © IGN (CC BY 4.0),1,2025-01-05T09:08:56Z,2026-10-04
f1faa5df-0cc8-4d3a-bd92-82f8ae8f8951,node/1243267700,Alto del Niño,,,,,793.0,OpenStreetMap (coincide con MDT a ±10 m),39.0,False,752.0,secundaria,39.9433721,-0.6498271,10,Comunitat Valenciana,12,Castellón/Castelló,l'Alt Palància,12140,Viver,OpenStreetMap (ODbL 1.0),Calculada sobre MDT25 © IGN (CC BY 4.0),4,2025-01-17T19:38:08Z,2026-10-04
bae9e43f-31c0-43ad-a51f-674d5beacee0,node/9325753170,Cabeço de Sant Just,,Cabeço de Sant Just,,,792.0,OpenStreetMap (coincide con MDT a ±10 m),105.0,False,686.0,principal,40.0978842,-0.281009,10,Comunitat Valenciana,12,Castellón/Castelló,l'Alcalatén,12072,Llucena / Lucena del Cid,OpenStreetMap (ODbL 1.0),Calculada sobre MDT25 © IGN (CC BY 4.0),3,2026-04-12T21:53:54Z,2026-10-04
6cf2a8b9-2134-4326-be8e-7fedbd1bbe14,node/7653926504,Alto de Sanahúja,,,,,791.0,OpenStreetMap (coincide con MDT a ±10 m),103.0,False,687.0,principal,40.0731664,-0.3679827,10,Comunitat Valenciana,12,Castellón/Castelló,El Alto Mijares,12015,Argelita,OpenStreetMap (ODbL 1.0),Calculada sobre MDT25 © IGN (CC BY 4.0),3,2026-05-17T19:09:46Z,2026-10-04
93a5bcc5-237d-4a6b-8b31-0cac7d13311a,node/11140084501,Tossal del Monte,,Tossal del Monte,,,791.0,OpenStreetMap (coincide con MDT a ±10 m),47.0,False,744.0,secundaria,40.1074906,-0.266725,10,Comunitat Valenciana,12,Castellón/Castelló,l'Alcalatén,12072,Llucena / Lucena del Cid,OpenStreetMap (ODbL 1.0),Calculada sobre MDT25 © IGN (CC BY 4.0),2,2023-10-19T23:09:45Z,2026-10-04
6b50752b-574c-4f52-a4f5-9cf0699b8bf3,node/10751566479,Cerro de Santa Bárbara,,,,,788.0,OpenStreetMap (coincide con MDT a ±10 m),145.0,False,643.0,principal,39.922695,-0.4662336,10,Comunitat Valenciana,12,Castellón/Castelló,l'Alt Palància,12125,Vall de Almonacid,OpenStreetMap (ODbL 1.0),Calculada sobre MDT25 © IGN (CC BY 4.0),1,2023-03-21T19:46:48Z,2026-10-04
ac2011b1-4db6-4ac6-bc0b-d02459f8285e,node/4897702829,Alto de la Sabina,,,,,787.0,OpenStreetMap (coincide con MDT a ±10 m),74.0,False,714.0,secundaria,39.8951048,-0.4348023,10,Comunitat Valenciana,12,Castellón/Castelló,l'Alt Palància,12125,Vall de Almonacid,OpenStreetMap (ODbL 1.0),Calculada sobre MDT25 © IGN (CC BY 4.0),2,2026-05-17T19:09:46Z,2026-10-04
cab264b3-ff46-4e7a-8722-0d734399da53,node/7682379879,el Cabeço Blanc,,el Cabeço Blanc,,,786.0,OpenStreetMap (coincide con MDT a ±10 m),39.0,False,746.0,secundaria,40.0697177,-0.3121813,10,Comunitat Valenciana,12,Castellón/Castelló,l'Alcalatén,12072,Llucena / Lucena del Cid,OpenStreetMap (ODbL 1.0),Calculada sobre MDT25 © IGN (CC BY 4.0),3,2023-10-20T00:04:02Z,2026-10-04
578e6380-23be-4621-ae14-7c099019924f,node/12872059222,Tossal del Molinell,,,,,784.0,OpenStreetMap (coincide con MDT a ±10 m),34.0,False,751.0,secundaria,40.3368824,-0.1106143,10,Comunitat Valenciana,12,Castellón/Castelló,l'Alt Maestrat,12051,Culla,OpenStreetMap (ODbL 1.0),Calculada sobre MDT25 © IGN (CC BY 4.0),1,2025-05-28T22:58:47Z,2026-10-04
f7994f86-dbcf-4350-9284-dfcf4918b212,node/1243267416,El Tossalet,,El Tossalet,,,783.0,OpenStreetMap (coincide con MDT a ±10 m),49.0,False,734.0,secundaria,40.4600935,0.0722938,10,Comunitat Valenciana,12,Castellón/Castelló,l'Alt Maestrat,12111,Tírig,OpenStreetMap (ODbL 1.0),Calculada sobre MDT25 © IGN (CC BY 4.0),5,2025-05-17T16:15:19Z,2026-10-04
4a1bcd6b-f723-4f8d-b1f8-6bc75803e06a,node/1249949073,Cerro de Morredondo,,,,,783.0,OpenStreetMap (coincide con MDT a ±10 m),43.0,False,735.0,secundaria,39.9272051,-0.6546454,10,Comunitat Valenciana,12,Castellón/Castelló,l'Alt Palància,12140,Viver,OpenStreetMap (ODbL 1.0),Calculada sobre MDT25 © IGN (CC BY 4.0),4,2026-05-17T19:09:46Z,2026-10-04
eaffe90f-c08b-418b-827f-803cd18b6551,node/12534457280,Alto del Rojel,,,,,783.0,OpenStreetMap (coincide con MDT a ±10 m),54.0,False,729.0,secundaria,39.8213503,-0.5603205,10,Comunitat Valenciana,12,Castellón/Castelló,l'Alt Palància,12012,Altura,OpenStreetMap (ODbL 1.0),Calculada sobre MDT25 © IGN (CC BY 4.0),1,2025-01-26T17:30:58Z,2026-10-04
060f6d4b-df17-46d8-85aa-4c1fd08f7eaf,node/1243241971,Puntal de Bastero,,,,,782.0,OpenStreetMap (coincide con MDT a ±10 m),62.0,False,721.0,secundaria,39.8001156,-0.5327232,10,Comunitat Valenciana,12,Castellón/Castelló,l'Alt Palància,12012,Altura,OpenStreetMap (ODbL 1.0),Calculada sobre MDT25 © IGN (CC BY 4.0),4,2026-02-26T18:54:16Z,2026-10-04
875afc49-eb3a-48c0-91ca-bd195208c8d0,node/1243278692,Mola Ballestera,,Mola Ballestera,,,782.0,OpenStreetMap (coincide con MDT a ±10 m),54.0,False,729.0,secundaria,40.6260653,0.2003373,10,Comunitat Valenciana,12,Castellón/Castelló,el Baix Maestrat,12096,Rossell,OpenStreetMap (ODbL 1.0),Calculada sobre MDT25 © IGN (CC BY 4.0),7,2025-12-27T22:31:22Z,2026-10-04
ad32c6cf-19b2-47d4-9af3-f46aef2d4d5a,node/1243237668,Alto de Sayas,,,,,776.0,OpenStreetMap (coincide con MDT a ±10 m),39.0,False,735.0,secundaria,39.8917376,-0.5879644,10,Comunitat Valenciana,12,Castellón/Castelló,l'Alt Palància,12071,Jérica,OpenStreetMap (ODbL 1.0),Calculada sobre MDT25 © IGN (CC BY 4.0),4,2025-01-20T18:58:46Z,2026-10-04
8254b783-4c24-423d-ab47-d6f083b4c020,node/10300301814,el Molló,,el Molló,,,776.0,OpenStreetMap (coincide con MDT a ±10 m),75.0,False,700.0,secundaria,40.4462023,0.0612844,10,Comunitat Valenciana,12,Castellón/Castelló,l'Alt Maestrat,12111,Tírig,OpenStreetMap (ODbL 1.0),Calculada sobre MDT25 © IGN (CC BY 4.0),2,2023-01-15T19:42:34Z,2026-10-04
ef7ad02f-5dbd-4427-b939-8a155c5a9348,node/1249954419,Mola de Palanques,,Mola de Palanques,,,774.0,OpenStreetMap (coincide con MDT a ±10 m),56.0,False,719.0,secundaria,40.7148164,-0.1627449,10,Comunitat Valenciana,12,Castellón/Castelló,els Ports,12141,Zorita del Maestrazgo,OpenStreetMap (ODbL 1.0),Calculada sobre MDT25 © IGN (CC BY 4.0),6,2026-05-17T19:09:46Z,2026-10-04
3a3dea42-5eb2-40bf-a389-c0ee46014f9c,node/1243279474,Tossal de la Caseta,,Tossal de la Caseta,,,772.0,OpenStreetMap (coincide con MDT a ±10 m),100.0,False,670.0,principal,40.2390292,-0.2149721,10,Comunitat Valenciana,12,Castellón/Castelló,l'Alt Maestrat,12001,Atzeneta del Maestrat,OpenStreetMap (ODbL 1.0),Calculada sobre MDT25 © IGN (CC BY 4.0),5,2022-11-21T03:32:00Z,2026-10-04
94fb9e3f-08a3-427a-bc88-266e65224a4c,node/1243242528,Cerro de la Venta,,,,,771.0,OpenStreetMap (coincide con MDT a ±10 m),46.0,False,724.0,secundaria,39.9041044,-0.6932774,10,Comunitat Valenciana,12,Castellón/Castelló,l'Alt Palància,12022,Bejís,OpenStreetMap (ODbL 1.0),Calculada sobre MDT25 © IGN (CC BY 4.0),4,2024-12-08T16:39:34Z,2026-10-04
d1380d1a-fc1d-4347-9f72-d7862bf8b0ec,node/1243264639,El Alto,,,,,771.0,OpenStreetMap (coincide con MDT a ±10 m),71.0,False,699.0,secundaria,40.0138314,-0.4251352,10,Comunitat Valenciana,12,Castellón/Castelló,El Alto Mijares,12064,Fuentes de Ayódar,OpenStreetMap (ODbL 1.0),Calculada sobre MDT25 © IGN (CC BY 4.0),4,2023-12-03T20:53:09Z,2026-10-04
150d14c3-e0b8-4dbf-aba9-36d3a55b78dd,node/1243272064,Loma de los Trapos,,,,,769.0,OpenStreetMap (coincide con MDT a ±10 m),55.0,False,712.0,secundaria,40.0319256,-0.3938421,10,Comunitat Valenciana,12,Castellón/Castelló,El Alto Mijares,12113,Toga,OpenStreetMap (ODbL 1.0),Calculada sobre MDT25 © IGN (CC BY 4.0),4,2023-12-06T00:14:15Z,2026-10-04
ee2fc42e-4abd-4643-93a9-8a17068e573d,node/1243272889,Vidal,,,,,769.0,OpenStreetMap (coincide con MDT a ±10 m),50.0,False,721.0,secundaria,39.8661409,-0.3812209,10,Comunitat Valenciana,12,Castellón/Castelló,l'Alt Palància,12018,Azuébar,OpenStreetMap (ODbL 1.0),Calculada sobre MDT25 © IGN (CC BY 4.0),4,2025-01-30T13:11:12Z,2026-10-04
9af27288-64d9-4280-80e9-29579cacb28e,node/1243232474,Alto del Sabinar Grande,,,,,768.0,OpenStreetMap (coincide con MDT a ±10 m),62.0,False,704.0,secundaria,39.9625614,-0.5324195,10,Comunitat Valenciana,12,Castellón/Castelló,l'Alt Palància,12043,Caudiel,OpenStreetMap (ODbL 1.0),Calculada sobre MDT25 © IGN (CC BY 4.0),4,2024-04-25T12:07:26Z,2026-10-04
e69b7a86-de44-4bc3-8592-ae1fb7941b96,node/1243233967,Pico Casalet,,Pico Cassalet,,,767.0,OpenStreetMap (coincide con MDT a ±10 m),85.0,False,677.0,secundaria,39.932949,-0.3642955,10,Comunitat Valenciana,12,Castellón/Castelló,la Plana Baixa,12006,Alcudia de Veo,OpenStreetMap (ODbL 1.0),Calculada sobre MDT25 © IGN (CC BY 4.0),9,2024-01-16T17:12:09Z,2026-10-04
a231c2b9-8bd2-4e77-83a5-468c43b0c306,node/3434673957,Pico de Tarraguán,,,,,766.0,OpenStreetMap (coincide con MDT a ±10 m),107.0,False,660.0,principal,39.8671951,-0.3058646,10,Comunitat Valenciana,12,Castellón/Castelló,l'Alt Palància,12056,Chóvar,OpenStreetMap (ODbL 1.0),Calculada sobre MDT25 © IGN (CC BY 4.0),1,2015-04-03T16:24:14Z,2026-10-04
6963a611-7adf-4cef-a80d-70815ef5095c,node/9841398635,Coll de Cabres,,Coll de Cabres,,,766.0,OpenStreetMap (coincide con MDT a ±10 m),82.0,False,685.0,secundaria,40.4213262,0.0454509,10,Comunitat Valenciana,12,Castellón/Castelló,l'Alt Maestrat,12111,Tírig,OpenStreetMap (ODbL 1.0),Calculada sobre MDT25 © IGN (CC BY 4.0),2,2022-11-19T06:18:46Z,2026-10-04
13e53681-d4d3-45b0-a63d-6ee2c2a43c06,node/12513989589,Cerro de la Hinojosa,,,,,765.0,OpenStreetMap (coincide con MDT a ±10 m),38.0,False,724.0,secundaria,39.9230926,-0.6632522,10,Comunitat Valenciana,12,Castellón/Castelló,l'Alt Palància,12114,Torás,OpenStreetMap (ODbL 1.0),Calculada sobre MDT25 © IGN (CC BY 4.0),1,2025-01-19T10:55:47Z,2026-10-04
a3001d00-d3a1-484b-b00e-f74cba068ea5,node/6363425067,La Dehesa,,,,,763.0,OpenStreetMap (coincide con MDT a ±10 m),176.0,False,586.0,principal,39.8666591,-0.3997391,10,Comunitat Valenciana,12,Castellón/Castelló,l'Alt Palància,12010,Almedíjar,OpenStreetMap (ODbL 1.0),Calculada sobre MDT25 © IGN (CC BY 4.0),1,2019-03-26T20:06:27Z,2026-10-04
7ea2a8e7-d0b5-45bf-97fa-aab9aba82c1c,node/11140084500,Guardamar,,Guardamar,,,761.0,OpenStreetMap (coincide con MDT a ±10 m),32.0,False,730.0,secundaria,40.1166331,-0.2682126,10,Comunitat Valenciana,12,Castellón/Castelló,l'Alcalatén,12072,Llucena / Lucena del Cid,OpenStreetMap (ODbL 1.0),Calculada sobre MDT25 © IGN (CC BY 4.0),2,2023-10-19T23:09:45Z,2026-10-04
7bf23f74-960b-4d27-8272-94f0fb8b3587,node/1243232544,Peña Broda,,,,,759.0,OpenStreetMap (coincide con MDT a ±10 m),113.0,False,644.0,principal,40.0249851,-0.4076014,10,Comunitat Valenciana,12,Castellón/Castelló,El Alto Mijares,12064,Fuentes de Ayódar,OpenStreetMap (ODbL 1.0),Calculada sobre MDT25 © IGN (CC BY 4.0),7,2024-06-08T00:09:12Z,2026-10-04
0bdd3a41-89b5-406c-bc4f-bae41a10f53f,node/11486613063,Tossal de la Deveseta,,Tossal de la Deveseta,,,758.0,OpenStreetMap (coincide con MDT a ±10 m),44.0,False,713.0,secundaria,40.5079469,0.0618504,10,Comunitat Valenciana,12,Castellón/Castelló,l'Alt Maestrat,12042,Catí,OpenStreetMap (ODbL 1.0),Calculada sobre MDT25 © IGN (CC BY 4.0),2,2024-01-04T18:08:54Z,2026-10-04
13cc1e06-08c4-4c18-aed0-59ce74c7f528,node/1243244257,Tossal de la Mola,,Tossal de la Mola,,,755.0,OpenStreetMap (coincide con MDT a ±10 m),50.0,False,705.0,secundaria,40.4456482,0.0524535,10,Comunitat Valenciana,12,Castellón/Castelló,l'Alt Maestrat,12111,Tírig,OpenStreetMap (ODbL 1.0),Calculada sobre MDT25 © IGN (CC BY 4.0),6,2025-02-17T18:52:06Z,2026-10-04
b85e3195-b8a7-4e77-936e-947db113ebe1,node/1243244334,Peña Parda,,,,,755.0,OpenStreetMap (coincide con MDT a ±10 m),30.0,False,726.0,secundaria,39.9205365,-0.3735057,10,Comunitat Valenciana,12,Castellón/Castelló,la Plana Baixa,12006,Alcudia de Veo,OpenStreetMap (ODbL 1.0),Calculada sobre MDT25 © IGN (CC BY 4.0),5,2023-11-28T00:29:24Z,2026-10-04
654551f7-68c9-4ee0-8ca7-d1f9a9c9279e,node/11522446729,El Casalet,,,,,753.0,OpenStreetMap (coincide con MDT a ±10 m),64.0,False,691.0,secundaria,39.9321333,-0.3536718,10,Comunitat Valenciana,12,Castellón/Castelló,la Plana Baixa,12006,Alcudia de Veo,OpenStreetMap (ODbL 1.0),Calculada sobre MDT25 © IGN (CC BY 4.0),1,2024-01-16T17:12:09Z,2026-10-04
c3b3b590-6115-49ad-bd00-a3915eb0e160,node/1243233109,El Mastejado,,,,,751.0,OpenStreetMap (coincide con MDT a ±10 m),47.0,False,706.0,secundaria,39.7986577,-0.5792016,10,Comunitat Valenciana,12,Castellón/Castelló,l'Alt Palància,12012,Altura,OpenStreetMap (ODbL 1.0),Calculada sobre MDT25 © IGN (CC BY 4.0),4,2025-01-26T18:00:22Z,2026-10-04
09dbd8e6-3837-4e0c-910b-926b10f754b4,node/7682420607,Tossal Pelat,,Tossal Pelat,,,751.0,OpenStreetMap (coincide con MDT a ±10 m),32.0,False,718.0,secundaria,40.2359623,-0.2312483,10,Comunitat Valenciana,12,Castellón/Castelló,l'Alt Maestrat,12001,Atzeneta del Maestrat,OpenStreetMap (ODbL 1.0),Calculada sobre MDT25 © IGN (CC BY 4.0),2,2022-11-21T03:32:00Z,2026-10-04
e5471dba-0342-4c1a-a718-99df01e1e360,node/12749130571,Tossal del Coscollar,,,,,751.0,OpenStreetMap (coincide con MDT a ±10 m),35.0,False,716.0,secundaria,40.2957844,-0.1221726,10,Comunitat Valenciana,12,Castellón/Castelló,l'Alt Maestrat,12051,Culla,OpenStreetMap (ODbL 1.0),Calculada sobre MDT25 © IGN (CC BY 4.0),2,2026-05-17T19:09:46Z,2026-10-04
d0e973b1-b5e5-4cf3-8032-81e23a52b75f,node/1243268665,Tossal del Calciner,,,,,749.0,OpenStreetMap (coincide con MDT a ±10 m),60.0,False,688.0,secundaria,40.2314682,-0.2241446,10,Comunitat Valenciana,12,Castellón/Castelló,l'Alt Maestrat,12001,Atzeneta del Maestrat,OpenStreetMap (ODbL 1.0),Calculada sobre MDT25 © IGN (CC BY 4.0),6,2024-01-04T00:23:36Z,2026-10-04
834e6620-eb3f-4e0c-a411-7ed3df9d169b,node/10735280240,El Cabezo,,,,,746.0,OpenStreetMap (coincide con MDT a ±10 m),37.0,False,709.0,secundaria,40.0650417,-0.3131515,10,Comunitat Valenciana,12,Castellón/Castelló,El Alto Mijares,12015,Argelita,OpenStreetMap (ODbL 1.0),Calculada sobre MDT25 © IGN (CC BY 4.0),1,2023-03-14T15:50:13Z,2026-10-04
c8dbc48c-ab7a-4689-b6ef-22818179c76e,node/1243269311,lo Flare,,lo Flare,,,744.0,OpenStreetMap (coincide con MDT a ±10 m),30.0,False,714.0,secundaria,40.47385,0.1106182,10,Comunitat Valenciana,12,Castellón/Castelló,el Baix Maestrat,12100,Sant Mateu,OpenStreetMap (ODbL 1.0),Calculada sobre MDT25 © IGN (CC BY 4.0),7,2024-08-22T16:51:35Z,2026-10-04
a060e7d4-44f2-4424-8cbb-41ee247dc660,node/12030090575,Castell de l'Ullastre,,,,,743.0,OpenStreetMap (coincide con MDT a ±10 m),51.0,False,688.0,secundaria,40.6522511,0.2376045,10,Comunitat Valenciana,12,Castellón/Castelló,el Baix Maestrat,12096,Rossell,OpenStreetMap (ODbL 1.0),Calculada sobre MDT25 © IGN (CC BY 4.0),1,2024-07-02T23:40:56Z,2026-10-04
89a175e1-c3af-4dc4-8b76-2335810ef66e,node/7395606682,la Penya Roja,,la Penya Roja,,,740.0,OpenStreetMap (coincide con MDT a ±10 m),92.0,False,649.0,secundaria,40.1450182,-0.1978002,10,Comunitat Valenciana,12,Castellón/Castelló,l'Alcalatén,12122,les Useres / Useras,OpenStreetMap (ODbL 1.0),Calculada sobre MDT25 © IGN (CC BY 4.0),3,2022-12-10T15:15:33Z,2026-10-04
0f349a1f-c49f-4490-bfef-aceda2b86bc6,node/1243268602,El Penitente,,,,,739.0,OpenStreetMap (coincide con MDT a ±10 m),31.0,False,708.0,secundaria,39.7486458,-0.4751465,10,Comunitat Valenciana,12,Castellón/Castelló,l'Alt Palància,12104,Segorbe,OpenStreetMap (ODbL 1.0),Calculada sobre MDT25 © IGN (CC BY 4.0),5,2025-02-03T19:17:28Z,2026-10-04
a0963ad6-8dfd-4aaa-82ac-6189f3c31c35,node/7603278470,Alt de Molina,,,,,739.0,OpenStreetMap (coincide con MDT a ±10 m),47.0,False,692.0,secundaria,39.9304261,-0.3696677,10,Comunitat Valenciana,12,Castellón/Castelló,la Plana Baixa,12006,Alcudia de Veo,OpenStreetMap (ODbL 1.0),Calculada sobre MDT25 © IGN (CC BY 4.0),2,2021-03-13T21:04:43Z,2026-10-04
ddae222f-d686-47ab-9bab-50d28d84e208,node/12946525199,el Cabeço,,,,,739.0,OpenStreetMap (coincide con MDT a ±10 m),51.0,False,688.0,secundaria,40.1631819,-0.3021405,10,Comunitat Valenciana,12,Castellón/Castelló,l'Alcalatén,12072,Llucena / Lucena del Cid,OpenStreetMap (ODbL 1.0),Calculada sobre MDT25 © IGN (CC BY 4.0),2,2026-05-17T19:09:46Z,2026-10-04
a7b19749-3778-4ed3-9bec-105d87786ef3,node/1243278419,Tossal d'en Boix,,Tossal d'en Boix,,,738.0,OpenStreetMap (coincide con MDT a ±10 m),44.0,False,693.0,secundaria,40.3484764,0.0546401,10,Comunitat Valenciana,12,Castellón/Castelló,l'Alt Maestrat,12003,Albocàsser,OpenStreetMap (ODbL 1.0),Calculada sobre MDT25 © IGN (CC BY 4.0),5,2023-09-03T19:11:54Z,2026-10-04
85873b2e-cc9a-4335-8b9a-3b21d6975a7e,node/11377618752,el Cardanxar,,,,,737.0,OpenStreetMap (coincide con MDT a ±10 m),46.0,False,694.0,secundaria,40.3319845,-0.0542194,10,Comunitat Valenciana,12,Castellón/Castelló,l'Alt Maestrat,12119,la Torre d'en Besora,OpenStreetMap (ODbL 1.0),Calculada sobre MDT25 © IGN (CC BY 4.0),1,2023-11-26T12:47:15Z,2026-10-04
c44c256a-36ae-4e77-a731-afb6c1fe96ba,node/11868571593,Loma de la Barcella,,,,,736.0,OpenStreetMap (coincide con MDT a ±10 m),32.0,False,703.0,secundaria,39.9271302,-0.4644591,10,Comunitat Valenciana,12,Castellón/Castelló,l'Alt Palància,12076,Matet,OpenStreetMap (ODbL 1.0),Calculada sobre MDT25 © IGN (CC BY 4.0),1,2024-04-30T09:30:57Z,2026-10-04
10463726-b6c6-4561-9b32-a3e579ba4d89,node/12534575295,Alto de Bellón,,,,,736.0,OpenStreetMap (coincide con MDT a ±10 m),42.0,False,695.0,secundaria,39.8096424,-0.5777536,10,Comunitat Valenciana,12,Castellón/Castelló,l'Alt Palància,12012,Altura,OpenStreetMap (ODbL 1.0),Calculada sobre MDT25 © IGN (CC BY 4.0),1,2025-01-26T18:00:22Z,2026-10-04
f9436bd5-eda4-444c-9140-dc6e1d41d50f,node/13042222846,Tossal de la Fembra,,,,,734.0,OpenStreetMap (coincide con MDT a ±10 m),106.0,False,629.0,principal,40.343723,-0.0444067,10,Comunitat Valenciana,12,Castellón/Castelló,l'Alt Maestrat,12051,Culla,OpenStreetMap (ODbL 1.0),Calculada sobre MDT25 © IGN (CC BY 4.0),1,2025-08-01T22:54:49Z,2026-10-04
cd8c3626-1468-487c-8933-59c161c05d30,node/262949964,el Bartolo,,el Bartolo,,,729.0,OpenStreetMap (coincide con MDT a ±10 m),471.0,False,259.0,principal,40.0855084,0.0310999,10,Comunitat Valenciana,12,Castellón/Castelló,la Plana Alta,12028,Benicàssim / Benicasim,OpenStreetMap (ODbL 1.0),Calculada sobre MDT25 © IGN (CC BY 4.0),12,2024-06-13T14:23:33Z,2026-10-04
c64e894e-ca44-4ccf-835f-93fd43a7970a,node/2864130798,Cim dels Orgues,,,,,729.0,OpenStreetMap (coincide con MDT a ±10 m),42.0,False,686.0,secundaria,39.9364447,-0.3431708,10,Comunitat Valenciana,12,Castellón/Castelló,la Plana Baixa,12006,Alcudia de Veo,OpenStreetMap (ODbL 1.0),Calculada sobre MDT25 © IGN (CC BY 4.0),5,2023-10-30T18:26:16Z,2026-10-04
7f3edc38-ed8d-41a3-a456-258a5b884018,node/1243265721,Penya Saganta,,,,,726.0,OpenStreetMap (coincide con MDT a ±10 m),39.0,False,687.0,secundaria,40.0164926,-0.3585098,10,Comunitat Valenciana,12,Castellón/Castelló,El Alto Mijares,12058,Espadilla,OpenStreetMap (ODbL 1.0),Calculada sobre MDT25 © IGN (CC BY 4.0),6,2024-11-07T08:09:03Z,2026-10-04
6dc3d563-4e94-4dff-8472-68098e54307b,node/4510168635,Cormo de la Penya,,,,,726.0,OpenStreetMap (coincide con MDT a ±10 m),407.0,False,319.0,principal,40.0908781,-0.0598367,10,Comunitat Valenciana,12,Castellón/Castelló,la Plana Alta,12031,Borriol,OpenStreetMap (ODbL 1.0),Calculada sobre MDT25 © IGN (CC BY 4.0),5,2024-11-20T00:59:00Z,2026-10-04
15f2a444-fbc6-47ac-b7a1-3b1da7e34dc9,node/13042222828,el Matxorral,,,,,726.0,OpenStreetMap (coincide con MDT a ±10 m),57.0,False,670.0,secundaria,40.3461843,-0.0694263,10,Comunitat Valenciana,12,Castellón/Castelló,l'Alt Maestrat,12134,Vilar de Canes,OpenStreetMap (ODbL 1.0),Calculada sobre MDT25 © IGN (CC BY 4.0),1,2025-08-01T22:54:49Z,2026-10-04
4e198b4b-fe90-434a-b74b-a1f5e93ba400,node/10961385474,les Bateries,,les Bateries,,,719.0,OpenStreetMap (coincide con MDT a ±10 m),61.0,False,657.0,secundaria,40.1298058,-0.2822671,10,Comunitat Valenciana,12,Castellón/Castelló,l'Alcalatén,12072,Llucena / Lucena del Cid,OpenStreetMap (ODbL 1.0),Calculada sobre MDT25 © IGN (CC BY 4.0),3,2024-07-23T19:22:52Z,2026-10-04
79facbb5-0cf0-4dd7-ac08-233c360e177d,node/10967626083,el Mallol,,el Mallol,,,718.0,OpenStreetMap (coincide con MDT a ±10 m),146.0,False,571.0,principal,39.9043127,-0.3226161,10,Comunitat Valenciana,12,Castellón/Castelló,la Plana Baixa,12002,Aín,OpenStreetMap (ODbL 1.0),Calculada sobre MDT25 © IGN (CC BY 4.0),1,2023-06-10T11:29:44Z,2026-10-04
394c3431-d552-4c2a-a075-4e7981fe681b,node/4016575119,Torremundo,,Torremundo,,,717.0,OpenStreetMap (coincide con MDT a ±10 m),44.0,False,673.0,secundaria,40.0957614,-0.2586508,10,Comunitat Valenciana,12,Castellón/Castelló,l'Alcalatén,12072,Llucena / Lucena del Cid,OpenStreetMap (ODbL 1.0),Calculada sobre MDT25 © IGN (CC BY 4.0),4,2023-10-19T23:09:45Z,2026-10-04
01a3f533-1cd4-46f9-9948-5cf385d49609,node/948641277,Tossal d'en Canes,,,,,716.2,OpenStreetMap (coincide con MDT a ±10 m),394.0,False,321.0,principal,40.3868626,0.1844697,10,Comunitat Valenciana,12,Castellón/Castelló,el Baix Maestrat,12098,la Salzadella,OpenStreetMap (ODbL 1.0),Calculada sobre MDT25 © IGN (CC BY 4.0),11,2025-10-20T21:51:04Z,2026-10-04
c902e60d-0a20-4d0a-a67d-9b5456876921,node/12435555682,Almenaria,,,,,715.0,OpenStreetMap (coincide con MDT a ±10 m),43.0,False,671.0,secundaria,39.9147619,-0.3957904,10,Comunitat Valenciana,12,Castellón/Castelló,l'Alt Palància,12008,Algimia de Almonacid,OpenStreetMap (ODbL 1.0),Calculada sobre MDT25 © IGN (CC BY 4.0),1,2024-12-20T10:50:52Z,2026-10-04
5f319ec8-3536-4ec8-bcfc-cb5bdd4ddc2e,node/1243277996,Alto del Roquetillo,,,,,712.0,OpenStreetMap (coincide con MDT a ±10 m),58.0,False,651.0,secundaria,39.9079288,-0.5859423,10,Comunitat Valenciana,12,Castellón/Castelló,l'Alt Palància,12071,Jérica,OpenStreetMap (ODbL 1.0),Calculada sobre MDT25 © IGN (CC BY 4.0),4,2024-12-11T08:25:06Z,2026-10-04
28426fda-f51e-41ee-98cc-e74c7eb6b6f5,node/12534620675,Peña de los Coranos,,,,,712.0,OpenStreetMap (coincide con MDT a ±10 m),31.0,False,683.0,secundaria,39.8104809,-0.5699759,10,Comunitat Valenciana,12,Castellón/Castelló,l'Alt Palància,12012,Altura,OpenStreetMap (ODbL 1.0),Calculada sobre MDT25 © IGN (CC BY 4.0),2,2026-05-17T19:09:46Z,2026-10-04
758baa5d-9646-477b-8d33-a597d53e49fc,node/1243269126,Cerro Vicente,,,,,707.0,OpenStreetMap (coincide con MDT a ±10 m),45.0,False,662.0,secundaria,39.8992498,-0.6347372,10,Comunitat Valenciana,12,Castellón/Castelló,l'Alt Palància,12140,Viver,OpenStreetMap (ODbL 1.0),Calculada sobre MDT25 © IGN (CC BY 4.0),4,2025-01-19T11:14:44Z,2026-10-04
a9c56623-2a02-45aa-9cdb-83743576f1aa,node/13607440893,Mola de les Calderes,,,,,707.0,OpenStreetMap (coincide con MDT a ±10 m),54.0,False,653.0,secundaria,40.5357205,0.1419854,10,Comunitat Valenciana,12,Castellón/Castelló,el Baix Maestrat,12052,Xert,OpenStreetMap (ODbL 1.0),Calculada sobre MDT25 © IGN (CC BY 4.0),1,2026-02-28T11:35:26Z,2026-10-04
5d3feaf6-a6d0-4e12-94c9-1d562e5c216b,node/1243233998,Loma de los Judíos,,,,,706.0,OpenStreetMap (coincide con MDT a ±10 m),31.0,False,674.0,secundaria,40.0321573,-0.4164902,10,Comunitat Valenciana,12,Castellón/Castelló,El Alto Mijares,12064,Fuentes de Ayódar,OpenStreetMap (ODbL 1.0),Calculada sobre MDT25 © IGN (CC BY 4.0),5,2024-06-07T21:07:18Z,2026-10-04
208e4d3f-4394-4b44-a2ab-14b3a5928ab6,node/1243242839,el Morral,,el Morral,,,706.0,OpenStreetMap (coincide con MDT a ±10 m),33.0,False,674.0,secundaria,40.3491836,-0.0425463,10,Comunitat Valenciana,12,Castellón/Castelló,l'Alt Maestrat,12134,Vilar de Canes,OpenStreetMap (ODbL 1.0),Calculada sobre MDT25 © IGN (CC BY 4.0),6,2025-08-21T01:08:14Z,2026-10-04
0298581a-7598-4c98-8886-9025083f1e34,node/1243278991,el Colomer,,el Colomer,,,705.0,OpenStreetMap (coincide con MDT a ±10 m),35.0,False,672.0,secundaria,40.0866485,0.0366973,10,Comunitat Valenciana,12,Castellón/Castelló,la Plana Alta,12033,Cabanes,OpenStreetMap (ODbL 1.0),Calculada sobre MDT25 © IGN (CC BY 4.0),8,2026-05-17T19:09:46Z,2026-10-04
800e0b51-ef63-4562-b127-1a3a246787d7,node/9450236214,,,,,,705.0,OpenStreetMap (coincide con MDT a ±10 m),60.0,False,648.0,secundaria,40.0579114,-0.520975,10,Comunitat Valenciana,12,Castellón/Castelló,El Alto Mijares,12079,Montanejos,OpenStreetMap (ODbL 1.0),Calculada sobre MDT25 © IGN (CC BY 4.0),1,2022-01-26T14:12:23Z,2026-10-04
a3464049-8523-4207-908f-a196733f16be,node/1243242395,Tossal de Mollet,,Tossal de Mollet,,,703.0,OpenStreetMap (coincide con MDT a ±10 m),197.0,False,505.0,principal,40.080865,-0.0850793,10,Comunitat Valenciana,12,Castellón/Castelló,la Plana Alta,12902,Sant Joan de Moró,OpenStreetMap (ODbL 1.0),Calculada sobre MDT25 © IGN (CC BY 4.0),9,2026-05-17T19:09:46Z,2026-10-04
cec23ee9-5e09-4dcf-8f95-32bcb24fda18,node/1243281731,la Mola,Cerro de la Mola,la Mola,,,703.0,OpenStreetMap (coincide con MDT a ±10 m),182.0,False,522.0,principal,39.979205,-0.3380102,10,Comunitat Valenciana,12,Castellón/Castelló,la Plana Baixa,12108,Suera / Sueras,OpenStreetMap (ODbL 1.0),Calculada sobre MDT25 © IGN (CC BY 4.0),5,2026-05-17T19:09:46Z,2026-10-04
c1bdd4c9-7818-4e63-b521-c6d7db504698,node/12514010829,Alto del Torrejón,,,,,701.0,OpenStreetMap (coincide con MDT a ±10 m),51.0,False,648.0,secundaria,39.9037169,-0.6404688,10,Comunitat Valenciana,12,Castellón/Castelló,l'Alt Palància,12140,Viver,OpenStreetMap (ODbL 1.0),Calculada sobre MDT25 © IGN (CC BY 4.0),1,2025-01-19T11:14:44Z,2026-10-04
1188bdbf-bbe1-4ba9-91e8-951a3ffdd160,node/1243268850,el Cabeço,,,,,699.0,OpenStreetMap (coincide con MDT a ±10 m),43.0,False,657.0,secundaria,40.2084591,-0.2254959,10,Comunitat Valenciana,12,Castellón/Castelló,l'Alcalatén,12072,Llucena / Lucena del Cid,OpenStreetMap (ODbL 1.0),Calculada sobre MDT25 © IGN (CC BY 4.0),4,2024-05-13T22:26:51Z,2026-10-04
705d52c6-defd-453a-a487-0a5cdedc1122,node/6819418465,el Cantal Gros,,el Cantal Gros,,,699.0,OpenStreetMap (coincide con MDT a ±10 m),51.0,False,647.0,secundaria,40.0759172,0.014,10,Comunitat Valenciana,12,Castellón/Castelló,la Plana Alta,12028,Benicàssim / Benicasim,OpenStreetMap (ODbL 1.0),Calculada sobre MDT25 © IGN (CC BY 4.0),3,2022-12-10T14:23:57Z,2026-10-04
9c967e83-4d81-4a22-893a-f7cfa84b9395,node/1243231079,Tossal del Roquís,,,,,698.0,OpenStreetMap (coincide con MDT a ±10 m),35.0,False,662.0,secundaria,40.2850726,-0.1401202,10,Comunitat Valenciana,12,Castellón/Castelló,l'Alt Maestrat,12051,Culla,OpenStreetMap (ODbL 1.0),Calculada sobre MDT25 © IGN (CC BY 4.0),5,2025-08-25T18:44:28Z,2026-10-04
839d318e-f134-48ff-ae9e-f94cb16994a6,node/13085606693,Tossal Redó,,,,,698.0,OpenStreetMap (coincide con MDT a ±10 m),41.0,False,658.0,secundaria,40.3494469,-0.0517881,10,Comunitat Valenciana,12,Castellón/Castelló,l'Alt Maestrat,12134,Vilar de Canes,OpenStreetMap (ODbL 1.0),Calculada sobre MDT25 © IGN (CC BY 4.0),1,2025-08-20T23:43:35Z,2026-10-04
2dc7a760-7558-44be-914f-bd8cc6c63724,node/1243277931,Mola del Morico,,,,,697.0,OpenStreetMap (coincide con MDT a ±10 m),160.0,False,538.0,principal,40.0701442,0.0024831,10,Comunitat Valenciana,12,Castellón/Castelló,la Plana Alta,12028,Benicàssim / Benicasim,OpenStreetMap (ODbL 1.0),Calculada sobre MDT25 © IGN (CC BY 4.0),4,2019-09-23T14:31:45Z,2026-10-04
c8b6b94e-5c1a-4a91-bcf6-8996e5c57972,node/6819418467,el Caragol de Panxa,,el Caragol de Panxa,,,696.0,OpenStreetMap (coincide con MDT a ±10 m),38.0,False,658.0,secundaria,40.0789347,0.0200283,10,Comunitat Valenciana,12,Castellón/Castelló,la Plana Alta,12028,Benicàssim / Benicasim,OpenStreetMap (ODbL 1.0),Calculada sobre MDT25 © IGN (CC BY 4.0),5,2025-01-18T09:03:33Z,2026-10-04
71042467-0a07-4633-bf86-df6ea89b46bf,node/1243282172,El Bombo,,,,,693.0,OpenStreetMap (coincide con MDT a ±10 m),40.0,False,657.0,secundaria,40.0400112,-0.5426379,10,Comunitat Valenciana,12,Castellón/Castelló,El Alto Mijares,12078,Montán,OpenStreetMap (ODbL 1.0),Calculada sobre MDT25 © IGN (CC BY 4.0),4,2023-03-08T16:28:16Z,2026-10-04
9a792728-6e2b-40c7-bf55-5d2d49829963,node/8849221929,el Puntal,,el Puntal,,,693.0,OpenStreetMap (coincide con MDT a ±10 m),148.0,False,541.0,principal,39.8648471,-0.2378102,10,Comunitat Valenciana,12,Castellón/Castelló,la Plana Baixa,12016,Artana,OpenStreetMap (ODbL 1.0),Calculada sobre MDT25 © IGN (CC BY 4.0),2,2022-12-10T14:18:28Z,2026-10-04
f03cd837-f5d3-4f84-9301-44d5fad927ec,node/10238853488,Mola Redona,,Mola Redona,,,693.0,OpenStreetMap (coincide con MDT a ±10 m),80.0,False,604.0,secundaria,40.5488252,0.1788354,10,Comunitat Valenciana,12,Castellón/Castelló,el Baix Maestrat,12052,Xert,OpenStreetMap (ODbL 1.0),Calculada sobre MDT25 © IGN (CC BY 4.0),3,2023-10-19T23:09:59Z,2026-10-04
aa495169-8643-45b1-9669-af897701c2df,node/7603244132,Creueta dels Trons,,Creueta dels Trons,,,692.0,OpenStreetMap (coincide con MDT a ±10 m),63.0,False,627.0,secundaria,39.9212185,-0.3477647,10,Comunitat Valenciana,12,Castellón/Castelló,la Plana Baixa,12006,Alcudia de Veo,OpenStreetMap (ODbL 1.0),Calculada sobre MDT25 © IGN (CC BY 4.0),3,2023-11-28T00:29:24Z,2026-10-04
94961737-251b-4898-9da0-d63883ddcfcf,node/11218613120,el Denàs,,el Denàs,,,691.0,OpenStreetMap (coincide con MDT a ±10 m),52.0,False,642.0,secundaria,39.8558503,-0.275818,10,Comunitat Valenciana,12,Castellón/Castelló,la Plana Baixa,12007,Alfondeguilla,OpenStreetMap (ODbL 1.0),Calculada sobre MDT25 © IGN (CC BY 4.0),2,2023-10-09T23:21:13Z,2026-10-04
e81545e1-0237-4254-9a6d-d2f73b0925be,node/7779438012,,,,,,690.0,OpenStreetMap (coincide con MDT a ±10 m),52.0,False,634.0,secundaria,40.70586,0.2317637,10,Comunitat Valenciana,12,Castellón/Castelló,el Baix Maestrat,12093,la Pobla de Benifassà,OpenStreetMap (ODbL 1.0),Calculada sobre MDT25 © IGN (CC BY 4.0),1,2020-08-02T22:02:32Z,2026-10-04
7f49b338-fd2d-4409-9111-676c5b94cddb,node/1243281741,Alto de las Quinchas,,,,,688.0,OpenStreetMap (coincide con MDT a ±10 m),38.0,False,650.0,secundaria,39.9053628,-0.6237107,10,Comunitat Valenciana,12,Castellón/Castelló,l'Alt Palància,12140,Viver,OpenStreetMap (ODbL 1.0),Calculada sobre MDT25 © IGN (CC BY 4.0),4,2025-01-19T11:14:44Z,2026-10-04
d7046c16-cb09-422a-bb1a-c42e0cd41bd6,node/6287043796,El Madroñal,,,,,687.0,OpenStreetMap (coincide con MDT a ±10 m),87.0,False,603.0,secundaria,39.9798003,-0.3685785,10,Comunitat Valenciana,12,Castellón/Castelló,El Alto Mijares,12017,Ayódar,OpenStreetMap (ODbL 1.0),Calculada sobre MDT25 © IGN (CC BY 4.0),1,2019-02-18T21:21:07Z,2026-10-04
e3660e10-fbc8-4dac-b0fa-a8de106c09e0,node/10238853490,Mola Llarga,,Mola Llarga,,,687.0,OpenStreetMap (coincide con MDT a ±10 m),87.0,False,601.0,secundaria,40.5530146,0.1789317,10,Comunitat Valenciana,12,Castellón/Castelló,el Baix Maestrat,12052,Xert,OpenStreetMap (ODbL 1.0),Calculada sobre MDT25 © IGN (CC BY 4.0),3,2023-10-19T23:09:59Z,2026-10-04
8869829d-75f5-4fda-8ec4-e0b184cd6a12,node/10301105175,Monte Calvario,,,,,687.0,OpenStreetMap (coincide con MDT a ±10 m),48.0,False,643.0,secundaria,40.0340371,-0.5588364,10,Comunitat Valenciana,12,Castellón/Castelló,El Alto Mijares,12078,Montán,OpenStreetMap (ODbL 1.0),Calculada sobre MDT25 © IGN (CC BY 4.0),1,2023-01-02T19:36:06Z,2026-10-04
818bba8a-82dc-43c4-972f-581876c25013,node/1243241623,Peña Alta,,,,,685.0,OpenStreetMap (coincide con MDT a ±10 m),62.0,False,622.0,secundaria,40.0122546,-0.4036685,10,Comunitat Valenciana,12,Castellón/Castelló,El Alto Mijares,12064,Fuentes de Ayódar,OpenStreetMap (ODbL 1.0),Calculada sobre MDT25 © IGN (CC BY 4.0),7,2025-01-06T11:16:40Z,2026-10-04
c6e01b00-cc31-4e5c-8e30-7dd9c98f6a3d,node/11952203637,Tossalet de l'Amassadora,,,,,685.0,OpenStreetMap (coincide con MDT a ±10 m),35.0,False,650.0,secundaria,40.1844636,-0.2265823,10,Comunitat Valenciana,12,Castellón/Castelló,l'Alcalatén,12072,Llucena / Lucena del Cid,OpenStreetMap (ODbL 1.0),Calculada sobre MDT25 © IGN (CC BY 4.0),1,2024-06-02T17:07:07Z,2026-10-04
270fe03d-2847-442f-9428-461768835e62,node/1243244163,Cabeço Roig,,,,,672.0,OpenStreetMap (coincide con MDT a ±10 m),30.0,False,640.0,secundaria,40.0671555,-0.2996036,10,Comunitat Valenciana,12,Castellón/Castelló,l'Alcalatén,12072,Llucena / Lucena del Cid,OpenStreetMap (ODbL 1.0),Calculada sobre MDT25 © IGN (CC BY 4.0),4,2024-11-05T18:52:01Z,2026-10-04
0c891465-18cc-418b-be60-87aa612390ed,node/9258375595,l'Espino,,,,,672.0,OpenStreetMap (coincide con MDT a ±10 m),195.0,False,475.0,principal,39.9259037,-0.2908264,10,Comunitat Valenciana,12,Castellón/Castelló,la Plana Baixa,12109,Tales,OpenStreetMap (ODbL 1.0),Calculada sobre MDT25 © IGN (CC BY 4.0),2,2024-09-26T17:03:55Z,2026-10-04
94169685-d2d8-4ad1-9fef-f287a19a2134,node/9487715155,Alto de la Carrasqueta,,,,,671.5,OpenStreetMap (coincide con MDT a ±10 m),35.0,False,637.0,secundaria,39.9711941,-0.3668586,10,Comunitat Valenciana,12,Castellón/Castelló,la Plana Baixa,12108,Suera / Sueras,OpenStreetMap (ODbL 1.0),Calculada sobre MDT25 © IGN (CC BY 4.0),1,2022-02-07T19:50:31Z,2026-10-04
b1358fb3-1b58-4994-b1fa-6ac0c1d3a0e2,node/1243274841,Alto de la Costalata,,,,,671.0,OpenStreetMap (coincide con MDT a ±10 m),39.0,False,632.0,secundaria,39.9174052,-0.4980589,10,Comunitat Valenciana,12,Castellón/Castelló,l'Alt Palància,12065,Gaibiel,OpenStreetMap (ODbL 1.0),Calculada sobre MDT25 © IGN (CC BY 4.0),4,2024-04-29T18:29:06Z,2026-10-04
d0a38307-5028-445b-8842-1ae77414274c,node/11392871229,Alto del Palomar,,,,,669.0,OpenStreetMap (coincide con MDT a ±10 m),60.0,False,608.0,secundaria,40.0199326,-0.4131889,10,Comunitat Valenciana,12,Castellón/Castelló,El Alto Mijares,12064,Fuentes de Ayódar,OpenStreetMap (ODbL 1.0),Calculada sobre MDT25 © IGN (CC BY 4.0),1,2023-12-03T20:53:09Z,2026-10-04
15cf881a-e34d-4d30-a14f-00ade9eebeb5,node/5935411511,Penya de la Campana,,Penya de la Campana,,,667.0,OpenStreetMap (coincide con MDT a ±10 m),86.0,False,584.0,secundaria,39.9071233,-0.3403831,10,Comunitat Valenciana,12,Castellón/Castelló,la Plana Baixa,12002,Aín,OpenStreetMap (ODbL 1.0),Calculada sobre MDT25 © IGN (CC BY 4.0),4,2022-11-26T10:00:47Z,2026-10-04
f8564bc8-83dc-429e-bdf3-e5ad7d160506,node/12478366790,Tossal de les Tigres,,,,,667.0,OpenStreetMap (coincide con MDT a ±10 m),36.0,False,632.0,secundaria,40.0975577,-0.2436733,10,Comunitat Valenciana,12,Castellón/Castelló,l'Alcalatén,12005,l'Alcora,OpenStreetMap (ODbL 1.0),Calculada sobre MDT25 © IGN (CC BY 4.0),1,2025-01-06T12:17:56Z,2026-10-04
1522d30a-c31e-49ff-8c8c-e024f2f093ae,node/1243277698,Las Majadas,,,,,666.0,OpenStreetMap (coincide con MDT a ±10 m),106.0,False,559.0,principal,39.9976346,-0.3973696,10,Comunitat Valenciana,12,Castellón/Castelló,El Alto Mijares,12017,Ayódar,OpenStreetMap (ODbL 1.0),Calculada sobre MDT25 © IGN (CC BY 4.0),4,2023-12-03T20:53:09Z,2026-10-04
041ccb55-cdbc-43d7-b759-b671dbfc3c3e,node/1243279059,Montardit,,Montardit,,,666.0,OpenStreetMap (coincide con MDT a ±10 m),110.0,False,556.0,principal,40.2619638,-0.1113003,10,Comunitat Valenciana,12,Castellón/Castelló,l'Alt Maestrat,12051,Culla,OpenStreetMap (ODbL 1.0),Calculada sobre MDT25 © IGN (CC BY 4.0),6,2023-04-07T16:18:14Z,2026-10-04
60d63314-bc84-4978-9250-85250ec02d58,node/9561030247,Alto del Vizcaíno,,,,,664.0,OpenStreetMap (coincide con MDT a ±10 m),37.0,False,626.0,secundaria,39.8216177,-0.5294678,10,Comunitat Valenciana,12,Castellón/Castelló,l'Alt Palància,12012,Altura,OpenStreetMap (ODbL 1.0),Calculada sobre MDT25 © IGN (CC BY 4.0),2,2025-01-28T18:55:25Z,2026-10-04
ff3cb8a0-c5ee-495c-9c6e-1a21e02198e4,node/1243240850,Coll dels Tintorers,,Coll dels Tintorers,,,660.0,OpenStreetMap (coincide con MDT a ±10 m),51.0,False,609.0,secundaria,40.4846931,0.1323345,10,Comunitat Valenciana,12,Castellón/Castelló,el Baix Maestrat,12100,Sant Mateu,OpenStreetMap (ODbL 1.0),Calculada sobre MDT25 © IGN (CC BY 4.0),6,2024-08-14T09:48:27Z,2026-10-04
2ae42c2c-81c7-435f-a8d7-8752d798b16b,node/8719784118,El Turio,,,,,655.0,OpenStreetMap (coincide con MDT a ±10 m),116.0,False,538.0,principal,40.0088373,-0.3431079,10,Comunitat Valenciana,12,Castellón/Castelló,El Alto Mijares,12059,Fanzara,OpenStreetMap (ODbL 1.0),Calculada sobre MDT25 © IGN (CC BY 4.0),1,2021-05-10T21:44:16Z,2026-10-04
7b3a2cf2-f5c7-44ef-a0bb-b1bcd36ff8f1,node/6337874045,Cingles de Mondragon,,,,,648.0,OpenStreetMap (coincide con MDT a ±10 m),105.0,False,542.0,principal,39.8531898,-0.2397512,10,Comunitat Valenciana,12,Castellón/Castelló,la Plana Baixa,12126,la Vall d'Uixó,OpenStreetMap (ODbL 1.0),Calculada sobre MDT25 © IGN (CC BY 4.0),2,2019-03-19T22:48:00Z,2026-10-04
4b1af7c6-c65e-474c-be49-08854795853b,node/9453571026,Monte del Estrecho,,,,,647.0,OpenStreetMap (coincide con MDT a ±10 m),58.0,False,586.0,secundaria,39.8797395,-0.3866191,10,Comunitat Valenciana,12,Castellón/Castelló,l'Alt Palància,12010,Almedíjar,OpenStreetMap (ODbL 1.0),Calculada sobre MDT25 © IGN (CC BY 4.0),1,2022-01-27T18:02:33Z,2026-10-04
c9080026-45df-4380-ac7b-68f61cab8cfd,node/1243235837,Roca Centelles,,Roca Centelles,,,644.0,OpenStreetMap (coincide con MDT a ±10 m),37.0,False,607.0,secundaria,40.2669863,-0.1120901,10,Comunitat Valenciana,12,Castellón/Castelló,l'Alt Maestrat,12051,Culla,OpenStreetMap (ODbL 1.0),Calculada sobre MDT25 © IGN (CC BY 4.0),5,2023-04-07T16:18:14Z,2026-10-04
6253c2a1-23b6-4469-8f8a-5ec546de4ef0,node/5378221823,Castillejo,,,,,643.0,OpenStreetMap (coincide con MDT a ±10 m),32.0,False,606.0,secundaria,39.8599619,-0.3557923,10,Comunitat Valenciana,12,Castellón/Castelló,l'Alt Palància,12018,Azuébar,OpenStreetMap (ODbL 1.0),Calculada sobre MDT25 © IGN (CC BY 4.0),2,2018-09-27T19:43:29Z,2026-10-04
d94ada97-edc4-42df-98fa-7fb86ed96aae,node/1243235924,Peña del Cinglo,,,,,641.0,OpenStreetMap (coincide con MDT a ±10 m),38.0,False,604.0,secundaria,40.0448444,-0.5300727,10,Comunitat Valenciana,12,Castellón/Castelló,El Alto Mijares,12079,Montanejos,OpenStreetMap (ODbL 1.0),Calculada sobre MDT25 © IGN (CC BY 4.0),4,2024-04-10T16:55:50Z,2026-10-04
fd9f9d42-6ba4-4505-969f-7b19a2839a65,node/4741655126,Pic de la Font de Cabres,Pico de la Font de Cabres,Pic de la Font de Cabres,,,639.0,OpenStreetMap (coincide con MDT a ±10 m),69.0,False,563.0,secundaria,39.8624982,-0.2244403,10,Comunitat Valenciana,12,Castellón/Castelló,la Plana Baixa,12082,Nules,OpenStreetMap (ODbL 1.0),Calculada sobre MDT25 © IGN (CC BY 4.0),5,2021-01-04T14:52:04Z,2026-10-04
795e7775-c50d-46df-8ca3-fa7de1a6bc97,node/1243236687,el Bovalar,,el Bovalar,,,638.0,OpenStreetMap (coincide con MDT a ±10 m),144.0,False,491.0,principal,40.2041554,-0.1583444,10,Comunitat Valenciana,12,Castellón/Castelló,l'Alt Maestrat,12001,Atzeneta del Maestrat,OpenStreetMap (ODbL 1.0),Calculada sobre MDT25 © IGN (CC BY 4.0),6,2023-07-12T07:42:55Z,2026-10-04
b0d3c813-890b-4365-abbc-4262fd1eb209,node/1243277573,Loma de Verche,,,,,636.0,OpenStreetMap (coincide con MDT a ±10 m),51.0,False,584.0,secundaria,39.8517371,-0.5731763,10,Comunitat Valenciana,12,Castellón/Castelló,l'Alt Palància,12012,Altura,OpenStreetMap (ODbL 1.0),Calculada sobre MDT25 © IGN (CC BY 4.0),4,2025-01-23T19:30:43Z,2026-10-04
a06f37d4-14f1-4304-9563-7a48e73b9231,node/8856286202,la Talaia Grossa,,la Talaia Grossa,,,636.0,OpenStreetMap (coincide con MDT a ±10 m),155.0,False,477.0,principal,40.397263,0.2173112,10,Comunitat Valenciana,12,Castellón/Castelló,el Baix Maestrat,12102,Santa Magdalena de Pulpis,OpenStreetMap (ODbL 1.0),Calculada sobre MDT25 © IGN (CC BY 4.0),3,2026-05-17T19:09:46Z,2026-10-04
0f0f9390-1ba4-469a-961d-89712b5c9300,node/10300301818,Tossalet de na Molinos,,Tossalet de na Molinos,,,632.0,OpenStreetMap (coincide con MDT a ±10 m),69.0,False,563.0,secundaria,40.4374061,0.0571039,10,Comunitat Valenciana,12,Castellón/Castelló,l'Alt Maestrat,12111,Tírig,OpenStreetMap (ODbL 1.0),Calculada sobre MDT25 © IGN (CC BY 4.0),3,2025-02-17T18:52:06Z,2026-10-04
827efb9d-c5b8-4a69-8056-9ea14ceb4e55,node/6287011927,el Cantal,,el Cantal,,,631.0,OpenStreetMap (coincide con MDT a ±10 m),52.0,False,579.0,secundaria,39.8612796,-0.2463985,10,Comunitat Valenciana,12,Castellón/Castelló,la Plana Baixa,12007,Alfondeguilla,OpenStreetMap (ODbL 1.0),Calculada sobre MDT25 © IGN (CC BY 4.0),3,2022-12-10T14:13:45Z,2026-10-04
7b04b2f5-4783-4fd9-b521-9545ab1e9c85,node/8282160638,Cim de la Roca Blanca,,Cim de la Roca Blanca,,,631.0,OpenStreetMap (coincide con MDT a ±10 m),80.0,False,544.0,secundaria,40.0659818,-0.0021751,10,Comunitat Valenciana,12,Castellón/Castelló,la Plana Alta,12031,Borriol,OpenStreetMap (ODbL 1.0),Calculada sobre MDT25 © IGN (CC BY 4.0),3,2022-11-21T03:37:31Z,2026-10-04
7cf10633-bb7f-42b9-bdea-115a9e0af9dd,node/1243274753,Altos de Gollorí,,,,,629.0,OpenStreetMap (coincide con MDT a ±10 m),54.0,False,572.0,secundaria,39.827667,-0.5441942,10,Comunitat Valenciana,12,Castellón/Castelló,l'Alt Palància,12012,Altura,OpenStreetMap (ODbL 1.0),Calculada sobre MDT25 © IGN (CC BY 4.0),4,2025-01-26T17:30:58Z,2026-10-04
032f35c9-7367-4360-b737-172c7056ec2c,node/1243237673,la Pequenya,,,,,628.0,OpenStreetMap (coincide con MDT a ±10 m),34.0,False,595.0,secundaria,40.147884,-0.2878132,10,Comunitat Valenciana,12,Castellón/Castelló,l'Alcalatén,12072,Llucena / Lucena del Cid,OpenStreetMap (ODbL 1.0),Calculada sobre MDT25 © IGN (CC BY 4.0),7,2025-06-24T21:37:58Z,2026-10-04
cb5ddcc1-47d6-4088-a534-a6fcdf1630c8,node/1243268224,el Guitó,,,,,628.0,OpenStreetMap (coincide con MDT a ±10 m),77.0,False,549.0,secundaria,39.9518657,-0.3601852,10,Comunitat Valenciana,12,Castellón/Castelló,la Plana Baixa,12108,Suera / Sueras,OpenStreetMap (ODbL 1.0),Calculada sobre MDT25 © IGN (CC BY 4.0),6,2025-01-06T11:25:53Z,2026-10-04
91f9b11c-ed2a-455c-bf8b-2e15269f7b8b,node/8718930944,lo Molló,,,,,627.0,OpenStreetMap (coincide con MDT a ±10 m),56.0,False,576.0,secundaria,40.4115748,0.2001722,10,Comunitat Valenciana,12,Castellón/Castelló,el Baix Maestrat,12098,la Salzadella,OpenStreetMap (ODbL 1.0),Calculada sobre MDT25 © IGN (CC BY 4.0),3,2022-10-03T23:01:17Z,2026-10-04
db0a4fc3-a4c6-4278-9e11-18553b76c340,node/12423406920,Tossal del Mas de Gaspar,,,,,624.0,OpenStreetMap (coincide con MDT a ±10 m),32.0,False,589.0,secundaria,40.2443638,-0.0137721,10,Comunitat Valenciana,12,Castellón/Castelló,la Plana Alta,12105,Sierra Engarcerán,OpenStreetMap (ODbL 1.0),Calculada sobre MDT25 © IGN (CC BY 4.0),2,2025-03-03T18:36:17Z,2026-10-04
eaa77624-e648-4e66-9417-c48789e8186e,node/1243242850,la Mola,,,,,622.0,OpenStreetMap (coincide con MDT a ±10 m),148.0,False,475.0,principal,40.4286493,0.1020927,10,Comunitat Valenciana,12,Castellón/Castelló,l'Alt Maestrat,12111,Tírig,OpenStreetMap (ODbL 1.0),Calculada sobre MDT25 © IGN (CC BY 4.0),5,2025-10-20T23:53:46Z,2026-10-04
e935856a-abec-4477-8a77-d325e11705e5,node/1243234348,Alto del Joven,,,,,621.0,OpenStreetMap (coincide con MDT a ±10 m),46.0,False,573.0,secundaria,39.8783061,-0.5524432,10,Comunitat Valenciana,12,Castellón/Castelló,l'Alt Palància,12071,Jérica,OpenStreetMap (ODbL 1.0),Calculada sobre MDT25 © IGN (CC BY 4.0),4,2025-01-23T11:03:01Z,2026-10-04
98a22f9f-dbdb-4d82-a89f-3d6286e94c4d,node/3437517297,El Puntalón,,,,,619.0,OpenStreetMap (coincide con MDT a ±10 m),37.0,False,579.0,secundaria,39.849449,-0.3104693,10,Comunitat Valenciana,12,Castellón/Castelló,l'Alt Palància,12056,Chóvar,OpenStreetMap (ODbL 1.0),Calculada sobre MDT25 © IGN (CC BY 4.0),2,2018-09-27T19:43:29Z,2026-10-04
90f54381-b853-4702-bd11-6ee517f6db4e,node/12109975789,Monte Blanco,,,,,617.0,OpenStreetMap (coincide con MDT a ±10 m),57.0,False,561.0,secundaria,40.4764342,0.1267038,10,Comunitat Valenciana,12,Castellón/Castelló,el Baix Maestrat,12100,Sant Mateu,OpenStreetMap (ODbL 1.0),Calculada sobre MDT25 © IGN (CC BY 4.0),1,2024-08-14T09:48:27Z,2026-10-04
7125c9bc-397e-41da-b54f-56b9b240ac29,node/6287011926,el Puntal,,el Puntal,,,614.0,OpenStreetMap (coincide con MDT a ±10 m),60.0,False,554.0,secundaria,39.8569018,-0.2628726,10,Comunitat Valenciana,12,Castellón/Castelló,la Plana Baixa,12007,Alfondeguilla,OpenStreetMap (ODbL 1.0),Calculada sobre MDT25 © IGN (CC BY 4.0),6,2023-10-09T23:21:13Z,2026-10-04
7db399a2-4104-472f-8d05-da6becb8502d,node/3023053532,el Montí,,,,,612.0,OpenStreetMap (coincide con MDT a ±10 m),225.0,False,387.0,principal,39.9458262,-0.2893823,10,Comunitat Valenciana,12,Castellón/Castelló,la Plana Baixa,12109,Tales,OpenStreetMap (ODbL 1.0),Calculada sobre MDT25 © IGN (CC BY 4.0),5,2025-02-02T10:58:49Z,2026-10-04
26712bd5-df0b-4cb3-897d-52021537c1ca,node/7554397359,Monte Redó,,,,,608.0,OpenStreetMap (coincide con MDT a ±10 m),88.0,False,521.0,secundaria,39.9155336,-0.2924882,10,Comunitat Valenciana,12,Castellón/Castelló,la Plana Baixa,12006,Alcudia de Veo,OpenStreetMap (ODbL 1.0),Calculada sobre MDT25 © IGN (CC BY 4.0),2,2020-06-05T06:24:42Z,2026-10-04
7e8ddcaf-3667-44ed-9712-4d49381f3209,node/1243268365,Monte de la Palomera,,,,,607.0,OpenStreetMap (coincide con MDT a ±10 m),49.0,False,559.0,secundaria,39.8418564,-0.3942777,10,Comunitat Valenciana,12,Castellón/Castelló,l'Alt Palància,12106,Soneja,OpenStreetMap (ODbL 1.0),Calculada sobre MDT25 © IGN (CC BY 4.0),5,2025-04-06T20:15:16Z,2026-10-04
ab3a57ed-e78f-4735-92c4-385584bc090f,node/13607441208,Tossal de Belo,,,,,604.0,OpenStreetMap (coincide con MDT a ±10 m),32.0,False,572.0,secundaria,40.5006005,0.1259565,10,Comunitat Valenciana,12,Castellón/Castelló,el Baix Maestrat,12052,Xert,OpenStreetMap (ODbL 1.0),Calculada sobre MDT25 © IGN (CC BY 4.0),1,2026-02-28T11:35:26Z,2026-10-04
7aae09c3-f7a5-408b-baa5-ec76e45c235f,node/12438934234,Cormo de la Botalària,,,,,598.29,OpenStreetMap (coincide con MDT a ±10 m),66.0,False,531.0,secundaria,40.0576016,-0.080031,10,Comunitat Valenciana,12,Castellón/Castelló,la Plana Alta,12031,Borriol,OpenStreetMap (ODbL 1.0),Calculada sobre MDT25 © IGN (CC BY 4.0),1,2024-12-21T17:11:06Z,2026-10-04
7756680d-0ce2-47fe-bc57-01e27cdb99ab,node/8856315656,la Bastida,,la Bastida,,,598.0,OpenStreetMap (coincide con MDT a ±10 m),110.0,False,487.0,principal,40.4396159,0.1994972,10,Comunitat Valenciana,12,Castellón/Castelló,el Baix Maestrat,12100,Sant Mateu,OpenStreetMap (ODbL 1.0),Calculada sobre MDT25 © IGN (CC BY 4.0),4,2024-08-22T17:23:33Z,2026-10-04
9f9b505a-3048-40e8-9545-97216b8ab965,node/11918064303,Cormo de Sula,,,,,594.0,OpenStreetMap (coincide con MDT a ±10 m),73.0,False,521.0,secundaria,40.0620138,-0.0926282,10,Comunitat Valenciana,12,Castellón/Castelló,la Plana Alta,12902,Sant Joan de Moró,OpenStreetMap (ODbL 1.0),Calculada sobre MDT25 © IGN (CC BY 4.0),1,2024-05-19T16:18:01Z,2026-10-04
dab22800-c4e9-40f8-a2f1-c8481fb98a42,node/13585829686,la Tossa,,,,,591.0,OpenStreetMap (coincide con MDT a ±10 m),49.0,False,541.0,secundaria,40.5563223,0.1601064,10,Comunitat Valenciana,12,Castellón/Castelló,el Baix Maestrat,12052,Xert,OpenStreetMap (ODbL 1.0),Calculada sobre MDT25 © IGN (CC BY 4.0),1,2026-02-20T22:49:13Z,2026-10-04
7c5e17af-077e-432d-98e5-b801373cb69b,node/1243243618,Tossal del Cabeço,,,,,589.0,OpenStreetMap (coincide con MDT a ±10 m),74.0,False,514.0,secundaria,40.1273899,-0.1798698,10,Comunitat Valenciana,12,Castellón/Castelló,l'Alcalatén,12049,Costur,OpenStreetMap (ODbL 1.0),Calculada sobre MDT25 © IGN (CC BY 4.0),6,2023-11-11T00:57:27Z,2026-10-04
53ecbdde-9673-4857-ab85-0722840db40f,node/11800100084,Alt del Pipa,,,,,589.0,OpenStreetMap (coincide con MDT a ±10 m),221.0,False,369.0,principal,39.8226181,-0.2707846,10,Comunitat Valenciana,12,Castellón/Castelló,la Plana Baixa,12007,Alfondeguilla,OpenStreetMap (ODbL 1.0),Calculada sobre MDT25 © IGN (CC BY 4.0),2,2026-05-17T19:09:46Z,2026-10-04
8d720a20-966d-4959-9fa4-c5e647e4df2f,node/5615417320,Penya del Migdia,,Penya del Migdia,,,584.0,OpenStreetMap (coincide con MDT a ±10 m),113.0,False,465.0,principal,39.8422583,-0.2556628,10,Comunitat Valenciana,12,Castellón/Castelló,la Plana Baixa,12126,la Vall d'Uixó,OpenStreetMap (ODbL 1.0),Calculada sobre MDT25 © IGN (CC BY 4.0),3,2022-11-26T11:11:34Z,2026-10-04
3c4e2f8e-c450-40a7-a582-6bafa28d1ab0,node/1243241115,El Cornacó,,,,,579.0,OpenStreetMap (coincide con MDT a ±10 m),127.0,False,453.0,principal,39.7625154,-0.436996,10,Comunitat Valenciana,12,Castellón/Castelló,l'Alt Palància,12104,Segorbe,OpenStreetMap (ODbL 1.0),Calculada sobre MDT25 © IGN (CC BY 4.0),4,2020-04-28T00:16:30Z,2026-10-04
7c97b09d-eff8-42f2-8829-5a0f3be28889,node/576310769,Roques Pardes,,Roques Pardes,,,578.0,OpenStreetMap (coincide con MDT a ±10 m),80.0,False,499.0,secundaria,40.2279226,-0.1353687,10,Comunitat Valenciana,12,Castellón/Castelló,l'Alcalatén,12122,les Useres / Useras,OpenStreetMap (ODbL 1.0),Calculada sobre MDT25 © IGN (CC BY 4.0),3,2023-10-09T23:26:59Z,2026-10-04
a30f6e98-38ab-4b7f-aa4a-f486544429ac,node/5935411512,l'Alto,,l'Alto,,,577.0,OpenStreetMap (coincide con MDT a ±10 m),48.0,False,526.0,secundaria,39.9220072,-0.3038609,10,Comunitat Valenciana,12,Castellón/Castelló,la Plana Baixa,12006,Alcudia de Veo,OpenStreetMap (ODbL 1.0),Calculada sobre MDT25 © IGN (CC BY 4.0),4,2022-12-10T15:02:25Z,2026-10-04
a4a3fb6a-cc75-465c-93b5-1b5f2bf40c38,node/3759214226,les Campanilles,,les Campanilles,,,572.0,OpenStreetMap (coincide con MDT a ±10 m),414.0,False,155.0,principal,40.3059068,0.2926111,10,Comunitat Valenciana,12,Castellón/Castelló,el Baix Maestrat,12004,Alcalà de Xivert,OpenStreetMap (ODbL 1.0),Calculada sobre MDT25 © IGN (CC BY 4.0),3,2022-12-30T23:26:49Z,2026-10-04
eb8ce94d-47ec-44e0-a3fe-fe6043444ffe,node/1243269480,Monte de San Roque,,,,,571.0,OpenStreetMap (coincide con MDT a ±10 m),105.0,False,466.0,principal,39.8680174,-0.4590858,10,Comunitat Valenciana,12,Castellón/Castelló,l'Alt Palància,12039,Castellnovo,OpenStreetMap (ODbL 1.0),Calculada sobre MDT25 © IGN (CC BY 4.0),4,2023-03-16T20:39:53Z,2026-10-04
391c7451-69cb-4ded-ba0e-d86a97ad43bf,node/12518849664,,,,,,571.0,OpenStreetMap (coincide con MDT a ±10 m),79.0,False,487.0,secundaria,39.9085478,-0.5738018,10,Comunitat Valenciana,12,Castellón/Castelló,l'Alt Palància,12071,Jérica,OpenStreetMap (ODbL 1.0),Calculada sobre MDT25 © IGN (CC BY 4.0),2,2025-04-13T11:13:20Z,2026-10-04
c3ced4e7-0b4b-402b-a180-617a484f1b8d,node/13410755702,Mola de la Rabosa,,,,,571.0,OpenStreetMap (coincide con MDT a ±10 m),57.0,False,514.0,secundaria,40.6037286,0.1999592,10,Comunitat Valenciana,12,Castellón/Castelló,el Baix Maestrat,12096,Rossell,OpenStreetMap (ODbL 1.0),Calculada sobre MDT25 © IGN (CC BY 4.0),2,2025-12-27T22:30:38Z,2026-10-04
7482af59-3ffc-466a-99bc-3d94493fe409,node/10313908316,Coll de la Creu,,Coll de la Creu,,,566.0,OpenStreetMap (coincide con MDT a ±10 m),41.0,False,526.0,secundaria,40.5643597,0.1836428,10,Comunitat Valenciana,12,Castellón/Castelló,el Baix Maestrat,12036,Canet lo Roig,OpenStreetMap (ODbL 1.0),Calculada sobre MDT25 © IGN (CC BY 4.0),2,2023-01-15T19:40:32Z,2026-10-04
f415a7fa-3daa-4361-af4e-6b27dd97ff52,node/1243231591,El Marianet,,,,,561.0,OpenStreetMap (coincide con MDT a ±10 m),53.0,False,505.0,secundaria,39.8311711,-0.3132239,10,Comunitat Valenciana,12,Castellón/Castelló,l'Alt Palància,12056,Chóvar,OpenStreetMap (ODbL 1.0),Calculada sobre MDT25 © IGN (CC BY 4.0),4,2023-05-03T17:00:04Z,2026-10-04
a36580ee-ec11-422d-92a5-4ec3559f0586,node/1243268012,la Curolla,,la Curolla,,,559.0,OpenStreetMap (coincide con MDT a ±10 m),31.0,False,530.0,secundaria,40.5229371,0.1488622,10,Comunitat Valenciana,12,Castellón/Castelló,el Baix Maestrat,12052,Xert,OpenStreetMap (ODbL 1.0),Calculada sobre MDT25 © IGN (CC BY 4.0),7,2026-05-17T19:09:46Z,2026-10-04
8f80b6b5-9a0e-4fa9-b320-25e6d03c7f62,node/1243263471,Las Balsillas,,,,,555.0,OpenStreetMap (coincide con MDT a ±10 m),37.0,False,515.0,secundaria,39.8825294,-0.4342427,10,Comunitat Valenciana,12,Castellón/Castelló,l'Alt Palància,12010,Almedíjar,OpenStreetMap (ODbL 1.0),Calculada sobre MDT25 © IGN (CC BY 4.0),4,2025-01-28T19:08:44Z,2026-10-04
f605a05e-389c-4f8f-a56a-0e0959fb55c5,node/1243273195,Peñas Pinas,,,,,552.0,OpenStreetMap (coincide con MDT a ±10 m),62.0,False,490.0,secundaria,39.8474908,-0.5308761,10,Comunitat Valenciana,12,Castellón/Castelló,l'Alt Palància,12012,Altura,OpenStreetMap (ODbL 1.0),Calculada sobre MDT25 © IGN (CC BY 4.0),4,2025-01-23T19:30:43Z,2026-10-04
08888c69-b117-4c52-ace7-865800f3866a,node/1249955218,el Morral,,,,,552.0,OpenStreetMap (coincide con MDT a ±10 m),61.0,False,489.0,secundaria,40.1028959,-0.0630904,10,Comunitat Valenciana,12,Castellón/Castelló,la Plana Alta,12128,Vilafamés,OpenStreetMap (ODbL 1.0),Calculada sobre MDT25 © IGN (CC BY 4.0),5,2026-05-17T19:09:46Z,2026-10-04
ba39f41f-3910-4f37-be2d-d0701bf77f3d,node/12949353579,Benagualit,,,,,552.0,OpenStreetMap (coincide con MDT a ±10 m),39.0,False,513.0,secundaria,40.1549497,-0.2909231,10,Comunitat Valenciana,12,Castellón/Castelló,l'Alcalatén,12072,Llucena / Lucena del Cid,OpenStreetMap (ODbL 1.0),Calculada sobre MDT25 © IGN (CC BY 4.0),1,2025-06-24T12:05:59Z,2026-10-04
81659b67-6e14-4d3d-aa4d-9dbd608b826e,node/9393091558,Montaña del Churro,,,,,549.0,OpenStreetMap (coincide con MDT a ±10 m),34.0,False,514.0,secundaria,40.0404174,-0.3323617,10,Comunitat Valenciana,12,Castellón/Castelló,El Alto Mijares,12123,Vallat,OpenStreetMap (ODbL 1.0),Calculada sobre MDT25 © IGN (CC BY 4.0),4,2023-12-17T14:31:53Z,2026-10-04
d6f24881-9c3e-4b25-94ea-7836b641803e,node/11814032668,El Peirón,,,,,549.0,OpenStreetMap (coincide con MDT a ±10 m),34.0,False,513.0,secundaria,40.0666033,-0.4429912,10,Comunitat Valenciana,12,Castellón/Castelló,El Alto Mijares,12046,Cirat,OpenStreetMap (ODbL 1.0),Calculada sobre MDT25 © IGN (CC BY 4.0),1,2024-04-13T16:17:16Z,2026-10-04
021e6453-6dc8-4700-a1d6-95ec45f6756b,node/12543685211,La Torreta,,,,,549.0,OpenStreetMap (coincide con MDT a ±10 m),73.0,False,476.0,secundaria,39.8578587,-0.3986577,10,Comunitat Valenciana,12,Castellón/Castelló,l'Alt Palància,12010,Almedíjar,OpenStreetMap (ODbL 1.0),Calculada sobre MDT25 © IGN (CC BY 4.0),1,2025-01-30T13:11:12Z,2026-10-04
944ac863-f3be-44fa-911f-79b06d1b48cb,node/1243241756,Penya de Marco,,Penya de Marco,,,539.0,OpenStreetMap (coincide con MDT a ±10 m),104.0,False,433.0,principal,39.9620237,-0.332015,10,Comunitat Valenciana,12,Castellón/Castelló,la Plana Baixa,12108,Suera / Sueras,OpenStreetMap (ODbL 1.0),Calculada sobre MDT25 © IGN (CC BY 4.0),5,2023-10-09T23:26:46Z,2026-10-04
39b971f6-69cb-4b62-8911-792c6e7289c7,node/1243241945,el Rodeno,,el Rodeno,,,538.0,OpenStreetMap (coincide con MDT a ±10 m),159.0,False,380.0,principal,39.8100813,-0.2852124,10,Comunitat Valenciana,12,Castellón/Castelló,la Plana Baixa,12007,Alfondeguilla,OpenStreetMap (ODbL 1.0),Calculada sobre MDT25 © IGN (CC BY 4.0),6,2024-12-11T08:45:14Z,2026-10-04
aaf0ac9c-6344-4fcc-b7e3-48fd077c3b22,node/5935276670,El Rubial,,,,,538.0,OpenStreetMap (coincide con MDT a ±10 m),52.0,False,487.0,secundaria,39.847698,-0.3342891,10,Comunitat Valenciana,12,Castellón/Castelló,l'Alt Palància,12056,Chóvar,OpenStreetMap (ODbL 1.0),Calculada sobre MDT25 © IGN (CC BY 4.0),1,2018-09-27T19:43:28Z,2026-10-04
33cd25bd-bbed-4596-bada-ac4e23608abe,node/11331812275,,,,,,536.0,MDT IGN,75.0,False,461.0,secundaria,39.8667168,-0.4130119,10,Comunitat Valenciana,12,Castellón/Castelló,l'Alt Palància,12010,Almedíjar,OpenStreetMap (ODbL 1.0),Calculada sobre MDT25 © IGN (CC BY 4.0),2,2023-11-08T10:44:23Z,2026-10-04
45adca1a-9e24-43d7-8c50-641dc6c7e031,node/11218674995,,,,,,535.0,OpenStreetMap (coincide con MDT a ±10 m),56.0,False,480.0,secundaria,39.8427291,-0.2772961,10,Comunitat Valenciana,12,Castellón/Castelló,la Plana Baixa,12007,Alfondeguilla,OpenStreetMap (ODbL 1.0),Calculada sobre MDT25 © IGN (CC BY 4.0),2,2023-09-26T19:29:51Z,2026-10-04
0a6d5ef8-ffe6-4515-8f5c-87d8f13a4638,node/1243272111,Penya Parda,,,,,534.0,OpenStreetMap (coincide con MDT a ±10 m),140.0,False,392.0,principal,39.9259033,-0.2598678,10,Comunitat Valenciana,12,Castellón/Castelló,la Plana Baixa,12016,Artana,OpenStreetMap (ODbL 1.0),Calculada sobre MDT25 © IGN (CC BY 4.0),8,2025-12-16T21:06:49Z,2026-10-04
b5b65e8b-101f-4c5e-92f9-ae6d7ee00cea,node/7554364380,Penya Negra,,Penya Negra,,,529.0,OpenStreetMap (coincide con MDT a ±10 m),34.0,False,496.0,secundaria,39.9354326,-0.3136589,10,Comunitat Valenciana,12,Castellón/Castelló,la Plana Baixa,12109,Tales,OpenStreetMap (ODbL 1.0),Calculada sobre MDT25 © IGN (CC BY 4.0),4,2026-05-17T19:09:46Z,2026-10-04
a7a40a8a-3a0d-45df-8c35-52d2d340e7a7,node/1243282278,Tossal del Mas de Marco,,Tossal del Mas de Marco,,,527.0,OpenStreetMap (coincide con MDT a ±10 m),49.0,False,477.0,secundaria,40.0746098,-0.2527306,10,Comunitat Valenciana,12,Castellón/Castelló,l'Alcalatén,12005,l'Alcora,OpenStreetMap (ODbL 1.0),Calculada sobre MDT25 © IGN (CC BY 4.0),7,2025-01-06T12:17:56Z,2026-10-04
fdadc8f5-000b-4707-b4d7-ab4e03cdec29,node/12471576770,Peña de Carrera,,,,,525.0,OpenStreetMap (coincide con MDT a ±10 m),73.0,False,453.0,secundaria,40.0207958,-0.3446309,10,Comunitat Valenciana,12,Castellón/Castelló,El Alto Mijares,12058,Espadilla,OpenStreetMap (ODbL 1.0),Calculada sobre MDT25 © IGN (CC BY 4.0),1,2025-01-03T16:11:09Z,2026-10-04
76cc59a7-d808-4fd5-a934-3245ee7d0857,node/1243235108,Cerro de San Sebastián,,,,,524.0,OpenStreetMap (coincide con MDT a ±10 m),53.0,False,469.0,secundaria,39.8441012,-0.523897,10,Comunitat Valenciana,12,Castellón/Castelló,l'Alt Palància,12012,Altura,OpenStreetMap (ODbL 1.0),Calculada sobre MDT25 © IGN (CC BY 4.0),4,2025-12-26T17:39:55Z,2026-10-04
fd4a0f5f-09d2-4a36-a99c-f220fedc427b,node/1243273969,Puntal de Centeno,,Puntal de Centeno,,,524.0,OpenStreetMap (coincide con MDT a ±10 m),114.0,False,410.0,principal,39.8923824,-0.2923605,10,Comunitat Valenciana,12,Castellón/Castelló,la Plana Baixa,12057,Eslida,OpenStreetMap (ODbL 1.0),Calculada sobre MDT25 © IGN (CC BY 4.0),7,2023-10-09T23:24:55Z,2026-10-04
566b6cfc-1d84-4986-a28c-7f15e0d15b04,node/11522453052,Les Naves,,,,,524.0,OpenStreetMap (coincide con MDT a ±10 m),30.0,False,493.0,secundaria,39.9208644,-0.3290492,10,Comunitat Valenciana,12,Castellón/Castelló,la Plana Baixa,12006,Alcudia de Veo,OpenStreetMap (ODbL 1.0),Calculada sobre MDT25 © IGN (CC BY 4.0),1,2024-01-16T17:12:09Z,2026-10-04
c48c1acf-0d03-4d00-b246-c96834acf0d7,node/12543685210,El Rodeno,,,,,524.0,OpenStreetMap (coincide con MDT a ±10 m),37.0,False,483.0,secundaria,39.853181,-0.3814951,10,Comunitat Valenciana,12,Castellón/Castelló,l'Alt Palància,12018,Azuébar,OpenStreetMap (ODbL 1.0),Calculada sobre MDT25 © IGN (CC BY 4.0),1,2025-01-30T13:11:12Z,2026-10-04
730093ab-1d3f-4b94-9121-b710c9b0789d,node/1243244024,el Malladar,,,,,522.0,OpenStreetMap (coincide con MDT a ±10 m),49.0,False,474.0,secundaria,39.9664105,-0.3419864,10,Comunitat Valenciana,12,Castellón/Castelló,la Plana Baixa,12108,Suera / Sueras,OpenStreetMap (ODbL 1.0),Calculada sobre MDT25 © IGN (CC BY 4.0),4,2025-01-06T11:25:53Z,2026-10-04
6d0a00a9-0efd-49e7-a1b1-309d87982886,node/13246888441,la Garrofera,,,,,515.0,OpenStreetMap (coincide con MDT a ±10 m),43.0,False,472.0,secundaria,40.4332289,0.1241863,10,Comunitat Valenciana,12,Castellón/Castelló,el Baix Maestrat,12098,la Salzadella,OpenStreetMap (ODbL 1.0),Calculada sobre MDT25 © IGN (CC BY 4.0),1,2025-10-20T23:53:46Z,2026-10-04
723cb8b5-78fd-4d2d-99bf-46823f284b3d,node/993012338,l'Agulló,,,,,514.0,MDT IGN,34.0,False,480.0,secundaria,40.0759404,0.0536167,10,Comunitat Valenciana,12,Castellón/Castelló,la Plana Alta,12028,Benicàssim / Benicasim,OpenStreetMap (ODbL 1.0),Calculada sobre MDT25 © IGN (CC BY 4.0),11,2026-09-26T21:08:39Z,2026-10-04
9e8d0888-0013-492c-a429-e7e9fd5635f5,node/12610338144,Coll de les Argiles,,,,,512.0,OpenStreetMap (coincide con MDT a ±10 m),55.0,False,455.0,secundaria,40.5154998,0.1702597,10,Comunitat Valenciana,12,Castellón/Castelló,el Baix Maestrat,12052,Xert,OpenStreetMap (ODbL 1.0),Calculada sobre MDT25 © IGN (CC BY 4.0),1,2025-02-22T18:53:28Z,2026-10-04
36f1547f-34e0-4162-9f73-094958a8e2ae,node/7170524361,Ebrí,,,,,508.0,OpenStreetMap (coincide con MDT a ±10 m),55.0,False,454.0,secundaria,40.2817425,0.2814422,10,Comunitat Valenciana,12,Castellón/Castelló,el Baix Maestrat,12004,Alcalà de Xivert,OpenStreetMap (ODbL 1.0),Calculada sobre MDT25 © IGN (CC BY 4.0),1,2020-01-29T22:30:00Z,2026-10-04
472ceb0c-4118-42be-a4aa-ddd27b8a6b27,node/11814032667,La Lometa,,,,,505.0,OpenStreetMap (coincide con MDT a ±10 m),57.0,False,448.0,secundaria,40.0650331,-0.4291361,10,Comunitat Valenciana,12,Castellón/Castelló,El Alto Mijares,12046,Cirat,OpenStreetMap (ODbL 1.0),Calculada sobre MDT25 © IGN (CC BY 4.0),1,2024-04-13T16:17:16Z,2026-10-04
f9aab909-2523-4b56-9dc0-dac83f043b55,node/8409345062,el Montnegro,,,,,504.0,OpenStreetMap (coincide con MDT a ±10 m),104.0,False,399.0,principal,40.0502073,-0.1049709,10,Comunitat Valenciana,12,Castellón/Castelló,la Plana Alta,12031,Borriol,OpenStreetMap (ODbL 1.0),Calculada sobre MDT25 © IGN (CC BY 4.0),4,2024-11-20T00:59:00Z,2026-10-04
e805de89-1f96-43d3-8f04-a6110826706d,node/10287165758,Tossal del Fideuer,,,,,501.0,OpenStreetMap (coincide con MDT a ±10 m),52.0,False,450.0,secundaria,39.9329043,-0.2556604,10,Comunitat Valenciana,12,Castellón/Castelló,la Plana Baixa,12084,Onda,OpenStreetMap (ODbL 1.0),Calculada sobre MDT25 © IGN (CC BY 4.0),2,2024-01-21T11:19:11Z,2026-10-04
119649b6-39a6-4cdd-89d9-92bcdf687bf2,node/11796147924,Tossal de la Balaguera,,,,,501.0,OpenStreetMap (coincide con MDT a ±10 m),79.0,False,419.0,secundaria,40.1149513,-0.0150744,10,Comunitat Valenciana,12,Castellón/Castelló,la Plana Alta,12128,Vilafamés,OpenStreetMap (ODbL 1.0),Calculada sobre MDT25 © IGN (CC BY 4.0),1,2024-04-06T22:24:41Z,2026-10-04
c71f7a5c-4559-4918-9576-1d8b56a8b209,node/11603326488,el Cabeçolo,,,,,499.0,OpenStreetMap (coincide con MDT a ±10 m),53.0,False,446.0,secundaria,40.2817847,-0.1712322,10,Comunitat Valenciana,12,Castellón/Castelló,l'Alt Maestrat,12025,Benafigos,OpenStreetMap (ODbL 1.0),Calculada sobre MDT25 © IGN (CC BY 4.0),1,2024-02-09T18:46:44Z,2026-10-04
953e52fc-1814-4b68-88fd-c61aa9255088,node/12478366780,el Cabeço,,,,,496.0,OpenStreetMap (coincide con MDT a ±10 m),123.0,False,374.0,principal,40.1080454,-0.2258527,10,Comunitat Valenciana,12,Castellón/Castelló,l'Alcalatén,12005,l'Alcora,OpenStreetMap (ODbL 1.0),Calculada sobre MDT25 © IGN (CC BY 4.0),1,2025-01-06T12:17:56Z,2026-10-04
52fac068-2b51-4157-bc36-85430a667abe,node/1243273740,Cerro de la Plata,,,,,493.0,OpenStreetMap (coincide con MDT a ±10 m),52.0,False,444.0,secundaria,39.7726251,-0.4385162,10,Comunitat Valenciana,12,Castellón/Castelló,l'Alt Palància,12104,Segorbe,OpenStreetMap (ODbL 1.0),Calculada sobre MDT25 © IGN (CC BY 4.0),4,2025-02-03T20:16:49Z,2026-10-04
6396fcd7-613f-417f-a6dc-5d0aadf2963a,node/12109976405,Muntanya de Sant Cristòfol,,,,,490.0,OpenStreetMap (coincide con MDT a ±10 m),32.0,False,458.0,secundaria,40.4515099,0.203111,10,Comunitat Valenciana,12,Castellón/Castelló,el Baix Maestrat,12100,Sant Mateu,OpenStreetMap (ODbL 1.0),Calculada sobre MDT25 © IGN (CC BY 4.0),1,2024-08-14T09:24:41Z,2026-10-04
4bdb0e8f-9821-4696-a138-8240fc2c48f2,node/1249945800,Pic de la Mola,,Pic de la Mola,,,482.0,OpenStreetMap (coincide con MDT a ±10 m),164.0,False,318.0,principal,40.3963188,0.2904499,10,Comunitat Valenciana,12,Castellón/Castelló,el Baix Maestrat,12102,Santa Magdalena de Pulpis,OpenStreetMap (ODbL 1.0),Calculada sobre MDT25 © IGN (CC BY 4.0),6,2026-05-17T19:09:46Z,2026-10-04
10259218-0eda-44aa-ba64-7fa523cb0784,node/12698924526,El Castillico,,,,,478.0,OpenStreetMap (coincide con MDT a ±10 m),58.0,False,424.0,secundaria,40.0621886,-0.4273778,10,Comunitat Valenciana,12,Castellón/Castelló,El Alto Mijares,12046,Cirat,OpenStreetMap (ODbL 1.0),Calculada sobre MDT25 © IGN (CC BY 4.0),1,2025-03-25T13:47:05Z,2026-10-04
7b737fa3-85b3-4d75-84d7-5fa8959490cd,node/9100160654,el Gaidó,,el Gaidó,,,477.0,OpenStreetMap (coincide con MDT a ±10 m),177.0,False,303.0,principal,40.1425065,0.0168964,10,Comunitat Valenciana,12,Castellón/Castelló,la Plana Alta,12094,la Pobla Tornesa,OpenStreetMap (ODbL 1.0),Calculada sobre MDT25 © IGN (CC BY 4.0),3,2023-09-23T22:32:31Z,2026-10-04
81fab18d-fab7-40c1-8f5b-f45faf77b5dd,node/4535691233,la Ràpita,,la Ràpita,,,471.0,OpenStreetMap (coincide con MDT a ±10 m),249.0,False,221.0,principal,39.9121506,-0.2379788,10,Comunitat Valenciana,12,Castellón/Castelló,la Plana Baixa,12016,Artana,OpenStreetMap (ODbL 1.0),Calculada sobre MDT25 © IGN (CC BY 4.0),6,2022-12-10T14:18:35Z,2026-10-04
9a2f4890-67b3-44e9-a67b-78977b2b3a42,node/1243268309,el Tossal,,el Tossal,,,469.0,OpenStreetMap (coincide con MDT a ±10 m),80.0,False,390.0,secundaria,39.9641998,-0.3181275,10,Comunitat Valenciana,12,Castellón/Castelló,la Plana Baixa,12109,Tales,OpenStreetMap (ODbL 1.0),Calculada sobre MDT25 © IGN (CC BY 4.0),6,2023-10-20T00:05:13Z,2026-10-04
1a29a32b-567e-4c56-b188-c49f966ee368,node/1243273382,la Moleta,,la Moleta,,,467.0,OpenStreetMap (coincide con MDT a ±10 m),35.0,False,432.0,secundaria,40.3410912,0.3175028,10,Comunitat Valenciana,12,Castellón/Castelló,el Baix Maestrat,12102,Santa Magdalena de Pulpis,OpenStreetMap (ODbL 1.0),Calculada sobre MDT25 © IGN (CC BY 4.0),6,2022-11-27T11:52:19Z,2026-10-04
582ed7ab-c63a-4743-9bfd-1b1011a01c43,node/8713465988,Tossal Roig,,Tossal Roig,,,466.0,OpenStreetMap (coincide con MDT a ±10 m),160.0,False,299.0,principal,40.0595808,-0.0243663,10,Comunitat Valenciana,12,Castellón/Castelló,la Plana Alta,12031,Borriol,OpenStreetMap (ODbL 1.0),Calculada sobre MDT25 © IGN (CC BY 4.0),2,2022-11-21T03:37:34Z,2026-10-04
47889499-de30-4d37-8c0c-0f620cc7f02f,node/9572944633,el Pinet,,el Pinet,,,465.0,OpenStreetMap (coincide con MDT a ±10 m),50.0,False,415.0,secundaria,39.9293473,-0.2811361,10,Comunitat Valenciana,12,Castellón/Castelló,la Plana Baixa,12109,Tales,OpenStreetMap (ODbL 1.0),Calculada sobre MDT25 © IGN (CC BY 4.0),2,2022-12-10T15:42:09Z,2026-10-04
f94aabb2-96bd-40f9-b212-889f3ca33fe2,node/8196063996,Tossal de Raca,,Tossal de Raca,,,458.0,OpenStreetMap (coincide con MDT a ±10 m),138.0,False,318.0,principal,40.0498052,-0.0153153,10,Comunitat Valenciana,12,Castellón/Castelló,la Plana Alta,12040,Castelló de la Plana / Castellón de la Plana,OpenStreetMap (ODbL 1.0),Calculada sobre MDT25 © IGN (CC BY 4.0),7,2023-10-06T19:16:02Z,2026-10-04
825280f3-34a3-4d60-a72d-9c7334621706,node/13457107958,el Mocoró,,,,,457.0,OpenStreetMap (coincide con MDT a ±10 m),112.0,False,346.0,principal,40.1474503,0.0614999,10,Comunitat Valenciana,12,Castellón/Castelló,la Plana Alta,12033,Cabanes,OpenStreetMap (ODbL 1.0),Calculada sobre MDT25 © IGN (CC BY 4.0),2,2026-05-17T19:09:46Z,2026-10-04
f37efe42-a6a9-4e47-a13a-ef1131f8e255,node/1243267968,la Talaia,,,,,455.0,OpenStreetMap (coincide con MDT a ±10 m),102.0,False,352.0,principal,40.0819393,-0.008869,10,Comunitat Valenciana,12,Castellón/Castelló,la Plana Alta,12094,la Pobla Tornesa,OpenStreetMap (ODbL 1.0),Calculada sobre MDT25 © IGN (CC BY 4.0),4,2024-04-06T10:18:59Z,2026-10-04
9f338f53-7084-4997-9221-188df74501d9,node/1243280788,el Castellar,,el Castellar,,,453.0,OpenStreetMap (coincide con MDT a ±10 m),63.0,False,389.0,secundaria,40.1192365,-0.2239979,10,Comunitat Valenciana,12,Castellón/Castelló,l'Alcalatén,12060,Figueroles,OpenStreetMap (ODbL 1.0),Calculada sobre MDT25 © IGN (CC BY 4.0),6,2023-10-09T23:24:59Z,2026-10-04
fbc2ee91-2b2f-473f-8a8f-4f783a673357,node/1243234127,Malpica,,,,,447.0,OpenStreetMap (coincide con MDT a ±10 m),43.0,False,407.0,secundaria,40.1173223,-0.1217305,10,Comunitat Valenciana,12,Castellón/Castelló,la Plana Alta,12128,Vilafamés,OpenStreetMap (ODbL 1.0),Calculada sobre MDT25 © IGN (CC BY 4.0),5,2024-04-04T19:22:35Z,2026-10-04
a6808d57-2c27-4a02-93d0-de2c9a6d8ada,node/8254151114,Alt de la Bota,,Alt de la Bota,,,445.0,OpenStreetMap (coincide con MDT a ±10 m),92.0,False,351.0,secundaria,40.3499088,0.3332953,10,Comunitat Valenciana,12,Castellón/Castelló,el Baix Maestrat,12102,Santa Magdalena de Pulpis,OpenStreetMap (ODbL 1.0),Calculada sobre MDT25 © IGN (CC BY 4.0),2,2022-12-10T15:39:00Z,2026-10-04
21822384-83f4-4d6e-8033-79537a23b225,node/12543613363,El Puntalico,,,,,443.0,OpenStreetMap (coincide con MDT a ±10 m),35.0,False,409.0,secundaria,39.8536776,-0.3720367,10,Comunitat Valenciana,12,Castellón/Castelló,l'Alt Palància,12018,Azuébar,OpenStreetMap (ODbL 1.0),Calculada sobre MDT25 © IGN (CC BY 4.0),1,2025-01-30T12:22:26Z,2026-10-04
7e1ef7af-cede-4040-8cd4-1a0f3132f2d3,node/7191640315,Montornés,,,,,441.0,OpenStreetMap (coincide con MDT a ±10 m),55.0,False,392.0,secundaria,40.0616499,0.0294499,10,Comunitat Valenciana,12,Castellón/Castelló,la Plana Alta,12028,Benicàssim / Benicasim,OpenStreetMap (ODbL 1.0),Calculada sobre MDT25 © IGN (CC BY 4.0),3,2024-06-03T12:20:33Z,2026-10-04
7904c527-5c7b-48e4-9b58-b15a13cb128d,node/12009748378,,,,,,441.0,MDT IGN,38.0,False,403.0,secundaria,39.832754,-0.3623231,10,Comunitat Valenciana,12,Castellón/Castelló,l'Alt Palància,12018,Azuébar,OpenStreetMap (ODbL 1.0),Calculada sobre MDT25 © IGN (CC BY 4.0),2,2024-12-17T22:34:43Z,2026-10-04
587aa0ec-866a-4d8e-a44d-7c9445350e1e,node/11389686729,El Puntal,,,,,435.0,OpenStreetMap (coincide con MDT a ±10 m),44.0,False,393.0,secundaria,39.9987352,-0.2886164,10,Comunitat Valenciana,12,Castellón/Castelló,El Alto Mijares,12059,Fanzara,OpenStreetMap (ODbL 1.0),Calculada sobre MDT25 © IGN (CC BY 4.0),1,2023-12-02T11:51:31Z,2026-10-04
b88c6874-267e-4468-b07e-7785a61a267c,node/7438803004,Tossal de les Foies,,Tossal de les Foies,,,427.0,OpenStreetMap (coincide con MDT a ±10 m),106.0,False,318.0,principal,40.057724,-0.2307821,10,Comunitat Valenciana,12,Castellón/Castelló,l'Alcalatén,12005,l'Alcora,OpenStreetMap (ODbL 1.0),Calculada sobre MDT25 © IGN (CC BY 4.0),4,2025-11-03T22:23:21Z,2026-10-04
7a83bdb4-46af-42b2-8039-c655c6e83efe,node/1243241778,Tossal Negre,,Tossal Negre,,,422.0,OpenStreetMap (coincide con MDT a ±10 m),45.0,False,376.0,secundaria,39.9707659,-0.3025399,10,Comunitat Valenciana,12,Castellón/Castelló,la Plana Baixa,12084,Onda,OpenStreetMap (ODbL 1.0),Calculada sobre MDT25 © IGN (CC BY 4.0),7,2024-09-30T20:05:46Z,2026-10-04
188b76a3-0d52-481d-85c3-7ad40666f76c,node/8022891027,el Puntal,,el Puntal,,,422.0,OpenStreetMap (coincide con MDT a ±10 m),124.0,False,297.0,principal,40.0904618,0.1061938,10,Comunitat Valenciana,12,Castellón/Castelló,la Plana Alta,12085,Orpesa / Oropesa del Mar,OpenStreetMap (ODbL 1.0),Calculada sobre MDT25 © IGN (CC BY 4.0),4,2024-06-17T21:46:13Z,2026-10-04
9763741b-3d56-4671-ac01-80c3536445c3,node/1243281307,Alt de Vistahermosa,,Alt de Vistahermosa,,,421.0,OpenStreetMap (coincide con MDT a ±10 m),35.0,False,387.0,secundaria,40.3580543,0.3494601,10,Comunitat Valenciana,12,Castellón/Castelló,el Baix Maestrat,12089,Peníscola / Peñíscola,OpenStreetMap (ODbL 1.0),Calculada sobre MDT25 © IGN (CC BY 4.0),10,2025-01-31T19:38:42Z,2026-10-04
5925ac26-21d4-44cf-945b-2f1f5f52b329,node/12478291617,Tossal de la Llebre,,,,,409.0,OpenStreetMap (coincide con MDT a ±10 m),34.0,False,372.0,secundaria,39.9604404,-0.3479233,10,Comunitat Valenciana,12,Castellón/Castelló,la Plana Baixa,12108,Suera / Sueras,OpenStreetMap (ODbL 1.0),Calculada sobre MDT25 © IGN (CC BY 4.0),1,2025-01-06T11:25:53Z,2026-10-04
fcdad9d9-32ac-4a9c-aaf7-8104dcacd5ac,node/8376246406,la Cucala,,la Cucala,,,405.0,OpenStreetMap (coincide con MDT a ±10 m),99.0,False,304.0,secundaria,40.0325431,-0.1093467,10,Comunitat Valenciana,12,Castellón/Castelló,la Plana Alta,12031,Borriol,OpenStreetMap (ODbL 1.0),Calculada sobre MDT25 © IGN (CC BY 4.0),7,2022-12-10T14:32:01Z,2026-10-04
4864a8bf-4df4-4fed-82a5-c4b47131b6a8,node/12109976402,les Solsides,,,,,404.0,OpenStreetMap (coincide con MDT a ±10 m),41.0,False,364.0,secundaria,40.4575632,0.2158426,10,Comunitat Valenciana,12,Castellón/Castelló,el Baix Maestrat,12100,Sant Mateu,OpenStreetMap (ODbL 1.0),Calculada sobre MDT25 © IGN (CC BY 4.0),2,2024-08-22T17:24:18Z,2026-10-04
906b7c2c-62f9-4866-8b86-f749a412d9d9,node/1243277566,el Clauet,,,,,402.0,OpenStreetMap (coincide con MDT a ±10 m),53.0,False,349.0,secundaria,40.1618768,0.0612088,10,Comunitat Valenciana,12,Castellón/Castelló,la Plana Alta,12033,Cabanes,OpenStreetMap (ODbL 1.0),Calculada sobre MDT25 © IGN (CC BY 4.0),4,2025-02-21T20:31:26Z,2026-10-04
7c2c8434-8393-427e-afbf-9fabaa6738e1,node/12109976403,Tossal de Carruana,,,,,402.0,OpenStreetMap (coincide con MDT a ±10 m),35.0,False,367.0,secundaria,40.4653822,0.2146561,10,Comunitat Valenciana,12,Castellón/Castelló,el Baix Maestrat,12100,Sant Mateu,OpenStreetMap (ODbL 1.0),Calculada sobre MDT25 © IGN (CC BY 4.0),3,2024-10-07T09:10:05Z,2026-10-04
19b83e5f-00ff-4283-8405-0a91a04c1b09,node/12416523711,Monte de la Rápita,,,,,402.0,OpenStreetMap (coincide con MDT a ±10 m),70.0,False,331.0,secundaria,39.8532736,-0.4513232,10,Comunitat Valenciana,12,Castellón/Castelló,l'Alt Palància,12039,Castellnovo,OpenStreetMap (ODbL 1.0),Calculada sobre MDT25 © IGN (CC BY 4.0),2,2025-03-24T14:01:02Z,2026-10-04
f243ad91-1372-43b9-9c6a-19eb1abb5a18,node/12969089011,Peñas Malas,,,,,401.0,OpenStreetMap (coincide con MDT a ±10 m),57.0,False,344.0,secundaria,39.8388568,-0.4414294,10,Comunitat Valenciana,12,Castellón/Castelló,l'Alt Palància,12039,Castellnovo,OpenStreetMap (ODbL 1.0),Calculada sobre MDT25 © IGN (CC BY 4.0),2,2026-05-17T19:09:46Z,2026-10-04
55288df7-cbf3-4a86-923b-34e1ab4e0b74,node/11879477715,Serrabogar,,,,,398.0,OpenStreetMap (coincide con MDT a ±10 m),98.0,False,302.0,secundaria,39.7992794,-0.3844658,10,Comunitat Valenciana,12,Castellón/Castelló,l'Alt Palància,12107,Sot de Ferrer,OpenStreetMap (ODbL 1.0),Calculada sobre MDT25 © IGN (CC BY 4.0),1,2024-05-04T17:59:22Z,2026-10-04
983d58fb-57dd-47c0-95ff-0006525dceca,node/12968942497,Monte Royo,,,,,388.0,OpenStreetMap (coincide con MDT a ±10 m),58.0,False,329.0,secundaria,39.8462741,-0.4649425,10,Comunitat Valenciana,12,Castellón/Castelló,l'Alt Palància,12104,Segorbe,OpenStreetMap (ODbL 1.0),Calculada sobre MDT25 © IGN (CC BY 4.0),2,2026-05-17T19:09:46Z,2026-10-04
0cc8c682-6ab4-4814-9301-c9bbdf5860a9,node/1249961021,Valderán,,,,,381.0,OpenStreetMap (coincide con MDT a ±10 m),41.0,False,340.0,secundaria,40.0152791,-0.2904183,10,Comunitat Valenciana,12,Castellón/Castelló,El Alto Mijares,12059,Fanzara,OpenStreetMap (ODbL 1.0),Calculada sobre MDT25 © IGN (CC BY 4.0),4,2026-05-17T19:09:46Z,2026-10-04
21514881-433f-4df8-ab60-3d16e3073754,node/6817764858,Cormo de les Creuetes,,,,,379.0,OpenStreetMap (coincide con MDT a ±10 m),101.0,False,275.0,principal,40.0581545,0.0140672,10,Comunitat Valenciana,12,Castellón/Castelló,la Plana Alta,12028,Benicàssim / Benicasim,OpenStreetMap (ODbL 1.0),Calculada sobre MDT25 © IGN (CC BY 4.0),1,2019-09-23T15:15:07Z,2026-10-04
8a14f9bd-814c-4e2d-af8f-b222840e2cb2,node/2941864475,Agulla del Salandó,,,,,368.0,OpenStreetMap (coincide con MDT a ±10 m),53.0,False,309.0,secundaria,40.0676619,0.044431,10,Comunitat Valenciana,12,Castellón/Castelló,la Plana Alta,12028,Benicàssim / Benicasim,OpenStreetMap (ODbL 1.0),Calculada sobre MDT25 © IGN (CC BY 4.0),4,2024-02-20T01:55:58Z,2026-10-04
798abfed-6ee2-42c8-82c1-ca174db325d9,node/1243266663,les Portadores,,,,,364.0,OpenStreetMap (coincide con MDT a ±10 m),48.0,False,314.0,secundaria,40.0895505,-0.1008974,10,Comunitat Valenciana,12,Castellón/Castelló,la Plana Alta,12128,Vilafamés,OpenStreetMap (ODbL 1.0),Calculada sobre MDT25 © IGN (CC BY 4.0),4,2024-05-07T19:47:37Z,2026-10-04
79357ad7-dcb8-4a7b-adda-3d4f53415ab0,node/1243233971,Coll de March,,,,,353.0,OpenStreetMap (coincide con MDT a ±10 m),42.0,False,311.0,secundaria,40.4224289,0.296084,10,Comunitat Valenciana,12,Castellón/Castelló,el Baix Maestrat,12044,Cervera del Maestre,OpenStreetMap (ODbL 1.0),Calculada sobre MDT25 © IGN (CC BY 4.0),4,2026-01-08T01:35:55Z,2026-10-04
dab5786f-dc41-4294-afb6-f5e83d049602,node/7438789643,la Selleta,,la Selleta,,,352.0,OpenStreetMap (coincide con MDT a ±10 m),55.0,False,298.0,secundaria,40.0551843,-0.2096075,10,Comunitat Valenciana,12,Castellón/Castelló,l'Alcalatén,12005,l'Alcora,OpenStreetMap (ODbL 1.0),Calculada sobre MDT25 © IGN (CC BY 4.0),3,2024-12-14T14:56:59Z,2026-10-04
ec33e16b-8543-4567-b08f-17f00a1f83b5,node/11879477745,Alto del Azud,,,,,349.0,OpenStreetMap (coincide con MDT a ±10 m),65.0,False,287.0,secundaria,39.8148538,-0.4079777,10,Comunitat Valenciana,12,Castellón/Castelló,l'Alt Palància,12107,Sot de Ferrer,OpenStreetMap (ODbL 1.0),Calculada sobre MDT25 © IGN (CC BY 4.0),1,2024-05-04T17:59:22Z,2026-10-04
d447e329-5d83-45b2-8331-f438333b06c1,node/12968942492,Alto del Gavino,,,,,349.0,OpenStreetMap (coincide con MDT a ±10 m),47.0,False,301.0,secundaria,39.8232241,-0.4493643,10,Comunitat Valenciana,12,Castellón/Castelló,l'Alt Palància,12104,Segorbe,OpenStreetMap (ODbL 1.0),Calculada sobre MDT25 © IGN (CC BY 4.0),3,2026-05-17T19:09:46Z,2026-10-04
40052d9f-c5c6-44be-a819-ee80d3663dd4,node/11708358114,la Centella,,,,,347.0,OpenStreetMap (coincide con MDT a ±10 m),37.0,False,310.0,secundaria,39.8050003,-0.3383565,10,Comunitat Valenciana,12,Castellón/Castelló,l'Alt Palància,12106,Soneja,OpenStreetMap (ODbL 1.0),Calculada sobre MDT25 © IGN (CC BY 4.0),1,2024-03-09T13:38:58Z,2026-10-04
7b4f6027-e3ea-44b8-bcfc-074b4eb35fec,node/7543637642,la Talaia,,la Talaia,,,344.0,OpenStreetMap (coincide con MDT a ±10 m),119.0,False,225.0,principal,39.9925812,-0.2535989,10,Comunitat Valenciana,12,Castellón/Castelló,la Plana Baixa,12084,Onda,OpenStreetMap (ODbL 1.0),Calculada sobre MDT25 © IGN (CC BY 4.0),4,2026-05-17T19:09:46Z,2026-10-04
c38b9d18-749d-409d-a443-56b1d350ce02,node/13539105878,Muntanya dels Murs,,,,,344.0,OpenStreetMap (coincide con MDT a ±10 m),38.0,False,305.0,secundaria,40.2903642,0.1732,10,Comunitat Valenciana,12,Castellón/Castelló,la Plana Alta,12050,les Coves de Vinromà,OpenStreetMap (ODbL 1.0),Calculada sobre MDT25 © IGN (CC BY 4.0),2,2026-05-17T19:09:46Z,2026-10-04
c1c272a6-7104-4927-9b25-0247c24bf1b7,node/7438789644,la Pedrera del Xufero,,,,,342.0,OpenStreetMap (coincide con MDT a ±10 m),45.0,False,298.0,secundaria,40.0511001,-0.2158557,10,Comunitat Valenciana,12,Castellón/Castelló,l'Alcalatén,12005,l'Alcora,OpenStreetMap (ODbL 1.0),Calculada sobre MDT25 © IGN (CC BY 4.0),2,2024-12-14T14:56:59Z,2026-10-04
e9d60e2f-cc62-47c1-abbb-d7551f39fa98,node/8533489150,Tossal Redó,,Tossal Redó,,,342.0,OpenStreetMap (coincide con MDT a ±10 m),72.0,False,266.0,secundaria,40.125701,-0.111144,10,Comunitat Valenciana,12,Castellón/Castelló,la Plana Alta,12128,Vilafamés,OpenStreetMap (ODbL 1.0),Calculada sobre MDT25 © IGN (CC BY 4.0),2,2022-11-21T04:08:17Z,2026-10-04
bf517b40-e481-47c1-bd60-554b60e69f0c,node/12392099200,Piló del Palmeral,,,,,335.0,OpenStreetMap (coincide con MDT a ±10 m),39.0,False,295.0,secundaria,40.0306631,-0.2769954,10,Comunitat Valenciana,12,Castellón/Castelló,la Plana Baixa,12095,Ribesalbes,OpenStreetMap (ODbL 1.0),Calculada sobre MDT25 © IGN (CC BY 4.0),2,2025-02-07T06:51:25Z,2026-10-04
4f583bfb-c770-4cc4-a16d-3f78f2756080,node/7523784521,el Solaig,,el Solaig,,,325.0,OpenStreetMap (coincide con MDT a ±10 m),107.0,False,219.0,principal,39.9081332,-0.2054491,10,Comunitat Valenciana,12,Castellón/Castelló,la Plana Baixa,12021,Betxí,OpenStreetMap (ODbL 1.0),Calculada sobre MDT25 © IGN (CC BY 4.0),2,2022-12-10T14:29:22Z,2026-10-04
71d7cbd2-3dac-4de0-88fd-7957e62fd718,node/12426945812,Recingle de la Güenya,,,,,324.0,OpenStreetMap (coincide con MDT a ±10 m),57.0,False,267.0,secundaria,39.8086267,-0.2567518,10,Comunitat Valenciana,12,Castellón/Castelló,la Plana Baixa,12126,la Vall d'Uixó,OpenStreetMap (ODbL 1.0),Calculada sobre MDT25 © IGN (CC BY 4.0),1,2024-12-17T19:45:49Z,2026-10-04
bd1fab76-c9cb-4437-a0bc-bd86d16315fc,node/12193579427,la Pedrissa,,,,,319.0,OpenStreetMap (coincide con MDT a ±10 m),42.0,False,279.0,secundaria,40.0092833,-0.214845,10,Comunitat Valenciana,12,Castellón/Castelló,la Plana Baixa,12084,Onda,OpenStreetMap (ODbL 1.0),Calculada sobre MDT25 © IGN (CC BY 4.0),1,2024-09-22T23:16:22Z,2026-10-04
eba0b2be-ac2a-4f79-ac6c-6a3d4c5741a3,node/1243278374,la Moleta,,,,,314.0,OpenStreetMap (coincide con MDT a ±10 m),46.0,False,267.0,secundaria,40.4212247,0.3058829,10,Comunitat Valenciana,12,Castellón/Castelló,el Baix Maestrat,12044,Cervera del Maestre,OpenStreetMap (ODbL 1.0),Calculada sobre MDT25 © IGN (CC BY 4.0),5,2026-01-08T01:35:55Z,2026-10-04
566ad21f-fe88-4963-8c1a-aee0a73854e1,node/1243275114,Montecillo Arenal,,,,,313.0,OpenStreetMap (coincide con MDT a ±10 m),32.0,False,278.0,secundaria,39.8246239,-0.4373577,10,Comunitat Valenciana,12,Castellón/Castelló,l'Alt Palància,12039,Castellnovo,OpenStreetMap (ODbL 1.0),Calculada sobre MDT25 © IGN (CC BY 4.0),5,2025-01-30T13:11:12Z,2026-10-04
5af80e28-d0d0-4561-812a-adc45242b43e,node/8410123006,el Molinàs,,el Molinàs,,,306.0,OpenStreetMap (coincide con MDT a ±10 m),79.0,False,220.0,secundaria,40.0339144,-0.0638873,10,Comunitat Valenciana,12,Castellón/Castelló,la Plana Alta,12031,Borriol,OpenStreetMap (ODbL 1.0),Calculada sobre MDT25 © IGN (CC BY 4.0),4,2023-10-09T23:24:21Z,2026-10-04
44762cb8-4373-43b9-bf30-871fe406b689,node/8019708700,el Molló Roig,,el Molló Roig,,,302.0,OpenStreetMap (coincide con MDT a ±10 m),44.0,False,258.0,secundaria,40.0740747,0.0942415,10,Comunitat Valenciana,12,Castellón/Castelló,la Plana Alta,12085,Orpesa / Oropesa del Mar,OpenStreetMap (ODbL 1.0),Calculada sobre MDT25 © IGN (CC BY 4.0),3,2022-12-10T15:28:42Z,2026-10-04
f7db307f-9984-4a67-a005-0dbd6b7c25a6,node/5935411508,Penya de Lleixos,,Penya de Lleixos,,,300.0,OpenStreetMap (coincide con MDT a ±10 m),43.0,False,256.0,secundaria,39.9019634,-0.2239385,10,Comunitat Valenciana,12,Castellón/Castelló,la Plana Baixa,12016,Artana,OpenStreetMap (ODbL 1.0),Calculada sobre MDT25 © IGN (CC BY 4.0),4,2026-07-30T15:18:55Z,2026-10-04
94b9c307-2eaf-4904-b087-bcf0ce2b2a1b,node/1243232266,Tossal del Pi,,Tossal del Pi,,,298.0,OpenStreetMap (coincide con MDT a ±10 m),32.0,False,266.0,secundaria,40.3657267,0.3690594,10,Comunitat Valenciana,12,Castellón/Castelló,el Baix Maestrat,12089,Peníscola / Peñíscola,OpenStreetMap (ODbL 1.0),Calculada sobre MDT25 © IGN (CC BY 4.0),7,2025-11-26T23:07:07Z,2026-10-04
c1975307-dab5-4683-ade8-b0dde3b3f284,node/9714053647,Tossal de l'Assut,,Tossal de l'Assut,,,294.16,OpenStreetMap (coincide con MDT a ±10 m),81.0,False,211.0,secundaria,40.0535424,-0.0389569,10,Comunitat Valenciana,12,Castellón/Castelló,la Plana Alta,12031,Borriol,OpenStreetMap (ODbL 1.0),Calculada sobre MDT25 © IGN (CC BY 4.0),3,2022-11-21T03:37:32Z,2026-10-04
1fb1dc5c-e993-43a3-b595-04f863f31f13,node/12379355225,Tossal del Corb,,,,,292.0,OpenStreetMap (coincide con MDT a ±10 m),74.0,False,216.0,secundaria,40.0075593,-0.1960828,10,Comunitat Valenciana,12,Castellón/Castelló,la Plana Baixa,12084,Onda,OpenStreetMap (ODbL 1.0),Calculada sobre MDT25 © IGN (CC BY 4.0),1,2024-11-27T18:14:40Z,2026-10-04
cccd98af-13df-465a-94ee-1153b8af5e7a,node/1243236695,Farons,,,,,291.0,OpenStreetMap (coincide con MDT a ±10 m),55.0,False,237.0,secundaria,39.9921281,-0.2641626,10,Comunitat Valenciana,12,Castellón/Castelló,la Plana Baixa,12084,Onda,OpenStreetMap (ODbL 1.0),Calculada sobre MDT25 © IGN (CC BY 4.0),6,2026-02-19T00:33:38Z,2026-10-04
5dd4dd92-9f85-46d6-92de-2a4eb596c254,node/12193579545,el Tossal del Negre,,,,,287.0,OpenStreetMap (coincide con MDT a ±10 m),60.0,False,227.0,secundaria,40.0209185,-0.2579856,10,Comunitat Valenciana,12,Castellón/Castelló,la Plana Baixa,12095,Ribesalbes,OpenStreetMap (ODbL 1.0),Calculada sobre MDT25 © IGN (CC BY 4.0),1,2024-09-22T23:16:22Z,2026-10-04
affa9601-6ac5-4028-9bd0-02f5456ccab3,node/12439467086,Tossal del Moro,,,,,285.95,OpenStreetMap (coincide con MDT a ±10 m),52.0,False,235.0,secundaria,40.3022849,0.1553032,10,Comunitat Valenciana,12,Castellón/Castelló,la Plana Alta,12050,les Coves de Vinromà,OpenStreetMap (ODbL 1.0),Calculada sobre MDT25 © IGN (CC BY 4.0),1,2024-12-21T19:36:04Z,2026-10-04
ab737d70-729d-46e6-8a6e-fa3577864810,node/9162752427,Pic del Flare,,Pic del Flare,,,284.0,OpenStreetMap (coincide con MDT a ±10 m),75.0,False,211.0,secundaria,40.0070962,-0.2284942,10,Comunitat Valenciana,12,Castellón/Castelló,la Plana Baixa,12084,Onda,OpenStreetMap (ODbL 1.0),Calculada sobre MDT25 © IGN (CC BY 4.0),3,2023-10-19T23:09:47Z,2026-10-04
7be895e0-d283-47ca-8c84-6a8e029f4a9b,node/11879477750,Alto de los Moros,,,,,279.0,OpenStreetMap (coincide con MDT a ±10 m),37.0,False,243.0,secundaria,39.7928546,-0.3950256,10,Comunitat Valenciana,12,Castellón/Castelló,l'Alt Palància,12107,Sot de Ferrer,OpenStreetMap (ODbL 1.0),Calculada sobre MDT25 © IGN (CC BY 4.0),1,2024-05-04T17:59:22Z,2026-10-04
d45e5abf-b7df-4751-b710-42de3f3e1a7d,node/5506623515,Penya Negra,,Penya Negra,,,276.0,OpenStreetMap (coincide con MDT a ±10 m),39.0,False,234.0,secundaria,39.9109336,-0.2128283,10,Comunitat Valenciana,12,Castellón/Castelló,la Plana Baixa,12021,Betxí,OpenStreetMap (ODbL 1.0),Calculada sobre MDT25 © IGN (CC BY 4.0),3,2024-12-12T16:10:54Z,2026-10-04
b3d904fd-efa8-4120-ac57-e08bf8bde045,node/7639816176,Tossal de Ribalta,,Tossal de Ribalta,,,276.0,OpenStreetMap (coincide con MDT a ±10 m),123.0,False,153.0,principal,40.0435796,0.0045491,10,Comunitat Valenciana,12,Castellón/Castelló,la Plana Alta,12040,Castelló de la Plana / Castellón de la Plana,OpenStreetMap (ODbL 1.0),Calculada sobre MDT25 © IGN (CC BY 4.0),4,2026-05-17T19:09:46Z,2026-10-04
9573194c-075e-471b-9f68-5c8a3da52ebc,node/9018444422,la Pedrissa de Baix,,la Pedrissa de Baix,,,276.0,OpenStreetMap (coincide con MDT a ±10 m),77.0,False,199.0,secundaria,40.0179286,-0.1887879,10,Comunitat Valenciana,12,Castellón/Castelló,la Plana Baixa,12084,Onda,OpenStreetMap (ODbL 1.0),Calculada sobre MDT25 © IGN (CC BY 4.0),3,2024-09-22T23:16:22Z,2026-10-04
445ca599-4400-4c1a-916b-06a06d057f70,node/12838479494,Coll de la Font,,,,,273.0,OpenStreetMap (coincide con MDT a ±10 m),55.0,False,217.0,secundaria,40.4572012,0.2928221,10,Comunitat Valenciana,12,Castellón/Castelló,el Baix Maestrat,12044,Cervera del Maestre,OpenStreetMap (ODbL 1.0),Calculada sobre MDT25 © IGN (CC BY 4.0),1,2025-05-14T23:08:35Z,2026-10-04
0a0eb34a-04c9-4cac-b460-e30638a0b3f3,node/1243278245,Coll de la Bassa,,Coll de la Bassa,,,264.0,OpenStreetMap (coincide con MDT a ±10 m),58.0,False,204.0,secundaria,40.4618144,0.2971434,10,Comunitat Valenciana,12,Castellón/Castelló,el Baix Maestrat,12044,Cervera del Maestre,OpenStreetMap (ODbL 1.0),Calculada sobre MDT25 © IGN (CC BY 4.0),5,2025-05-14T23:08:35Z,2026-10-04
c2dafd4f-db76-4fa3-a690-4aac611ac6f7,node/9026202551,Coll d'en Berri,,Coll d'en Berri,,,256.0,OpenStreetMap (coincide con MDT a ±10 m),38.0,False,219.0,secundaria,40.3300456,0.3501123,10,Comunitat Valenciana,12,Castellón/Castelló,el Baix Maestrat,12089,Peníscola / Peñíscola,OpenStreetMap (ODbL 1.0),Calculada sobre MDT25 © IGN (CC BY 4.0),5,2025-11-11T12:59:56Z,2026-10-04
692aef2c-c5e0-40a6-8bc1-57b5e7587de2,node/12426945751,el Calderer,,,,,247.0,OpenStreetMap (coincide con MDT a ±10 m),37.0,False,207.0,secundaria,39.8039329,-0.2540803,10,Comunitat Valenciana,12,Castellón/Castelló,la Plana Baixa,12126,la Vall d'Uixó,OpenStreetMap (ODbL 1.0),Calculada sobre MDT25 © IGN (CC BY 4.0),1,2024-12-17T19:45:49Z,2026-10-04
3356b2f0-b369-4655-8bfb-4ea85804d1e1,node/12426945735,el Maquial,,,,,241.0,OpenStreetMap (coincide con MDT a ±10 m),85.0,False,155.0,secundaria,39.7981754,-0.2584899,10,Comunitat Valenciana,12,Castellón/Castelló,la Plana Baixa,12126,la Vall d'Uixó,OpenStreetMap (ODbL 1.0),Calculada sobre MDT25 © IGN (CC BY 4.0),1,2024-12-17T19:45:49Z,2026-10-04
f760b2b6-7a47-4a9e-998c-8561e600cad9,node/13298104162,la Torre,,,,,212.0,OpenStreetMap (coincide con MDT a ±10 m),32.0,False,179.0,secundaria,40.3694424,0.307608,10,Comunitat Valenciana,12,Castellón/Castelló,el Baix Maestrat,12102,Santa Magdalena de Pulpis,OpenStreetMap (ODbL 1.0),Calculada sobre MDT25 © IGN (CC BY 4.0),2,2025-11-11T20:36:09Z,2026-10-04
e14caa58-f354-4c7d-abf1-254a91aa8e77,node/10225167663,Coll dels Navarros,,,,,206.0,OpenStreetMap (coincide con MDT a ±10 m),68.0,False,136.0,secundaria,40.4233335,0.3528518,10,Comunitat Valenciana,12,Castellón/Castelló,el Baix Maestrat,12089,Peníscola / Peñíscola,OpenStreetMap (ODbL 1.0),Calculada sobre MDT25 © IGN (CC BY 4.0),2,2025-08-04T12:16:48Z,2026-10-04
6bcac4e9-d517-4aa6-9a1e-4aa2786ee157,node/12444759013,Montalar,,,,,177.21,OpenStreetMap (coincide con MDT a ±10 m),75.0,False,101.0,secundaria,39.8007523,-0.231073,10,Comunitat Valenciana,12,Castellón/Castelló,la Plana Baixa,12126,la Vall d'Uixó,OpenStreetMap (ODbL 1.0),Calculada sobre MDT25 © IGN (CC BY 4.0),2,2024-12-23T17:37:37Z,2026-10-04
13f4f1ab-34b8-45a2-979a-489c44722976,node/7768165218,el Reboll,,el Reboll,,,175.0,OpenStreetMap (coincide con MDT a ±10 m),83.0,False,92.0,secundaria,40.0573424,0.0473918,10,Comunitat Valenciana,12,Castellón/Castelló,la Plana Alta,12028,Benicàssim / Benicasim,OpenStreetMap (ODbL 1.0),Calculada sobre MDT25 © IGN (CC BY 4.0),2,2022-12-10T14:24:03Z,2026-10-04
bda3248f-3ab5-47e1-ae2d-dee9ebe85764,node/1243232853,el Manyaneto,,,,,174.0,OpenStreetMap (coincide con MDT a ±10 m),95.0,False,80.0,secundaria,39.8024076,-0.2033348,10,Comunitat Valenciana,12,Castellón/Castelló,la Plana Baixa,12126,la Vall d'Uixó,OpenStreetMap (ODbL 1.0),Calculada sobre MDT25 © IGN (CC BY 4.0),4,2025-02-22T19:49:15Z,2026-10-04
61d51305-e7d7-4835-8db4-711c3827fb2e,node/13378900871,Puig de la Misericòrdia,,,,,167.0,OpenStreetMap (coincide con MDT a ±10 m),74.0,False,91.0,secundaria,40.510647,0.4249454,10,Comunitat Valenciana,12,Castellón/Castelló,el Baix Maestrat,12138,Vinaròs,OpenStreetMap (ODbL 1.0),Calculada sobre MDT25 © IGN (CC BY 4.0),2,2026-05-17T19:09:46Z,2026-10-04
f82b5a8e-cae5-4d23-ab20-464fe07dd7ee,node/1243244221,Punt del Cid,,Punt del Cid,,,110.0,OpenStreetMap (coincide con MDT a ±10 m),97.0,False,11.0,secundaria,39.7528317,-0.207369,10,Comunitat Valenciana,12,Castellón/Castelló,la Plana Baixa,12011,Almenara,OpenStreetMap (ODbL 1.0),Calculada sobre MDT25 © IGN (CC BY 4.0),11,2025-06-04T14:17:52Z,2026-10-04
ce35fb55-8bc6-4575-a3ac-63a5badd1dc0,node/9395580329,Tossal Gros,,Tossal Gros,,,107.0,OpenStreetMap (coincide con MDT a ±10 m),33.0,False,75.0,secundaria,40.0677166,0.1215017,10,Comunitat Valenciana,12,Castellón/Castelló,la Plana Alta,12085,Orpesa / Oropesa del Mar,OpenStreetMap (ODbL 1.0),Calculada sobre MDT25 © IGN (CC BY 4.0),3,2025-12-21T16:58:20Z,2026-10-04
b1cb0525-e215-41fd-8564-3cd77625db04,node/11012659901,la Corona,,la Corona,,,101.0,OpenStreetMap (coincide con MDT a ±10 m),48.0,False,53.0,secundaria,39.7566838,-0.2317113,10,Comunitat Valenciana,12,Castellón/Castelló,la Plana Baixa,12011,Almenara,OpenStreetMap (ODbL 1.0),Calculada sobre MDT25 © IGN (CC BY 4.0),3,2024-03-09T13:52:46Z,2026-10-04
f6120f0e-5318-40a2-95f6-9c8ae5f07a07,node/3056896514,Alto de las Barracas,,,,,1838.0,OpenStreetMap (coincide con MDT a ±10 m),120.0,False,1715.0,principal,40.0773455,-1.0906766,10,Comunitat Valenciana,46,Valencia/València,El Rincón de Ademuz,46201,Puebla de San Miguel,OpenStreetMap (ODbL 1.0),Calculada sobre MDT25 © IGN (CC BY 4.0),10,2023-01-06T19:15:45Z,2026-10-04
be131799-4010-4c87-849d-d6bb77e6bbd0,node/3048779821,El Gavilán,,,,,1751.0,OpenStreetMap (coincide con MDT a ±10 m),39.0,False,1709.0,secundaria,40.0718948,-1.1108069,10,Comunitat Valenciana,46,Valencia/València,El Rincón de Ademuz,46201,Puebla de San Miguel,OpenStreetMap (ODbL 1.0),Calculada sobre MDT25 © IGN (CC BY 4.0),5,2023-06-15T17:16:11Z,2026-10-04
82c239c7-9f03-402c-a03b-fc1c35061c7c,node/1243371308,El Chaparral,,,,,1706.0,OpenStreetMap (coincide con MDT a ±10 m),57.0,False,1653.0,secundaria,40.0519954,-1.0858672,10,Comunitat Valenciana,46,Valencia/València,El Rincón de Ademuz,46201,Puebla de San Miguel,OpenStreetMap (ODbL 1.0),Calculada sobre MDT25 © IGN (CC BY 4.0),5,2019-07-17T16:05:17Z,2026-10-04
c29a8146-ddf2-4c3e-b8b4-32738d6c1c39,node/1260548590,La Muela,,,,,1545.0,OpenStreetMap (coincide con MDT a ±10 m),318.0,False,1230.0,principal,39.9581358,-1.0682045,10,Comunitat Valenciana,46,Valencia/València,La Serranía,46036,Alpuente,OpenStreetMap (ODbL 1.0),Calculada sobre MDT25 © IGN (CC BY 4.0),5,2026-05-17T19:09:46Z,2026-10-04
e4410201-ed8d-4db2-8a5c-3de93c755c64,node/9985206657,Sancho,,,,,1522.0,OpenStreetMap (coincide con MDT a ±10 m),32.0,False,1488.0,secundaria,39.9553192,-0.932704,10,Comunitat Valenciana,46,Valencia/València,La Serranía,46262,La Yesa,OpenStreetMap (ODbL 1.0),Calculada sobre MDT25 © IGN (CC BY 4.0),1,2022-08-29T08:30:45Z,2026-10-04
a87738bf-2497-4081-82f0-b3737d4c4990,node/10008283244,Tortajada,,,,,1517.0,OpenStreetMap (coincide con MDT a ±10 m),205.0,False,1309.0,principal,40.0122931,-1.1679653,10,Comunitat Valenciana,46,Valencia/València,El Rincón de Ademuz,46001,Ademuz,OpenStreetMap (ODbL 1.0),Calculada sobre MDT25 © IGN (CC BY 4.0),1,2022-09-08T07:41:11Z,2026-10-04
cb76ccb9-d793-4286-8184-95841d26e55d,node/10113611099,Alto del Viso,,,,,1507.0,OpenStreetMap (coincide con MDT a ±10 m),40.0,False,1468.0,secundaria,39.9815899,-1.0021837,10,Comunitat Valenciana,46,Valencia/València,La Serranía,46036,Alpuente,OpenStreetMap (ODbL 1.0),Calculada sobre MDT25 © IGN (CC BY 4.0),1,2022-10-19T09:24:32Z,2026-10-04
9a1bca94-0e15-4030-b66a-e7f8365b45fe,node/10008262915,El Resinero,,,,,1498.0,OpenStreetMap (coincide con MDT a ±10 m),37.0,False,1459.0,secundaria,39.8807956,-0.7955175,10,Comunitat Valenciana,46,Valencia/València,La Serranía,46038,Andilla,OpenStreetMap (ODbL 1.0),Calculada sobre MDT25 © IGN (CC BY 4.0),3,2023-06-15T17:15:52Z,2026-10-04
9ff18ea2-0519-4b18-ad52-235553c3673b,node/12650624494,Cerro del Poyo,,,,,1472.0,MDT IGN,175.0,False,1297.0,principal,39.9499566,-1.0482406,10,Comunitat Valenciana,46,Valencia/València,La Serranía,46036,Alpuente,OpenStreetMap (ODbL 1.0),Calculada sobre MDT25 © IGN (CC BY 4.0),1,2025-03-10T20:02:22Z,2026-10-04
2e5fcc6f-f520-4bc3-b648-5567268ec7e9,node/1243180052,Cabeza Peñalba,,,,,1452.0,OpenStreetMap (coincide con MDT a ±10 m),154.0,False,1296.0,principal,40.1010994,-1.4079166,10,Comunitat Valenciana,46,Valencia/València,El Rincón de Ademuz,46252,Vallanca,OpenStreetMap (ODbL 1.0),Calculada sobre MDT25 © IGN (CC BY 4.0),4,2025-11-03T18:53:33Z,2026-10-04
2c3d1c97-0d0c-420c-9a34-1af2c4981d51,node/13278287006,El Cabezo,,,,,1446.0,OpenStreetMap (coincide con MDT a ±10 m),53.0,False,1392.0,secundaria,40.1041261,-1.4019773,10,Comunitat Valenciana,46,Valencia/València,El Rincón de Ademuz,46092,Castielfabib,OpenStreetMap (ODbL 1.0),Calculada sobre MDT25 © IGN (CC BY 4.0),1,2025-11-03T18:53:33Z,2026-10-04
da7ad2fb-66d5-483a-9ee5-43dcaca5575e,node/1243372271,La Moratilla Grande,,,,,1404.0,OpenStreetMap (coincide con MDT a ±10 m),246.0,False,1162.0,principal,39.9314541,-1.0376256,10,Comunitat Valenciana,46,Valencia/València,La Serranía,46036,Alpuente,OpenStreetMap (ODbL 1.0),Calculada sobre MDT25 © IGN (CC BY 4.0),4,2025-03-11T18:51:57Z,2026-10-04
3e198292-ac62-4765-8bd9-e25d8f3145f3,node/1260542258,Cerro Negro,,,,,1350.0,OpenStreetMap (coincide con MDT a ±10 m),98.0,False,1254.0,secundaria,39.9181771,-1.052542,10,Comunitat Valenciana,46,Valencia/València,La Serranía,46036,Alpuente,OpenStreetMap (ODbL 1.0),Calculada sobre MDT25 © IGN (CC BY 4.0),5,2026-05-17T19:09:46Z,2026-10-04
d4d8984d-611b-45d6-81c4-c671a871f39a,node/13738185943,Cerro de la Erilla,,,,,1347.0,OpenStreetMap (coincide con MDT a ±10 m),33.0,False,1316.0,secundaria,40.0340396,-1.1318815,10,Comunitat Valenciana,46,Valencia/València,El Rincón de Ademuz,46201,Puebla de San Miguel,OpenStreetMap (ODbL 1.0),Calculada sobre MDT25 © IGN (CC BY 4.0),2,2026-04-17T22:51:44Z,2026-10-04
3aacfdc6-24b1-44c6-b5ca-37b2f902a6a0,node/12682113690,El Hostal,,,,,1331.0,OpenStreetMap (coincide con MDT a ±10 m),32.0,False,1297.0,secundaria,39.9187644,-0.9326308,10,Comunitat Valenciana,46,Valencia/València,La Serranía,46262,La Yesa,OpenStreetMap (ODbL 1.0),Calculada sobre MDT25 © IGN (CC BY 4.0),1,2025-03-19T19:38:12Z,2026-10-04
013e50ea-36a8-4602-baa3-195a943d42ef,node/1243366536,Cerro del Carrascal,,,,,1326.0,OpenStreetMap (coincide con MDT a ±10 m),115.0,False,1213.0,principal,40.0576505,-1.1425041,10,Comunitat Valenciana,46,Valencia/València,El Rincón de Ademuz,46201,Puebla de San Miguel,OpenStreetMap (ODbL 1.0),Calculada sobre MDT25 © IGN (CC BY 4.0),5,2026-05-17T19:09:46Z,2026-10-04
aa33d12c-5277-4a0d-af55-aa72d2605f59,node/12445317716,Peña del Reloj,,,,,1322.0,OpenStreetMap (coincide con MDT a ±10 m),149.0,False,1172.0,principal,39.8386664,-0.7844785,10,Comunitat Valenciana,46,Valencia/València,La Serranía,46038,Andilla,OpenStreetMap (ODbL 1.0),Calculada sobre MDT25 © IGN (CC BY 4.0),1,2024-12-23T20:16:33Z,2026-10-04
622767d9-044e-41f5-9fc9-9a80f44997fc,node/1243423153,La Atalaya,,,,,1309.0,OpenStreetMap (coincide con MDT a ±10 m),48.0,False,1257.0,secundaria,40.0901047,-1.1446732,10,Comunitat Valenciana,46,Valencia/València,El Rincón de Ademuz,46201,Puebla de San Miguel,OpenStreetMap (ODbL 1.0),Calculada sobre MDT25 © IGN (CC BY 4.0),4,2025-11-15T19:50:42Z,2026-10-04
d97eaa36-cd51-41ca-a4c2-94754f16dd68,node/9991741039,El Remedio,,,,,1306.0,OpenStreetMap (coincide con MDT a ±10 m),445.0,False,859.0,principal,39.6299669,-1.1311564,10,Comunitat Valenciana,46,Valencia/València,La Plana de Utiel-Requena,46249,Utiel,OpenStreetMap (ODbL 1.0),Calculada sobre MDT25 © IGN (CC BY 4.0),1,2022-09-01T00:03:09Z,2026-10-04
8bfed64f-1b5f-4aa2-a83b-d9b75819b7a7,node/9991755797,Peña del Aguila,,,,,1304.0,OpenStreetMap (coincide con MDT a ±10 m),72.0,False,1232.0,secundaria,39.6480558,-1.1538716,10,Comunitat Valenciana,46,Valencia/València,La Plana de Utiel-Requena,46249,Utiel,OpenStreetMap (ODbL 1.0),Calculada sobre MDT25 © IGN (CC BY 4.0),1,2022-09-01T00:13:36Z,2026-10-04
c8449cda-490c-40c8-9376-3afee2f42ecc,node/9991793045,Picarcho,,,,,1302.0,OpenStreetMap (coincide con MDT a ±10 m),218.0,False,1081.0,principal,39.8333999,-1.210552,10,Comunitat Valenciana,46,Valencia/València,La Serranía,46247,Tuéjar,OpenStreetMap (ODbL 1.0),Calculada sobre MDT25 © IGN (CC BY 4.0),1,2022-09-01T01:33:14Z,2026-10-04
e07f699d-d3e1-4887-806f-2421263182f4,node/9993773479,Cabezo,,,,,1298.0,OpenStreetMap (coincide con MDT a ±10 m),254.0,False,1043.0,principal,39.8665555,-0.9855183,10,Comunitat Valenciana,46,Valencia/València,La Serranía,46036,Alpuente,OpenStreetMap (ODbL 1.0),Calculada sobre MDT25 © IGN (CC BY 4.0),1,2022-09-01T22:50:47Z,2026-10-04
89ec0a6c-b7dd-479f-aec3-1db2ee5d8d63,node/9993761305,Negrete,,,,,1293.0,OpenStreetMap (coincide con MDT a ±10 m),51.0,False,1241.0,secundaria,39.6352107,-1.1421171,10,Comunitat Valenciana,46,Valencia/València,La Plana de Utiel-Requena,46249,Utiel,OpenStreetMap (ODbL 1.0),Calculada sobre MDT25 © IGN (CC BY 4.0),1,2022-09-01T22:42:58Z,2026-10-04
9fccf833-f68c-40a3-af1d-319fbd495d00,node/9984145406,Los Altos,,,,,1288.0,OpenStreetMap (coincide con MDT a ±10 m),177.0,False,1110.0,principal,39.8486721,-0.882412,10,Comunitat Valenciana,46,Valencia/València,La Serranía,46038,Andilla,OpenStreetMap (ODbL 1.0),Calculada sobre MDT25 © IGN (CC BY 4.0),1,2022-08-28T21:55:30Z,2026-10-04
f43a6146-8e1a-4745-a3c4-020c61e65f63,node/1243434683,Loma del Torcal,,,,,1282.0,OpenStreetMap (coincide con MDT a ±10 m),38.0,False,1243.0,secundaria,39.8385746,-0.7706006,10,Comunitat Valenciana,46,Valencia/València,La Serranía,46038,Andilla,OpenStreetMap (ODbL 1.0),Calculada sobre MDT25 © IGN (CC BY 4.0),4,2024-12-23T20:16:33Z,2026-10-04
ea6ceaea-87a6-40fb-b9a9-eeb67133571e,node/10018843514,Cerro de la Vihuela,,,,,1274.0,OpenStreetMap (coincide con MDT a ±10 m),110.0,False,1163.0,principal,39.8674799,-0.7797829,10,Comunitat Valenciana,46,Valencia/València,La Serranía,46038,Andilla,OpenStreetMap (ODbL 1.0),Calculada sobre MDT25 © IGN (CC BY 4.0),1,2022-09-12T16:36:09Z,2026-10-04
4de93604-c91e-4318-b7ee-ee582057607e,node/13831346178,Hontanar,,,,,1272.0,OpenStreetMap (coincide con MDT a ±10 m),177.0,False,1093.0,principal,39.9053319,-1.069769,10,Comunitat Valenciana,46,Valencia/València,La Serranía,46036,Alpuente,OpenStreetMap (ODbL 1.0),Calculada sobre MDT25 © IGN (CC BY 4.0),2,2026-05-16T05:58:17Z,2026-10-04
678f747c-6905-4722-a801-9fc51f5fe892,node/1243445051,Cerro de Palomeras,,,,,1261.0,OpenStreetMap (coincide con MDT a ±10 m),202.0,True,612.0,principal,39.0695966,-1.212481,10,Comunitat Valenciana,46,Valencia/València,El Valle de Cofrentes-Ayora,46044,Ayora,OpenStreetMap (ODbL 1.0),Calculada sobre MDT25 © IGN (CC BY 4.0),5,2024-10-17T18:41:38Z,2026-10-04
b5c72312-aafc-4a28-bc36-212b70594318,node/13284899159,Cerro de la Peña,,,,,1258.0,OpenStreetMap (coincide con MDT a ±10 m),61.0,False,1195.0,secundaria,40.0729299,-1.1456582,10,Comunitat Valenciana,46,Valencia/València,El Rincón de Ademuz,46201,Puebla de San Miguel,OpenStreetMap (ODbL 1.0),Calculada sobre MDT25 © IGN (CC BY 4.0),1,2025-11-06T10:38:12Z,2026-10-04
8b9f8445-e8ec-4f4e-8aa0-3aef67c8b9a6,node/1243387666,Alto Negro,,,,,1257.0,OpenStreetMap (coincide con MDT a ±10 m),195.0,False,1060.0,principal,39.8707044,-0.9431877,10,Comunitat Valenciana,46,Valencia/València,La Serranía,46262,La Yesa,OpenStreetMap (ODbL 1.0),Calculada sobre MDT25 © IGN (CC BY 4.0),4,2025-03-20T12:00:49Z,2026-10-04
9b7c6845-0fc9-4bb0-b7c1-454f718279f5,node/1243367778,Cerro Gordo,,,,,1256.0,OpenStreetMap (coincide con MDT a ±10 m),56.0,False,1197.0,secundaria,39.6631782,-1.1537739,10,Comunitat Valenciana,46,Valencia/València,La Plana de Utiel-Requena,46249,Utiel,OpenStreetMap (ODbL 1.0),Calculada sobre MDT25 © IGN (CC BY 4.0),4,2025-11-25T12:27:43Z,2026-10-04
2d7abffa-e24e-4f46-9f17-47ae950e38bf,node/1243388130,Cerro Bon,,,,,1256.0,OpenStreetMap (coincide con MDT a ±10 m),35.0,False,1220.0,secundaria,39.8402344,-0.7595846,10,Comunitat Valenciana,46,Valencia/València,La Serranía,46038,Andilla,OpenStreetMap (ODbL 1.0),Calculada sobre MDT25 © IGN (CC BY 4.0),4,2024-12-23T20:16:33Z,2026-10-04
ca64b8ff-cf0d-49b5-a309-4f3afc9c6bbb,node/1243420513,Cerro de la Pacheca,,,,,1249.0,OpenStreetMap (coincide con MDT a ±10 m),52.0,False,1198.0,secundaria,39.9060022,-1.0561805,10,Comunitat Valenciana,46,Valencia/València,La Serranía,46036,Alpuente,OpenStreetMap (ODbL 1.0),Calculada sobre MDT25 © IGN (CC BY 4.0),4,2025-03-14T11:35:45Z,2026-10-04
9b590654-1caa-4c6b-9d94-50a056d9fe92,node/1426245189,El Tejo,,,,,1248.0,OpenStreetMap (coincide con MDT a ±10 m),493.0,False,755.0,principal,39.5188823,-0.9879612,10,Comunitat Valenciana,46,Valencia/València,La Plana de Utiel-Requena,46213,Requena,OpenStreetMap (ODbL 1.0),Calculada sobre MDT25 © IGN (CC BY 4.0),2,2026-05-17T19:09:46Z,2026-10-04
2684c636-f76b-4300-baee-f92296df5c52,node/1243375587,Cabezo de los Moros,,,,,1244.0,OpenStreetMap (coincide con MDT a ±10 m),33.0,False,1211.0,secundaria,40.03169,-1.150232,10,Comunitat Valenciana,46,Valencia/València,El Rincón de Ademuz,46201,Puebla de San Miguel,OpenStreetMap (ODbL 1.0),Calculada sobre MDT25 © IGN (CC BY 4.0),5,2025-11-06T11:15:40Z,2026-10-04
ca9fe0c6-9802-4d53-8ca4-109a49f57da4,node/1243464444,Alto de la Morrita,,,,,1239.0,OpenStreetMap (coincide con MDT a ±10 m),78.0,False,1160.0,secundaria,40.199191,-1.3124442,10,Comunitat Valenciana,46,Valencia/València,El Rincón de Ademuz,46092,Castielfabib,OpenStreetMap (ODbL 1.0),Calculada sobre MDT25 © IGN (CC BY 4.0),4,2025-11-14T10:08:35Z,2026-10-04
e35d5b14-e9af-4232-98fe-ba3305500388,node/10225433026,Torda,,,,,1238.0,OpenStreetMap (coincide con MDT a ±10 m),78.0,False,1160.0,secundaria,39.8366184,-0.867308,10,Comunitat Valenciana,46,Valencia/València,La Serranía,46038,Andilla,OpenStreetMap (ODbL 1.0),Calculada sobre MDT25 © IGN (CC BY 4.0),1,2022-11-29T11:21:27Z,2026-10-04
0168a9db-e4b3-45ee-8989-6dd53c15ed7e,node/12757244580,Cerro de Palacio,,,,,1238.0,OpenStreetMap (coincide con MDT a ±10 m),49.0,False,1188.0,secundaria,39.9239585,-0.955311,10,Comunitat Valenciana,46,Valencia/València,La Serranía,46262,La Yesa,OpenStreetMap (ODbL 1.0),Calculada sobre MDT25 © IGN (CC BY 4.0),2,2026-05-17T19:09:46Z,2026-10-04
5e55116c-e5ec-4f35-8b88-faae60196b21,node/13311566595,Puntal de los Chamorros,,,,,1229.0,OpenStreetMap (coincide con MDT a ±10 m),44.0,False,1185.0,secundaria,40.1317904,-1.3486551,10,Comunitat Valenciana,46,Valencia/València,El Rincón de Ademuz,46092,Castielfabib,OpenStreetMap (ODbL 1.0),Calculada sobre MDT25 © IGN (CC BY 4.0),1,2025-11-17T19:09:10Z,2026-10-04
8af39a48-539e-41ed-abc1-8f5e72637864,node/6129460805,Cerro de Corcolilla,Cerro de Corcolilla,,,,1226.0,OpenStreetMap (coincide con MDT a ±10 m),77.0,False,1147.0,secundaria,39.9288446,-1.0169582,10,Comunitat Valenciana,46,Valencia/València,La Serranía,46036,Alpuente,OpenStreetMap (ODbL 1.0),Calculada sobre MDT25 © IGN (CC BY 4.0),3,2025-03-14T11:35:45Z,2026-10-04
ce56a689-ab70-4b69-b196-c4b872633ce9,node/1243375952,Cerro Chico,,,,,1222.0,OpenStreetMap (coincide con MDT a ±10 m),39.0,False,1182.0,secundaria,39.6675348,-1.1602545,10,Comunitat Valenciana,46,Valencia/València,La Serranía,46050,Benagéber,OpenStreetMap (ODbL 1.0),Calculada sobre MDT25 © IGN (CC BY 4.0),4,2025-11-25T12:27:43Z,2026-10-04
b668d6c5-dabc-40bb-82ad-68617220c16b,node/9984188405,Cerro de Simón,,,,,1222.0,OpenStreetMap (coincide con MDT a ±10 m),134.0,False,1088.0,principal,39.8158766,-0.8412267,10,Comunitat Valenciana,46,Valencia/València,La Serranía,46038,Andilla,OpenStreetMap (ODbL 1.0),Calculada sobre MDT25 © IGN (CC BY 4.0),3,2024-01-28T10:43:06Z,2026-10-04
4c3d71f2-01d6-4afa-86f8-42024b87321f,node/13308830594,El Romance,,,,,1209.0,OpenStreetMap (coincide con MDT a ±10 m),36.0,False,1172.0,secundaria,40.092799,-1.2136061,10,Comunitat Valenciana,46,Valencia/València,El Rincón de Ademuz,46001,Ademuz,OpenStreetMap (ODbL 1.0),Calculada sobre MDT25 © IGN (CC BY 4.0),1,2025-11-16T19:05:38Z,2026-10-04
0a1d680a-3837-4d50-b944-d63da40c03af,node/12662570279,Cabezo de la Potra,,,,,1207.0,OpenStreetMap (coincide con MDT a ±10 m),32.0,False,1172.0,secundaria,39.9256691,-1.0248803,10,Comunitat Valenciana,46,Valencia/València,La Serranía,46036,Alpuente,OpenStreetMap (ODbL 1.0),Calculada sobre MDT25 © IGN (CC BY 4.0),1,2025-03-14T11:35:45Z,2026-10-04
8dd44eb4-4825-412a-9755-bb16733f7d06,node/11726830851,Muela de la Tortosilla,,,,,1206.0,OpenStreetMap (coincide con MDT a ±10 m),36.0,False,1170.0,secundaria,39.0269587,-1.2280804,10,Comunitat Valenciana,46,Valencia/València,El Valle de Cofrentes-Ayora,46044,Ayora,OpenStreetMap (ODbL 1.0),Calculada sobre MDT25 © IGN (CC BY 4.0),1,2024-03-13T09:19:16Z,2026-10-04
867a0e66-f18b-4020-9e66-ec3c9bf4f6ca,node/1243370639,Cinglo de Alejandro,,,,,1205.0,OpenStreetMap (coincide con MDT a ±10 m),30.0,False,1176.0,secundaria,39.9183458,-0.9609404,10,Comunitat Valenciana,46,Valencia/València,La Serranía,46262,La Yesa,OpenStreetMap (ODbL 1.0),Calculada sobre MDT25 © IGN (CC BY 4.0),4,2025-04-15T11:21:44Z,2026-10-04
63c3d715-4891-4839-917d-57f7afe71725,node/12595811989,Cerro Carnoso,,,,,1194.0,OpenStreetMap (coincide con MDT a ±10 m),47.0,False,1145.0,secundaria,39.8114982,-0.8356775,10,Comunitat Valenciana,46,Valencia/València,La Serranía,46038,Andilla,OpenStreetMap (ODbL 1.0),Calculada sobre MDT25 © IGN (CC BY 4.0),1,2025-02-17T13:43:50Z,2026-10-04
f033efe0-1607-4fe0-9233-89de8d301021,node/9984223523,Alto del Alamín,,,,,1182.0,OpenStreetMap (coincide con MDT a ±10 m),104.0,False,1077.0,principal,39.8425477,-0.9333355,10,Comunitat Valenciana,46,Valencia/València,La Serranía,46262,La Yesa,OpenStreetMap (ODbL 1.0),Calculada sobre MDT25 © IGN (CC BY 4.0),8,2024-02-27T19:03:05Z,2026-10-04
49a8903c-8314-40bb-932d-f1b5e1412a46,node/8041980205,Alto de Cinco Pinos,,,,,1176.0,OpenStreetMap (coincide con MDT a ±10 m),252.0,False,924.0,principal,39.5835938,-1.0138968,10,Comunitat Valenciana,46,Valencia/València,La Plana de Utiel-Requena,46108,Chera,OpenStreetMap (ODbL 1.0),Calculada sobre MDT25 © IGN (CC BY 4.0),2,2022-08-28T09:37:40Z,2026-10-04
ffc3fb52-40da-4687-8b7b-ad2e7e83accf,node/1260544573,Cerro del Rabosero,,,,,1167.0,OpenStreetMap (coincide con MDT a ±10 m),73.0,False,1091.0,secundaria,39.6162717,-1.0969558,10,Comunitat Valenciana,46,Valencia/València,La Plana de Utiel-Requena,46249,Utiel,OpenStreetMap (ODbL 1.0),Calculada sobre MDT25 © IGN (CC BY 4.0),5,2026-05-17T19:09:46Z,2026-10-04
4610da8b-1807-4718-971f-8d1bfcd92427,node/6438911242,Alt de la Codolla,,Alt de la Codolla,,,1167.0,OpenStreetMap (coincide con MDT a ±10 m),85.0,False,1082.0,secundaria,38.7522497,-0.5180442,10,Comunitat Valenciana,46,Valencia/València,la Vall d'Albaida,46072,Bocairent,OpenStreetMap (ODbL 1.0),Calculada sobre MDT25 © IGN (CC BY 4.0),3,2023-10-09T23:24:18Z,2026-10-04
50e0860f-a028-47e9-854e-66fa2112260a,node/12596458790,Peña de en Medio,,,,,1166.0,OpenStreetMap (coincide con MDT a ±10 m),72.0,False,1092.0,secundaria,39.8048895,-0.8763811,10,Comunitat Valenciana,46,Valencia/València,La Serranía,46038,Andilla,OpenStreetMap (ODbL 1.0),Calculada sobre MDT25 © IGN (CC BY 4.0),1,2025-02-17T19:59:09Z,2026-10-04
027004f6-ead7-4041-8bce-d498e43aa3d7,node/1260548051,Pico de Juan Navarro,,,,,1164.0,OpenStreetMap (coincide con MDT a ±10 m),153.0,False,1008.0,principal,39.5710818,-1.0996817,10,Comunitat Valenciana,46,Valencia/València,La Plana de Utiel-Requena,46213,Requena,OpenStreetMap (ODbL 1.0),Calculada sobre MDT25 © IGN (CC BY 4.0),5,2026-05-17T19:09:46Z,2026-10-04
b066a2b2-7aca-4a65-b1c4-edc92394872f,node/13356238549,La Atalaya,,,,,1159.0,OpenStreetMap (coincide con MDT a ±10 m),201.0,False,957.0,principal,39.6679478,-1.0760557,10,Comunitat Valenciana,46,Valencia/València,La Serranía,46106,Chelva,OpenStreetMap (ODbL 1.0),Calculada sobre MDT25 © IGN (CC BY 4.0),1,2025-12-05T18:45:44Z,2026-10-04
effbc1da-2f68-497c-a6e0-196b746176f3,node/10178739842,Pinocha,,,,,1156.0,OpenStreetMap (coincide con MDT a ±10 m),43.0,False,1113.0,secundaria,39.8477121,-0.8630266,10,Comunitat Valenciana,46,Valencia/València,La Serranía,46038,Andilla,OpenStreetMap (ODbL 1.0),Calculada sobre MDT25 © IGN (CC BY 4.0),1,2022-11-12T19:17:38Z,2026-10-04
6704e442-18e4-40c6-886c-5a06a1f11a26,node/1243379622,Cerro Gordo,,,,,1154.0,OpenStreetMap (coincide con MDT a ±10 m),31.0,False,1132.0,secundaria,39.8110531,-0.8493853,10,Comunitat Valenciana,46,Valencia/València,La Serranía,46038,Andilla,OpenStreetMap (ODbL 1.0),Calculada sobre MDT25 © IGN (CC BY 4.0),4,2025-02-17T19:59:09Z,2026-10-04
12350c22-ce20-4277-9ab9-7f6f392d8379,node/1243447850,Cerro de las Pedrizas,,,,,1151.0,OpenStreetMap (coincide con MDT a ±10 m),51.0,False,1098.0,secundaria,39.8128297,-0.8653908,10,Comunitat Valenciana,46,Valencia/València,La Serranía,46038,Andilla,OpenStreetMap (ODbL 1.0),Calculada sobre MDT25 © IGN (CC BY 4.0),4,2025-02-17T19:59:09Z,2026-10-04
fd5f621f-d3e5-4291-87a7-52096b043908,node/1243470003,Cerro de Altamira,,,,,1151.0,OpenStreetMap (coincide con MDT a ±10 m),86.0,False,1059.0,secundaria,40.1093273,-1.1687112,10,Comunitat Valenciana,46,Valencia/València,El Rincón de Ademuz,46001,Ademuz,OpenStreetMap (ODbL 1.0),Calculada sobre MDT25 © IGN (CC BY 4.0),4,2025-11-14T18:57:27Z,2026-10-04
3ef3f76d-933c-4f1a-92a7-9bce28975fac,node/1243453445,El Momperet,,,,,1149.0,OpenStreetMap (coincide con MDT a ±10 m),144.0,False,1007.0,principal,39.8908674,-1.0544085,10,Comunitat Valenciana,46,Valencia/València,La Serranía,46036,Alpuente,OpenStreetMap (ODbL 1.0),Calculada sobre MDT25 © IGN (CC BY 4.0),4,2025-03-14T12:02:48Z,2026-10-04
1fb0f51e-b872-47ed-a7a6-ff607df2805c,node/1243466916,Alto de Silverio,,,,,1149.0,OpenStreetMap (coincide con MDT a ±10 m),50.0,False,1100.0,secundaria,40.0000942,-1.2316108,10,Comunitat Valenciana,46,Valencia/València,El Rincón de Ademuz,46088,Casas Bajas,OpenStreetMap (ODbL 1.0),Calculada sobre MDT25 © IGN (CC BY 4.0),4,2025-11-12T19:42:59Z,2026-10-04
bd0d6d0e-ee0e-4ee5-881d-c2fe1732dc52,node/1243371414,La Herrada,,,,,1147.0,OpenStreetMap (coincide con MDT a ±10 m),83.0,False,1063.0,secundaria,39.9167223,-1.0325146,10,Comunitat Valenciana,46,Valencia/València,La Serranía,46036,Alpuente,OpenStreetMap (ODbL 1.0),Calculada sobre MDT25 © IGN (CC BY 4.0),4,2025-03-11T19:41:35Z,2026-10-04
d0140d10-28d6-47e9-b14d-7506c810433f,node/1243427406,Cerro del Rumbo,,,,,1147.0,OpenStreetMap (coincide con MDT a ±10 m),40.0,False,1105.0,secundaria,39.8586538,-0.8028893,10,Comunitat Valenciana,46,Valencia/València,La Serranía,46038,Andilla,OpenStreetMap (ODbL 1.0),Calculada sobre MDT25 © IGN (CC BY 4.0),4,2024-12-23T19:27:42Z,2026-10-04
a551cf00-9be2-482a-9368-f602eb715a41,node/9983079636,Pico Ropé,,,,,1140.0,OpenStreetMap (coincide con MDT a ±10 m),72.0,False,1068.0,secundaria,39.6212422,-0.9796231,10,Comunitat Valenciana,46,Valencia/València,La Plana de Utiel-Requena,46108,Chera,OpenStreetMap (ODbL 1.0),Calculada sobre MDT25 © IGN (CC BY 4.0),1,2022-08-28T09:37:40Z,2026-10-04
b33558fc-483c-42b1-8383-0e4cc7557b82,node/1243463971,Puntal de Gorra,,,,,1135.0,OpenStreetMap (coincide con MDT a ±10 m),61.0,False,1073.0,secundaria,39.6189603,-0.9919461,10,Comunitat Valenciana,46,Valencia/València,el Camp de Túria,46148,Loriguilla,OpenStreetMap (ODbL 1.0),Calculada sobre MDT25 © IGN (CC BY 4.0),4,2025-12-22T10:28:52Z,2026-10-04
e644d96a-4250-4cc5-a54b-a1e4b3acfc9f,node/10018904048,Picarazos,,,,,1133.0,OpenStreetMap (coincide con MDT a ±10 m),89.0,False,1044.0,secundaria,39.8101299,-0.8893991,10,Comunitat Valenciana,46,Valencia/València,La Serranía,46106,Chelva,OpenStreetMap (ODbL 1.0),Calculada sobre MDT25 © IGN (CC BY 4.0),2,2022-11-12T19:13:58Z,2026-10-04
66e322eb-4eac-46ba-a066-ebe4afbd50d0,node/13326808712,Alto del Cerro Campana,,,,,1133.0,OpenStreetMap (coincide con MDT a ±10 m),121.0,False,1014.0,principal,39.8362164,-1.1773686,10,Comunitat Valenciana,46,Valencia/València,La Serranía,46247,Tuéjar,OpenStreetMap (ODbL 1.0),Calculada sobre MDT25 © IGN (CC BY 4.0),1,2025-11-23T19:24:47Z,2026-10-04
be5182a5-9d6b-4685-a79a-77ded5739cad,node/13414092769,Cerro de Peralcoy,,,,,1133.0,OpenStreetMap (coincide con MDT a ±10 m),69.0,False,1062.0,secundaria,39.602676,-1.0790001,10,Comunitat Valenciana,46,Valencia/València,La Plana de Utiel-Requena,46213,Requena,OpenStreetMap (ODbL 1.0),Calculada sobre MDT25 © IGN (CC BY 4.0),1,2025-12-28T18:28:08Z,2026-10-04
6712497a-ad08-4619-9ae7-c3662e58fab7,node/9984216631,Azagadores,,,,,1132.0,OpenStreetMap (coincide con MDT a ±10 m),71.0,False,1060.0,secundaria,39.8001608,-0.9014838,10,Comunitat Valenciana,46,Valencia/València,La Serranía,46106,Chelva,OpenStreetMap (ODbL 1.0),Calculada sobre MDT25 © IGN (CC BY 4.0),2,2022-11-12T19:18:11Z,2026-10-04
45526f01-7288-4e9f-8b20-e352ae78148a,node/1243440780,Peña del Aljibe,,,,,1129.0,OpenStreetMap (coincide con MDT a ±10 m),52.0,False,1078.0,secundaria,39.8243352,-0.7088445,10,Comunitat Valenciana,46,Valencia/València,La Serranía,46018,Alcublas,OpenStreetMap (ODbL 1.0),Calculada sobre MDT25 © IGN (CC BY 4.0),4,2025-02-12T18:28:55Z,2026-10-04
a4c73fe9-b940-47aa-b18d-0debcfd848f8,node/11970156115,Pico de Caroche,Pico de Caroche,el Caroig,,,1126.0,OpenStreetMap (coincide con MDT a ±10 m),434.0,False,693.0,principal,39.0896288,-0.9141714,10,Comunitat Valenciana,46,Valencia/València,El Valle de Cofrentes-Ayora,46239,Teresa de Cofrentes,OpenStreetMap (ODbL 1.0),Calculada sobre MDT25 © IGN (CC BY 4.0),2,2024-06-10T22:14:33Z,2026-10-04
278fb78b-7931-4633-b5cd-1f2018e0b4bf,node/13395779258,Alto de Santa María,,,,,1126.0,OpenStreetMap (coincide con MDT a ±10 m),35.0,False,1090.0,secundaria,39.5434662,-0.9194679,10,Comunitat Valenciana,46,Valencia/València,La Serranía,46133,Gestalgar,OpenStreetMap (ODbL 1.0),Calculada sobre MDT25 © IGN (CC BY 4.0),1,2025-12-22T18:28:38Z,2026-10-04
211c7f31-97c4-4302-8f78-eb71162c85f1,node/1260596845,Pico del Cerro Cardete,,,,,1125.0,OpenStreetMap (coincide con MDT a ±10 m),212.0,False,916.0,principal,39.6420772,-1.3503456,10,Comunitat Valenciana,46,Valencia/València,La Plana de Utiel-Requena,46080,Camporrobles,OpenStreetMap (ODbL 1.0),Calculada sobre MDT25 © IGN (CC BY 4.0),5,2026-05-17T19:09:46Z,2026-10-04
55aa67b3-dc51-4d8b-8417-ec3009dffb67,node/1243418635,Pico Colorado,,,,,1123.0,OpenStreetMap (coincide con MDT a ±10 m),68.0,False,1050.0,secundaria,39.1091455,-1.2289858,10,Comunitat Valenciana,46,Valencia/València,El Valle de Cofrentes-Ayora,46044,Ayora,OpenStreetMap (ODbL 1.0),Calculada sobre MDT25 © IGN (CC BY 4.0),4,2024-03-28T18:37:56Z,2026-10-04
ee7bea55-9802-4410-98ad-d2fc7ff3079a,node/10034231766,La Muela,,,,,1123.0,OpenStreetMap (coincide con MDT a ±10 m),43.0,False,1079.0,secundaria,39.8276693,-0.8804382,10,Comunitat Valenciana,46,Valencia/València,La Serranía,46038,Andilla,OpenStreetMap (ODbL 1.0),Calculada sobre MDT25 © IGN (CC BY 4.0),3,2022-10-12T08:28:03Z,2026-10-04
492b614e-6658-45a8-81c2-2ea0617a9808,node/13398325559,Alto del Burgal,,,,,1118.0,OpenStreetMap (coincide con MDT a ±10 m),165.0,False,953.0,principal,39.5529244,-0.9360131,10,Comunitat Valenciana,46,Valencia/València,La Plana de Utiel-Requena,46108,Chera,OpenStreetMap (ODbL 1.0),Calculada sobre MDT25 © IGN (CC BY 4.0),1,2025-12-23T18:52:20Z,2026-10-04
7e5876cf-11c5-44f9-a99b-cd8ee4aeef63,node/1260548505,Puntal de la Nevera,,,,,1116.0,OpenStreetMap (coincide con MDT a ±10 m),406.0,False,711.0,principal,39.4259343,-0.9137509,10,Comunitat Valenciana,46,Valencia/València,La Hoya de Buñol,46229,Siete Aguas,OpenStreetMap (ODbL 1.0),Calculada sobre MDT25 © IGN (CC BY 4.0),5,2023-10-01T19:50:02Z,2026-10-04
bd9cb52c-bb01-459c-a871-2a5120402e38,node/1243385536,Puntal del Cuerno,,,,,1111.0,OpenStreetMap (coincide con MDT a ±10 m),85.0,False,1022.0,secundaria,39.1044556,-1.2040982,10,Comunitat Valenciana,46,Valencia/València,El Valle de Cofrentes-Ayora,46044,Ayora,OpenStreetMap (ODbL 1.0),Calculada sobre MDT25 © IGN (CC BY 4.0),4,2024-03-28T18:37:56Z,2026-10-04
131a5740-7d14-4b9e-8801-e981d1147c60,node/1243449057,Picayo de las Nogueras,,,,,1087.0,OpenStreetMap (coincide con MDT a ±10 m),32.0,False,1052.0,secundaria,39.5894817,-1.0761943,10,Comunitat Valenciana,46,Valencia/València,La Plana de Utiel-Requena,46213,Requena,OpenStreetMap (ODbL 1.0),Calculada sobre MDT25 © IGN (CC BY 4.0),4,2025-12-28T18:28:08Z,2026-10-04
a41157e9-37c9-4019-bd81-f50c00b8cf25,node/1243441084,Cerro de la Mazorra,,,,,1086.0,OpenStreetMap (coincide con MDT a ±10 m),104.0,False,981.0,principal,39.6295238,-1.170272,10,Comunitat Valenciana,46,Valencia/València,La Plana de Utiel-Requena,46249,Utiel,OpenStreetMap (ODbL 1.0),Calculada sobre MDT25 © IGN (CC BY 4.0),4,2026-01-04T18:58:09Z,2026-10-04
fa5d733a-d782-4c18-8ef3-50d479d4bd52,node/12662610983,Cerro de la Moratilla,,,,,1085.0,OpenStreetMap (coincide con MDT a ±10 m),56.0,False,1033.0,secundaria,39.8943458,-1.0663832,10,Comunitat Valenciana,46,Valencia/València,La Serranía,46241,Titaguas,OpenStreetMap (ODbL 1.0),Calculada sobre MDT25 © IGN (CC BY 4.0),1,2025-03-14T12:02:48Z,2026-10-04
e554d42d-dca3-4669-a7a6-05fc3f204a66,node/9671287357,Pico de los Ajos,,,,,1082.0,OpenStreetMap (coincide con MDT a ±10 m),239.0,False,843.0,principal,39.513949,-0.870291,10,Comunitat Valenciana,46,Valencia/València,La Hoya de Buñol,46111,Chiva,OpenStreetMap (ODbL 1.0),Calculada sobre MDT25 © IGN (CC BY 4.0),1,2022-04-17T01:34:21Z,2026-10-04
7bb804aa-332e-4684-b024-092c60a15b74,node/10053730605,Pico Martés,,,,,1080.0,OpenStreetMap (coincide con MDT a ±10 m),442.0,False,642.0,principal,39.3246405,-0.9461454,10,Comunitat Valenciana,46,Valencia/València,La Hoya de Buñol,46261,Yátova,OpenStreetMap (ODbL 1.0),Calculada sobre MDT25 © IGN (CC BY 4.0),3,2023-01-08T22:18:44Z,2026-10-04
7fea70a9-5815-4040-8839-c12ba254832b,node/11746068978,Las Cruces,,,,,1079.0,OpenStreetMap (coincide con MDT a ±10 m),74.0,False,1005.0,secundaria,39.1002329,-0.9291071,10,Comunitat Valenciana,46,Valencia/València,El Valle de Cofrentes-Ayora,46239,Teresa de Cofrentes,OpenStreetMap (ODbL 1.0),Calculada sobre MDT25 © IGN (CC BY 4.0),1,2024-03-19T18:32:06Z,2026-10-04
5cb53ea9-5876-467c-9bcb-1efa8442b59e,node/1243387919,Carbonero,,,,,1077.0,OpenStreetMap (coincide con MDT a ±10 m),41.0,False,1035.0,secundaria,39.6204524,-1.1371996,10,Comunitat Valenciana,46,Valencia/València,La Plana de Utiel-Requena,46249,Utiel,OpenStreetMap (ODbL 1.0),Calculada sobre MDT25 © IGN (CC BY 4.0),4,2026-01-04T19:48:05Z,2026-10-04
07b36b30-c98a-4634-8f33-1b82cb182388,node/1243453329,La Lámpara,,,,,1069.0,OpenStreetMap (coincide con MDT a ±10 m),47.0,False,1020.0,secundaria,39.8680906,-1.0697538,10,Comunitat Valenciana,46,Valencia/València,La Serranía,46241,Titaguas,OpenStreetMap (ODbL 1.0),Calculada sobre MDT25 © IGN (CC BY 4.0),4,2025-03-21T19:38:06Z,2026-10-04
ec8e3e6e-d0e6-4ba5-a48b-ab81f6b55c41,node/1243460347,Puntal del Conejo,,,,,1063.0,OpenStreetMap (coincide con MDT a ±10 m),264.0,False,799.0,principal,39.1407608,-1.1476286,10,Comunitat Valenciana,46,Valencia/València,El Valle de Cofrentes-Ayora,46144,Jarafuel,OpenStreetMap (ODbL 1.0),Calculada sobre MDT25 © IGN (CC BY 4.0),4,2024-03-28T19:18:33Z,2026-10-04
d130cc66-f8fe-473f-9e1c-1feb98c9566c,node/9984371833,Castellano,,,,,1055.0,OpenStreetMap (coincide con MDT a ±10 m),219.0,False,834.0,principal,39.7581661,-0.9156074,10,Comunitat Valenciana,46,Valencia/València,La Serranía,46079,Calles,OpenStreetMap (ODbL 1.0),Calculada sobre MDT25 © IGN (CC BY 4.0),1,2022-08-29T01:08:16Z,2026-10-04
47ca5742-5894-4300-be4e-3cfe4e696062,node/10008253791,El Remedio,,,,,1053.0,OpenStreetMap (coincide con MDT a ±10 m),136.0,False,916.0,principal,39.7776122,-0.9924811,10,Comunitat Valenciana,46,Valencia/València,La Serranía,46106,Chelva,OpenStreetMap (ODbL 1.0),Calculada sobre MDT25 © IGN (CC BY 4.0),1,2022-09-08T07:17:51Z,2026-10-04
95ef880a-70ec-4336-943b-51c7f123babb,node/11731187457,Alto de la Tona,,,,,1051.0,OpenStreetMap (coincide con MDT a ±10 m),62.0,False,991.0,secundaria,39.1193014,-0.9562607,10,Comunitat Valenciana,46,Valencia/València,El Valle de Cofrentes-Ayora,46239,Teresa de Cofrentes,OpenStreetMap (ODbL 1.0),Calculada sobre MDT25 © IGN (CC BY 4.0),1,2024-03-14T16:54:22Z,2026-10-04
cc3b754d-6521-4772-9337-da5994b5257c,node/2933443440,Cerro Carpio,,,,,1049.0,OpenStreetMap (coincide con MDT a ±10 m),169.0,False,879.0,principal,39.7254516,-1.2179569,10,Comunitat Valenciana,46,Valencia/València,La Plana de Utiel-Requena,46232,Sinarcas,OpenStreetMap (ODbL 1.0),Calculada sobre MDT25 © IGN (CC BY 4.0),1,2014-06-25T20:59:08Z,2026-10-04
28c11698-1f62-4763-ba14-c3ba36b2e2be,node/3615572560,Alt de la Nevera,,Alt de la Nevera,,,1048.0,MDT IGN,48.0,False,1000.0,secundaria,38.8310969,-0.4140249,10,Comunitat Valenciana,46,Valencia/València,la Vall d'Albaida,46056,Beniatjar,OpenStreetMap (ODbL 1.0),Calculada sobre MDT25 © IGN (CC BY 4.0),3,2022-12-10T14:22:56Z,2026-10-04
5dce55d2-90d2-480c-a857-d4c9690f19bd,node/12636372289,Loma del Mas de Aliaga,,,,,1047.0,OpenStreetMap (coincide con MDT a ±10 m),42.0,False,1006.0,secundaria,39.8305757,-0.935922,10,Comunitat Valenciana,46,Valencia/València,La Serranía,46106,Chelva,OpenStreetMap (ODbL 1.0),Calculada sobre MDT25 © IGN (CC BY 4.0),2,2026-05-17T19:09:46Z,2026-10-04
2976a330-612d-4b21-80ae-97e099aac7a5,node/10008213164,Alto de la Yerba,,,,,1041.0,OpenStreetMap (coincide con MDT a ±10 m),181.0,False,861.0,principal,39.5406353,-0.8347982,10,Comunitat Valenciana,46,Valencia/València,La Hoya de Buñol,46111,Chiva,OpenStreetMap (ODbL 1.0),Calculada sobre MDT25 © IGN (CC BY 4.0),1,2022-09-08T07:05:26Z,2026-10-04
be2a8bbd-2bbe-4a0e-b21a-1062e26982bb,node/13505007115,Moluengo,,,,,1040.0,OpenStreetMap (coincide con MDT a ±10 m),198.0,False,838.0,principal,39.4882879,-1.4450735,10,Comunitat Valenciana,46,Valencia/València,La Plana de Utiel-Requena,46259,Villargordo del Cabriel,OpenStreetMap (ODbL 1.0),Calculada sobre MDT25 © IGN (CC BY 4.0),1,2026-01-27T19:26:25Z,2026-10-04
a51909e8-6ac1-45ad-a65d-b9becf221e5f,node/1260543428,Cerro Ardalejo,,,,,1037.0,OpenStreetMap (coincide con MDT a ±10 m),154.0,False,884.0,principal,39.4915222,-0.9418913,10,Comunitat Valenciana,46,Valencia/València,La Hoya de Buñol,46229,Siete Aguas,OpenStreetMap (ODbL 1.0),Calculada sobre MDT25 © IGN (CC BY 4.0),5,2026-05-17T19:09:46Z,2026-10-04
f3ba5ccd-8c87-4f6a-a47a-49001ff05b8f,node/1243387073,Alto de Malén,,,,,1031.0,OpenStreetMap (coincide con MDT a ±10 m),93.0,False,939.0,secundaria,39.5302857,-0.9686939,10,Comunitat Valenciana,46,Valencia/València,La Hoya de Buñol,46229,Siete Aguas,OpenStreetMap (ODbL 1.0),Calculada sobre MDT25 © IGN (CC BY 4.0),4,2025-12-24T19:14:14Z,2026-10-04
4fa65403-1098-4803-afc9-c590d71758f5,node/12757244578,La Muela,,,,,1029.0,OpenStreetMap (coincide con MDT a ±10 m),38.0,False,991.0,secundaria,39.8107779,-0.9058885,10,Comunitat Valenciana,46,Valencia/València,La Serranía,46106,Chelva,OpenStreetMap (ODbL 1.0),Calculada sobre MDT25 © IGN (CC BY 4.0),1,2025-04-15T11:21:44Z,2026-10-04
1a4074c5-e55e-43c5-add6-e48865165fe7,node/6753034632,Monte Gordo,,,,,1023.0,OpenStreetMap (coincide con MDT a ±10 m),47.0,False,976.0,secundaria,39.5335177,-0.82912,10,Comunitat Valenciana,46,Valencia/València,La Hoya de Buñol,46111,Chiva,OpenStreetMap (ODbL 1.0),Calculada sobre MDT25 © IGN (CC BY 4.0),4,2024-10-31T20:55:41Z,2026-10-04
2c1fb312-a5ae-4c49-97d0-b948ee33716b,node/2933443441,Cerro San Cristóbal,,,,,1021.0,OpenStreetMap (coincide con MDT a ±10 m),44.0,False,978.0,secundaria,39.7226832,-1.2242775,10,Comunitat Valenciana,46,Valencia/València,La Plana de Utiel-Requena,46232,Sinarcas,OpenStreetMap (ODbL 1.0),Calculada sobre MDT25 © IGN (CC BY 4.0),2,2014-12-12T12:38:36Z,2026-10-04
e6476d46-a66f-45da-9a10-d24fda5f6ca7,node/12685359252,La Buena Leche,,,,,1021.0,OpenStreetMap (coincide con MDT a ±10 m),161.0,False,860.0,principal,39.8101629,-1.0663746,10,Comunitat Valenciana,46,Valencia/València,La Serranía,46247,Tuéjar,OpenStreetMap (ODbL 1.0),Calculada sobre MDT25 © IGN (CC BY 4.0),1,2025-03-20T18:33:05Z,2026-10-04
854adc8b-641f-4b17-b042-876e787bf1c8,node/1243428067,El Atalayón,,,,,1020.0,OpenStreetMap (coincide con MDT a ±10 m),60.0,False,961.0,secundaria,39.8695881,-1.1865884,10,Comunitat Valenciana,46,Valencia/València,La Serranía,46241,Titaguas,OpenStreetMap (ODbL 1.0),Calculada sobre MDT25 © IGN (CC BY 4.0),4,2025-11-22T18:59:31Z,2026-10-04
8faf4863-4a57-4fc9-afa0-0f355d02a726,node/10178741717,Mataja,,,,,1019.0,OpenStreetMap (coincide con MDT a ±10 m),162.0,False,856.0,principal,39.7803605,-0.9257567,10,Comunitat Valenciana,46,Valencia/València,La Serranía,46079,Calles,OpenStreetMap (ODbL 1.0),Calculada sobre MDT25 © IGN (CC BY 4.0),1,2022-11-12T19:11:06Z,2026-10-04
4c48c4c8-7ac2-46c6-8e54-921dbb44787a,node/8425119253,Alto del Cinto de la Cabra,,,,,1018.0,OpenStreetMap (coincide con MDT a ±10 m),276.0,False,739.0,principal,39.1681089,-0.9520447,10,Comunitat Valenciana,46,Valencia/València,El Valle de Cofrentes-Ayora,46099,Cortes de Pallás,OpenStreetMap (ODbL 1.0),Calculada sobre MDT25 © IGN (CC BY 4.0),1,2021-02-15T10:49:46Z,2026-10-04
68a88f54-192c-46be-8bca-f9df32a925fd,node/11503987732,Alto de la Sima de Quesa,,,,,1014.0,OpenStreetMap (coincide con MDT a ±10 m),59.0,False,955.0,secundaria,39.0225528,-0.888238,10,Comunitat Valenciana,46,Valencia/València,El Valle de Cofrentes-Ayora,46044,Ayora,OpenStreetMap (ODbL 1.0),Calculada sobre MDT25 © IGN (CC BY 4.0),1,2024-01-09T19:12:51Z,2026-10-04
4115da5d-9949-4bce-9f82-26e7a530ad36,node/12636601538,Lomas del Zahorí,,,,,1013.0,OpenStreetMap (coincide con MDT a ±10 m),32.0,False,980.0,secundaria,39.8097435,-0.9421095,10,Comunitat Valenciana,46,Valencia/València,La Serranía,46106,Chelva,OpenStreetMap (ODbL 1.0),Calculada sobre MDT25 © IGN (CC BY 4.0),2,2026-05-17T19:09:46Z,2026-10-04
d7ec512d-436f-4c95-98d2-00d76413a1f7,node/1243376379,Altos del Rodeno,,,,,1012.0,OpenStreetMap (coincide con MDT a ±10 m),100.0,False,904.0,principal,39.7655122,-0.9253512,10,Comunitat Valenciana,46,Valencia/València,La Serranía,46079,Calles,OpenStreetMap (ODbL 1.0),Calculada sobre MDT25 © IGN (CC BY 4.0),5,2025-03-06T18:22:23Z,2026-10-04
24301a3a-1035-400e-9058-f49a0e6c8b17,node/11748538403,Puntal de los Pajaritos,,,,,1011.0,OpenStreetMap (coincide con MDT a ±10 m),115.0,False,896.0,principal,39.0733688,-0.9473732,10,Comunitat Valenciana,46,Valencia/València,El Valle de Cofrentes-Ayora,46239,Teresa de Cofrentes,OpenStreetMap (ODbL 1.0),Calculada sobre MDT25 © IGN (CC BY 4.0),1,2024-03-20T17:28:45Z,2026-10-04
7e2f6b40-63cc-4742-831b-6add2f254d31,node/11519800986,Alto de la Casmilla,,,,,1006.0,OpenStreetMap (coincide con MDT a ±10 m),50.0,False,957.0,secundaria,39.1497141,-0.9131495,10,Comunitat Valenciana,46,Valencia/València,La Canal de Navarrés,46071,Bicorp,OpenStreetMap (ODbL 1.0),Calculada sobre MDT25 © IGN (CC BY 4.0),1,2024-01-15T19:35:49Z,2026-10-04
98425ba2-a95e-4f91-a7d5-2b1c3225a784,node/1260550056,Alto del Gamonal,,,,,1005.0,OpenStreetMap (coincide con MDT a ±10 m),42.0,False,964.0,secundaria,39.8025805,-1.0503957,10,Comunitat Valenciana,46,Valencia/València,La Serranía,46247,Tuéjar,OpenStreetMap (ODbL 1.0),Calculada sobre MDT25 © IGN (CC BY 4.0),5,2026-05-17T19:09:46Z,2026-10-04
b2e5b7a8-2585-4e81-9c95-b44e713e347e,node/1243407763,Monte Chico,,,,,1004.0,OpenStreetMap (coincide con MDT a ±10 m),32.0,False,974.0,secundaria,39.0282937,-1.1182286,10,Comunitat Valenciana,46,Valencia/València,El Valle de Cofrentes-Ayora,46044,Ayora,OpenStreetMap (ODbL 1.0),Calculada sobre MDT25 © IGN (CC BY 4.0),4,2024-03-13T09:42:53Z,2026-10-04
446b4d1b-65ee-4582-9911-5a1f636b6458,node/11723846389,Alto de la Losilla,,,,,1003.0,OpenStreetMap (coincide con MDT a ±10 m),33.0,False,970.0,secundaria,39.0318658,-1.1335151,10,Comunitat Valenciana,46,Valencia/València,El Valle de Cofrentes-Ayora,46044,Ayora,OpenStreetMap (ODbL 1.0),Calculada sobre MDT25 © IGN (CC BY 4.0),1,2024-03-12T10:36:01Z,2026-10-04
f0c825cf-cf12-472c-a034-e2e79951c04e,node/1243401623,Puntal de la Teja,,,,,1001.0,OpenStreetMap (coincide con MDT a ±10 m),35.0,False,966.0,secundaria,39.1668158,-1.1485567,10,Comunitat Valenciana,46,Valencia/València,El Valle de Cofrentes-Ayora,46144,Jarafuel,OpenStreetMap (ODbL 1.0),Calculada sobre MDT25 © IGN (CC BY 4.0),4,2024-11-01T19:31:57Z,2026-10-04
72b6a6c5-0e27-4a76-8e1e-e64e361267df,node/13356238772,Ceja del Mas del Pinar,,,,,1001.0,OpenStreetMap (coincide con MDT a ±10 m),33.0,False,967.0,secundaria,39.6560943,-1.0530891,10,Comunitat Valenciana,46,Valencia/València,La Serranía,46106,Chelva,OpenStreetMap (ODbL 1.0),Calculada sobre MDT25 © IGN (CC BY 4.0),1,2025-12-05T18:45:44Z,2026-10-04
044a5f08-f39b-4e21-98f8-0f75caa1c1c6,node/10008237466,Alto de Morros,,,,,997.0,OpenStreetMap (coincide con MDT a ±10 m),49.0,False,947.0,secundaria,39.5541955,-0.8546171,10,Comunitat Valenciana,46,Valencia/València,La Serranía,46133,Gestalgar,OpenStreetMap (ODbL 1.0),Calculada sobre MDT25 © IGN (CC BY 4.0),1,2022-09-08T07:11:29Z,2026-10-04
84da0f0d-ea65-4f6a-977d-b59d0bf7fc32,node/12595812146,Alto de la Cruz,,,,,989.0,OpenStreetMap (coincide con MDT a ±10 m),38.0,False,952.0,secundaria,39.8026038,-0.8154733,10,Comunitat Valenciana,46,Valencia/València,La Serranía,46038,Andilla,OpenStreetMap (ODbL 1.0),Calculada sobre MDT25 © IGN (CC BY 4.0),1,2025-02-17T13:43:50Z,2026-10-04
d52b8a5d-4b19-4498-9487-2985fa1de0ed,node/12757336675,Alto de Titaguas,,,,,985.0,OpenStreetMap (coincide con MDT a ±10 m),71.0,False,910.0,secundaria,39.8624801,-1.1267839,10,Comunitat Valenciana,46,Valencia/València,La Serranía,46241,Titaguas,OpenStreetMap (ODbL 1.0),Calculada sobre MDT25 © IGN (CC BY 4.0),1,2025-04-15T12:13:09Z,2026-10-04
a79f823e-f499-41ff-b769-932d026649c4,node/1243422489,Puntal de Tiero,,,,,983.0,OpenStreetMap (coincide con MDT a ±10 m),51.0,False,931.0,secundaria,39.683538,-1.1180235,10,Comunitat Valenciana,46,Valencia/València,La Serranía,46050,Benagéber,OpenStreetMap (ODbL 1.0),Calculada sobre MDT25 © IGN (CC BY 4.0),4,2025-11-25T17:20:49Z,2026-10-04
a4d43f89-0e68-44d3-beac-12afe3c3ac19,node/11463537420,Puntal de la Zarza,,,,,983.0,OpenStreetMap (coincide con MDT a ±10 m),40.0,False,945.0,secundaria,39.1123659,-0.9265307,10,Comunitat Valenciana,46,Valencia/València,El Valle de Cofrentes-Ayora,46239,Teresa de Cofrentes,OpenStreetMap (ODbL 1.0),Calculada sobre MDT25 © IGN (CC BY 4.0),1,2023-12-28T19:22:14Z,2026-10-04
a0e03d41-57a6-41a5-ad6e-5de3c14a194e,node/12681696483,Puntal de Asensio,,,,,977.0,OpenStreetMap (coincide con MDT a ±10 m),54.0,False,919.0,secundaria,39.8495631,-0.9769469,10,Comunitat Valenciana,46,Valencia/València,La Serranía,46262,La Yesa,OpenStreetMap (ODbL 1.0),Calculada sobre MDT25 © IGN (CC BY 4.0),1,2025-03-19T18:17:22Z,2026-10-04
bb512f0b-c984-4aa4-a84f-5e4d926db118,node/13328596627,Valdesierra,,,,,976.0,OpenStreetMap (coincide con MDT a ±10 m),162.0,False,810.0,principal,39.7746153,-1.1501243,10,Comunitat Valenciana,46,Valencia/València,La Serranía,46050,Benagéber,OpenStreetMap (ODbL 1.0),Calculada sobre MDT25 © IGN (CC BY 4.0),1,2025-11-24T17:19:10Z,2026-10-04
61434263-711a-4c25-88c9-fcd5a2658965,node/1243453434,Cerro de la Cueva,,,,,975.0,OpenStreetMap (coincide con MDT a ±10 m),78.0,False,897.0,secundaria,39.7978318,-1.1897289,10,Comunitat Valenciana,46,Valencia/València,La Plana de Utiel-Requena,46232,Sinarcas,OpenStreetMap (ODbL 1.0),Calculada sobre MDT25 © IGN (CC BY 4.0),4,2025-11-24T11:51:51Z,2026-10-04
870f335f-1ce8-4aad-89f2-298b1d56792a,node/12704731491,Loma de las Espantosas,,,,,975.0,OpenStreetMap (coincide con MDT a ±10 m),32.0,False,947.0,secundaria,39.9120033,-1.1694879,10,Comunitat Valenciana,46,Valencia/València,La Serranía,46041,Aras de los Olmos,OpenStreetMap (ODbL 1.0),Calculada sobre MDT25 © IGN (CC BY 4.0),1,2025-03-27T13:13:16Z,2026-10-04
aabdf505-ef55-4f6d-9615-90147f7547a6,node/8647621810,Alt del Mig,,Alt del Mig,,,974.0,OpenStreetMap (coincide con MDT a ±10 m),66.0,False,910.0,secundaria,38.8235594,-0.4406902,10,Comunitat Valenciana,46,Valencia/València,la Vall d'Albaida,46185,Otos,OpenStreetMap (ODbL 1.0),Calculada sobre MDT25 © IGN (CC BY 4.0),3,2025-02-24T19:15:09Z,2026-10-04
4ac23e7d-8b4c-4aba-bccf-6590ef9b367c,node/11751168594,Alto de Isidro,,,,,974.0,OpenStreetMap (coincide con MDT a ±10 m),37.0,False,937.0,secundaria,39.1252917,-0.9443872,10,Comunitat Valenciana,46,Valencia/València,El Valle de Cofrentes-Ayora,46239,Teresa de Cofrentes,OpenStreetMap (ODbL 1.0),Calculada sobre MDT25 © IGN (CC BY 4.0),1,2024-03-21T19:07:31Z,2026-10-04
85d457ba-3255-4869-857c-22e81e6c52d3,node/13324798330,El Castillo,,,,,969.0,OpenStreetMap (coincide con MDT a ±10 m),77.0,False,890.0,secundaria,39.8660948,-1.1786415,10,Comunitat Valenciana,46,Valencia/València,La Serranía,46247,Tuéjar,OpenStreetMap (ODbL 1.0),Calculada sobre MDT25 © IGN (CC BY 4.0),1,2025-11-22T18:59:31Z,2026-10-04
44f4e3f6-4750-42a5-b36c-8a867291e488,node/1243393110,Puntal de la Cabrera,,,,,967.0,OpenStreetMap (coincide con MDT a ±10 m),61.0,False,911.0,secundaria,39.8970152,-1.1140944,10,Comunitat Valenciana,46,Valencia/València,La Serranía,46241,Titaguas,OpenStreetMap (ODbL 1.0),Calculada sobre MDT25 © IGN (CC BY 4.0),4,2025-03-24T18:22:03Z,2026-10-04
6c70b637-7045-4d63-95fb-a8610cb1d4cc,node/12600564081,Peña del Águila,,,,,967.0,OpenStreetMap (coincide con MDT a ±10 m),89.0,False,878.0,secundaria,39.7828961,-0.8831675,10,Comunitat Valenciana,46,Valencia/València,La Serranía,46141,Higueruelas,OpenStreetMap (ODbL 1.0),Calculada sobre MDT25 © IGN (CC BY 4.0),1,2025-02-19T12:00:45Z,2026-10-04
973621a5-e781-4fd7-9f55-42db344cff36,node/11346489930,Montote,,,,,963.0,OpenStreetMap (coincide con MDT a ±10 m),251.0,False,713.0,principal,39.4508599,-1.0362233,10,Comunitat Valenciana,46,Valencia/València,La Plana de Utiel-Requena,46213,Requena,OpenStreetMap (ODbL 1.0),Calculada sobre MDT25 © IGN (CC BY 4.0),3,2026-05-17T19:09:46Z,2026-10-04
28191349-eb2c-4719-9c39-1ddb19c9ab88,node/13354129896,Loma de en Medio,,,,,963.0,OpenStreetMap (coincide con MDT a ±10 m),54.0,False,909.0,secundaria,39.6811392,-1.0522109,10,Comunitat Valenciana,46,Valencia/València,La Serranía,46106,Chelva,OpenStreetMap (ODbL 1.0),Calculada sobre MDT25 © IGN (CC BY 4.0),1,2025-12-04T19:31:41Z,2026-10-04
6f72f4d7-e80f-4d79-8019-daaa681933e8,node/12757336676,Alto de Calcina,,,,,961.0,OpenStreetMap (coincide con MDT a ±10 m),32.0,False,931.0,secundaria,39.8507595,-1.1248273,10,Comunitat Valenciana,46,Valencia/València,La Serranía,46241,Titaguas,OpenStreetMap (ODbL 1.0),Calculada sobre MDT25 © IGN (CC BY 4.0),1,2025-04-15T12:13:09Z,2026-10-04
b1dc94a0-ea20-467d-bded-0de52688cdb1,node/1243372225,Loma de los Visos,,,,,957.0,OpenStreetMap (coincide con MDT a ±10 m),33.0,False,923.0,secundaria,39.6939604,-1.0673591,10,Comunitat Valenciana,46,Valencia/València,La Serranía,46106,Chelva,OpenStreetMap (ODbL 1.0),Calculada sobre MDT25 © IGN (CC BY 4.0),4,2025-12-04T19:31:41Z,2026-10-04
7bef53d1-2ee1-44f6-83d9-01ab82da4db6,node/1260540571,Cerro del Cabezo,,,,,957.0,OpenStreetMap (coincide con MDT a ±10 m),146.0,False,812.0,principal,39.8038349,-1.1613001,10,Comunitat Valenciana,46,Valencia/València,La Serranía,46247,Tuéjar,OpenStreetMap (ODbL 1.0),Calculada sobre MDT25 © IGN (CC BY 4.0),5,2025-11-23T19:24:47Z,2026-10-04
cfd4fafb-cb3f-47da-b06d-77c24977ae61,node/9262004860,Alt de Sant Jaume,,,,,957.0,OpenStreetMap (coincide con MDT a ±10 m),97.0,False,856.0,secundaria,38.7505183,-0.6021346,10,Comunitat Valenciana,46,Valencia/València,la Vall d'Albaida,46072,Bocairent,OpenStreetMap (ODbL 1.0),Calculada sobre MDT25 © IGN (CC BY 4.0),1,2021-11-17T23:33:48Z,2026-10-04
127f03cc-fcb0-4803-881b-21cafc646fdb,node/12253410762,Las Tetas,,,,,956.0,OpenStreetMap (coincide con MDT a ±10 m),143.0,False,812.0,principal,39.4114146,-0.9400912,10,Comunitat Valenciana,46,Valencia/València,La Hoya de Buñol,46077,Buñol,OpenStreetMap (ODbL 1.0),Calculada sobre MDT25 © IGN (CC BY 4.0),1,2024-10-15T16:58:17Z,2026-10-04
7f14edc2-e96a-47a5-95ea-4d73a1ae7467,node/12692809657,Puntal de Esteban,,,,,956.0,OpenStreetMap (coincide con MDT a ±10 m),94.0,False,862.0,secundaria,39.8410623,-1.1046742,10,Comunitat Valenciana,46,Valencia/València,La Serranía,46241,Titaguas,OpenStreetMap (ODbL 1.0),Calculada sobre MDT25 © IGN (CC BY 4.0),1,2025-03-23T10:48:51Z,2026-10-04
6bf88777-27c8-4c47-9409-1e59926596d9,node/4268162669,Pico del Ave,,,,,952.4,OpenStreetMap (coincide con MDT a ±10 m),367.0,False,582.0,principal,39.305207,-0.7784335,10,Comunitat Valenciana,46,Valencia/València,La Hoya de Buñol,46115,Dos Aguas,OpenStreetMap (ODbL 1.0),Calculada sobre MDT25 © IGN (CC BY 4.0),5,2025-05-26T17:11:58Z,2026-10-04
75de1073-d897-447b-8929-18f5974dafb4,node/12681696484,Cerrito Royo,,,,,948.0,OpenStreetMap (coincide con MDT a ±10 m),34.0,False,919.0,secundaria,39.8459526,-0.9834379,10,Comunitat Valenciana,46,Valencia/València,La Serranía,46036,Alpuente,OpenStreetMap (ODbL 1.0),Calculada sobre MDT25 © IGN (CC BY 4.0),1,2025-03-19T18:17:22Z,2026-10-04
77b11e79-169b-4982-948f-591381f01a67,node/12757336680,Cerro de Somillas,,,,,948.0,OpenStreetMap (coincide con MDT a ±10 m),36.0,False,913.0,secundaria,39.8377588,-1.1256099,10,Comunitat Valenciana,46,Valencia/València,La Serranía,46241,Titaguas,OpenStreetMap (ODbL 1.0),Calculada sobre MDT25 © IGN (CC BY 4.0),1,2025-04-15T12:13:09Z,2026-10-04
99bd0614-83f8-4103-aec4-42e780582113,node/6455606666,,,,,,947.0,OpenStreetMap (coincide con MDT a ±10 m),60.0,False,883.0,secundaria,38.7553223,-0.5891003,10,Comunitat Valenciana,46,Valencia/València,la Vall d'Albaida,46072,Bocairent,OpenStreetMap (ODbL 1.0),Calculada sobre MDT25 © IGN (CC BY 4.0),1,2019-05-07T15:40:47Z,2026-10-04
37477288-8742-4f6f-b1ca-4de448516454,node/11503843165,Alto de Santís,,,,,945.0,OpenStreetMap (coincide con MDT a ±10 m),50.0,False,894.0,secundaria,39.0958512,-0.9035413,10,Comunitat Valenciana,46,Valencia/València,La Canal de Navarrés,46071,Bicorp,OpenStreetMap (ODbL 1.0),Calculada sobre MDT25 © IGN (CC BY 4.0),1,2024-01-09T18:53:42Z,2026-10-04
bbdfc364-929b-46fa-aede-311d57991097,node/1243387484,Cerro la Hoya,,,,,944.0,OpenStreetMap (coincide con MDT a ±10 m),78.0,False,867.0,secundaria,39.8084005,-0.7811303,10,Comunitat Valenciana,46,Valencia/València,La Serranía,46038,Andilla,OpenStreetMap (ODbL 1.0),Calculada sobre MDT25 © IGN (CC BY 4.0),4,2025-02-17T17:41:01Z,2026-10-04
1a38338c-f64f-4345-a19a-c7436847e0f8,node/12253410763,El Pintado,,,,,942.0,OpenStreetMap (coincide con MDT a ±10 m),36.0,False,908.0,secundaria,39.4102758,-0.9267965,10,Comunitat Valenciana,46,Valencia/València,La Hoya de Buñol,46077,Buñol,OpenStreetMap (ODbL 1.0),Calculada sobre MDT25 © IGN (CC BY 4.0),1,2024-10-15T16:58:17Z,2026-10-04
655d9cae-8285-41fb-9255-c02229bda427,node/1243424924,Cerro Calvo,,,,,939.0,OpenStreetMap (coincide con MDT a ±10 m),88.0,False,851.0,secundaria,39.649139,-0.9983711,10,Comunitat Valenciana,46,Valencia/València,La Serranía,46114,Domeño,OpenStreetMap (ODbL 1.0),Calculada sobre MDT25 © IGN (CC BY 4.0),4,2023-07-19T10:51:37Z,2026-10-04
22887921-059e-42f0-9093-c278df467b9d,node/11711595859,Pico de la Mina,,,,,937.0,OpenStreetMap (coincide con MDT a ±10 m),124.0,False,813.0,principal,39.1061805,-1.1196991,10,Comunitat Valenciana,46,Valencia/València,El Valle de Cofrentes-Ayora,46263,Zarra,OpenStreetMap (ODbL 1.0),Calculada sobre MDT25 © IGN (CC BY 4.0),1,2024-03-10T16:53:10Z,2026-10-04
8994cec4-aa23-4986-85f3-34bdc9facef1,node/1243381837,El Mojón,,,,,936.0,OpenStreetMap (coincide con MDT a ±10 m),34.0,False,901.0,secundaria,39.8885324,-1.1985412,10,Comunitat Valenciana,46,Valencia/València,La Serranía,46041,Aras de los Olmos,OpenStreetMap (ODbL 1.0),Calculada sobre MDT25 © IGN (CC BY 4.0),4,2025-11-22T18:59:31Z,2026-10-04
e601b03d-4e21-4505-b7b1-a0a9f4b80762,node/10076898291,Pinarejos,,,,,934.0,OpenStreetMap (coincide con MDT a ±10 m),93.0,False,843.0,secundaria,39.7895805,-0.8358493,10,Comunitat Valenciana,46,Valencia/València,La Serranía,46038,Andilla,OpenStreetMap (ODbL 1.0),Calculada sobre MDT25 © IGN (CC BY 4.0),1,2022-10-05T12:21:07Z,2026-10-04
def8f8a4-254b-4905-ada2-860e734e9553,node/11711595850,Pico de la Sima,,,,,931.0,OpenStreetMap (coincide con MDT a ±10 m),95.0,False,836.0,secundaria,39.1061532,-1.1319652,10,Comunitat Valenciana,46,Valencia/València,El Valle de Cofrentes-Ayora,46263,Zarra,OpenStreetMap (ODbL 1.0),Calculada sobre MDT25 © IGN (CC BY 4.0),1,2024-03-10T16:53:10Z,2026-10-04
6291e7ad-0aa0-445c-8270-0ba18fcb2715,node/13324798331,Puntal del Collado de la Hita,,,,,924.0,OpenStreetMap (coincide con MDT a ±10 m),59.0,False,868.0,secundaria,39.8666381,-1.1705013,10,Comunitat Valenciana,46,Valencia/València,La Serranía,46241,Titaguas,OpenStreetMap (ODbL 1.0),Calculada sobre MDT25 © IGN (CC BY 4.0),1,2025-11-22T18:59:31Z,2026-10-04
3f7926d6-0cab-4c23-acfc-95fd7e1054b8,node/12600667601,Los Corcheteros,,,,,923.0,OpenStreetMap (coincide con MDT a ±10 m),80.0,False,841.0,secundaria,39.7714657,-0.896176,10,Comunitat Valenciana,46,Valencia/València,La Serranía,46079,Calles,OpenStreetMap (ODbL 1.0),Calculada sobre MDT25 © IGN (CC BY 4.0),1,2025-02-19T12:54:41Z,2026-10-04
f5d5d0d9-c740-4e9f-9898-408752aa0c61,node/13393650022,Alto de Tarraque,,,,,921.0,OpenStreetMap (coincide con MDT a ±10 m),63.0,False,855.0,secundaria,39.5847886,-0.8991004,10,Comunitat Valenciana,46,Valencia/València,La Serranía,46234,Sot de Chera,OpenStreetMap (ODbL 1.0),Calculada sobre MDT25 © IGN (CC BY 4.0),1,2025-12-21T19:50:38Z,2026-10-04
d1a8dca3-739f-49f2-81bf-1790003d6c9e,node/1243379242,Alto del Águila,,,,,918.0,OpenStreetMap (coincide con MDT a ±10 m),37.0,False,883.0,secundaria,39.0951482,-0.9736972,10,Comunitat Valenciana,46,Valencia/València,El Valle de Cofrentes-Ayora,46239,Teresa de Cofrentes,OpenStreetMap (ODbL 1.0),Calculada sobre MDT25 © IGN (CC BY 4.0),4,2024-03-19T10:24:58Z,2026-10-04
86cc93d2-6cda-43bd-b705-be53481f8338,node/13506603656,Cerro de Collejas,,,,,917.0,OpenStreetMap (coincide con MDT a ±10 m),57.0,False,858.0,secundaria,39.5186438,-1.4848024,10,Comunitat Valenciana,46,Valencia/València,La Plana de Utiel-Requena,46259,Villargordo del Cabriel,OpenStreetMap (ODbL 1.0),Calculada sobre MDT25 © IGN (CC BY 4.0),1,2026-01-28T13:04:12Z,2026-10-04
90713d75-79bd-4222-b0bc-b65d4253ba27,node/11731273732,Peña Teresa de Cofrentes,,,,,916.0,OpenStreetMap (coincide con MDT a ±10 m),47.0,False,865.0,secundaria,39.1276604,-1.0094151,10,Comunitat Valenciana,46,Valencia/València,El Valle de Cofrentes-Ayora,46239,Teresa de Cofrentes,OpenStreetMap (ODbL 1.0),Calculada sobre MDT25 © IGN (CC BY 4.0),1,2024-03-14T17:47:17Z,2026-10-04
2de6480f-2812-419e-9f7b-6f81d6c4fa9f,node/12636572974,Alto de la Cruz,,,,,915.0,OpenStreetMap (coincide con MDT a ±10 m),60.0,False,851.0,secundaria,39.8128521,-0.9258865,10,Comunitat Valenciana,46,Valencia/València,La Serranía,46106,Chelva,OpenStreetMap (ODbL 1.0),Calculada sobre MDT25 © IGN (CC BY 4.0),1,2025-03-04T18:26:18Z,2026-10-04
31cd7e47-4607-4bcb-b57b-86f467229478,node/1243384612,Pico de la Sierrecilla,,,,,911.0,OpenStreetMap (coincide con MDT a ±10 m),218.0,False,692.0,principal,39.2118066,-1.130704,10,Comunitat Valenciana,46,Valencia/València,El Valle de Cofrentes-Ayora,46142,Jalance,OpenStreetMap (ODbL 1.0),Calculada sobre MDT25 © IGN (CC BY 4.0),4,2024-11-02T19:00:11Z,2026-10-04
67f02905-9cc0-4df1-8582-6abd00129a2d,node/1243404598,Alto de los Visos,,,,,911.0,OpenStreetMap (coincide con MDT a ±10 m),42.0,False,866.0,secundaria,39.7034071,-1.0756625,10,Comunitat Valenciana,46,Valencia/València,La Serranía,46106,Chelva,OpenStreetMap (ODbL 1.0),Calculada sobre MDT25 © IGN (CC BY 4.0),4,2025-11-25T17:20:49Z,2026-10-04
f6265d81-8ff7-4208-8e60-fa20b26758ec,node/12641373616,Alto de las Lomas,,,,,911.0,OpenStreetMap (coincide con MDT a ±10 m),30.0,False,878.0,secundaria,39.7796582,-0.9790766,10,Comunitat Valenciana,46,Valencia/València,La Serranía,46106,Chelva,OpenStreetMap (ODbL 1.0),Calculada sobre MDT25 © IGN (CC BY 4.0),2,2026-05-17T19:09:46Z,2026-10-04
fc37a378-e591-44ea-a06f-6dc9c75b72eb,node/1243385474,Cerro de las Contiendas,,,,,909.0,OpenStreetMap (coincide con MDT a ±10 m),47.0,False,863.0,secundaria,39.0671874,-0.9828216,10,Comunitat Valenciana,46,Valencia/València,El Valle de Cofrentes-Ayora,46239,Teresa de Cofrentes,OpenStreetMap (ODbL 1.0),Calculada sobre MDT25 © IGN (CC BY 4.0),4,2024-03-20T17:28:45Z,2026-10-04
72213990-2257-45f9-b10b-edb167686386,node/1243386624,El Gorgo,,,,,909.0,OpenStreetMap (coincide con MDT a ±10 m),202.0,False,704.0,principal,39.7419931,-0.5030876,10,Comunitat Valenciana,46,Valencia/València,el Camp de Túria,46902,Gátova,OpenStreetMap (ODbL 1.0),Calculada sobre MDT25 © IGN (CC BY 4.0),8,2026-04-03T12:53:07Z,2026-10-04
bf54839b-0b45-4d60-a9ec-fcce0394b7bd,node/1243452903,Los Pelados,,,,,905.0,OpenStreetMap (coincide con MDT a ±10 m),42.0,False,863.0,secundaria,39.5741098,-0.940851,10,Comunitat Valenciana,46,Valencia/València,La Plana de Utiel-Requena,46108,Chera,OpenStreetMap (ODbL 1.0),Calculada sobre MDT25 © IGN (CC BY 4.0),4,2025-12-22T12:17:20Z,2026-10-04
ebc89051-8a73-44da-add5-602a8e972ad4,node/1260547364,Cerro de los Ángeles,,,,,905.0,OpenStreetMap (coincide con MDT a ±10 m),76.0,False,829.0,secundaria,39.3096943,-0.9448172,10,Comunitat Valenciana,46,Valencia/València,El Valle de Cofrentes-Ayora,46099,Cortes de Pallás,OpenStreetMap (ODbL 1.0),Calculada sobre MDT25 © IGN (CC BY 4.0),5,2026-05-17T19:09:46Z,2026-10-04
f1727e21-f305-4467-8d32-aeaf4827b477,node/12681620369,Cerro de los Atajos,,,,,905.0,OpenStreetMap (coincide con MDT a ±10 m),66.0,False,837.0,secundaria,39.8533558,-1.0090455,10,Comunitat Valenciana,46,Valencia/València,La Serranía,46036,Alpuente,OpenStreetMap (ODbL 1.0),Calculada sobre MDT25 © IGN (CC BY 4.0),1,2025-03-19T18:17:22Z,2026-10-04
73bc0fdf-fd05-4822-a6d4-4b3f01c8eae9,node/1243368235,Loma Chupena,,,,,904.0,OpenStreetMap (coincide con MDT a ±10 m),53.0,False,849.0,secundaria,39.7961949,-1.0218346,10,Comunitat Valenciana,46,Valencia/València,La Serranía,46106,Chelva,OpenStreetMap (ODbL 1.0),Calculada sobre MDT25 © IGN (CC BY 4.0),4,2025-03-20T19:12:11Z,2026-10-04
cf818a51-8859-4064-bf0a-45d834de6e66,node/1243387003,Cerro los Carpios,,,,,903.0,OpenStreetMap (coincide con MDT a ±10 m),84.0,False,817.0,secundaria,39.096366,-1.1717732,10,Comunitat Valenciana,46,Valencia/València,El Valle de Cofrentes-Ayora,46263,Zarra,OpenStreetMap (ODbL 1.0),Calculada sobre MDT25 © IGN (CC BY 4.0),4,2024-03-12T11:30:31Z,2026-10-04
c3239f0e-92ee-4bf5-8ae1-e47e2ca1b83d,node/1243380764,Puntal de la Cueva de las Grajas,,,,,902.0,OpenStreetMap (coincide con MDT a ±10 m),33.0,False,868.0,secundaria,39.2111571,-1.1563131,10,Comunitat Valenciana,46,Valencia/València,El Valle de Cofrentes-Ayora,46142,Jalance,OpenStreetMap (ODbL 1.0),Calculada sobre MDT25 © IGN (CC BY 4.0),4,2024-11-02T18:27:17Z,2026-10-04
2aeba61b-b6ce-469e-89a9-79d8cb607435,node/2510476124,el Capurutxo,,el Capurutxo,,,901.0,OpenStreetMap (coincide con MDT a ±10 m),47.0,False,849.0,secundaria,38.8035315,-0.898795,10,Comunitat Valenciana,46,Valencia/València,la Costera,46128,la Font de la Figuera,OpenStreetMap (ODbL 1.0),Calculada sobre MDT25 © IGN (CC BY 4.0),8,2023-10-09T23:25:02Z,2026-10-04
813366ce-1ff2-46cb-a5e8-eecfc69c2b8d,node/1243459382,Pico de la Muela,,,,,898.0,OpenStreetMap (coincide con MDT a ±10 m),37.0,False,867.0,secundaria,40.0544176,-1.2628819,10,Comunitat Valenciana,46,Valencia/València,El Rincón de Ademuz,46001,Ademuz,OpenStreetMap (ODbL 1.0),Calculada sobre MDT25 © IGN (CC BY 4.0),4,2025-11-07T19:17:27Z,2026-10-04
9a5632be-3477-417f-806b-825ab587c077,node/9331632649,Pico Castro,,,,,897.0,OpenStreetMap (coincide con MDT a ±10 m),96.0,False,801.0,secundaria,40.0702745,-1.2810934,10,Comunitat Valenciana,46,Valencia/València,El Rincón de Ademuz,46001,Ademuz,OpenStreetMap (ODbL 1.0),Calculada sobre MDT25 © IGN (CC BY 4.0),1,2021-12-12T10:03:55Z,2026-10-04
51d0ef87-b1a0-4bd8-be4d-8fcbdbbd176c,node/1243417723,Pico de Alcola,,,,,894.0,OpenStreetMap (coincide con MDT a ±10 m),307.0,False,587.0,principal,39.1765673,-1.0134119,10,Comunitat Valenciana,46,Valencia/València,El Valle de Cofrentes-Ayora,46144,Jarafuel,OpenStreetMap (ODbL 1.0),Calculada sobre MDT25 © IGN (CC BY 4.0),5,2024-03-27T19:17:55Z,2026-10-04
0513ec2c-a078-4968-b4d6-b8ea1e9e4bb9,node/1243388121,Alto de La Cazoleta,,,,,892.0,OpenStreetMap (coincide con MDT a ±10 m),75.0,False,818.0,secundaria,39.5257243,-0.8019818,10,Comunitat Valenciana,46,Valencia/València,La Hoya de Buñol,46111,Chiva,OpenStreetMap (ODbL 1.0),Calculada sobre MDT25 © IGN (CC BY 4.0),4,2022-04-17T01:22:06Z,2026-10-04
7ce01fab-6805-4e03-8256-97d2f0bafbca,node/11503795147,Puntal del Toro,,,,,892.0,OpenStreetMap (coincide con MDT a ±10 m),99.0,False,793.0,secundaria,39.1134701,-0.8933375,10,Comunitat Valenciana,46,Valencia/València,La Canal de Navarrés,46071,Bicorp,OpenStreetMap (ODbL 1.0),Calculada sobre MDT25 © IGN (CC BY 4.0),1,2024-01-09T17:53:19Z,2026-10-04
6ffdfe3e-e2a2-470b-a52c-3fabb5aa99de,node/1243447989,El Cerro Gordo,,,,,891.0,OpenStreetMap (coincide con MDT a ±10 m),33.0,False,858.0,secundaria,40.0920946,-1.2841865,10,Comunitat Valenciana,46,Valencia/València,El Rincón de Ademuz,46001,Ademuz,OpenStreetMap (ODbL 1.0),Calculada sobre MDT25 © IGN (CC BY 4.0),4,2025-11-17T19:37:27Z,2026-10-04
98b1e735-0495-4768-8822-0617ef8f583c,node/12704731490,Puntal del Fraile,,,,,887.0,OpenStreetMap (coincide con MDT a ±10 m),48.0,False,849.0,secundaria,39.9076936,-1.1779172,10,Comunitat Valenciana,46,Valencia/València,La Serranía,46041,Aras de los Olmos,OpenStreetMap (ODbL 1.0),Calculada sobre MDT25 © IGN (CC BY 4.0),1,2025-03-27T13:13:16Z,2026-10-04
40ded647-5a47-4d29-a409-f45509607425,node/12539625766,El Descansador,,,,,886.0,OpenStreetMap (coincide con MDT a ±10 m),33.0,False,852.0,secundaria,39.8231098,-0.6526442,10,Comunitat Valenciana,46,Valencia/València,La Serranía,46018,Alcublas,OpenStreetMap (ODbL 1.0),Calculada sobre MDT25 © IGN (CC BY 4.0),1,2025-01-28T18:16:17Z,2026-10-04
05fb142b-2036-4059-aa94-653c93d55d34,node/13354129940,Alto del Pozo de Mesto,,,,,882.0,OpenStreetMap (coincide con MDT a ±10 m),49.0,False,832.0,secundaria,39.7020147,-1.0335441,10,Comunitat Valenciana,46,Valencia/València,La Serranía,46106,Chelva,OpenStreetMap (ODbL 1.0),Calculada sobre MDT25 © IGN (CC BY 4.0),1,2025-12-04T19:31:41Z,2026-10-04
34b22336-1e32-470e-a4e7-f48de8775115,node/1260548534,Pico de Casa Blanca,,,,,881.0,OpenStreetMap (coincide con MDT a ±10 m),37.0,False,843.0,secundaria,38.9929321,-1.1490964,10,Comunitat Valenciana,46,Valencia/València,El Valle de Cofrentes-Ayora,46044,Ayora,OpenStreetMap (ODbL 1.0),Calculada sobre MDT25 © IGN (CC BY 4.0),5,2026-05-17T19:09:46Z,2026-10-04
ffb6672f-d6ea-424e-b23e-48623a0e2b45,node/1243267087,Pico del Águila,,Pic de l'Àguila,,,878.0,OpenStreetMap (coincide con MDT a ±10 m),127.0,False,749.0,principal,39.7809076,-0.5168445,10,Comunitat Valenciana,46,Valencia/València,el Camp de Túria,46902,Gátova,OpenStreetMap (ODbL 1.0),Calculada sobre MDT25 © IGN (CC BY 4.0),8,2022-03-06T12:58:23Z,2026-10-04
b251dee7-8830-47b1-a700-f89702f0f9c1,node/1243387310,El Tolmo,,,,,878.0,OpenStreetMap (coincide con MDT a ±10 m),39.0,False,839.0,secundaria,39.1399566,-0.9979144,10,Comunitat Valenciana,46,Valencia/València,El Valle de Cofrentes-Ayora,46239,Teresa de Cofrentes,OpenStreetMap (ODbL 1.0),Calculada sobre MDT25 © IGN (CC BY 4.0),4,2024-03-22T12:55:12Z,2026-10-04
5ad18881-a695-4f89-aea1-e98f77609a09,node/1243378396,Cerro del Asno,,,,,876.0,OpenStreetMap (coincide con MDT a ±10 m),50.0,False,829.0,secundaria,39.4031498,-0.9413513,10,Comunitat Valenciana,46,Valencia/València,La Hoya de Buñol,46077,Buñol,OpenStreetMap (ODbL 1.0),Calculada sobre MDT25 © IGN (CC BY 4.0),4,2024-10-15T16:22:52Z,2026-10-04
3c99999f-b1b3-4aa7-afc7-25362ad7276e,node/12436949810,la Jabonera,,,,,876.0,OpenStreetMap (coincide con MDT a ±10 m),73.0,False,802.0,secundaria,39.747212,-0.4983281,10,Comunitat Valenciana,46,Valencia/València,el Camp de Túria,46902,Gátova,OpenStreetMap (ODbL 1.0),Calculada sobre MDT25 © IGN (CC BY 4.0),1,2024-12-20T14:15:47Z,2026-10-04
4b3b2804-067f-43fb-a105-682ea1046a3b,node/1260545797,Cerro Pedroso,,,,,871.0,OpenStreetMap (coincide con MDT a ±10 m),94.0,False,783.0,secundaria,39.7808551,-0.6641644,10,Comunitat Valenciana,46,Valencia/València,La Serranía,46018,Alcublas,OpenStreetMap (ODbL 1.0),Calculada sobre MDT25 © IGN (CC BY 4.0),5,2026-05-17T19:09:46Z,2026-10-04
7f98d112-223d-4655-90d5-b90daaaad96d,node/12757336683,Cerro del Olmo,,,,,871.0,OpenStreetMap (coincide con MDT a ±10 m),35.0,False,836.0,secundaria,39.8087787,-1.1255625,10,Comunitat Valenciana,46,Valencia/València,La Serranía,46247,Tuéjar,OpenStreetMap (ODbL 1.0),Calculada sobre MDT25 © IGN (CC BY 4.0),1,2025-04-15T12:13:09Z,2026-10-04
3b059eaf-cfc5-4279-9264-4da9f5857991,node/1260543625,Puntal Redondo,,,,,869.0,OpenStreetMap (coincide con MDT a ±10 m),32.0,False,838.0,secundaria,39.3239848,-0.9254658,10,Comunitat Valenciana,46,Valencia/València,La Hoya de Buñol,46261,Yátova,OpenStreetMap (ODbL 1.0),Calculada sobre MDT25 © IGN (CC BY 4.0),5,2026-05-17T19:09:46Z,2026-10-04
6a15a32e-be58-43e5-990a-d00cb0619cae,node/1243451934,El Morrón,,,,,867.0,OpenStreetMap (coincide con MDT a ±10 m),129.0,False,735.0,principal,39.7123749,-1.0544548,10,Comunitat Valenciana,46,Valencia/València,La Serranía,46106,Chelva,OpenStreetMap (ODbL 1.0),Calculada sobre MDT25 © IGN (CC BY 4.0),4,2025-12-03T20:45:24Z,2026-10-04
2f5bbaaa-2694-4644-a8f7-15008369fe10,node/11726879906,Cerro de los Caracoles,,,,,861.0,OpenStreetMap (coincide con MDT a ±10 m),115.0,False,746.0,principal,39.0797949,-1.1376857,10,Comunitat Valenciana,46,Valencia/València,El Valle de Cofrentes-Ayora,46263,Zarra,OpenStreetMap (ODbL 1.0),Calculada sobre MDT25 © IGN (CC BY 4.0),2,2025-12-31T06:14:17Z,2026-10-04
fcd76458-2448-44b1-8c78-96e98e1e4b1a,node/12253565001,Cerro de Oriente,,,,,861.0,OpenStreetMap (coincide con MDT a ±10 m),36.0,False,826.0,secundaria,39.418859,-0.9911178,10,Comunitat Valenciana,46,Valencia/València,La Plana de Utiel-Requena,46213,Requena,OpenStreetMap (ODbL 1.0),Calculada sobre MDT25 © IGN (CC BY 4.0),1,2024-10-15T18:12:02Z,2026-10-04
8b6f6b33-c884-4d44-bcbe-b31c9725f955,node/1243426239,Alto de la Cruz,,,,,857.0,OpenStreetMap (coincide con MDT a ±10 m),149.0,False,707.0,principal,39.7651599,-0.5323703,10,Comunitat Valenciana,46,Valencia/València,el Camp de Túria,46902,Gátova,OpenStreetMap (ODbL 1.0),Calculada sobre MDT25 © IGN (CC BY 4.0),5,2026-04-03T12:53:07Z,2026-10-04
4e5ad90e-7ea6-4c2d-91d3-6d0f384bf0c2,node/1243400191,Cerro de las Cabras,,,,,852.0,OpenStreetMap (coincide con MDT a ±10 m),33.0,False,820.0,secundaria,39.7159617,-1.0907582,10,Comunitat Valenciana,46,Valencia/València,La Serranía,46050,Benagéber,OpenStreetMap (ODbL 1.0),Calculada sobre MDT25 © IGN (CC BY 4.0),4,2025-11-25T17:20:49Z,2026-10-04
baa55375-1f3b-4c8d-995c-78040e9d4a2f,node/11768655354,Alto de Alcola,,,,,851.0,OpenStreetMap (coincide con MDT a ±10 m),133.0,False,718.0,principal,39.2166057,-1.021597,10,Comunitat Valenciana,46,Valencia/València,El Valle de Cofrentes-Ayora,46097,Cofrentes,OpenStreetMap (ODbL 1.0),Calculada sobre MDT25 © IGN (CC BY 4.0),1,2024-03-28T10:58:09Z,2026-10-04
5137b673-c96b-4099-8c67-a6695f5b3456,node/1243374018,Cerro Campillo,,,,,848.0,OpenStreetMap (coincide con MDT a ±10 m),150.0,False,698.0,principal,39.7855041,-0.7687239,10,Comunitat Valenciana,46,Valencia/València,La Serranía,46038,Andilla,OpenStreetMap (ODbL 1.0),Calculada sobre MDT25 © IGN (CC BY 4.0),4,2025-02-17T19:16:22Z,2026-10-04
428c332b-a04d-4642-bcf5-133da1ec75ef,node/12757336682,Cerro de los Patos,,,,,847.0,OpenStreetMap (coincide con MDT a ±10 m),49.0,False,796.0,secundaria,39.8143457,-1.1269741,10,Comunitat Valenciana,46,Valencia/València,La Serranía,46247,Tuéjar,OpenStreetMap (ODbL 1.0),Calculada sobre MDT25 © IGN (CC BY 4.0),2,2026-04-02T10:19:11Z,2026-10-04
08e350c2-15c9-4fae-ab41-ed1d0069407b,node/1243402400,La Pieza Roya,,,,,846.0,OpenStreetMap (coincide con MDT a ±10 m),78.0,False,767.0,secundaria,39.7608691,-0.546376,10,Comunitat Valenciana,46,Valencia/València,el Camp de Túria,46902,Gátova,OpenStreetMap (ODbL 1.0),Calculada sobre MDT25 © IGN (CC BY 4.0),4,2025-02-11T18:49:39Z,2026-10-04
68a30e8e-90b6-4621-9dcc-a02647fef4a7,node/13346565394,Peña Roya,,,,,845.0,OpenStreetMap (coincide con MDT a ±10 m),72.0,False,769.0,secundaria,39.7629372,-1.0974076,10,Comunitat Valenciana,46,Valencia/València,La Serranía,46247,Tuéjar,OpenStreetMap (ODbL 1.0),Calculada sobre MDT25 © IGN (CC BY 4.0),1,2025-12-01T19:47:35Z,2026-10-04
01247130-a0dd-4317-a4c2-9d4c0a47bf68,node/1260550395,,,,,,844.0,OpenStreetMap (coincide con MDT a ±10 m),48.0,False,795.0,secundaria,38.8399171,-0.4021647,10,Comunitat Valenciana,46,Valencia/València,la Vall d'Albaida,46056,Beniatjar,OpenStreetMap (ODbL 1.0),Calculada sobre MDT25 © IGN (CC BY 4.0),10,2023-01-02T00:10:32Z,2026-10-04
221b7cd1-67ff-4c30-a88b-66e309b7a986,node/1260549404,el Mondúver,,,,,843.0,OpenStreetMap (coincide con MDT a ±10 m),577.0,False,261.0,principal,39.0090947,-0.2665786,10,Comunitat Valenciana,46,Valencia/València,la Safor,46131,Gandia,OpenStreetMap (ODbL 1.0),Calculada sobre MDT25 © IGN (CC BY 4.0),16,2025-01-08T22:35:23Z,2026-10-04
45d136a2-09e6-4811-a17e-54b5603c09bc,node/13373710615,Cerro del Tormagal,,,,,843.0,OpenStreetMap (coincide con MDT a ±10 m),48.0,False,797.0,secundaria,39.7504221,-0.8868401,10,Comunitat Valenciana,46,Valencia/València,La Serranía,46114,Domeño,OpenStreetMap (ODbL 1.0),Calculada sobre MDT25 © IGN (CC BY 4.0),1,2025-12-13T11:04:04Z,2026-10-04
5b1e7738-d537-452b-ac44-c83a90cde301,node/1243462452,La Sierrezuela,,,,,837.0,OpenStreetMap (coincide con MDT a ±10 m),45.0,False,792.0,secundaria,39.3525141,-1.0083933,10,Comunitat Valenciana,46,Valencia/València,La Plana de Utiel-Requena,46213,Requena,OpenStreetMap (ODbL 1.0),Calculada sobre MDT25 © IGN (CC BY 4.0),4,2024-10-08T09:50:45Z,2026-10-04
27af395a-5430-4c63-8893-ce6ad88f3ed0,node/1243442805,Alt de la Creu,,Alt de la Creu,,,836.0,OpenStreetMap (coincide con MDT a ±10 m),85.0,False,751.0,secundaria,38.8267999,-0.7426136,10,Comunitat Valenciana,46,Valencia/València,la Vall d'Albaida,46124,Fontanars dels Alforins,OpenStreetMap (ODbL 1.0),Calculada sobre MDT25 © IGN (CC BY 4.0),5,2023-10-16T22:16:32Z,2026-10-04
0a1b17c1-e113-43c0-bd18-cd8793168bbc,node/12704662824,Puntal de las Risclas,,,,,836.0,OpenStreetMap (coincide con MDT a ±10 m),56.0,False,786.0,secundaria,39.9170808,-1.1868508,10,Comunitat Valenciana,46,Valencia/València,La Serranía,46041,Aras de los Olmos,OpenStreetMap (ODbL 1.0),Calculada sobre MDT25 © IGN (CC BY 4.0),1,2025-03-27T12:16:42Z,2026-10-04
8258a441-b973-4263-a396-4d9fdcc1c5ad,node/3950077822,,,,,,835.0,OpenStreetMap (coincide con MDT a ±10 m),238.0,False,595.0,principal,38.8669586,-0.323571,10,Comunitat Valenciana,46,Valencia/València,la Vall d'Albaida,46043,Aielo de Rugat,OpenStreetMap (ODbL 1.0),Calculada sobre MDT25 © IGN (CC BY 4.0),4,2023-09-25T19:32:53Z,2026-10-04
22211a00-2825-4c6f-a151-4b629b6f6a37,node/1243272179,Penya Roja,,Penya Roja,,,831.0,OpenStreetMap (coincide con MDT a ±10 m),106.0,False,724.0,principal,39.720114,-0.4635463,10,Comunitat Valenciana,46,Valencia/València,el Camp de Túria,46228,Serra,OpenStreetMap (ODbL 1.0),Calculada sobre MDT25 © IGN (CC BY 4.0),6,2023-09-29T16:53:12Z,2026-10-04
da985eaa-bb24-4015-9200-0240fbf07a27,node/1243440886,Alt dels Palaus,,,,,829.0,OpenStreetMap (coincide con MDT a ±10 m),59.0,False,768.0,secundaria,38.861027,-0.8498708,10,Comunitat Valenciana,46,Valencia/València,la Costera,46170,Moixent / Mogente,OpenStreetMap (ODbL 1.0),Calculada sobre MDT25 © IGN (CC BY 4.0),4,2020-02-15T16:16:59Z,2026-10-04
b569ba04-8981-49c3-a10c-ffb55590258d,node/1243388423,Pico Colaita,,,,,828.0,OpenStreetMap (coincide con MDT a ±10 m),285.0,False,541.0,principal,39.2660748,-0.7009276,10,Comunitat Valenciana,46,Valencia/València,La Hoya de Buñol,46115,Dos Aguas,OpenStreetMap (ODbL 1.0),Calculada sobre MDT25 © IGN (CC BY 4.0),4,2022-04-17T14:52:26Z,2026-10-04
c8786208-3fa1-4d43-a304-864be026078a,node/9395633886,Alto del Sapo,,,,,827.0,OpenStreetMap (coincide con MDT a ±10 m),50.0,False,776.0,secundaria,39.7149871,-0.4608195,10,Comunitat Valenciana,46,Valencia/València,el Camp de Túria,46228,Serra,OpenStreetMap (ODbL 1.0),Calculada sobre MDT25 © IGN (CC BY 4.0),1,2022-01-06T00:18:43Z,2026-10-04
94ae8bcb-ae5a-47a2-a652-ec497cbdab0a,node/1243367268,El Mojón Lozano,,,,,826.0,OpenStreetMap (coincide con MDT a ±10 m),112.0,False,714.0,principal,39.7954117,-0.5486164,10,Comunitat Valenciana,46,Valencia/València,el Camp de Túria,46902,Gátova,OpenStreetMap (ODbL 1.0),Calculada sobre MDT25 © IGN (CC BY 4.0),7,2026-04-03T12:53:07Z,2026-10-04
034b4844-aca8-4631-94b8-0c1da26516cc,node/1243438757,Puntal de la Pedrosa,,,,,819.0,OpenStreetMap (coincide con MDT a ±10 m),36.0,False,784.0,secundaria,39.775663,-0.6702519,10,Comunitat Valenciana,46,Valencia/València,La Serranía,46018,Alcublas,OpenStreetMap (ODbL 1.0),Calculada sobre MDT25 © IGN (CC BY 4.0),4,2025-02-09T19:07:51Z,2026-10-04
772d8c56-20ac-49cc-8ca3-a8a13954df89,node/1243442791,Puntal del Navajo Royo,,,,,817.0,OpenStreetMap (coincide con MDT a ±10 m),76.0,False,741.0,secundaria,39.7679304,-0.6537744,10,Comunitat Valenciana,46,Valencia/València,La Serranía,46018,Alcublas,OpenStreetMap (ODbL 1.0),Calculada sobre MDT25 © IGN (CC BY 4.0),5,2025-02-09T19:07:51Z,2026-10-04
f03636cc-a522-48b0-aac2-8e7039b587fe,node/12253578250,Cerro del Pichón,,,,,814.0,OpenStreetMap (coincide con MDT a ±10 m),30.0,False,785.0,secundaria,39.4046014,-0.9986996,10,Comunitat Valenciana,46,Valencia/València,La Plana de Utiel-Requena,46213,Requena,OpenStreetMap (ODbL 1.0),Calculada sobre MDT25 © IGN (CC BY 4.0),1,2024-10-15T18:22:01Z,2026-10-04
df0fdec7-71f5-4f86-8ec5-6e9a7f95fbce,node/6395579066,Las Muelas,,,,,812.0,OpenStreetMap (coincide con MDT a ±10 m),35.0,False,779.0,secundaria,39.765692,-0.5078428,10,Comunitat Valenciana,46,Valencia/València,el Camp de Túria,46902,Gátova,OpenStreetMap (ODbL 1.0),Calculada sobre MDT25 © IGN (CC BY 4.0),1,2019-04-10T08:19:32Z,2026-10-04
204f332f-6542-4730-a25a-381a149f8298,node/12704731489,Puntal de la Abeja,,,,,808.0,OpenStreetMap (coincide con MDT a ±10 m),31.0,False,781.0,secundaria,39.9115904,-1.1842987,10,Comunitat Valenciana,46,Valencia/València,La Serranía,46041,Aras de los Olmos,OpenStreetMap (ODbL 1.0),Calculada sobre MDT25 © IGN (CC BY 4.0),1,2025-03-27T13:13:16Z,2026-10-04
9585347a-93a4-4046-b7f2-0c660a431002,node/1243412242,Peñas del Mediodia,,,,,807.0,OpenStreetMap (coincide con MDT a ±10 m),69.0,False,737.0,secundaria,39.7274066,-1.0403928,10,Comunitat Valenciana,46,Valencia/València,La Serranía,46106,Chelva,OpenStreetMap (ODbL 1.0),Calculada sobre MDT25 © IGN (CC BY 4.0),4,2025-12-03T20:45:24Z,2026-10-04
18beb757-3f6e-42b5-afb7-d1fee83373a7,node/11819741252,Alto de la Solsida,,,,,807.0,OpenStreetMap (coincide con MDT a ±10 m),111.0,False,696.0,principal,39.2795779,-0.7495709,10,Comunitat Valenciana,46,Valencia/València,La Hoya de Buñol,46115,Dos Aguas,OpenStreetMap (ODbL 1.0),Calculada sobre MDT25 © IGN (CC BY 4.0),1,2024-04-15T17:45:55Z,2026-10-04
d6b34917-8b14-4989-a7d6-53a7c028686f,node/1260545520,El Encumbrado,,,,,805.0,OpenStreetMap (coincide con MDT a ±10 m),57.0,False,748.0,secundaria,39.8261697,-1.1363121,10,Comunitat Valenciana,46,Valencia/València,La Serranía,46247,Tuéjar,OpenStreetMap (ODbL 1.0),Calculada sobre MDT25 © IGN (CC BY 4.0),5,2025-03-25T12:45:45Z,2026-10-04
d2c5eb00-0c79-49df-b893-a80f76b44cf0,node/12247797807,Alt de la Font Freda,,,,,802.0,OpenStreetMap (coincide con MDT a ±10 m),48.0,False,755.0,secundaria,38.8270046,-0.4582741,10,Comunitat Valenciana,46,Valencia/València,la Vall d'Albaida,46075,Bufali,OpenStreetMap (ODbL 1.0),Calculada sobre MDT25 © IGN (CC BY 4.0),1,2024-10-13T08:02:35Z,2026-10-04
a100574e-210b-43ac-889c-94733c155fb0,node/13464464930,Cerro de las Cabras,,,,,801.74,OpenStreetMap (coincide con MDT a ±10 m),160.0,False,639.0,principal,39.7559748,-0.807527,10,Comunitat Valenciana,46,Valencia/València,La Serranía,46038,Andilla,OpenStreetMap (ODbL 1.0),Calculada sobre MDT25 © IGN (CC BY 4.0),1,2026-01-18T17:21:53Z,2026-10-04
3bf0dcdb-9fef-4855-bc1f-2010273ca03b,node/1243437071,Cerro de la Fuente,,,,,801.0,OpenStreetMap (coincide con MDT a ±10 m),72.0,False,727.0,secundaria,39.6583736,-0.9572622,10,Comunitat Valenciana,46,Valencia/València,el Camp de Túria,46148,Loriguilla,OpenStreetMap (ODbL 1.0),Calculada sobre MDT25 © IGN (CC BY 4.0),4,2025-12-09T18:50:46Z,2026-10-04
ad1919b8-5c4c-42b7-ac61-b37416d6e3ad,node/1243422170,Puntal de Marta,,,,,795.0,OpenStreetMap (coincide con MDT a ±10 m),50.0,False,743.0,secundaria,39.2591188,-1.142848,10,Comunitat Valenciana,46,Valencia/València,El Valle de Cofrentes-Ayora,46097,Cofrentes,OpenStreetMap (ODbL 1.0),Calculada sobre MDT25 © IGN (CC BY 4.0),4,2024-11-04T19:13:40Z,2026-10-04
b9769b7f-6e3c-4a54-9178-2f875d7c98ad,node/13371516515,Cerro del Lopo,,,,,793.0,OpenStreetMap (coincide con MDT a ±10 m),117.0,False,682.0,principal,39.7326289,-0.8766255,10,Comunitat Valenciana,46,Valencia/València,La Serranía,46114,Domeño,OpenStreetMap (ODbL 1.0),Calculada sobre MDT25 © IGN (CC BY 4.0),1,2025-12-12T09:39:46Z,2026-10-04
380ccd0c-f0ea-4b49-81ee-7481fa95c227,node/1243379408,Cabeza Gorda,,,,,791.0,OpenStreetMap (coincide con MDT a ±10 m),55.0,False,734.0,secundaria,39.520579,-1.0240848,10,Comunitat Valenciana,46,Valencia/València,La Plana de Utiel-Requena,46213,Requena,OpenStreetMap (ODbL 1.0),Calculada sobre MDT25 © IGN (CC BY 4.0),4,2025-12-26T20:04:12Z,2026-10-04
e1dcb37d-eeab-412b-8865-0a275f35936a,node/1260548105,Cerro de Enmedio,,,,,789.0,OpenStreetMap (coincide con MDT a ±10 m),87.0,False,700.0,secundaria,39.7740604,-1.0969107,10,Comunitat Valenciana,46,Valencia/València,La Serranía,46247,Tuéjar,OpenStreetMap (ODbL 1.0),Calculada sobre MDT25 © IGN (CC BY 4.0),5,2025-12-01T19:47:35Z,2026-10-04
4a0695ab-026f-4c55-98f3-927576bf0715,node/1260551525,Cerro Negro,,,,,789.0,OpenStreetMap (coincide con MDT a ±10 m),41.0,False,749.0,secundaria,39.8002459,-1.1282403,10,Comunitat Valenciana,46,Valencia/València,La Serranía,46247,Tuéjar,OpenStreetMap (ODbL 1.0),Calculada sobre MDT25 © IGN (CC BY 4.0),5,2025-12-02T11:10:56Z,2026-10-04
90223a29-bc36-4534-a978-fc871c22c8f3,node/1243379482,Cerro del Tollo,,,,,788.0,OpenStreetMap (coincide con MDT a ±10 m),56.0,False,735.0,secundaria,39.7287469,-1.0567736,10,Comunitat Valenciana,46,Valencia/València,La Serranía,46106,Chelva,OpenStreetMap (ODbL 1.0),Calculada sobre MDT25 © IGN (CC BY 4.0),4,2025-12-13T19:18:54Z,2026-10-04
3973865a-5c62-451e-a9d1-fff924f9e6ab,node/13330140501,Cerro de las Viñas,,,,,786.0,OpenStreetMap (coincide con MDT a ±10 m),48.0,False,735.0,secundaria,39.7544224,-1.1538589,10,Comunitat Valenciana,46,Valencia/València,La Serranía,46050,Benagéber,OpenStreetMap (ODbL 1.0),Calculada sobre MDT25 © IGN (CC BY 4.0),1,2025-11-25T11:18:31Z,2026-10-04
fe7a4115-0167-4a1a-af67-bdb040bccece,node/12704755490,Puntal del Tío Pascual,,,,,783.0,OpenStreetMap (coincide con MDT a ±10 m),106.0,False,676.0,principal,39.9039629,-1.1887565,10,Comunitat Valenciana,46,Valencia/València,La Serranía,46041,Aras de los Olmos,OpenStreetMap (ODbL 1.0),Calculada sobre MDT25 © IGN (CC BY 4.0),1,2025-03-27T13:13:16Z,2026-10-04
5d536044-b305-4994-89b6-0546d65126ac,node/11268062006,Alt del Xocolater,,,,,774.0,OpenStreetMap (coincide con MDT a ±10 m),49.0,False,724.0,secundaria,38.8247474,-0.7670553,10,Comunitat Valenciana,46,Valencia/València,la Costera,46170,Moixent / Mogente,OpenStreetMap (ODbL 1.0),Calculada sobre MDT25 © IGN (CC BY 4.0),1,2023-10-16T22:12:52Z,2026-10-04
678fcf8a-2f55-4007-9e50-2db33f712e17,node/13328596870,Valdeserrillas,,,,,774.0,OpenStreetMap (coincide con MDT a ±10 m),132.0,False,640.0,principal,39.7558215,-1.1258068,10,Comunitat Valenciana,46,Valencia/València,La Serranía,46050,Benagéber,OpenStreetMap (ODbL 1.0),Calculada sobre MDT25 © IGN (CC BY 4.0),1,2025-11-24T17:19:10Z,2026-10-04
3c248b0f-ad5d-40bc-8021-783fe6d88ef0,node/12704662822,Puntal del Corral de la Peña,,,,,772.0,OpenStreetMap (coincide con MDT a ±10 m),52.0,False,717.0,secundaria,39.9169032,-1.1944161,10,Comunitat Valenciana,46,Valencia/València,La Serranía,46041,Aras de los Olmos,OpenStreetMap (ODbL 1.0),Calculada sobre MDT25 © IGN (CC BY 4.0),1,2025-03-27T12:16:42Z,2026-10-04
bb3a37de-d8c6-437b-a635-04dc767cee88,node/12704784081,La Matrera,,,,,772.0,MDT IGN,113.0,False,659.0,principal,39.8710945,-1.1618036,10,Comunitat Valenciana,46,Valencia/València,La Serranía,46241,Titaguas,OpenStreetMap (ODbL 1.0),Calculada sobre MDT25 © IGN (CC BY 4.0),1,2025-03-27T13:31:59Z,2026-10-04
1d472a97-3afc-479e-8952-3325a74d585c,node/1243413216,Loma del Gallo,,,,,771.0,OpenStreetMap (coincide con MDT a ±10 m),40.0,False,732.0,secundaria,39.3453535,-0.9459354,10,Comunitat Valenciana,46,Valencia/València,La Hoya de Buñol,46261,Yátova,OpenStreetMap (ODbL 1.0),Calculada sobre MDT25 © IGN (CC BY 4.0),4,2024-10-08T11:20:44Z,2026-10-04
f35a757f-6b29-451b-8268-52e82c6fee06,node/12704784080,Alto de los Cubos,,,,,771.0,OpenStreetMap (coincide con MDT a ±10 m),80.0,False,688.0,secundaria,39.8764228,-1.165991,10,Comunitat Valenciana,46,Valencia/València,La Serranía,46241,Titaguas,OpenStreetMap (ODbL 1.0),Calculada sobre MDT25 © IGN (CC BY 4.0),1,2025-03-27T13:31:59Z,2026-10-04
c3854d7c-f960-48d6-8e63-13864d16f996,node/2788690948,Penyalba,,Penyalba,,,770.3,OpenStreetMap (coincide con MDT a ±10 m),78.0,False,688.0,secundaria,39.0174028,-0.2901639,10,Comunitat Valenciana,46,Valencia/València,la Safor,46231,Simat de la Valldigna,OpenStreetMap (ODbL 1.0),Calculada sobre MDT25 © IGN (CC BY 4.0),12,2023-10-09T23:26:43Z,2026-10-04
e04ac59c-c02b-4981-ba22-919fb6741f36,node/12579596353,La Garita Alta,,,,,769.0,OpenStreetMap (coincide con MDT a ±10 m),62.0,False,706.0,secundaria,39.7564605,-0.5548438,10,Comunitat Valenciana,46,Valencia/València,el Camp de Túria,46902,Gátova,OpenStreetMap (ODbL 1.0),Calculada sobre MDT25 © IGN (CC BY 4.0),2,2026-05-17T19:09:46Z,2026-10-04
bbb26da0-556e-4e80-b997-e81836894d30,node/11819741254,Alto de la Fontalba,,,,,767.0,OpenStreetMap (coincide con MDT a ±10 m),77.0,False,689.0,secundaria,39.2567518,-0.7053292,10,Comunitat Valenciana,46,Valencia/València,la Ribera Alta,46246,Tous,OpenStreetMap (ODbL 1.0),Calculada sobre MDT25 © IGN (CC BY 4.0),1,2024-04-15T17:45:55Z,2026-10-04
5d1273af-ea10-408b-8c4b-2d67a44f68a7,node/13370468916,Cerro de Barrera,,,,,762.0,OpenStreetMap (coincide con MDT a ±10 m),75.0,False,693.0,secundaria,39.7302303,-0.8942162,10,Comunitat Valenciana,46,Valencia/València,La Serranía,46114,Domeño,OpenStreetMap (ODbL 1.0),Calculada sobre MDT25 © IGN (CC BY 4.0),1,2025-12-11T20:38:31Z,2026-10-04
531ae761-9ce5-44d2-b293-fe29231b40a1,node/1243418812,Alto de Juanazo,,,,,760.0,OpenStreetMap (coincide con MDT a ±10 m),33.0,False,729.0,secundaria,39.2604528,-0.8759325,10,Comunitat Valenciana,46,Valencia/València,El Valle de Cofrentes-Ayora,46099,Cortes de Pallás,OpenStreetMap (ODbL 1.0),Calculada sobre MDT25 © IGN (CC BY 4.0),6,2024-10-20T18:25:21Z,2026-10-04
caf59312-4c60-4bcc-bc50-c86496a5dc28,node/1243385714,Cerro Bercuta,,,,,759.0,OpenStreetMap (coincide con MDT a ±10 m),64.0,False,698.0,secundaria,39.720685,-1.0685534,10,Comunitat Valenciana,46,Valencia/València,La Serranía,46106,Chelva,OpenStreetMap (ODbL 1.0),Calculada sobre MDT25 © IGN (CC BY 4.0),4,2025-11-25T17:20:49Z,2026-10-04
ef133f40-b851-4085-bece-e0e755ccc1e3,node/9672060364,El diente de la Vieja,,,,,756.0,OpenStreetMap (coincide con MDT a ±10 m),30.0,False,726.0,secundaria,39.2721859,-0.698989,10,Comunitat Valenciana,46,Valencia/València,La Hoya de Buñol,46115,Dos Aguas,OpenStreetMap (ODbL 1.0),Calculada sobre MDT25 © IGN (CC BY 4.0),1,2022-04-17T14:52:26Z,2026-10-04
ccda67d1-03b1-42b8-9099-ce6ed5f381d4,node/12691805294,Pico de la Oliva,,,,,756.0,OpenStreetMap (coincide con MDT a ±10 m),47.0,False,708.0,secundaria,39.7621407,-1.026985,10,Comunitat Valenciana,46,Valencia/València,La Serranía,46247,Tuéjar,OpenStreetMap (ODbL 1.0),Calculada sobre MDT25 © IGN (CC BY 4.0),1,2025-03-22T20:30:18Z,2026-10-04
e6d8025a-8ccd-4a68-9da0-59ce76c70d86,node/12641373690,Cerro de Bercutilla,,,,,754.0,OpenStreetMap (coincide con MDT a ±10 m),58.0,False,694.0,secundaria,39.7683103,-0.9746881,10,Comunitat Valenciana,46,Valencia/València,La Serranía,46106,Chelva,OpenStreetMap (ODbL 1.0),Calculada sobre MDT25 © IGN (CC BY 4.0),1,2025-03-06T18:55:45Z,2026-10-04
25e80c48-c7a5-4817-ab15-a821728ba8da,node/13328596701,Cerro del Caco,,,,,754.0,OpenStreetMap (coincide con MDT a ±10 m),35.0,False,716.0,secundaria,39.7740837,-1.1348806,10,Comunitat Valenciana,46,Valencia/València,La Serranía,46247,Tuéjar,OpenStreetMap (ODbL 1.0),Calculada sobre MDT25 © IGN (CC BY 4.0),1,2025-11-24T17:19:10Z,2026-10-04
0742bf02-e6c0-44c1-a8d6-d34008c8a1ec,node/1243399402,Cerro de la Mata,,Cerro de la Mata,,,753.0,OpenStreetMap (coincide con MDT a ±10 m),106.0,False,646.0,principal,39.7038567,-0.4744192,10,Comunitat Valenciana,46,Valencia/València,el Camp de Túria,46228,Serra,OpenStreetMap (ODbL 1.0),Calculada sobre MDT25 © IGN (CC BY 4.0),6,2023-10-09T23:26:39Z,2026-10-04
7ca4d0dd-cef7-4317-af42-ba9bf910c150,node/1243445119,La Peña Escoladera,,,,,752.0,OpenStreetMap (coincide con MDT a ±10 m),51.0,False,700.0,secundaria,39.7781711,-0.5261866,10,Comunitat Valenciana,46,Valencia/València,el Camp de Túria,46902,Gátova,OpenStreetMap (ODbL 1.0),Calculada sobre MDT25 © IGN (CC BY 4.0),4,2025-02-06T17:53:13Z,2026-10-04
fa8581e4-1bef-4da2-a9a0-97c5a0ef465b,node/12269321407,Alto de Contreras,,,,,752.0,OpenStreetMap (coincide con MDT a ±10 m),50.0,False,700.0,secundaria,39.5127703,-1.5005036,10,Comunitat Valenciana,46,Valencia/València,La Plana de Utiel-Requena,46254,Venta del Moro,OpenStreetMap (ODbL 1.0),Calculada sobre MDT25 © IGN (CC BY 4.0),2,2024-10-19T16:14:49Z,2026-10-04
14a5d748-befa-41b6-b73c-b4f449f73a90,node/11061185756,Aldaia,,,,,751.0,OpenStreetMap (coincide con MDT a ±10 m),367.0,False,384.0,principal,39.0004607,-0.2968731,10,Comunitat Valenciana,46,Valencia/València,la Safor,46046,Barx,OpenStreetMap (ODbL 1.0),Calculada sobre MDT25 © IGN (CC BY 4.0),3,2024-07-14T17:00:34Z,2026-10-04
47c06571-fb1d-4c73-8f8e-3922e767a8bf,node/1260549824,Puntal de la Font Nova,,Puntal de la Font Nova,,,750.6,OpenStreetMap (coincide con MDT a ±10 m),58.0,False,690.0,secundaria,39.0154731,-0.2808152,10,Comunitat Valenciana,46,Valencia/València,la Safor,46231,Simat de la Valldigna,OpenStreetMap (ODbL 1.0),Calculada sobre MDT25 © IGN (CC BY 4.0),13,2024-09-25T17:51:26Z,2026-10-04
8df9b4e1-b527-4c9c-b94d-4480dac3e04c,node/1243445108,Loma de Malén,,,,,749.0,OpenStreetMap (coincide con MDT a ±10 m),73.0,False,676.0,secundaria,39.5494584,-0.9723966,10,Comunitat Valenciana,46,Valencia/València,La Hoya de Buñol,46229,Siete Aguas,OpenStreetMap (ODbL 1.0),Calculada sobre MDT25 © IGN (CC BY 4.0),4,2022-09-14T20:18:14Z,2026-10-04
c733a74d-9ba0-4af0-a055-82102a1a81f0,node/12705529763,Puntal del Cándalo,,,,,748.0,OpenStreetMap (coincide con MDT a ±10 m),133.0,False,611.0,principal,39.8608794,-1.1578759,10,Comunitat Valenciana,46,Valencia/València,La Serranía,46241,Titaguas,OpenStreetMap (ODbL 1.0),Calculada sobre MDT25 © IGN (CC BY 4.0),1,2025-03-27T18:38:35Z,2026-10-04
e401c2ee-a33a-4433-b71e-32ae5bdf84f7,node/1243397591,Alts dels Fontanars,,Alts dels Fontanars,,,742.0,OpenStreetMap (coincide con MDT a ±10 m),41.0,False,700.0,secundaria,38.8187867,-0.4663851,10,Comunitat Valenciana,46,Valencia/València,la Vall d'Albaida,46189,el Palomar,OpenStreetMap (ODbL 1.0),Calculada sobre MDT25 © IGN (CC BY 4.0),6,2025-02-24T14:47:48Z,2026-10-04
be55fdac-9ad7-4c00-a060-b344519997d2,node/1243470549,Alt del Corso,Alto del Corso,Alt del Corso,,,742.0,OpenStreetMap (coincide con MDT a ±10 m),40.0,False,701.0,secundaria,38.7737407,-0.7247999,10,Comunitat Valenciana,46,Valencia/València,la Vall d'Albaida,46184,Ontinyent,OpenStreetMap (ODbL 1.0),Calculada sobre MDT25 © IGN (CC BY 4.0),6,2025-04-10T09:14:29Z,2026-10-04
076011f8-cee0-4008-85a5-bf62a4d0826e,node/1260547829,Cerro Truquet,,,,,741.0,OpenStreetMap (coincide con MDT a ±10 m),106.0,False,635.0,principal,39.7456073,-0.8542558,10,Comunitat Valenciana,46,Valencia/València,La Serranía,46114,Domeño,OpenStreetMap (ODbL 1.0),Calculada sobre MDT25 © IGN (CC BY 4.0),5,2026-05-17T19:09:46Z,2026-10-04
91195af3-9b8e-4aaa-8bed-30f2b08f2876,node/1243388521,Alt de la Nevera,,Alt de la Nevera,,,740.0,OpenStreetMap (coincide con MDT a ±10 m),50.0,False,690.0,secundaria,39.7178492,-0.444995,10,Comunitat Valenciana,46,Valencia/València,el Camp de Túria,46228,Serra,OpenStreetMap (ODbL 1.0),Calculada sobre MDT25 © IGN (CC BY 4.0),5,2025-02-05T19:31:40Z,2026-10-04
74a3e16d-f399-4edd-b926-5ab470281c74,node/11061038587,,,,,,738.0,OpenStreetMap (coincide con MDT a ±10 m),45.0,False,691.0,secundaria,38.995845,-0.3018838,10,Comunitat Valenciana,46,Valencia/València,la Vall d'Albaida,46196,Pinet,OpenStreetMap (ODbL 1.0),Calculada sobre MDT25 © IGN (CC BY 4.0),1,2023-07-22T04:15:19Z,2026-10-04
46a796fb-2473-4bd6-8ada-23aa47e91747,node/1243452387,el Cierro,,el Cierro,,,737.0,OpenStreetMap (coincide con MDT a ±10 m),147.0,False,589.0,principal,39.7043138,-0.4257196,10,Comunitat Valenciana,46,Valencia/València,el Camp de Túria,46228,Serra,OpenStreetMap (ODbL 1.0),Calculada sobre MDT25 © IGN (CC BY 4.0),6,2026-05-17T19:09:46Z,2026-10-04
a484a4d4-3a91-4ae5-8dca-a88461ea652d,node/1243390482,Cerro Coleto,,,,,734.0,OpenStreetMap (coincide con MDT a ±10 m),44.0,False,690.0,secundaria,39.784167,-0.8118561,10,Comunitat Valenciana,46,Valencia/València,La Serranía,46038,Andilla,OpenStreetMap (ODbL 1.0),Calculada sobre MDT25 © IGN (CC BY 4.0),4,2025-04-15T11:21:44Z,2026-10-04
279feae1-d087-4e9c-a487-ca8a9d698037,node/1243445177,Cerro de la Hoz,,,,,734.0,OpenStreetMap (coincide con MDT a ±10 m),70.0,False,665.0,secundaria,39.7597135,-0.8179545,10,Comunitat Valenciana,46,Valencia/València,La Serranía,46038,Andilla,OpenStreetMap (ODbL 1.0),Calculada sobre MDT25 © IGN (CC BY 4.0),4,2025-04-15T11:21:44Z,2026-10-04
e1c8bf4a-5633-4a2d-a526-aaae35c863a5,node/7455322696,Chimo,,,,,733.0,OpenStreetMap (coincide con MDT a ±10 m),132.0,False,603.0,principal,39.7406887,-0.5226937,10,Comunitat Valenciana,46,Valencia/València,el Camp de Túria,46161,Marines,OpenStreetMap (ODbL 1.0),Calculada sobre MDT25 © IGN (CC BY 4.0),5,2026-04-03T12:53:07Z,2026-10-04
49fc9b61-0bf5-487e-a825-e2099c08073a,node/13352073309,Puntal de la Cañada Barchel,,,,,733.0,OpenStreetMap (coincide con MDT a ±10 m),52.0,False,680.0,secundaria,39.7216763,-1.0778586,10,Comunitat Valenciana,46,Valencia/València,La Serranía,46050,Benagéber,OpenStreetMap (ODbL 1.0),Calculada sobre MDT25 © IGN (CC BY 4.0),1,2025-12-03T20:45:24Z,2026-10-04
626d8ced-a28c-4edf-97ca-dce4240014d0,node/3593959051,Alt del Collado dels Caragols,,Alt del Collado dels Caragols,,,731.0,OpenStreetMap (coincide con MDT a ±10 m),30.0,False,700.0,secundaria,38.9974241,-0.2888661,10,Comunitat Valenciana,46,Valencia/València,la Safor,46046,Barx,OpenStreetMap (ODbL 1.0),Calculada sobre MDT25 © IGN (CC BY 4.0),5,2023-10-09T23:22:46Z,2026-10-04
755ad21d-8c00-42e5-97aa-55d991de746c,node/13370371573,Cerro Gallinero,,,,,731.0,OpenStreetMap (coincide con MDT a ±10 m),73.0,False,654.0,secundaria,39.7350984,-0.9363543,10,Comunitat Valenciana,46,Valencia/València,La Serranía,46079,Calles,OpenStreetMap (ODbL 1.0),Calculada sobre MDT25 © IGN (CC BY 4.0),1,2025-12-11T19:52:22Z,2026-10-04
f4392ed3-2cbf-43a8-b333-1b22dd113fed,node/11635402566,Alt del Pouet de la Rabosa,,,,,730.0,OpenStreetMap (coincide con MDT a ±10 m),135.0,False,594.0,principal,38.8809281,-0.6451465,10,Comunitat Valenciana,46,Valencia/València,la Costera,46251,Vallada,OpenStreetMap (ODbL 1.0),Calculada sobre MDT25 © IGN (CC BY 4.0),1,2024-02-17T18:23:55Z,2026-10-04
f4b57a41-c89b-4061-ae77-9b03ca1bccfc,node/3405607141,el Tossal,,el Tossal,,,722.0,OpenStreetMap (coincide con MDT a ±10 m),119.0,False,606.0,principal,38.8917446,-0.6681373,10,Comunitat Valenciana,46,Valencia/València,la Costera,46251,Vallada,OpenStreetMap (ODbL 1.0),Calculada sobre MDT25 © IGN (CC BY 4.0),7,2023-10-09T23:27:07Z,2026-10-04
89026da2-d7c5-42f3-af94-8079e630fa6b,node/1243423123,Puntal de Vives,,,,,720.0,OpenStreetMap (coincide con MDT a ±10 m),48.0,False,672.0,secundaria,39.2634493,-1.1186987,10,Comunitat Valenciana,46,Valencia/València,El Valle de Cofrentes-Ayora,46097,Cofrentes,OpenStreetMap (ODbL 1.0),Calculada sobre MDT25 © IGN (CC BY 4.0),4,2024-11-04T19:42:11Z,2026-10-04
41e42254-37a8-4a78-9f66-8a15f7390982,node/1260556518,Alt de la Lletrera,,Alt de la Lletrera,,,718.0,OpenStreetMap (coincide con MDT a ±10 m),58.0,False,660.0,secundaria,38.988676,-0.2927275,10,Comunitat Valenciana,46,Valencia/València,la Safor,46131,Gandia,OpenStreetMap (ODbL 1.0),Calculada sobre MDT25 © IGN (CC BY 4.0),6,2023-10-09T23:25:06Z,2026-10-04
b73e6d75-7fc7-4589-901c-c4c885972213,node/1243430358,Alt del Pi,,,,,716.0,OpenStreetMap (coincide con MDT a ±10 m),225.0,False,492.0,principal,39.6910691,-0.4002615,10,Comunitat Valenciana,46,Valencia/València,el Camp de Túria,46228,Serra,OpenStreetMap (ODbL 1.0),Calculada sobre MDT25 © IGN (CC BY 4.0),9,2026-04-03T12:53:07Z,2026-10-04
0e707d98-3e46-429a-b5d3-fd0978e288fb,node/12296377919,Puntal de la Cueva Hermosa,,,,,715.0,OpenStreetMap (coincide con MDT a ±10 m),186.0,False,530.0,principal,39.2625512,-1.0207907,10,Comunitat Valenciana,46,Valencia/València,El Valle de Cofrentes-Ayora,46099,Cortes de Pallás,OpenStreetMap (ODbL 1.0),Calculada sobre MDT25 © IGN (CC BY 4.0),1,2024-10-29T11:49:03Z,2026-10-04
54cf2518-e4e7-4130-a205-8f84803e4836,node/11061038588,,,,,,713.0,OpenStreetMap (coincide con MDT a ±10 m),32.0,False,680.0,secundaria,38.9915022,-0.2993196,10,Comunitat Valenciana,46,Valencia/València,la Vall d'Albaida,46196,Pinet,OpenStreetMap (ODbL 1.0),Calculada sobre MDT25 © IGN (CC BY 4.0),1,2023-07-22T04:15:19Z,2026-10-04
dbfaebb6-f793-4e24-9db4-3b01d21f8fe1,node/1243445706,Cerro Colmenar,,,,,708.0,OpenStreetMap (coincide con MDT a ±10 m),50.0,False,658.0,secundaria,39.3765955,-1.1607751,10,Comunitat Valenciana,46,Valencia/València,La Plana de Utiel-Requena,46213,Requena,OpenStreetMap (ODbL 1.0),Calculada sobre MDT25 © IGN (CC BY 4.0),4,2026-01-05T19:49:55Z,2026-10-04
435b11cf-0c21-45fd-9515-212b9d19cb7d,node/12302822795,Pico del Gallo,,,,,706.0,OpenStreetMap (coincide con MDT a ±10 m),31.0,False,670.0,secundaria,39.45764,-0.818754,10,Comunitat Valenciana,46,Valencia/València,La Hoya de Buñol,46077,Buñol,OpenStreetMap (ODbL 1.0),Calculada sobre MDT25 © IGN (CC BY 4.0),1,2024-10-31T21:31:13Z,2026-10-04
f2348840-c9b7-427e-8e48-9aacb2d2df3d,node/1243399498,El Rehoyo,,,,,704.0,OpenStreetMap (coincide con MDT a ±10 m),31.0,False,672.0,secundaria,39.2794107,-0.7775843,10,Comunitat Valenciana,46,Valencia/València,La Hoya de Buñol,46115,Dos Aguas,OpenStreetMap (ODbL 1.0),Calculada sobre MDT25 © IGN (CC BY 4.0),4,2024-04-15T17:45:55Z,2026-10-04
9688bec3-42a3-4771-b5fe-f9a8e0bf3726,node/8569938146,Alt del Morteret,,Alt del Morteret,,,704.0,OpenStreetMap (coincide con MDT a ±10 m),85.0,False,618.0,secundaria,38.9973939,-0.3228904,10,Comunitat Valenciana,46,Valencia/València,la Vall d'Albaida,46196,Pinet,OpenStreetMap (ODbL 1.0),Calculada sobre MDT25 © IGN (CC BY 4.0),5,2023-12-23T21:48:03Z,2026-10-04
9ca94a9d-6f8d-4e8e-acbd-46e104a9e0de,node/1260543244,Cerro del Altarejo,,,,,701.0,OpenStreetMap (coincide con MDT a ±10 m),51.0,False,651.0,secundaria,39.7241569,-0.931482,10,Comunitat Valenciana,46,Valencia/València,La Serranía,46114,Domeño,OpenStreetMap (ODbL 1.0),Calculada sobre MDT25 © IGN (CC BY 4.0),6,2025-12-11T20:38:31Z,2026-10-04
4ded9eff-7434-45ae-a1bf-d2f99f6ff1a9,node/1243372540,el Picaio,,el Picaio,,,699.0,OpenStreetMap (coincide con MDT a ±10 m),132.0,False,566.0,principal,39.0073314,-0.3273303,10,Comunitat Valenciana,46,Valencia/València,la Safor,46046,Barx,OpenStreetMap (ODbL 1.0),Calculada sobre MDT25 © IGN (CC BY 4.0),6,2023-10-09T23:22:46Z,2026-10-04
d7f55121-5e1d-4249-bb33-6c1c4fe8a886,node/1243403715,Cerro la Cabeza,,,,,697.0,OpenStreetMap (coincide con MDT a ±10 m),43.0,False,652.0,secundaria,39.4376345,-1.4552911,10,Comunitat Valenciana,46,Valencia/València,La Plana de Utiel-Requena,46254,Venta del Moro,OpenStreetMap (ODbL 1.0),Calculada sobre MDT25 © IGN (CC BY 4.0),4,2026-01-26T18:41:33Z,2026-10-04
1f74b92e-897a-4fa6-859a-31791131197d,node/1243392753,Cerro del Resquijo,,,,,696.0,OpenStreetMap (coincide con MDT a ±10 m),31.0,False,660.0,secundaria,39.9162105,-1.1969891,10,Comunitat Valenciana,46,Valencia/València,La Serranía,46041,Aras de los Olmos,OpenStreetMap (ODbL 1.0),Calculada sobre MDT25 © IGN (CC BY 4.0),4,2025-03-27T12:16:42Z,2026-10-04
457c2409-6768-4288-bd27-2f205e4202e3,node/1260549787,Cerro Herrera,,,,,696.0,OpenStreetMap (coincide con MDT a ±10 m),34.0,False,662.0,secundaria,39.3701159,-0.9843956,10,Comunitat Valenciana,46,Valencia/València,La Plana de Utiel-Requena,46213,Requena,OpenStreetMap (ODbL 1.0),Calculada sobre MDT25 © IGN (CC BY 4.0),5,2026-05-17T19:09:46Z,2026-10-04
5ae23b10-a314-48a4-aa37-9e9ea2bc4fca,node/1260555654,Cerro del Rey,,,,,696.0,OpenStreetMap (coincide con MDT a ±10 m),57.0,False,637.0,secundaria,39.7720216,-1.0309676,10,Comunitat Valenciana,46,Valencia/València,La Serranía,46247,Tuéjar,OpenStreetMap (ODbL 1.0),Calculada sobre MDT25 © IGN (CC BY 4.0),5,2026-05-17T19:09:46Z,2026-10-04
3878fb90-3d9d-4004-8cc7-2a21f7e55882,node/13364367627,Cerro Vaca,,,,,696.0,OpenStreetMap (coincide con MDT a ±10 m),48.0,False,645.0,secundaria,39.642745,-0.9411043,10,Comunitat Valenciana,46,Valencia/València,La Serranía,46234,Sot de Chera,OpenStreetMap (ODbL 1.0),Calculada sobre MDT25 © IGN (CC BY 4.0),1,2025-12-09T19:32:50Z,2026-10-04
7cc411e5-fece-4165-90f0-3ca17e4770e3,node/1243366027,El Cerro,,,,,689.0,OpenStreetMap (coincide con MDT a ±10 m),97.0,False,591.0,secundaria,39.6414895,-0.924738,10,Comunitat Valenciana,46,Valencia/València,La Serranía,46234,Sot de Chera,OpenStreetMap (ODbL 1.0),Calculada sobre MDT25 © IGN (CC BY 4.0),4,2025-12-09T19:32:50Z,2026-10-04
e372380c-e546-4a84-9dd2-1291c03ce050,node/1243408796,Alto de la Balsa de Antón,,,,,689.0,OpenStreetMap (coincide con MDT a ±10 m),45.0,False,644.0,secundaria,39.6803814,-0.9465885,10,Comunitat Valenciana,46,Valencia/València,el Camp de Túria,46148,Loriguilla,OpenStreetMap (ODbL 1.0),Calculada sobre MDT25 © IGN (CC BY 4.0),4,2025-12-05T19:42:02Z,2026-10-04
82ecb23d-4bc5-4cab-b18f-5b59988b395b,node/13468894750,Sardinero,,,,,689.0,OpenStreetMap (coincide con MDT a ±10 m),31.0,False,662.0,secundaria,39.3786718,-1.2647199,10,Comunitat Valenciana,46,Valencia/València,La Plana de Utiel-Requena,46213,Requena,OpenStreetMap (ODbL 1.0),Calculada sobre MDT25 © IGN (CC BY 4.0),1,2026-01-19T18:58:49Z,2026-10-04
0aedb907-2bce-4321-a8a9-1a0842d4aa31,node/12579596354,La Garita Baja,,,,,688.0,OpenStreetMap (coincide con MDT a ±10 m),66.0,False,626.0,secundaria,39.7539862,-0.562202,10,Comunitat Valenciana,46,Valencia/València,el Camp de Túria,46161,Marines,OpenStreetMap (ODbL 1.0),Calculada sobre MDT25 © IGN (CC BY 4.0),1,2025-02-11T18:49:39Z,2026-10-04
263ae54e-be0b-4eb3-8ec2-d40c76fe7d6a,node/6038876413,Alto de la Pedralbilla,,,,,687.0,OpenStreetMap (coincide con MDT a ±10 m),38.0,False,650.0,secundaria,39.7105424,-0.496262,10,Comunitat Valenciana,46,Valencia/València,el Camp de Túria,46182,Olocau,OpenStreetMap (ODbL 1.0),Calculada sobre MDT25 © IGN (CC BY 4.0),5,2026-04-03T12:53:07Z,2026-10-04
c5e51cdf-42a9-439e-93fc-e93a6b657800,node/1260541661,Alt de Pinaro,,Alt de Pinaro,,,682.0,OpenStreetMap (coincide con MDT a ±10 m),72.0,False,605.0,secundaria,38.8353849,-0.3842175,10,Comunitat Valenciana,46,Valencia/València,la Vall d'Albaida,46221,Salem,OpenStreetMap (ODbL 1.0),Calculada sobre MDT25 © IGN (CC BY 4.0),9,2023-10-09T23:26:27Z,2026-10-04
9ce5d753-6d33-44f5-9b95-903723c110bc,node/13356375927,Alto del Portillo,,,,,682.0,OpenStreetMap (coincide con MDT a ±10 m),87.0,False,593.0,secundaria,39.6838758,-1.0035801,10,Comunitat Valenciana,46,Valencia/València,La Serranía,46114,Domeño,OpenStreetMap (ODbL 1.0),Calculada sobre MDT25 © IGN (CC BY 4.0),1,2025-12-05T20:02:44Z,2026-10-04
c520c356-5e79-425e-8958-a0ea76d8d2f3,node/1243399905,Cerro de la Mozaira,,,,,681.0,OpenStreetMap (coincide con MDT a ±10 m),53.0,False,626.0,secundaria,39.7436905,-1.0305424,10,Comunitat Valenciana,46,Valencia/València,La Serranía,46106,Chelva,OpenStreetMap (ODbL 1.0),Calculada sobre MDT25 © IGN (CC BY 4.0),4,2025-12-13T18:40:14Z,2026-10-04
7cc8a4f0-9b54-486e-8225-85257b3c3582,node/1243423116,Alt de la Selleta,,Alt de la Selleta,,,679.0,OpenStreetMap (coincide con MDT a ±10 m),64.0,False,614.0,secundaria,38.9917611,-0.2843347,10,Comunitat Valenciana,46,Valencia/València,la Safor,46131,Gandia,OpenStreetMap (ODbL 1.0),Calculada sobre MDT25 © IGN (CC BY 4.0),6,2023-10-09T23:25:06Z,2026-10-04
752f70a7-0f74-4ca6-aa24-6689a08c8e13,node/1243432063,Cerro del Ahorcado,,,,,679.0,OpenStreetMap (coincide con MDT a ±10 m),140.0,False,536.0,principal,39.2705896,-1.0827206,10,Comunitat Valenciana,46,Valencia/València,El Valle de Cofrentes-Ayora,46097,Cofrentes,OpenStreetMap (ODbL 1.0),Calculada sobre MDT25 © IGN (CC BY 4.0),4,2024-10-29T13:04:17Z,2026-10-04
87f810e0-0e41-4138-bf72-fb61bbf65dc9,node/12579596352,Puntal de la Culebra,,,,,679.0,OpenStreetMap (coincide con MDT a ±10 m),45.0,False,632.0,secundaria,39.758049,-0.5589016,10,Comunitat Valenciana,46,Valencia/València,el Camp de Túria,46902,Gátova,OpenStreetMap (ODbL 1.0),Calculada sobre MDT25 © IGN (CC BY 4.0),1,2025-02-11T18:49:39Z,2026-10-04
bec86af4-9e0f-42d7-aa7d-8c597aa18626,node/9238956226,Alt de l'Hedra,,Alt de l'Hedra,,,678.0,OpenStreetMap (coincide con MDT a ±10 m),88.0,False,584.0,secundaria,39.0027442,-0.3484135,10,Comunitat Valenciana,46,Valencia/València,la Vall d'Albaida,46104,Quatretonda,OpenStreetMap (ODbL 1.0),Calculada sobre MDT25 © IGN (CC BY 4.0),2,2023-01-08T14:30:28Z,2026-10-04
4cc7ab57-882b-4f67-a93b-3c9599c4efd9,node/1243375802,Puntal de Lidoneros,,,,,677.0,OpenStreetMap (coincide con MDT a ±10 m),59.0,False,616.0,secundaria,39.4602877,-0.8060988,10,Comunitat Valenciana,46,Valencia/València,La Hoya de Buñol,46077,Buñol,OpenStreetMap (ODbL 1.0),Calculada sobre MDT25 © IGN (CC BY 4.0),5,2024-11-01T12:50:12Z,2026-10-04
7f45eebb-56cd-4715-9d6e-0d39075c0a74,node/1260554948,Cerro del Águila,,,,,677.0,OpenStreetMap (coincide con MDT a ±10 m),30.0,False,649.0,secundaria,39.3680844,-0.9727451,10,Comunitat Valenciana,46,Valencia/València,La Hoya de Buñol,46261,Yátova,OpenStreetMap (ODbL 1.0),Calculada sobre MDT25 © IGN (CC BY 4.0),5,2026-05-17T19:09:46Z,2026-10-04
0329fba3-23da-4c86-b992-4b84abd94780,node/1243383498,El Celeminejo,,,,,671.0,OpenStreetMap (coincide con MDT a ±10 m),31.0,False,648.0,secundaria,39.2795563,-0.6970241,10,Comunitat Valenciana,46,Valencia/València,La Hoya de Buñol,46115,Dos Aguas,OpenStreetMap (ODbL 1.0),Calculada sobre MDT25 © IGN (CC BY 4.0),4,2022-04-17T14:23:22Z,2026-10-04
870ba24a-1322-4c4b-ba0e-0f63d320c476,node/7264939911,Moleta del Fraile,,,,,671.0,OpenStreetMap (coincide con MDT a ±10 m),49.0,False,618.0,secundaria,38.8500351,-0.8733872,10,Comunitat Valenciana,46,Valencia/València,la Costera,46128,la Font de la Figuera,OpenStreetMap (ODbL 1.0),Calculada sobre MDT25 © IGN (CC BY 4.0),2,2020-03-06T18:53:22Z,2026-10-04
9d3e3da4-894a-46e1-86ba-8779b2305475,node/1243377072,Pico del Águila,,,,,665.0,OpenStreetMap (coincide con MDT a ±10 m),31.0,False,635.0,secundaria,39.1950486,-1.1392308,10,Comunitat Valenciana,46,Valencia/València,El Valle de Cofrentes-Ayora,46142,Jalance,OpenStreetMap (ODbL 1.0),Calculada sobre MDT25 © IGN (CC BY 4.0),4,2024-03-28T19:18:33Z,2026-10-04
a623643b-04e7-46c7-b5ca-80419c0c1e05,node/11059652628,Penyes Albes,,Penyes Albes,,,663.0,OpenStreetMap (coincide con MDT a ±10 m),82.0,False,580.0,secundaria,38.8776128,-0.3210503,10,Comunitat Valenciana,46,Valencia/València,la Vall d'Albaida,46175,Montitxelvo / Montichelvo,OpenStreetMap (ODbL 1.0),Calculada sobre MDT25 © IGN (CC BY 4.0),2,2023-10-09T23:25:33Z,2026-10-04
83ae9cde-8672-4022-89f3-377f261275e0,node/1243396920,Puntal de l'Abella,,Puntal de l'Abella,,,662.0,OpenStreetMap (coincide con MDT a ±10 m),89.0,False,569.0,secundaria,39.6916946,-0.3827892,10,Comunitat Valenciana,46,Valencia/València,el Camp de Morvedre,46224,Segart,OpenStreetMap (ODbL 1.0),Calculada sobre MDT25 © IGN (CC BY 4.0),11,2021-12-08T12:54:05Z,2026-10-04
1817ae33-73d8-4570-b2c0-02a24c22b863,node/11447443632,Alt del Barranc Verd,,,,,662.0,OpenStreetMap (coincide con MDT a ±10 m),55.0,False,607.0,secundaria,38.9692115,-0.2956999,10,Comunitat Valenciana,46,Valencia/València,la Safor,46131,Gandia,OpenStreetMap (ODbL 1.0),Calculada sobre MDT25 © IGN (CC BY 4.0),1,2023-12-23T22:10:55Z,2026-10-04
26d3dfc6-df79-44bb-907a-5a7c13d7c32d,node/1260554202,Cerro de Loriguilla,,,,,658.0,OpenStreetMap (coincide con MDT a ±10 m),228.0,False,430.0,principal,39.6909633,-0.90572,10,Comunitat Valenciana,46,Valencia/València,el Camp de Túria,46148,Loriguilla,OpenStreetMap (ODbL 1.0),Calculada sobre MDT25 © IGN (CC BY 4.0),5,2025-12-09T19:43:16Z,2026-10-04
3322cc16-24f5-463d-ace4-38dd556477f6,node/1260549010,Cerro Escorpión,,,,,656.0,OpenStreetMap (coincide con MDT a ±10 m),214.0,False,440.0,principal,39.7120065,-1.0032963,10,Comunitat Valenciana,46,Valencia/València,La Serranía,46079,Calles,OpenStreetMap (ODbL 1.0),Calculada sobre MDT25 © IGN (CC BY 4.0),5,2025-12-04T18:03:50Z,2026-10-04
60000543-06fb-447b-bb6a-519e03c225e5,node/12253346371,Alt del Costellar,,,,,655.0,OpenStreetMap (coincide con MDT a ±10 m),78.0,False,576.0,secundaria,38.7927779,-0.6023771,10,Comunitat Valenciana,46,Valencia/València,la Vall d'Albaida,46184,Ontinyent,OpenStreetMap (ODbL 1.0),Calculada sobre MDT25 © IGN (CC BY 4.0),1,2024-10-15T16:22:51Z,2026-10-04
7f754f80-0405-4972-82b3-d8abe3c103f3,node/1243406958,Puntal de la Noria,,,,,653.0,OpenStreetMap (coincide con MDT a ±10 m),79.0,False,575.0,secundaria,39.3611471,-0.8695327,10,Comunitat Valenciana,46,Valencia/València,La Hoya de Buñol,46261,Yátova,OpenStreetMap (ODbL 1.0),Calculada sobre MDT25 © IGN (CC BY 4.0),4,2024-10-11T10:37:02Z,2026-10-04
50e0ae36-d504-4bc9-86f0-660d2f9b9578,node/1243466207,La Grenya,,,,,653.0,OpenStreetMap (coincide con MDT a ±10 m),66.0,False,587.0,secundaria,39.273135,-0.6814578,10,Comunitat Valenciana,46,Valencia/València,La Hoya de Buñol,46115,Dos Aguas,OpenStreetMap (ODbL 1.0),Calculada sobre MDT25 © IGN (CC BY 4.0),4,2024-09-13T15:37:06Z,2026-10-04
580f9ed9-3979-4574-b282-20277e8e6849,node/13369539616,Cerro de la Peña Alta,,,,,651.0,OpenStreetMap (coincide con MDT a ±10 m),79.0,False,572.0,secundaria,39.692302,-0.9142477,10,Comunitat Valenciana,46,Valencia/València,el Camp de Túria,46148,Loriguilla,OpenStreetMap (ODbL 1.0),Calculada sobre MDT25 © IGN (CC BY 4.0),1,2025-12-11T13:03:30Z,2026-10-04
28421b95-824f-4f43-a5a7-53779eb353b1,node/13446647505,Cerro del Milano,,,,,648.0,OpenStreetMap (coincide con MDT a ±10 m),40.0,False,606.0,secundaria,39.3459122,-1.2052226,10,Comunitat Valenciana,46,Valencia/València,La Plana de Utiel-Requena,46213,Requena,OpenStreetMap (ODbL 1.0),Calculada sobre MDT25 © IGN (CC BY 4.0),1,2026-01-10T17:35:52Z,2026-10-04
d1ad0f74-aada-4e95-8f1a-7c75d2128b38,node/11819811740,Alto del Cámaro,,,,,640.0,OpenStreetMap (coincide con MDT a ±10 m),98.0,False,542.0,secundaria,39.2102554,-0.7265488,10,Comunitat Valenciana,46,Valencia/València,La Canal de Navarrés,46167,Millares,OpenStreetMap (ODbL 1.0),Calculada sobre MDT25 © IGN (CC BY 4.0),1,2024-04-15T18:15:46Z,2026-10-04
5e3a6110-5a01-4c7f-a7df-3bb1c522f614,node/1243444217,Cabeza de Ludén,,,,,639.0,OpenStreetMap (coincide con MDT a ±10 m),42.0,False,596.0,secundaria,39.403776,-1.4017306,10,Comunitat Valenciana,46,Valencia/València,La Plana de Utiel-Requena,46254,Venta del Moro,OpenStreetMap (ODbL 1.0),Calculada sobre MDT25 © IGN (CC BY 4.0),4,2026-01-24T12:23:01Z,2026-10-04
7c544880-1262-43e5-b606-63629f8636f4,node/1243375699,Puntal del Barrancazo,,,,,638.0,OpenStreetMap (coincide con MDT a ±10 m),39.0,False,600.0,secundaria,39.2492627,-1.0124174,10,Comunitat Valenciana,46,Valencia/València,El Valle de Cofrentes-Ayora,46097,Cofrentes,OpenStreetMap (ODbL 1.0),Calculada sobre MDT25 © IGN (CC BY 4.0),4,2024-10-29T12:34:12Z,2026-10-04
bcb71199-89bf-49ec-bea2-e01d512b5e39,node/3405618475,Morret de la Font d'Espanya,,,,,635.0,OpenStreetMap (coincide con MDT a ±10 m),33.0,False,606.0,secundaria,38.8938194,-0.6610835,10,Comunitat Valenciana,46,Valencia/València,la Costera,46251,Vallada,OpenStreetMap (ODbL 1.0),Calculada sobre MDT25 © IGN (CC BY 4.0),5,2023-05-09T21:56:45Z,2026-10-04
1059b6d6-8bb8-482f-839e-9f9f68825532,node/10882049675,Alt de la Barcella,,Alt de la Barcella,,,635.0,OpenStreetMap (coincide con MDT a ±10 m),54.0,False,581.0,secundaria,38.8884399,-0.6554595,10,Comunitat Valenciana,46,Valencia/València,la Costera,46251,Vallada,OpenStreetMap (ODbL 1.0),Calculada sobre MDT25 © IGN (CC BY 4.0),2,2023-10-09T23:27:07Z,2026-10-04
5af56ed0-5c9f-4a72-b469-4235c40f996d,node/11061357556,,,,,,635.0,MDT IGN,30.0,False,605.0,secundaria,39.0189505,-0.2955511,10,Comunitat Valenciana,46,Valencia/València,la Safor,46046,Barx,OpenStreetMap (ODbL 1.0),Calculada sobre MDT25 © IGN (CC BY 4.0),1,2023-07-22T09:29:07Z,2026-10-04
04ee444a-a778-4141-8d48-6c7bb6fd7ea6,node/13468895141,Monterilla,,,,,633.0,OpenStreetMap (coincide con MDT a ±10 m),162.0,False,469.0,principal,39.3333355,-1.2572484,10,Comunitat Valenciana,46,Valencia/València,La Plana de Utiel-Requena,46213,Requena,OpenStreetMap (ODbL 1.0),Calculada sobre MDT25 © IGN (CC BY 4.0),1,2026-01-19T18:58:49Z,2026-10-04
2a302a51-cf6a-429f-9a09-5a30797b405c,node/1243382871,El Montón de Trigo,,,,,631.0,OpenStreetMap (coincide con MDT a ±10 m),59.0,False,570.0,secundaria,39.2805049,-0.685829,10,Comunitat Valenciana,46,Valencia/València,La Hoya de Buñol,46115,Dos Aguas,OpenStreetMap (ODbL 1.0),Calculada sobre MDT25 © IGN (CC BY 4.0),4,2022-04-17T14:52:26Z,2026-10-04
e688bcbc-6f66-492b-93c0-40d420b86252,node/8440151561,,,,,,626.0,MDT IGN,152.0,False,474.0,principal,38.9986623,-0.3598817,10,Comunitat Valenciana,46,Valencia/València,la Vall d'Albaida,46104,Quatretonda,OpenStreetMap (ODbL 1.0),Calculada sobre MDT25 © IGN (CC BY 4.0),1,2021-02-20T09:16:14Z,2026-10-04
c9576da0-0401-4116-b4df-fa9998dcec4c,node/6417176017,la Ratlla,,la Ratlla,,,625.0,OpenStreetMap (coincide con MDT a ±10 m),519.0,False,105.0,principal,39.103127,-0.310859,10,Comunitat Valenciana,46,Valencia/València,la Ribera Alta,46017,Alzira,OpenStreetMap (ODbL 1.0),Calculada sobre MDT25 © IGN (CC BY 4.0),4,2023-10-09T23:22:13Z,2026-10-04
90e9c9aa-c408-4167-bbe7-bf8530519dcd,node/1243418585,Pico de la Cobertera,,,,,624.0,OpenStreetMap (coincide con MDT a ±10 m),108.0,False,516.0,principal,39.25956,-0.7685445,10,Comunitat Valenciana,46,Valencia/València,La Hoya de Buñol,46115,Dos Aguas,OpenStreetMap (ODbL 1.0),Calculada sobre MDT25 © IGN (CC BY 4.0),4,2024-09-13T11:41:11Z,2026-10-04
82f1d5e0-e89f-44cc-9102-4837d0c774d2,node/3016407429,La Plana,,,,,620.0,OpenStreetMap (coincide con MDT a ±10 m),48.0,False,571.0,secundaria,38.9815725,-0.6535179,10,Comunitat Valenciana,46,Valencia/València,La Canal de Navarrés,46118,Enguera,OpenStreetMap (ODbL 1.0),Calculada sobre MDT25 © IGN (CC BY 4.0),4,2021-08-29T12:10:05Z,2026-10-04
8d2588f2-d8d4-4936-8a04-7734c6f72a11,node/3385778023,el Penyó,,el Penyó,,,619.0,MDT IGN,53.0,False,566.0,secundaria,38.8829457,-0.6898479,10,Comunitat Valenciana,46,Valencia/València,la Costera,46251,Vallada,OpenStreetMap (ODbL 1.0),Calculada sobre MDT25 © IGN (CC BY 4.0),8,2023-10-09T23:27:07Z,2026-10-04
1d2ff6f6-44f4-4178-8e63-942d3588b3b2,node/1243376663,Puntal de Cleto,,,,,614.0,OpenStreetMap (coincide con MDT a ±10 m),30.0,False,584.0,secundaria,39.3635406,-0.9156705,10,Comunitat Valenciana,46,Valencia/València,La Hoya de Buñol,46261,Yátova,OpenStreetMap (ODbL 1.0),Calculada sobre MDT25 © IGN (CC BY 4.0),4,2024-10-11T11:12:01Z,2026-10-04
e6e9a7b3-1909-4537-998b-f1017c960762,node/13391421750,Cerro de Sote,,,,,613.0,OpenStreetMap (coincide con MDT a ±10 m),113.0,False,499.0,principal,39.6257968,-0.8956039,10,Comunitat Valenciana,46,Valencia/València,La Serranía,46234,Sot de Chera,OpenStreetMap (ODbL 1.0),Calculada sobre MDT25 © IGN (CC BY 4.0),1,2025-12-20T19:54:44Z,2026-10-04
7587463a-d3bf-49d5-b048-c0bff08374da,node/1243414219,Alto de la Palmosa,,,,,611.0,OpenStreetMap (coincide con MDT a ±10 m),31.0,False,580.0,secundaria,39.7524748,-0.5787702,10,Comunitat Valenciana,46,Valencia/València,el Camp de Túria,46161,Marines,OpenStreetMap (ODbL 1.0),Calculada sobre MDT25 © IGN (CC BY 4.0),4,2025-02-11T17:57:40Z,2026-10-04
9c079e61-b9a6-4a34-9a5e-437c7d5ae670,node/1243425573,Puntal de Belata,,Puntal de Belata,,,607.0,OpenStreetMap (coincide con MDT a ±10 m),44.0,False,562.0,secundaria,39.7218281,-0.51537,10,Comunitat Valenciana,46,Valencia/València,el Camp de Túria,46182,Olocau,OpenStreetMap (ODbL 1.0),Calculada sobre MDT25 © IGN (CC BY 4.0),6,2023-10-09T23:25:45Z,2026-10-04
5a882032-9578-4272-a1b5-78c9dc9f069d,node/1243417204,Cerro de los Cuchillos,,,,,606.0,OpenStreetMap (coincide con MDT a ±10 m),41.0,False,564.0,secundaria,39.1060183,-1.0729272,10,Comunitat Valenciana,46,Valencia/València,El Valle de Cofrentes-Ayora,46263,Zarra,OpenStreetMap (ODbL 1.0),Calculada sobre MDT25 © IGN (CC BY 4.0),4,2024-03-12T11:30:31Z,2026-10-04
abee11d1-f13c-4aed-84a2-b3eda21c23f7,node/9984283030,,,,,,605.0,OpenStreetMap (coincide con MDT a ±10 m),235.0,False,369.0,principal,39.025106,-0.3261154,10,Comunitat Valenciana,46,Valencia/València,la Safor,46231,Simat de la Valldigna,OpenStreetMap (ODbL 1.0),Calculada sobre MDT25 © IGN (CC BY 4.0),3,2025-12-30T00:10:05Z,2026-10-04
7ea7778b-ef29-4d7c-9daf-bfb59a9cc361,node/926534250,Garbí,,Garbí,,,604.0,OpenStreetMap (coincide con MDT a ±10 m),55.0,False,547.0,secundaria,39.698005,-0.3732879,10,Comunitat Valenciana,46,Valencia/València,el Camp de Morvedre,46120,Estivella,OpenStreetMap (ODbL 1.0),Calculada sobre MDT25 © IGN (CC BY 4.0),7,2022-12-11T22:21:59Z,2026-10-04
61a66c16-ff86-4639-b60a-373fb208609f,node/12641465715,Torre de Castro,,,,,604.0,OpenStreetMap (coincide con MDT a ±10 m),46.0,False,554.0,secundaria,39.742906,-0.9643091,10,Comunitat Valenciana,46,Valencia/València,La Serranía,46079,Calles,OpenStreetMap (ODbL 1.0),Calculada sobre MDT25 © IGN (CC BY 4.0),1,2025-03-06T19:40:40Z,2026-10-04
b762fca8-8bc4-41a7-b0c7-1283017e4a5c,node/1243456200,Puntal de Massalari,,,,,599.0,OpenStreetMap (coincide con MDT a ±10 m),40.0,False,556.0,secundaria,39.095534,-0.2975592,10,Comunitat Valenciana,46,Valencia/València,la Safor,46238,Tavernes de la Valldigna,OpenStreetMap (ODbL 1.0),Calculada sobre MDT25 © IGN (CC BY 4.0),8,2021-09-24T09:41:17Z,2026-10-04
7e84681f-61b5-4b4c-a955-5c0defeb7b1c,node/1260545246,Pico Tambucar,,,,,599.0,OpenStreetMap (coincide con MDT a ±10 m),210.0,False,390.0,principal,39.2604252,-0.9298742,10,Comunitat Valenciana,46,Valencia/València,El Valle de Cofrentes-Ayora,46099,Cortes de Pallás,OpenStreetMap (ODbL 1.0),Calculada sobre MDT25 © IGN (CC BY 4.0),8,2021-08-29T12:10:05Z,2026-10-04
0f0c0f4e-0e00-42cc-8d12-16db71638f7c,node/12641465744,Alto de Barrera,,,,,597.0,OpenStreetMap (coincide con MDT a ±10 m),96.0,False,501.0,secundaria,39.748814,-0.9735255,10,Comunitat Valenciana,46,Valencia/València,La Serranía,46106,Chelva,OpenStreetMap (ODbL 1.0),Calculada sobre MDT25 © IGN (CC BY 4.0),1,2025-03-06T19:40:40Z,2026-10-04
4e6ec39b-1b5a-48dd-88ee-e16d943267b0,node/1243466768,Alto de las Pedrizas,,,,,595.0,OpenStreetMap (coincide con MDT a ±10 m),79.0,False,512.0,secundaria,39.2493281,-1.0479948,10,Comunitat Valenciana,46,Valencia/València,El Valle de Cofrentes-Ayora,46097,Cofrentes,OpenStreetMap (ODbL 1.0),Calculada sobre MDT25 © IGN (CC BY 4.0),4,2024-10-29T12:34:12Z,2026-10-04
8f5a55eb-83a6-49f0-9d29-ae30b53dfafb,node/3986487478,Alt del Garbuller,,,,,595.0,OpenStreetMap (coincide con MDT a ±10 m),54.0,False,537.0,secundaria,39.0040767,-0.3155384,10,Comunitat Valenciana,46,Valencia/València,la Safor,46046,Barx,OpenStreetMap (ODbL 1.0),Calculada sobre MDT25 © IGN (CC BY 4.0),3,2023-12-20T23:20:38Z,2026-10-04
cac5442f-7c55-44c0-9f19-5ec0d07da6c6,node/1243371440,Alto de Pozo Ramos,,,,,593.0,OpenStreetMap (coincide con MDT a ±10 m),59.0,False,532.0,secundaria,39.7021719,-1.0156897,10,Comunitat Valenciana,46,Valencia/València,La Serranía,46106,Chelva,OpenStreetMap (ODbL 1.0),Calculada sobre MDT25 © IGN (CC BY 4.0),4,2025-12-04T19:31:41Z,2026-10-04
804c7bae-3722-4857-9e69-a3c88fd491af,node/1243387180,Peñas del Portillo de las Saletas,,,,,593.0,OpenStreetMap (coincide con MDT a ±10 m),33.0,False,568.0,secundaria,39.7321062,-0.9182827,10,Comunitat Valenciana,46,Valencia/València,La Serranía,46079,Calles,OpenStreetMap (ODbL 1.0),Calculada sobre MDT25 © IGN (CC BY 4.0),4,2025-12-11T19:52:22Z,2026-10-04
3802e5f1-e2e7-4006-b45d-278887c94965,node/1243454080,Loma de Garzón,,,,,593.0,OpenStreetMap (coincide con MDT a ±10 m),137.0,False,458.0,principal,39.2811271,-0.9268595,10,Comunitat Valenciana,46,Valencia/València,El Valle de Cofrentes-Ayora,46099,Cortes de Pallás,OpenStreetMap (ODbL 1.0),Calculada sobre MDT25 © IGN (CC BY 4.0),4,2024-09-07T17:11:20Z,2026-10-04
a8a9a921-d4d2-4f63-a906-a73fb90396ad,node/1260556627,Cerro la Muela,,,,,592.0,OpenStreetMap (coincide con MDT a ±10 m),68.0,False,523.0,secundaria,39.7048076,-0.9676085,10,Comunitat Valenciana,46,Valencia/València,La Serranía,46114,Domeño,OpenStreetMap (ODbL 1.0),Calculada sobre MDT25 © IGN (CC BY 4.0),5,2025-12-04T18:31:36Z,2026-10-04
4805b7c1-ed27-4a8d-84f0-885e44dd6758,node/12243926883,Puntal del Collado de Flez,,,,,592.0,OpenStreetMap (coincide con MDT a ±10 m),77.0,False,516.0,secundaria,39.3626278,-0.9239799,10,Comunitat Valenciana,46,Valencia/València,La Hoya de Buñol,46261,Yátova,OpenStreetMap (ODbL 1.0),Calculada sobre MDT25 © IGN (CC BY 4.0),1,2024-10-11T11:12:01Z,2026-10-04
26e30643-388e-4452-b621-4629beab3596,node/1243373191,Cerro de Ludén,,,,,591.0,OpenStreetMap (coincide con MDT a ±10 m),48.0,False,543.0,secundaria,39.3979421,-1.4022737,10,Comunitat Valenciana,46,Valencia/València,La Plana de Utiel-Requena,46254,Venta del Moro,OpenStreetMap (ODbL 1.0),Calculada sobre MDT25 © IGN (CC BY 4.0),4,2026-01-24T12:23:01Z,2026-10-04
cc7d6ff9-406e-44cf-803e-afe13f9d80d0,node/1260543708,Alt dels Tres Cocons,,,,,591.0,OpenStreetMap (coincide con MDT a ±10 m),49.0,False,542.0,secundaria,39.0262354,-0.3347973,10,Comunitat Valenciana,46,Valencia/València,la Safor,46231,Simat de la Valldigna,OpenStreetMap (ODbL 1.0),Calculada sobre MDT25 © IGN (CC BY 4.0),7,2025-12-30T00:10:05Z,2026-10-04
55bc839c-12ec-4685-8079-c84b6d3fb1aa,node/1260543213,Tossal de l'Aigua,,Tossal de l'Aigua,,,590.0,OpenStreetMap (coincide con MDT a ±10 m),37.0,False,552.0,secundaria,38.9490008,-0.2889162,10,Comunitat Valenciana,46,Valencia/València,la Safor,46218,Ròtova,OpenStreetMap (ODbL 1.0),Calculada sobre MDT25 © IGN (CC BY 4.0),6,2026-05-17T19:09:46Z,2026-10-04
1b961526-01e4-4a47-8d54-7373868731ca,node/1260549781,Penya Negra,Peña Negra,Penya Negra,,,589.0,OpenStreetMap (coincide con MDT a ±10 m),60.0,False,526.0,secundaria,39.0021134,-0.2555216,10,Comunitat Valenciana,46,Valencia/València,la Safor,46146,Xeresa,OpenStreetMap (ODbL 1.0),Calculada sobre MDT25 © IGN (CC BY 4.0),9,2020-05-25T17:42:31Z,2026-10-04
c0b85971-dc83-4350-b99f-aa5466b642b8,node/12174680821,Alto de la Canal,,,,,589.0,OpenStreetMap (coincide con MDT a ±10 m),44.0,False,545.0,secundaria,39.2703438,-0.7772478,10,Comunitat Valenciana,46,Valencia/València,La Hoya de Buñol,46115,Dos Aguas,OpenStreetMap (ODbL 1.0),Calculada sobre MDT25 © IGN (CC BY 4.0),1,2024-09-13T11:10:53Z,2026-10-04
3bfe27c3-82f9-4d58-baa5-c460ef18d0b4,node/1243415148,Alto del Madroñal,,,,,588.0,OpenStreetMap (coincide con MDT a ±10 m),173.0,False,416.0,principal,39.2808764,-0.8093579,10,Comunitat Valenciana,46,Valencia/València,La Hoya de Buñol,46115,Dos Aguas,OpenStreetMap (ODbL 1.0),Calculada sobre MDT25 © IGN (CC BY 4.0),4,2024-04-15T17:45:55Z,2026-10-04
060d014c-3da7-4bdc-92a9-e099da651c93,node/1243456434,El Retoret,,,,,587.0,OpenStreetMap (coincide con MDT a ±10 m),72.0,False,516.0,secundaria,39.3705915,-0.8310792,10,Comunitat Valenciana,46,Valencia/València,La Hoya de Buñol,46261,Yátova,OpenStreetMap (ODbL 1.0),Calculada sobre MDT25 © IGN (CC BY 4.0),4,2024-10-14T08:44:03Z,2026-10-04
6bab402f-d103-4238-8a88-63134df9b1eb,node/6417176018,Cavall Bernat,,Cavall Bernat,,,587.0,OpenStreetMap (coincide con MDT a ±10 m),88.0,False,494.0,secundaria,39.1297353,-0.3481944,10,Comunitat Valenciana,46,Valencia/València,la Ribera Baixa,46098,Corbera,OpenStreetMap (ODbL 1.0),Calculada sobre MDT25 © IGN (CC BY 4.0),5,2023-06-15T17:24:24Z,2026-10-04
bb8e1085-500f-46f8-bb62-65fdf997fe5c,node/6027682875,la Gorrissa,,la Gorrissa,,,586.0,OpenStreetMap (coincide con MDT a ±10 m),103.0,False,481.0,principal,39.68185,-0.445649,10,Comunitat Valenciana,46,Valencia/València,el Camp de Túria,46228,Serra,OpenStreetMap (ODbL 1.0),Calculada sobre MDT25 © IGN (CC BY 4.0),3,2023-10-09T23:26:39Z,2026-10-04
075b7175-4088-4fb7-bde2-e2ffa899482e,node/1243387530,Alto de las Pedrizas,,,,,585.0,OpenStreetMap (coincide con MDT a ±10 m),118.0,False,467.0,principal,39.6179343,-0.8865818,10,Comunitat Valenciana,46,Valencia/València,La Serranía,46234,Sot de Chera,OpenStreetMap (ODbL 1.0),Calculada sobre MDT25 © IGN (CC BY 4.0),4,2025-12-21T19:50:38Z,2026-10-04
614f7924-2c12-4f9f-a577-613c9d5f9cfd,node/6949824499,Llom del Matxo Flac,,Llom del Matxo Flac,,,585.0,OpenStreetMap (coincide con MDT a ±10 m),78.0,False,502.0,secundaria,39.1158577,-0.3314667,10,Comunitat Valenciana,46,Valencia/València,la Ribera Alta,46017,Alzira,OpenStreetMap (ODbL 1.0),Calculada sobre MDT25 © IGN (CC BY 4.0),3,2022-11-26T10:20:48Z,2026-10-04
c3acd876-c8c6-4b1a-8370-4b6d0154c118,node/12296463907,Alto de Sotos,,,,,584.0,OpenStreetMap (coincide con MDT a ±10 m),53.0,False,529.0,secundaria,39.2548442,-1.0475333,10,Comunitat Valenciana,46,Valencia/València,El Valle de Cofrentes-Ayora,46097,Cofrentes,OpenStreetMap (ODbL 1.0),Calculada sobre MDT25 © IGN (CC BY 4.0),1,2024-10-29T12:34:12Z,2026-10-04
c5659079-ca57-4f2b-84c4-8491ac7a57e7,node/13353982437,Alto de la Muela,,,,,584.0,OpenStreetMap (coincide con MDT a ±10 m),32.0,False,549.0,secundaria,39.704163,-0.9906435,10,Comunitat Valenciana,46,Valencia/València,La Serranía,46079,Calles,OpenStreetMap (ODbL 1.0),Calculada sobre MDT25 © IGN (CC BY 4.0),1,2025-12-04T18:31:36Z,2026-10-04
3887e960-ca45-4f90-bc8f-5237c839b24b,node/11061071366,,,,,,583.0,OpenStreetMap (coincide con MDT a ±10 m),31.0,False,556.0,secundaria,39.0244741,-0.3393965,10,Comunitat Valenciana,46,Valencia/València,la Safor,46231,Simat de la Valldigna,OpenStreetMap (ODbL 1.0),Calculada sobre MDT25 © IGN (CC BY 4.0),2,2023-12-23T21:21:36Z,2026-10-04
fdd59ec1-cb83-4580-b731-b259b6e1a368,node/7563804696,Tossal del Tramús,,Tossal del Tramús,,,582.0,OpenStreetMap (coincide con MDT a ±10 m),86.0,False,494.0,secundaria,38.9953708,-0.2687719,10,Comunitat Valenciana,46,Valencia/València,la Safor,46131,Gandia,OpenStreetMap (ODbL 1.0),Calculada sobre MDT25 © IGN (CC BY 4.0),3,2023-12-23T22:23:12Z,2026-10-04
e3bc563a-af6b-408b-9e54-4d15ea928724,node/12641465745,Alto del Bollo,,,,,581.0,OpenStreetMap (coincide con MDT a ±10 m),36.0,False,545.0,secundaria,39.7549775,-0.9785224,10,Comunitat Valenciana,46,Valencia/València,La Serranía,46106,Chelva,OpenStreetMap (ODbL 1.0),Calculada sobre MDT25 © IGN (CC BY 4.0),1,2025-03-06T19:40:40Z,2026-10-04
87208dbb-37ce-4632-b93b-df3cb3ec32df,node/13371516074,Cerro de la Balsa,,,,,581.0,OpenStreetMap (coincide con MDT a ±10 m),81.0,False,496.0,secundaria,39.7064135,-0.9038247,10,Comunitat Valenciana,46,Valencia/València,La Serranía,46114,Domeño,OpenStreetMap (ODbL 1.0),Calculada sobre MDT25 © IGN (CC BY 4.0),1,2025-12-12T09:39:46Z,2026-10-04
1bd931a0-3b9f-4a52-85c2-aa744405c695,node/11357051190,Cim del Buixcarró,,,,,580.0,OpenStreetMap (coincide con MDT a ±10 m),103.0,False,473.0,principal,39.0044067,-0.3653188,10,Comunitat Valenciana,46,Valencia/València,la Vall d'Albaida,46104,Quatretonda,OpenStreetMap (ODbL 1.0),Calculada sobre MDT25 © IGN (CC BY 4.0),3,2026-05-17T19:09:46Z,2026-10-04
a39761c3-d0eb-4420-b981-b47930e77db7,node/1260550194,Cerro Matraquera,,,,,578.0,OpenStreetMap (coincide con MDT a ±10 m),44.0,False,530.0,secundaria,39.7069102,-0.8944949,10,Comunitat Valenciana,46,Valencia/València,La Serranía,46114,Domeño,OpenStreetMap (ODbL 1.0),Calculada sobre MDT25 © IGN (CC BY 4.0),5,2026-05-17T19:09:46Z,2026-10-04
64b17e2f-2536-423d-b877-55e5f342887e,node/13703516282,el Castellet,,,,,571.0,OpenStreetMap (coincide con MDT a ±10 m),82.0,False,492.0,secundaria,39.7225991,-0.5238133,10,Comunitat Valenciana,46,Valencia/València,el Camp de Túria,46182,Olocau,OpenStreetMap (ODbL 1.0),Calculada sobre MDT25 © IGN (CC BY 4.0),1,2026-04-03T12:53:07Z,2026-10-04
a391cfd9-027a-43cd-946b-9bd8ed964c93,node/1243372279,Pico de la Colmena,,,,,569.0,OpenStreetMap (coincide con MDT a ±10 m),72.0,False,493.0,secundaria,39.3175909,-1.1656475,10,Comunitat Valenciana,46,Valencia/València,La Plana de Utiel-Requena,46213,Requena,OpenStreetMap (ODbL 1.0),Calculada sobre MDT25 © IGN (CC BY 4.0),4,2024-11-06T19:38:01Z,2026-10-04
5e20ebff-9360-4eee-b1c4-95ee8787fe2d,node/9438242384,Alto del Baste,,,,,569.0,OpenStreetMap (coincide con MDT a ±10 m),149.0,False,424.0,principal,39.5532451,-0.7851051,10,Comunitat Valenciana,46,Valencia/València,La Hoya de Buñol,46109,Cheste,OpenStreetMap (ODbL 1.0),Calculada sobre MDT25 © IGN (CC BY 4.0),1,2022-01-21T23:11:59Z,2026-10-04
84af134b-c744-4064-b9e7-4140ccc78bec,node/11061143769,,,,,,569.0,OpenStreetMap (coincide con MDT a ±10 m),42.0,False,527.0,secundaria,39.0295753,-0.3420199,10,Comunitat Valenciana,46,Valencia/València,la Safor,46231,Simat de la Valldigna,OpenStreetMap (ODbL 1.0),Calculada sobre MDT25 © IGN (CC BY 4.0),2,2023-12-23T21:21:36Z,2026-10-04
a62738ff-3bfe-4fc9-a4ac-225070838eb5,node/11281522579,Salagardos,,Salagardos,,,569.0,OpenStreetMap (coincide con MDT a ±10 m),116.0,False,452.0,principal,39.6907142,-0.7582817,10,Comunitat Valenciana,46,Valencia/València,el Camp de Túria,46089,Casinos,OpenStreetMap (ODbL 1.0),Calculada sobre MDT25 © IGN (CC BY 4.0),3,2026-05-17T19:09:46Z,2026-10-04
b514abd0-b3bf-44f4-a519-2d0017e0f709,node/1243415848,El Peñón,,,,,568.0,OpenStreetMap (coincide con MDT a ±10 m),31.0,False,538.0,secundaria,39.3712747,-0.9242249,10,Comunitat Valenciana,46,Valencia/València,La Hoya de Buñol,46261,Yátova,OpenStreetMap (ODbL 1.0),Calculada sobre MDT25 © IGN (CC BY 4.0),4,2024-10-14T15:44:47Z,2026-10-04
85395e56-5ca0-486d-979e-db7eb8d06f16,node/7367296364,Montemayor,,,,,566.0,OpenStreetMap (coincide con MDT a ±10 m),173.0,False,392.0,principal,39.1177716,-0.7923311,10,Comunitat Valenciana,46,Valencia/València,La Canal de Navarrés,46071,Bicorp,OpenStreetMap (ODbL 1.0),Calculada sobre MDT25 © IGN (CC BY 4.0),1,2020-04-04T19:00:12Z,2026-10-04
1b4935fc-f1ac-43dc-85cd-e1097fdcb83c,node/1661050856,Mola de Segart,,Mola de Segart,,,565.0,OpenStreetMap (coincide con MDT a ±10 m),125.0,False,439.0,principal,39.6714594,-0.380681,10,Comunitat Valenciana,46,Valencia/València,el Camp de Morvedre,46224,Segart,OpenStreetMap (ODbL 1.0),Calculada sobre MDT25 © IGN (CC BY 4.0),7,2023-10-20T00:05:04Z,2026-10-04
b019d438-8267-453e-a8b7-0652f09004d6,node/1260548997,Penya del Romaní,,Penya del Romaní,,,564.0,OpenStreetMap (coincide con MDT a ±10 m),51.0,False,508.0,secundaria,38.9889552,-0.3340463,10,Comunitat Valenciana,46,Valencia/València,la Vall d'Albaida,46196,Pinet,OpenStreetMap (ODbL 1.0),Calculada sobre MDT25 © IGN (CC BY 4.0),6,2026-05-17T19:09:46Z,2026-10-04
da6fbe0e-2707-4bea-9d57-958bc06f6580,node/12174717796,Alto de la Ceja,,,,,564.0,OpenStreetMap (coincide con MDT a ±10 m),30.0,False,533.0,secundaria,39.2578072,-0.7534265,10,Comunitat Valenciana,46,Valencia/València,La Hoya de Buñol,46115,Dos Aguas,OpenStreetMap (ODbL 1.0),Calculada sobre MDT25 © IGN (CC BY 4.0),1,2024-09-13T11:41:11Z,2026-10-04
6acf4669-4fe0-4bc4-a350-2a19226cd23b,node/1260542332,Pico de las Salinas,,,,,563.0,OpenStreetMap (coincide con MDT a ±10 m),186.0,False,376.0,principal,39.2749942,-0.8921378,10,Comunitat Valenciana,46,Valencia/València,El Valle de Cofrentes-Ayora,46099,Cortes de Pallás,OpenStreetMap (ODbL 1.0),Calculada sobre MDT25 © IGN (CC BY 4.0),8,2021-08-29T12:10:05Z,2026-10-04
b1e54de3-b827-4286-841a-fd9d4883816a,node/12193241030,Puntal de la Cueva Palera,,,,,562.0,OpenStreetMap (coincide con MDT a ±10 m),40.0,False,522.0,secundaria,39.2189344,-0.6568301,10,Comunitat Valenciana,46,Valencia/València,la Ribera Alta,46246,Tous,OpenStreetMap (ODbL 1.0),Calculada sobre MDT25 © IGN (CC BY 4.0),1,2024-09-22T19:12:17Z,2026-10-04
fa01706b-0f6f-4a6a-a459-89f31b1e7cd6,node/13418776026,Tolón,,,,,559.0,OpenStreetMap (coincide con MDT a ±10 m),194.0,False,363.0,principal,39.6658299,-0.8797626,10,Comunitat Valenciana,46,Valencia/València,La Serranía,46112,Chulilla,OpenStreetMap (ODbL 1.0),Calculada sobre MDT25 © IGN (CC BY 4.0),2,2026-01-01T19:05:47Z,2026-10-04
2e6c7cc3-99d2-4000-88df-3302b3dbcbe0,node/1243446418,Cerro del Estar,,,,,557.0,OpenStreetMap (coincide con MDT a ±10 m),113.0,False,439.0,principal,39.2134777,-1.0867176,10,Comunitat Valenciana,46,Valencia/València,El Valle de Cofrentes-Ayora,46142,Jalance,OpenStreetMap (ODbL 1.0),Calculada sobre MDT25 © IGN (CC BY 4.0),4,2024-11-03T20:29:56Z,2026-10-04
50bd27ba-8a4e-48b0-bd84-7e7f88fee5b5,node/10940352537,Puntal de la Mallada,,,,,551.0,OpenStreetMap (coincide con MDT a ±10 m),38.0,False,509.0,secundaria,39.6789009,-0.3967237,10,Comunitat Valenciana,46,Valencia/València,el Camp de Túria,46228,Serra,OpenStreetMap (ODbL 1.0),Calculada sobre MDT25 © IGN (CC BY 4.0),1,2023-05-30T17:51:16Z,2026-10-04
8b536dda-3532-4808-9f4a-d5b5ebc3441e,node/11819741251,El Padre Santo,,,,,549.0,OpenStreetMap (coincide con MDT a ±10 m),47.0,False,502.0,secundaria,39.2808249,-0.8248736,10,Comunitat Valenciana,46,Valencia/València,La Hoya de Buñol,46115,Dos Aguas,OpenStreetMap (ODbL 1.0),Calculada sobre MDT25 © IGN (CC BY 4.0),1,2024-04-15T17:45:55Z,2026-10-04
32a1509f-43f1-4e10-b4b1-3c4ed7c76058,node/13477297905,Cerro Lipón,,,,,549.0,OpenStreetMap (coincide con MDT a ±10 m),37.0,False,511.0,secundaria,39.3491603,-1.3176393,10,Comunitat Valenciana,46,Valencia/València,La Plana de Utiel-Requena,46213,Requena,OpenStreetMap (ODbL 1.0),Calculada sobre MDT25 © IGN (CC BY 4.0),1,2026-01-22T19:04:36Z,2026-10-04
9e476a71-6bfe-4868-8c5b-da473971a3fb,node/1260545026,Pico de la Matrona,,,,,548.0,OpenStreetMap (coincide con MDT a ±10 m),166.0,False,380.0,principal,39.2751328,-0.8670283,10,Comunitat Valenciana,46,Valencia/València,La Hoya de Buñol,46115,Dos Aguas,OpenStreetMap (ODbL 1.0),Calculada sobre MDT25 © IGN (CC BY 4.0),11,2024-09-11T06:50:07Z,2026-10-04
a0dab3da-f389-4430-8443-d831691b7267,node/11738754103,Peñas de Sala,,,,,547.0,OpenStreetMap (coincide con MDT a ±10 m),51.0,False,493.0,secundaria,39.1289122,-1.0473058,10,Comunitat Valenciana,46,Valencia/València,El Valle de Cofrentes-Ayora,46239,Teresa de Cofrentes,OpenStreetMap (ODbL 1.0),Calculada sobre MDT25 © IGN (CC BY 4.0),1,2024-03-17T12:04:09Z,2026-10-04
eeb85e4a-5857-4e71-b180-4eb5280407af,node/1243460728,Cerro Alcarroya,,,,,545.0,OpenStreetMap (coincide con MDT a ±10 m),77.0,False,463.0,secundaria,39.2091989,-1.0735135,10,Comunitat Valenciana,46,Valencia/València,El Valle de Cofrentes-Ayora,46142,Jalance,OpenStreetMap (ODbL 1.0),Calculada sobre MDT25 © IGN (CC BY 4.0),4,2024-11-03T20:29:56Z,2026-10-04
0cd9061e-7bb3-49b9-b728-c30442be9f84,node/1243414788,Cerro de la Cruz,,,,,542.0,OpenStreetMap (coincide con MDT a ±10 m),42.0,False,497.0,secundaria,39.6924025,-0.922276,10,Comunitat Valenciana,46,Valencia/València,el Camp de Túria,46148,Loriguilla,OpenStreetMap (ODbL 1.0),Calculada sobre MDT25 © IGN (CC BY 4.0),5,2025-12-11T13:03:30Z,2026-10-04
423bed52-8712-415d-bb21-aea8d39d04c0,node/11816996378,Pico la Muralla,,,,,542.0,OpenStreetMap (coincide con MDT a ±10 m),70.0,False,473.0,secundaria,39.2676771,-0.9030401,10,Comunitat Valenciana,46,Valencia/València,El Valle de Cofrentes-Ayora,46099,Cortes de Pallás,OpenStreetMap (ODbL 1.0),Calculada sobre MDT25 © IGN (CC BY 4.0),1,2024-04-14T17:37:07Z,2026-10-04
ef956654-57af-46a0-8710-243fb015b0cf,node/8551744895,les Creus,,les Creus,,,540.0,OpenStreetMap (coincide con MDT a ±10 m),105.0,False,435.0,principal,39.079743,-0.2785689,10,Comunitat Valenciana,46,Valencia/València,la Safor,46238,Tavernes de la Valldigna,OpenStreetMap (ODbL 1.0),Calculada sobre MDT25 © IGN (CC BY 4.0),4,2023-10-20T00:05:13Z,2026-10-04
06c49818-487c-415b-8bb1-19a273fbb7cd,node/11430083670,Los Alterones,,,,,539.0,OpenStreetMap (coincide con MDT a ±10 m),102.0,False,436.0,principal,39.1864549,-0.7085,10,Comunitat Valenciana,46,Valencia/València,la Ribera Alta,46246,Tous,OpenStreetMap (ODbL 1.0),Calculada sobre MDT25 © IGN (CC BY 4.0),1,2023-12-18T23:04:10Z,2026-10-04
5a3665a9-98ee-44e3-a7b0-f7ed5148a559,node/13481697870,Cerro Redondo,,,,,538.0,OpenStreetMap (coincide con MDT a ±10 m),31.0,False,501.0,secundaria,39.371988,-1.4457031,10,Comunitat Valenciana,46,Valencia/València,La Plana de Utiel-Requena,46254,Venta del Moro,OpenStreetMap (ODbL 1.0),Calculada sobre MDT25 © IGN (CC BY 4.0),1,2026-01-24T12:23:01Z,2026-10-04
88f8c896-be0d-4574-9607-1bdb36e99055,node/1243425947,Puntal del Salt,,Puntal del Salt,,,537.0,OpenStreetMap (coincide con MDT a ±10 m),78.0,False,456.0,secundaria,39.6749441,-0.3930675,10,Comunitat Valenciana,46,Valencia/València,el Camp de Morvedre,46224,Segart,OpenStreetMap (ODbL 1.0),Calculada sobre MDT25 © IGN (CC BY 4.0),6,2023-05-30T17:51:16Z,2026-10-04
3e374d48-e41e-433a-9a34-551aa32fff96,node/9963865087,Tossal Redó,,Tossal Redó,,,530.0,OpenStreetMap (coincide con MDT a ±10 m),36.0,False,494.0,secundaria,39.021745,-0.2706061,10,Comunitat Valenciana,46,Valencia/València,la Safor,46143,Xeraco,OpenStreetMap (ODbL 1.0),Calculada sobre MDT25 © IGN (CC BY 4.0),3,2026-05-17T19:09:46Z,2026-10-04
33575666-610b-4c4a-8962-57db63af2acb,node/1243368908,Puntal de la Cuesta Blanca,,,,,529.0,OpenStreetMap (coincide con MDT a ±10 m),39.0,False,491.0,secundaria,39.3583062,-0.8503291,10,Comunitat Valenciana,46,Valencia/València,La Hoya de Buñol,46261,Yátova,OpenStreetMap (ODbL 1.0),Calculada sobre MDT25 © IGN (CC BY 4.0),4,2024-10-13T17:40:43Z,2026-10-04
35e06876-b49b-4ca6-9432-33db231a7b29,node/11076398949,,,,,,529.0,OpenStreetMap (coincide con MDT a ±10 m),48.0,False,482.0,secundaria,38.866782,-0.199038,10,Comunitat Valenciana,46,Valencia/València,la Safor,46255,Vilallonga / Villalonga,OpenStreetMap (ODbL 1.0),Calculada sobre MDT25 © IGN (CC BY 4.0),1,2023-07-30T05:55:46Z,2026-10-04
099ab3e4-b77a-46b2-aa9e-f830e8a66f9b,node/11736624478,Cerro de Parras,,,,,525.0,OpenStreetMap (coincide con MDT a ±10 m),41.0,False,484.0,secundaria,39.1185262,-1.04931,10,Comunitat Valenciana,46,Valencia/València,El Valle de Cofrentes-Ayora,46239,Teresa de Cofrentes,OpenStreetMap (ODbL 1.0),Calculada sobre MDT25 © IGN (CC BY 4.0),1,2024-03-16T11:33:04Z,2026-10-04
8765dede-ff2f-41b1-adb0-9864051274bd,node/1243447140,Pico Redondo,,,,,524.0,OpenStreetMap (coincide con MDT a ±10 m),31.0,False,491.0,secundaria,39.35123,-1.2973095,10,Comunitat Valenciana,46,Valencia/València,La Plana de Utiel-Requena,46213,Requena,OpenStreetMap (ODbL 1.0),Calculada sobre MDT25 © IGN (CC BY 4.0),4,2026-01-19T18:58:49Z,2026-10-04
0407c755-a869-427c-8970-d747f00d637e,node/10940352534,Montcúdio,,Montcúdio,,,524.0,OpenStreetMap (coincide con MDT a ±10 m),72.0,False,454.0,secundaria,39.6722001,-0.4073471,10,Comunitat Valenciana,46,Valencia/València,el Camp de Túria,46228,Serra,OpenStreetMap (ODbL 1.0),Calculada sobre MDT25 © IGN (CC BY 4.0),4,2024-02-15T14:52:29Z,2026-10-04
54627c12-0e6a-4a46-ab7b-99f9392c0bd4,node/1260543993,Cerro de los Vagos,,,,,523.0,OpenStreetMap (coincide con MDT a ±10 m),52.0,False,472.0,secundaria,39.2596561,-0.9619314,10,Comunitat Valenciana,46,Valencia/València,El Valle de Cofrentes-Ayora,46099,Cortes de Pallás,OpenStreetMap (ODbL 1.0),Calculada sobre MDT25 © IGN (CC BY 4.0),5,2024-10-27T18:27:35Z,2026-10-04
b07f3411-bb87-467c-a255-dba5ceb21d98,node/1243412275,Alto de Alcance,,,,,522.0,OpenStreetMap (coincide con MDT a ±10 m),36.0,False,480.0,secundaria,39.2577313,-1.0881589,10,Comunitat Valenciana,46,Valencia/València,El Valle de Cofrentes-Ayora,46097,Cofrentes,OpenStreetMap (ODbL 1.0),Calculada sobre MDT25 © IGN (CC BY 4.0),4,2024-10-29T19:30:54Z,2026-10-04
fc6769f0-85e0-4f4e-bdb2-462e8832444d,node/1243462493,Puntal de las Viñas,,,,,518.0,OpenStreetMap (coincide con MDT a ±10 m),45.0,False,475.0,secundaria,39.2553289,-0.9453978,10,Comunitat Valenciana,46,Valencia/València,El Valle de Cofrentes-Ayora,46099,Cortes de Pallás,OpenStreetMap (ODbL 1.0),Calculada sobre MDT25 © IGN (CC BY 4.0),4,2024-10-27T18:27:35Z,2026-10-04
381b08cf-1f41-4b3a-8ee5-72319e3802ac,node/1243401332,Guartipol,,,,,517.0,OpenStreetMap (coincide con MDT a ±10 m),31.0,False,487.0,secundaria,39.2805698,-0.9129891,10,Comunitat Valenciana,46,Valencia/València,El Valle de Cofrentes-Ayora,46099,Cortes de Pallás,OpenStreetMap (ODbL 1.0),Calculada sobre MDT25 © IGN (CC BY 4.0),4,2024-09-07T17:11:20Z,2026-10-04
32dc5736-27c1-4aef-aa96-cad9e4e10917,node/12312567710,La Morrota,,,,,517.0,OpenStreetMap (coincide con MDT a ±10 m),37.0,False,477.0,secundaria,39.2279017,-1.0871322,10,Comunitat Valenciana,46,Valencia/València,El Valle de Cofrentes-Ayora,46097,Cofrentes,OpenStreetMap (ODbL 1.0),Calculada sobre MDT25 © IGN (CC BY 4.0),1,2024-11-04T18:26:06Z,2026-10-04
b23c520a-2563-47ba-8e59-e6d632f2e772,node/13371516073,Cerro de la Solsida,,,,,516.0,OpenStreetMap (coincide con MDT a ±10 m),87.0,False,428.0,secundaria,39.7041434,-0.9144635,10,Comunitat Valenciana,46,Valencia/València,La Serranía,46114,Domeño,OpenStreetMap (ODbL 1.0),Calculada sobre MDT25 © IGN (CC BY 4.0),1,2025-12-12T09:39:46Z,2026-10-04
96df136a-449e-488d-bccb-49841d3efa34,node/1243380555,El Manyo,,,,,513.0,OpenStreetMap (coincide con MDT a ±10 m),53.0,False,460.0,secundaria,39.6803188,-0.4058257,10,Comunitat Valenciana,46,Valencia/València,el Camp de Túria,46228,Serra,OpenStreetMap (ODbL 1.0),Calculada sobre MDT25 © IGN (CC BY 4.0),4,2025-02-09T18:44:14Z,2026-10-04
e68814fa-fff3-4fe0-87a8-094d2413c63f,node/1260547675,Cerro Agrás,,,,,512.0,OpenStreetMap (coincide con MDT a ±10 m),92.0,False,429.0,secundaria,39.2395525,-1.0716871,10,Comunitat Valenciana,46,Valencia/València,El Valle de Cofrentes-Ayora,46097,Cofrentes,OpenStreetMap (ODbL 1.0),Calculada sobre MDT25 © IGN (CC BY 4.0),10,2021-08-29T12:10:05Z,2026-10-04
fe7a1676-2d11-4aaf-af60-7a2990a139fe,node/1243469742,Alto de Vera,,,,,511.0,OpenStreetMap (coincide con MDT a ±10 m),36.0,False,473.0,secundaria,39.0981536,-0.8118914,10,Comunitat Valenciana,46,Valencia/València,La Canal de Navarrés,46071,Bicorp,OpenStreetMap (ODbL 1.0),Calculada sobre MDT25 © IGN (CC BY 4.0),4,2020-04-04T19:00:12Z,2026-10-04
ad5238ab-8246-4ff3-859e-d1a612985279,node/12193241028,Puntal de Guijas,,,,,511.0,OpenStreetMap (coincide con MDT a ±10 m),36.0,False,475.0,secundaria,39.1992031,-0.6571412,10,Comunitat Valenciana,46,Valencia/València,la Ribera Alta,46246,Tous,OpenStreetMap (ODbL 1.0),Calculada sobre MDT25 © IGN (CC BY 4.0),1,2024-09-22T19:12:17Z,2026-10-04
4fa992e6-bac5-4b2a-bf97-7a86cd0da490,node/1243421715,el Reixo,,el Reixo,,,508.0,OpenStreetMap (coincide con MDT a ±10 m),104.0,False,403.0,principal,39.6731834,-0.4530378,10,Comunitat Valenciana,46,Valencia/València,el Camp de Túria,46228,Serra,OpenStreetMap (ODbL 1.0),Calculada sobre MDT25 © IGN (CC BY 4.0),6,2023-10-09T23:26:39Z,2026-10-04
4dded379-ae4d-4fea-b236-a0ea61f81f58,node/7103576613,Alt del Trencall,,Alt del Trencall,,,506.0,OpenStreetMap (coincide con MDT a ±10 m),243.0,False,262.0,principal,39.233662,-0.6159118,10,Comunitat Valenciana,46,Valencia/València,la Ribera Alta,46093,Catadau,OpenStreetMap (ODbL 1.0),Calculada sobre MDT25 © IGN (CC BY 4.0),4,2023-10-09T23:24:37Z,2026-10-04
5347d829-3f3a-406b-9df4-12fb757515c0,node/9437298769,Aliagar,,,,,506.0,OpenStreetMap (coincide con MDT a ±10 m),119.0,False,386.0,principal,39.5861647,-0.7720014,10,Comunitat Valenciana,46,Valencia/València,La Serranía,46076,Bugarra,OpenStreetMap (ODbL 1.0),Calculada sobre MDT25 © IGN (CC BY 4.0),1,2022-01-21T15:46:24Z,2026-10-04
db5c0e05-71f1-4770-a3e0-d74a1fc57b1d,node/11447490173,,,,,,505.0,OpenStreetMap (coincide con MDT a ±10 m),31.0,False,471.0,secundaria,38.8538793,-0.4008635,10,Comunitat Valenciana,46,Valencia/València,la Vall d'Albaida,46210,el Ràfol de Salem,OpenStreetMap (ODbL 1.0),Calculada sobre MDT25 © IGN (CC BY 4.0),1,2023-12-23T22:30:28Z,2026-10-04
53da1247-4b52-4589-badd-fd4b79ab1215,node/7373811859,Mola del Pi,,Mola del Pi,,,504.0,OpenStreetMap (coincide con MDT a ±10 m),65.0,False,439.0,secundaria,38.9069769,-0.7533664,10,Comunitat Valenciana,46,Valencia/València,la Costera,46170,Moixent / Mogente,OpenStreetMap (ODbL 1.0),Calculada sobre MDT25 © IGN (CC BY 4.0),2,2023-10-09T23:25:30Z,2026-10-04
dc71ec9f-cbc8-4ae5-86b8-ea71ff1fcf3d,node/8551744902,el Piló de la Font del Barber,,el Piló de la Font del Barber,,,501.0,OpenStreetMap (coincide con MDT a ±10 m),86.0,False,411.0,secundaria,39.0881022,-0.3089905,10,Comunitat Valenciana,46,Valencia/València,la Safor,46059,Benifairó de la Valldigna,OpenStreetMap (ODbL 1.0),Calculada sobre MDT25 © IGN (CC BY 4.0),3,2023-10-20T00:02:48Z,2026-10-04
6abe9425-4c9f-449e-8f97-af552d007170,node/1243388657,Alt de Lluna,,Alt de Lluna,,,500.0,OpenStreetMap (coincide con MDT a ±10 m),51.0,False,444.0,secundaria,38.9878846,-0.3457821,10,Comunitat Valenciana,46,Valencia/València,la Vall d'Albaida,46196,Pinet,OpenStreetMap (ODbL 1.0),Calculada sobre MDT25 © IGN (CC BY 4.0),5,2023-12-23T22:20:16Z,2026-10-04
ead3b9ac-1a8b-45d5-a567-345e7a4c7d14,node/12302240149,Alto de la Cárcama,,,,,499.0,OpenStreetMap (coincide con MDT a ±10 m),31.0,False,471.0,secundaria,39.5127975,-0.7714667,10,Comunitat Valenciana,46,Valencia/València,La Hoya de Buñol,46111,Chiva,OpenStreetMap (ODbL 1.0),Calculada sobre MDT25 © IGN (CC BY 4.0),1,2024-10-31T19:06:37Z,2026-10-04
ac8c231a-2e28-4539-8713-2140e61bb2e6,node/1243447104,Puntal de Agrel,,,,,496.0,OpenStreetMap (coincide con MDT a ±10 m),71.0,False,421.0,secundaria,39.2416244,-1.0801986,10,Comunitat Valenciana,46,Valencia/València,El Valle de Cofrentes-Ayora,46097,Cofrentes,OpenStreetMap (ODbL 1.0),Calculada sobre MDT25 © IGN (CC BY 4.0),4,2024-10-29T19:30:54Z,2026-10-04
ca46ae35-404f-4dba-acd4-c4b9c181b693,node/11059652573,,,,,,496.0,OpenStreetMap (coincide con MDT a ±10 m),39.0,False,451.0,secundaria,38.8736208,-0.3383393,10,Comunitat Valenciana,46,Valencia/València,la Vall d'Albaida,46043,Aielo de Rugat,OpenStreetMap (ODbL 1.0),Calculada sobre MDT25 © IGN (CC BY 4.0),3,2023-12-24T10:21:25Z,2026-10-04
6673bf6f-adf9-4257-b049-b0065d8b2f8c,node/1243385838,Pico Redondo,,,,,494.0,OpenStreetMap (coincide con MDT a ±10 m),37.0,False,454.0,secundaria,39.2695157,-1.0604741,10,Comunitat Valenciana,46,Valencia/València,El Valle de Cofrentes-Ayora,46097,Cofrentes,OpenStreetMap (ODbL 1.0),Calculada sobre MDT25 © IGN (CC BY 4.0),4,2024-10-29T13:04:17Z,2026-10-04
dfb6bed5-e3ad-4793-87a7-e0f243cadd8a,node/1260551146,el Xim,,el Xim,,,494.0,OpenStreetMap (coincide con MDT a ±10 m),145.0,False,348.0,principal,38.9896551,-0.3872934,10,Comunitat Valenciana,46,Valencia/València,la Vall d'Albaida,46104,Quatretonda,OpenStreetMap (ODbL 1.0),Calculada sobre MDT25 © IGN (CC BY 4.0),8,2023-10-20T00:04:47Z,2026-10-04
84d196b7-e0dc-4a97-bef6-9d7418b8068f,node/1243422326,Tossal de Perruca,,Tossal de Perruca,,,492.0,OpenStreetMap (coincide con MDT a ±10 m),38.0,False,450.0,secundaria,39.7071459,-0.3869351,10,Comunitat Valenciana,46,Valencia/València,el Camp de Morvedre,46120,Estivella,OpenStreetMap (ODbL 1.0),Calculada sobre MDT25 © IGN (CC BY 4.0),5,2025-02-09T18:19:00Z,2026-10-04
76838319-83a7-448c-a398-46056417429e,node/1243452233,Puntal de la Bassa,,,,,492.0,OpenStreetMap (coincide con MDT a ±10 m),51.0,False,439.0,secundaria,39.0295835,-0.2880865,10,Comunitat Valenciana,46,Valencia/València,la Safor,46231,Simat de la Valldigna,OpenStreetMap (ODbL 1.0),Calculada sobre MDT25 © IGN (CC BY 4.0),5,2023-12-23T21:41:53Z,2026-10-04
c19834cb-2530-461b-88eb-a13f367fa47d,node/1260542245,Puntal dels Cocons,,,,,491.0,OpenStreetMap (coincide con MDT a ±10 m),49.0,False,441.0,secundaria,39.0293314,-0.2690398,10,Comunitat Valenciana,46,Valencia/València,la Safor,46143,Xeraco,OpenStreetMap (ODbL 1.0),Calculada sobre MDT25 © IGN (CC BY 4.0),6,2025-01-08T17:42:55Z,2026-10-04
674d2ad4-e106-4afe-b1a7-eec34de445c9,node/13409499953,Penya Roja,,,,,491.0,OpenStreetMap (coincide con MDT a ±10 m),43.0,False,448.0,secundaria,39.7132697,-0.4017678,10,Comunitat Valenciana,46,Valencia/València,el Camp de Morvedre,46120,Estivella,OpenStreetMap (ODbL 1.0),Calculada sobre MDT25 © IGN (CC BY 4.0),2,2025-12-29T18:18:08Z,2026-10-04
5b2ecdeb-5383-4a33-861d-39a3591a994d,node/1243449092,el Pinar,,el Pinar,,,489.0,OpenStreetMap (coincide con MDT a ±10 m),129.0,False,359.0,principal,39.6605049,-0.4144572,10,Comunitat Valenciana,46,Valencia/València,el Camp de Túria,46178,Nàquera / Náquera,OpenStreetMap (ODbL 1.0),Calculada sobre MDT25 © IGN (CC BY 4.0),7,2023-11-12T19:25:43Z,2026-10-04
4af113e3-de69-4937-9a47-114f92e43b58,node/7051313649,La Soterraña,,,,,489.0,OpenStreetMap (coincide con MDT a ±10 m),65.0,False,425.0,secundaria,39.5079061,-0.7676362,10,Comunitat Valenciana,46,Valencia/València,La Hoya de Buñol,46111,Chiva,OpenStreetMap (ODbL 1.0),Calculada sobre MDT25 © IGN (CC BY 4.0),2,2024-10-31T19:06:37Z,2026-10-04
7dfd8924-dacb-416c-9de1-b6ae7456f94d,node/12193241150,Alto de las Palas,,,,,484.0,OpenStreetMap (coincide con MDT a ±10 m),48.0,False,436.0,secundaria,39.2120185,-0.6674677,10,Comunitat Valenciana,46,Valencia/València,la Ribera Alta,46246,Tous,OpenStreetMap (ODbL 1.0),Calculada sobre MDT25 © IGN (CC BY 4.0),1,2024-09-22T19:12:17Z,2026-10-04
6a770f51-7183-4cb9-abfa-a6f98f328590,node/1260549770,Tossal Redó,,Tossal Redó,,,481.0,OpenStreetMap (coincide con MDT a ±10 m),47.0,False,434.0,secundaria,38.8775697,-0.3353459,10,Comunitat Valenciana,46,Valencia/València,la Vall d'Albaida,46043,Aielo de Rugat,OpenStreetMap (ODbL 1.0),Calculada sobre MDT25 © IGN (CC BY 4.0),6,2023-07-21T14:47:13Z,2026-10-04
5d4a4219-7f63-4f2e-a0f9-d60ad4244dc6,node/12193241027,Loma del Pimpollo,,,,,478.0,OpenStreetMap (coincide con MDT a ±10 m),36.0,False,442.0,secundaria,39.1942392,-0.662739,10,Comunitat Valenciana,46,Valencia/València,la Ribera Alta,46246,Tous,OpenStreetMap (ODbL 1.0),Calculada sobre MDT25 © IGN (CC BY 4.0),1,2024-09-22T19:12:17Z,2026-10-04
37020475-b612-43ef-bdff-68469ce705a4,node/8276470347,el Rodeno del Tender,,,,,473.0,OpenStreetMap (coincide con MDT a ±10 m),31.0,False,440.0,secundaria,39.6750875,-0.3851948,10,Comunitat Valenciana,46,Valencia/València,el Camp de Morvedre,46224,Segart,OpenStreetMap (ODbL 1.0),Calculada sobre MDT25 © IGN (CC BY 4.0),2,2024-04-27T18:42:46Z,2026-10-04
dd4a7364-cfd7-4deb-ae87-faa26481fa20,node/1243431019,Puntal de Mateu,,Puntal de Mateu,,,470.0,OpenStreetMap (coincide con MDT a ±10 m),50.0,False,417.0,secundaria,39.6634704,-0.40767,10,Comunitat Valenciana,46,Valencia/València,el Camp de Túria,46178,Nàquera / Náquera,OpenStreetMap (ODbL 1.0),Calculada sobre MDT25 © IGN (CC BY 4.0),6,2023-10-19T23:09:46Z,2026-10-04
af299a47-4cec-4afa-bfc8-5fd51e666545,node/7556829394,Tossal de la Caldereta,,Tossal de la Caldereta,,,470.0,OpenStreetMap (coincide con MDT a ±10 m),46.0,False,424.0,secundaria,38.9991495,-0.2617873,10,Comunitat Valenciana,46,Valencia/València,la Safor,46131,Gandia,OpenStreetMap (ODbL 1.0),Calculada sobre MDT25 © IGN (CC BY 4.0),4,2023-07-21T17:49:10Z,2026-10-04
d0e3ae92-bc4d-42e4-a3c3-27f4eb7fcb81,node/11909867312,Alto de Jacinto,,,,,469.0,OpenStreetMap (coincide con MDT a ±10 m),115.0,False,354.0,principal,39.1086765,-0.7739021,10,Comunitat Valenciana,46,Valencia/València,La Canal de Navarrés,46071,Bicorp,OpenStreetMap (ODbL 1.0),Calculada sobre MDT25 © IGN (CC BY 4.0),1,2024-05-16T13:04:00Z,2026-10-04
2f9bd567-53af-4f7f-b5da-2d1e24e118ad,node/11059840586,Penya Llarga,,Penya Llarga,,,466.0,OpenStreetMap (coincide con MDT a ±10 m),91.0,False,372.0,secundaria,38.9623702,-0.333286,10,Comunitat Valenciana,46,Valencia/València,la Vall d'Albaida,46196,Pinet,OpenStreetMap (ODbL 1.0),Calculada sobre MDT25 © IGN (CC BY 4.0),2,2023-10-09T23:26:01Z,2026-10-04
2fa177e2-0350-462e-9ec7-f189baadfa36,node/1243372956,Cerro del Bolariquio,,,,,465.0,OpenStreetMap (coincide con MDT a ±10 m),51.0,False,411.0,secundaria,39.1957846,-1.0629601,10,Comunitat Valenciana,46,Valencia/València,El Valle de Cofrentes-Ayora,46142,Jalance,OpenStreetMap (ODbL 1.0),Calculada sobre MDT25 © IGN (CC BY 4.0),4,2024-03-25T18:51:10Z,2026-10-04
3dda0c1c-d0fe-4512-a294-ce9db610622b,node/1243409018,Los Castillejos,,,,,459.0,OpenStreetMap (coincide con MDT a ±10 m),31.0,False,429.0,secundaria,39.3740418,-0.8116248,10,Comunitat Valenciana,46,Valencia/València,La Hoya de Buñol,46261,Yátova,OpenStreetMap (ODbL 1.0),Calculada sobre MDT25 © IGN (CC BY 4.0),4,2024-10-14T08:44:03Z,2026-10-04
8b91fa5e-917f-4eac-95eb-9b59134f8de9,node/8648260901,Alt de la Malladeta,,,,,459.0,OpenStreetMap (coincide con MDT a ±10 m),78.0,False,380.0,secundaria,38.98575,-0.4147822,10,Comunitat Valenciana,46,Valencia/València,la Vall d'Albaida,46062,Benigànim,OpenStreetMap (ODbL 1.0),Calculada sobre MDT25 © IGN (CC BY 4.0),1,2021-04-20T17:47:16Z,2026-10-04
eab73a78-16f8-4c83-a94c-e17022b48d97,node/1260554027,Alt de la Falconera,,,,,456.0,OpenStreetMap (coincide con MDT a ±10 m),45.0,False,404.0,secundaria,38.9748197,-0.2253809,10,Comunitat Valenciana,46,Valencia/València,la Safor,46131,Gandia,OpenStreetMap (ODbL 1.0),Calculada sobre MDT25 © IGN (CC BY 4.0),6,2022-08-08T09:52:44Z,2026-10-04
746c6550-f07f-449f-b237-dbbfe47201ca,node/1699455964,Molló de la Falconera,,Molló de la Falconera,,,456.0,OpenStreetMap (coincide con MDT a ±10 m),363.0,False,93.0,principal,38.9741149,-0.2211937,10,Comunitat Valenciana,46,Valencia/València,la Safor,46131,Gandia,OpenStreetMap (ODbL 1.0),Calculada sobre MDT25 © IGN (CC BY 4.0),5,2026-05-17T19:09:46Z,2026-10-04
3d021cdb-c505-4ce6-954c-1e5af2e8e152,node/9536461673,Tossal del Morquí,,Tossal del Morquí,,,456.0,OpenStreetMap (coincide con MDT a ±10 m),105.0,False,349.0,principal,38.9020031,-0.3020199,10,Comunitat Valenciana,46,Valencia/València,la Safor,46153,Llocnou de Sant Jeroni,OpenStreetMap (ODbL 1.0),Calculada sobre MDT25 © IGN (CC BY 4.0),4,2026-05-17T19:09:46Z,2026-10-04
37de1f84-ca37-40bc-923c-bfa5eec56d1e,node/1243422175,Picaio de Calbet,,,,,451.0,OpenStreetMap (coincide con MDT a ±10 m),142.0,False,307.0,principal,39.7385498,-0.4005064,10,Comunitat Valenciana,46,Valencia/València,el Camp de Morvedre,46030,Algímia d'Alfara,OpenStreetMap (ODbL 1.0),Calculada sobre MDT25 © IGN (CC BY 4.0),5,2025-04-06T14:34:02Z,2026-10-04
3ad6626d-1e30-4aee-9b38-cd02f8375c6f,node/1243401829,Alto Gaspar,,,,,448.0,OpenStreetMap (coincide con MDT a ±10 m),54.0,False,392.0,secundaria,39.6101352,-0.8388688,10,Comunitat Valenciana,46,Valencia/València,La Serranía,46133,Gestalgar,OpenStreetMap (ODbL 1.0),Calculada sobre MDT25 © IGN (CC BY 4.0),5,2026-02-25T19:59:37Z,2026-10-04
6adb93b4-3a31-4aa2-a509-a4b2133eab1a,node/9947090506,El Murtadell,,,,,448.0,OpenStreetMap (coincide con MDT a ±10 m),85.0,False,361.0,secundaria,38.904036,-0.2720789,10,Comunitat Valenciana,46,Valencia/València,la Safor,46091,Castellonet de la Conquesta,OpenStreetMap (ODbL 1.0),Calculada sobre MDT25 © IGN (CC BY 4.0),2,2026-05-17T19:09:46Z,2026-10-04
1a746347-6d80-462b-92ce-b5cfda003b73,node/12698820428,Loma de las Cortaderas,,,,,445.0,OpenStreetMap (coincide con MDT a ±10 m),45.0,False,402.0,secundaria,39.3182466,-1.2225938,10,Comunitat Valenciana,46,Valencia/València,La Plana de Utiel-Requena,46213,Requena,OpenStreetMap (ODbL 1.0),Calculada sobre MDT25 © IGN (CC BY 4.0),1,2025-03-25T12:59:56Z,2026-10-04
9f1d5224-7c32-45fe-983c-f683fbf66452,node/1243368452,el Xocainet,,el Xocainet,,,442.0,OpenStreetMap (coincide con MDT a ±10 m),78.0,False,361.0,secundaria,39.678043,-0.3505501,10,Comunitat Valenciana,46,Valencia/València,el Camp de Morvedre,46134,Gilet,OpenStreetMap (ODbL 1.0),Calculada sobre MDT25 © IGN (CC BY 4.0),7,2023-10-19T23:09:41Z,2026-10-04
8b6f8378-6e03-4f21-aacb-2637ca71694d,node/1260541697,Cerro del Nido del Águila,,,,,442.0,OpenStreetMap (coincide con MDT a ±10 m),55.0,False,385.0,secundaria,39.7183939,-0.9655915,10,Comunitat Valenciana,46,Valencia/València,La Serranía,46079,Calles,OpenStreetMap (ODbL 1.0),Calculada sobre MDT25 © IGN (CC BY 4.0),5,2026-05-17T19:09:46Z,2026-10-04
2e026501-2551-4ec8-8b8c-6725ee0e2fa9,node/12170378046,El Rodenal,,,,,441.0,OpenStreetMap (coincide con MDT a ±10 m),41.0,False,401.0,secundaria,39.2891381,-0.8237798,10,Comunitat Valenciana,46,Valencia/València,La Hoya de Buñol,46115,Dos Aguas,OpenStreetMap (ODbL 1.0),Calculada sobre MDT25 © IGN (CC BY 4.0),1,2024-09-11T17:17:12Z,2026-10-04
5f2714af-9152-4a17-8485-6b06615141a2,node/1243439684,Peñón de Salinas,,,,,440.0,OpenStreetMap (coincide con MDT a ±10 m),36.0,False,402.0,secundaria,39.1928691,-1.0614085,10,Comunitat Valenciana,46,Valencia/València,El Valle de Cofrentes-Ayora,46142,Jalance,OpenStreetMap (ODbL 1.0),Calculada sobre MDT25 © IGN (CC BY 4.0),4,2024-03-25T18:51:10Z,2026-10-04
113a01a9-9cd0-4c67-9eeb-731eed347550,node/13304801261,Puntal del Cementeri,,,,,439.0,OpenStreetMap (coincide con MDT a ±10 m),68.0,False,371.0,secundaria,39.7075808,-0.5332929,10,Comunitat Valenciana,46,Valencia/València,el Camp de Túria,46182,Olocau,OpenStreetMap (ODbL 1.0),Calculada sobre MDT25 © IGN (CC BY 4.0),1,2025-11-14T15:12:17Z,2026-10-04
a8fe7600-6777-4354-8c73-1d54e3175a48,node/1260545106,Penya Negra,,Penya Negra,,,436.0,OpenStreetMap (coincide con MDT a ±10 m),54.0,False,380.0,secundaria,39.0327924,-0.258222,10,Comunitat Valenciana,46,Valencia/València,la Safor,46143,Xeraco,OpenStreetMap (ODbL 1.0),Calculada sobre MDT25 © IGN (CC BY 4.0),7,2026-05-17T19:09:46Z,2026-10-04
6b48927c-2d32-4d85-a0dd-bb54e7dcafda,node/8467927621,les Bateries Altes,,les Bateries Altes,,,436.0,OpenStreetMap (coincide con MDT a ±10 m),151.0,False,285.0,principal,38.9787601,-0.4425819,10,Comunitat Valenciana,46,Valencia/València,la Vall d'Albaida,46062,Benigànim,OpenStreetMap (ODbL 1.0),Calculada sobre MDT25 © IGN (CC BY 4.0),2,2023-10-09T23:24:08Z,2026-10-04
506da0e4-23d0-4dfe-b85a-eb3b2739f522,node/8648260902,Alt de la Corsa,,,,,433.0,OpenStreetMap (coincide con MDT a ±10 m),95.0,False,333.0,secundaria,38.9955525,-0.4120141,10,Comunitat Valenciana,46,Valencia/València,la Costera,46045,Barxeta,OpenStreetMap (ODbL 1.0),Calculada sobre MDT25 © IGN (CC BY 4.0),1,2021-04-20T17:47:16Z,2026-10-04
988379f7-9b36-4a33-9cdb-fbe81c5d720b,node/1243415380,les Penyes,,les Penyes,,,432.0,OpenStreetMap (coincide con MDT a ±10 m),74.0,False,360.0,secundaria,38.8800073,-0.1704966,10,Comunitat Valenciana,46,Valencia/València,la Safor,46255,Vilallonga / Villalonga,OpenStreetMap (ODbL 1.0),Calculada sobre MDT25 © IGN (CC BY 4.0),6,2023-11-07T23:56:11Z,2026-10-04
e6a8a7a7-0ac3-4be4-b482-5fa69a82565c,node/2338047148,Penya Blanca,,Penya Blanca,,,429.0,OpenStreetMap (coincide con MDT a ±10 m),61.0,False,364.0,secundaria,38.9688799,-0.4754063,10,Comunitat Valenciana,46,Valencia/València,la Vall d'Albaida,46062,Benigànim,OpenStreetMap (ODbL 1.0),Calculada sobre MDT25 © IGN (CC BY 4.0),8,2022-11-26T10:28:23Z,2026-10-04
7dcc7ffa-b071-4614-9878-459128288720,node/6401955639,Muntanya Redona,,Muntanya Redona,,,429.0,OpenStreetMap (coincide con MDT a ±10 m),99.0,False,328.0,secundaria,39.6819478,-0.3429157,10,Comunitat Valenciana,46,Valencia/València,el Camp de Morvedre,46134,Gilet,OpenStreetMap (ODbL 1.0),Calculada sobre MDT25 © IGN (CC BY 4.0),3,2022-11-26T11:03:18Z,2026-10-04
698aa21c-6800-4443-aaf7-84cf42d21f38,node/12302201518,Atalaya de Urrea,,,,,427.0,OpenStreetMap (coincide con MDT a ±10 m),45.0,False,384.0,secundaria,39.5121116,-0.7618571,10,Comunitat Valenciana,46,Valencia/València,La Hoya de Buñol,46111,Chiva,OpenStreetMap (ODbL 1.0),Calculada sobre MDT25 © IGN (CC BY 4.0),1,2024-10-31T18:58:06Z,2026-10-04
30a210b5-2e4f-480a-936a-3e1b61592db9,node/1243440970,el Xocainet d'Albalat,,,,,425.0,OpenStreetMap (coincide con MDT a ±10 m),41.0,False,383.0,secundaria,39.6767553,-0.3616635,10,Comunitat Valenciana,46,Valencia/València,el Camp de Morvedre,46010,Albalat dels Tarongers,OpenStreetMap (ODbL 1.0),Calculada sobre MDT25 © IGN (CC BY 4.0),9,2024-03-26T09:33:48Z,2026-10-04
ed9307fc-3b42-4dc4-9537-c9afbf06e7fc,node/12292275575,Puntal de los Amoladeros,,,,,425.0,OpenStreetMap (coincide con MDT a ±10 m),35.0,False,391.0,secundaria,39.2683324,-0.9588823,10,Comunitat Valenciana,46,Valencia/València,El Valle de Cofrentes-Ayora,46099,Cortes de Pallás,OpenStreetMap (ODbL 1.0),Calculada sobre MDT25 © IGN (CC BY 4.0),2,2026-05-17T19:09:46Z,2026-10-04
1a30e192-c94a-4169-b587-97f52a36859c,node/11869873039,Muntanyeta Negra,,,,,424.0,OpenStreetMap (coincide con MDT a ±10 m),36.0,False,385.0,secundaria,39.7187591,-0.4007195,10,Comunitat Valenciana,46,Valencia/València,el Camp de Morvedre,46120,Estivella,OpenStreetMap (ODbL 1.0),Calculada sobre MDT25 © IGN (CC BY 4.0),1,2024-04-30T19:58:17Z,2026-10-04
2dd5db17-9fd0-428e-96b3-e589bf9a2c6a,node/11228213899,Puntal de Pere,,,,,420.0,OpenStreetMap (coincide con MDT a ±10 m),34.0,False,385.0,secundaria,39.7073003,-0.3689462,10,Comunitat Valenciana,46,Valencia/València,el Camp de Morvedre,46120,Estivella,OpenStreetMap (ODbL 1.0),Calculada sobre MDT25 © IGN (CC BY 4.0),1,2023-09-30T00:06:16Z,2026-10-04
5816b8c2-e945-4533-9c3a-632449180df0,node/1260552387,el Montot,,el Montot,,,419.0,OpenStreetMap (coincide con MDT a ±10 m),159.0,False,259.0,principal,39.0456876,-0.6225747,10,Comunitat Valenciana,46,Valencia/València,la Ribera Alta,46100,Cotes,OpenStreetMap (ODbL 1.0),Calculada sobre MDT25 © IGN (CC BY 4.0),7,2023-10-20T00:03:24Z,2026-10-04
9a0cbd20-1c56-44c4-923e-bde5f8d5ba24,node/9672060363,Alts del Sastre,,Alts del Sastre,,,419.0,OpenStreetMap (coincide con MDT a ±10 m),57.0,False,363.0,secundaria,39.2627807,-0.6622087,10,Comunitat Valenciana,46,Valencia/València,la Ribera Alta,46093,Catadau,OpenStreetMap (ODbL 1.0),Calculada sobre MDT25 © IGN (CC BY 4.0),3,2023-01-11T05:37:55Z,2026-10-04
82246dfc-664f-4198-bb43-44fe20255832,node/1243414794,Alto de la Fuentecha,,,,,418.0,OpenStreetMap (coincide con MDT a ±10 m),38.0,False,379.0,secundaria,39.2833233,-0.8307289,10,Comunitat Valenciana,46,Valencia/València,La Hoya de Buñol,46115,Dos Aguas,OpenStreetMap (ODbL 1.0),Calculada sobre MDT25 © IGN (CC BY 4.0),4,2024-04-15T17:45:55Z,2026-10-04
f930d46c-626c-4382-919e-52dc8fa4abdc,node/11708195663,Montcavall,,,,,418.0,OpenStreetMap (coincide con MDT a ±10 m),153.0,False,266.0,principal,39.7889348,-0.3462052,10,Comunitat Valenciana,46,Valencia/València,el Camp de Morvedre,46028,Algar de Palància,OpenStreetMap (ODbL 1.0),Calculada sobre MDT25 © IGN (CC BY 4.0),2,2026-05-17T19:09:46Z,2026-10-04
87f256de-5f16-4ece-ac84-9a28610ddd83,node/1243383233,Loma del Cercado,,,,,416.0,OpenStreetMap (coincide con MDT a ±10 m),86.0,False,329.0,secundaria,39.2674079,-0.8030205,10,Comunitat Valenciana,46,Valencia/València,La Hoya de Buñol,46115,Dos Aguas,OpenStreetMap (ODbL 1.0),Calculada sobre MDT25 © IGN (CC BY 4.0),4,2024-04-15T17:45:55Z,2026-10-04
1d7febb3-2ddf-4719-b754-418a0808f899,node/1243373136,Morro del Bali,,,,,412.0,OpenStreetMap (coincide con MDT a ±10 m),76.0,False,334.0,secundaria,39.2636226,-0.7967996,10,Comunitat Valenciana,46,Valencia/València,La Hoya de Buñol,46115,Dos Aguas,OpenStreetMap (ODbL 1.0),Calculada sobre MDT25 © IGN (CC BY 4.0),4,2024-04-15T17:45:55Z,2026-10-04
eaf5a9c0-76ab-4aae-ba65-95fbe62d36ca,node/1260546243,Tossal de la Barca,,Tossal de la Barca,,,410.0,OpenStreetMap (coincide con MDT a ±10 m),31.0,False,378.0,secundaria,38.8755079,-0.3459504,10,Comunitat Valenciana,46,Valencia/València,la Vall d'Albaida,46043,Aielo de Rugat,OpenStreetMap (ODbL 1.0),Calculada sobre MDT25 © IGN (CC BY 4.0),6,2026-05-17T19:09:46Z,2026-10-04
34b5ff3c-f592-4193-b66a-99377f77e5b8,node/8276470350,Pic de l'Aigua Amarga,,,,,408.0,OpenStreetMap (coincide con MDT a ±10 m),63.0,False,339.0,secundaria,39.6637571,-0.3569308,10,Comunitat Valenciana,46,Valencia/València,el Camp de Morvedre,46134,Gilet,OpenStreetMap (ODbL 1.0),Calculada sobre MDT25 © IGN (CC BY 4.0),2,2022-08-16T01:07:55Z,2026-10-04
5cb7925c-d835-4df8-a1a8-a1b9683b9efb,node/9581601733,Tossal de la Creueta,,Tossal de la Creueta,,,408.0,OpenStreetMap (coincide con MDT a ±10 m),106.0,False,301.0,principal,38.8910319,-0.3472056,10,Comunitat Valenciana,46,Valencia/València,la Vall d'Albaida,46175,Montitxelvo / Montichelvo,OpenStreetMap (ODbL 1.0),Calculada sobre MDT25 © IGN (CC BY 4.0),3,2023-07-21T14:47:13Z,2026-10-04
23a8bde8-aa93-4d27-b6a0-4ae816fd78aa,node/1243369291,Puntal del Meliquet,,Puntal del Meliquet,,,405.0,OpenStreetMap (coincide con MDT a ±10 m),72.0,False,332.0,secundaria,39.6662688,-0.3955652,10,Comunitat Valenciana,46,Valencia/València,el Camp de Túria,46178,Nàquera / Náquera,OpenStreetMap (ODbL 1.0),Calculada sobre MDT25 © IGN (CC BY 4.0),5,2023-10-19T23:09:46Z,2026-10-04
8e335a22-ce8e-4fa2-8482-163879fcd6f2,node/1260550647,el Piló de Don Carlos,,,,,399.0,OpenStreetMap (coincide con MDT a ±10 m),84.0,False,314.0,secundaria,39.0254781,-0.2546775,10,Comunitat Valenciana,46,Valencia/València,la Safor,46143,Xeraco,OpenStreetMap (ODbL 1.0),Calculada sobre MDT25 © IGN (CC BY 4.0),9,2025-01-03T20:50:42Z,2026-10-04
abaa2550-3aca-45c8-901d-c607360e6547,node/1243410107,el Palleràs,,,,,398.0,OpenStreetMap (coincide con MDT a ±10 m),59.0,False,339.0,secundaria,39.6496664,-0.343858,10,Comunitat Valenciana,46,Valencia/València,el Camp de Morvedre,46220,Sagunt / Sagunto,OpenStreetMap (ODbL 1.0),Calculada sobre MDT25 © IGN (CC BY 4.0),5,2023-11-12T14:31:04Z,2026-10-04
77acc202-b6cc-46cf-8ec0-56f7121df1e6,node/1243404890,Puntal dels Moros,,Puntal dels Moros,,,397.0,OpenStreetMap (coincide con MDT a ±10 m),40.0,False,354.0,secundaria,39.6591109,-0.3988744,10,Comunitat Valenciana,46,Valencia/València,el Camp de Túria,46178,Nàquera / Náquera,OpenStreetMap (ODbL 1.0),Calculada sobre MDT25 © IGN (CC BY 4.0),5,2023-10-19T23:09:46Z,2026-10-04
24e78bb6-f5a7-49ee-963f-eb82ee2d3ecc,node/12407200199,Penya Alta,,,,,394.0,OpenStreetMap (coincide con MDT a ±10 m),56.0,False,337.0,secundaria,38.9687323,-0.5511102,10,Comunitat Valenciana,46,Valencia/València,la Costera,46145,Xàtiva,OpenStreetMap (ODbL 1.0),Calculada sobre MDT25 © IGN (CC BY 4.0),1,2024-12-09T13:33:46Z,2026-10-04
c05e34c4-b74b-4762-a4e6-42fd604f337d,node/11228230443,el Picaio,,el Picaio,,,389.0,OpenStreetMap (coincide con MDT a ±10 m),109.0,False,280.0,principal,39.7827767,-0.3236509,10,Comunitat Valenciana,46,Valencia/València,el Camp de Morvedre,46024,Alfara de la Baronia,OpenStreetMap (ODbL 1.0),Calculada sobre MDT25 © IGN (CC BY 4.0),3,2024-03-08T16:07:03Z,2026-10-04
d3d1400d-cd79-411c-abab-bb9b963be7fb,node/13583018460,el Baco,,,,,389.0,OpenStreetMap (coincide con MDT a ±10 m),116.0,False,273.0,principal,39.073586,-0.3521741,10,Comunitat Valenciana,46,Valencia/València,la Safor,46231,Simat de la Valldigna,OpenStreetMap (ODbL 1.0),Calculada sobre MDT25 © IGN (CC BY 4.0),1,2026-02-19T20:04:39Z,2026-10-04
ecce538a-e5a2-4f12-a7a3-51aaf02fbfdc,node/1243411186,Penya de Sant Diego,,Penya de Sant Diego,,,388.0,OpenStreetMap (coincide con MDT a ±10 m),42.0,False,346.0,secundaria,38.9713989,-0.5466913,10,Comunitat Valenciana,46,Valencia/València,la Costera,46145,Xàtiva,OpenStreetMap (ODbL 1.0),Calculada sobre MDT25 © IGN (CC BY 4.0),16,2024-12-09T14:52:38Z,2026-10-04
071c10e5-f5d3-4ce2-a82e-53569f0ebc7e,node/11821427351,Alto de las Minas,,,,,385.0,OpenStreetMap (coincide con MDT a ±10 m),55.0,False,329.0,secundaria,39.136089,-0.7415716,10,Comunitat Valenciana,46,Valencia/València,La Canal de Navarrés,46206,Quesa,OpenStreetMap (ODbL 1.0),Calculada sobre MDT25 © IGN (CC BY 4.0),1,2024-04-16T08:52:35Z,2026-10-04
f017f7b0-7b7c-40a8-828d-07340d1ccc1c,node/1243422631,Muntanya de la Frontera,,Muntanya de la Frontera,,,377.0,OpenStreetMap (coincide con MDT a ±10 m),183.0,False,195.0,principal,39.7668483,-0.2825758,10,Comunitat Valenciana,46,Valencia/València,el Camp de Morvedre,46220,Sagunt / Sagunto,OpenStreetMap (ODbL 1.0),Calculada sobre MDT25 © IGN (CC BY 4.0),7,2026-05-17T19:09:46Z,2026-10-04
6d0de066-45cc-4d53-ac85-e2c3f6140193,node/1243423594,Puntal Blanc,,Puntal Blanc,,,374.0,OpenStreetMap (coincide con MDT a ±10 m),58.0,False,315.0,secundaria,39.6844401,-0.5119889,10,Comunitat Valenciana,46,Valencia/València,el Camp de Túria,46182,Olocau,OpenStreetMap (ODbL 1.0),Calculada sobre MDT25 © IGN (CC BY 4.0),5,2023-09-18T14:27:52Z,2026-10-04
bea7e20a-d3d0-4b36-a397-541392a732ee,node/5109812168,el Picaio,,el Picaio,,,373.0,OpenStreetMap (coincide con MDT a ±10 m),93.0,False,277.0,secundaria,39.6443294,-0.3150684,10,Comunitat Valenciana,46,Valencia/València,el Camp de Morvedre,46220,Sagunt / Sagunto,OpenStreetMap (ODbL 1.0),Calculada sobre MDT25 © IGN (CC BY 4.0),4,2023-10-19T23:09:51Z,2026-10-04
07ac165a-f5d4-4bc9-8bba-af4fdf1a19bd,node/5638646334,la Serratella,,la Serratella,,,373.0,OpenStreetMap (coincide con MDT a ±10 m),56.0,False,318.0,secundaria,38.8665034,-0.5897732,10,Comunitat Valenciana,46,Valencia/València,la Vall d'Albaida,46042,Aielo de Malferit,OpenStreetMap (ODbL 1.0),Calculada sobre MDT25 © IGN (CC BY 4.0),3,2023-10-20T00:02:01Z,2026-10-04
062fed6a-06bd-4818-b717-65366c8c839d,node/1243440192,Morra del Gallo,,,,,370.0,MDT IGN,47.0,False,323.0,secundaria,39.2697687,-0.7937006,10,Comunitat Valenciana,46,Valencia/València,La Hoya de Buñol,46115,Dos Aguas,OpenStreetMap (ODbL 1.0),Calculada sobre MDT25 © IGN (CC BY 4.0),5,2024-04-16T06:34:22Z,2026-10-04
bc89026e-a294-4bf0-85a4-bd68ffd35c37,node/948634641,el Ventura,,,,,363.2,OpenStreetMap (coincide con MDT a ±10 m),66.0,False,294.0,secundaria,38.9149813,-0.2338354,10,Comunitat Valenciana,46,Valencia/València,la Safor,46002,Ador,OpenStreetMap (ODbL 1.0),Calculada sobre MDT25 © IGN (CC BY 4.0),10,2025-04-06T20:17:14Z,2026-10-04
1b096ac8-a87b-402a-b068-83c72cca0825,node/11415323363,Pic del Besori,Pico del Besori,Pic del Besori,,,361.0,OpenStreetMap (coincide con MDT a ±10 m),178.0,False,180.0,principal,39.3030162,-0.5291488,10,Comunitat Valenciana,46,Valencia/València,la Ribera Alta,46156,Llombai,OpenStreetMap (ODbL 1.0),Calculada sobre MDT25 © IGN (CC BY 4.0),1,2023-12-13T17:51:10Z,2026-10-04
80cfb75f-c5fb-4e51-beb0-b4420f09c8c2,node/1977576968,Covatelles,,,,,358.1,OpenStreetMap (coincide con MDT a ±10 m),87.0,False,270.0,secundaria,38.9027121,-0.1506224,10,Comunitat Valenciana,46,Valencia/València,la Safor,46181,Oliva,OpenStreetMap (ODbL 1.0),Calculada sobre MDT25 © IGN (CC BY 4.0),5,2024-04-18T06:39:46Z,2026-10-04
21732500-2239-4a37-a94b-ad5d6cbb1052,node/11704487960,Muntanya de l'Hostalera,,,,,357.0,OpenStreetMap (coincide con MDT a ±10 m),135.0,False,223.0,principal,39.7753484,-0.3134706,10,Comunitat Valenciana,46,Valencia/València,el Camp de Morvedre,46220,Sagunt / Sagunto,OpenStreetMap (ODbL 1.0),Calculada sobre MDT25 © IGN (CC BY 4.0),1,2024-03-08T16:07:03Z,2026-10-04
a1d857c1-4379-45ac-a9b4-fe7906823c93,node/11708195662,Puntal de Melengue,,,,,357.0,OpenStreetMap (coincide con MDT a ±10 m),40.0,False,317.0,secundaria,39.7874935,-0.3369998,10,Comunitat Valenciana,46,Valencia/València,el Camp de Morvedre,46024,Alfara de la Baronia,OpenStreetMap (ODbL 1.0),Calculada sobre MDT25 © IGN (CC BY 4.0),1,2024-03-09T12:27:27Z,2026-10-04
46469774-20d2-4652-a55b-ed777d9f19ef,node/9938953895,,,,,,356.0,OpenStreetMap (coincide con MDT a ±10 m),100.0,False,254.0,principal,39.0014958,-0.23648,10,Comunitat Valenciana,46,Valencia/València,la Safor,46146,Xeresa,OpenStreetMap (ODbL 1.0),Calculada sobre MDT25 © IGN (CC BY 4.0),3,2023-12-23T21:30:54Z,2026-10-04
870662a0-1d56-44b5-8465-abc0f24a6b8d,node/11112639783,Peña Roya,,,,,356.0,OpenStreetMap (coincide con MDT a ±10 m),77.0,False,279.0,secundaria,39.6141391,-0.7740327,10,Comunitat Valenciana,46,Valencia/València,La Serranía,46076,Bugarra,OpenStreetMap (ODbL 1.0),Calculada sobre MDT25 © IGN (CC BY 4.0),1,2023-08-13T19:22:19Z,2026-10-04
1f170148-14d7-4c52-a637-6907406865c4,node/9162278091,,,,,,350.0,OpenStreetMap (coincide con MDT a ±10 m),70.0,False,282.0,secundaria,39.0685186,-0.6773127,10,Comunitat Valenciana,46,Valencia/València,La Canal de Navarrés,46073,Bolbaite,OpenStreetMap (ODbL 1.0),Calculada sobre MDT25 © IGN (CC BY 4.0),1,2021-10-10T11:58:47Z,2026-10-04
0923c3ef-9170-4a1a-9d83-6e2354ec6d31,node/8653221604,Castellet de Virella,,,,,349.0,MDT IGN,70.0,False,279.0,secundaria,38.9987335,-0.3966907,10,Comunitat Valenciana,46,Valencia/València,la Costera,46045,Barxeta,OpenStreetMap (ODbL 1.0),Calculada sobre MDT25 © IGN (CC BY 4.0),1,2021-04-21T19:35:15Z,2026-10-04
22dacaaa-f207-4f55-9def-89a51567842e,node/12708710835,la Creu de Quart,,,,,347.0,OpenStreetMap (coincide con MDT a ±10 m),195.0,False,151.0,principal,39.7307305,-0.2881341,10,Comunitat Valenciana,46,Valencia/València,el Camp de Morvedre,46058,Benifairó de les Valls,OpenStreetMap (ODbL 1.0),Calculada sobre MDT25 © IGN (CC BY 4.0),1,2025-03-29T00:05:51Z,2026-10-04
ea76487c-f9a8-4517-90b4-7e2bf002db4b,node/12734154620,Picaio Redó,,,,,346.0,OpenStreetMap (coincide con MDT a ±10 m),92.0,False,255.0,secundaria,39.7543189,-0.3748253,10,Comunitat Valenciana,46,Valencia/València,el Camp de Morvedre,46030,Algímia d'Alfara,OpenStreetMap (ODbL 1.0),Calculada sobre MDT25 © IGN (CC BY 4.0),1,2025-04-06T14:34:02Z,2026-10-04
80b3c38a-f451-4edb-b926-baeb8c6189fb,node/948640958,la Rodana,,,,,345.6,OpenStreetMap (coincide con MDT a ±10 m),172.0,False,171.0,principal,39.5429235,-0.6264416,10,Comunitat Valenciana,46,Valencia/València,el Camp de Túria,46256,Vilamarxant,OpenStreetMap (ODbL 1.0),Calculada sobre MDT25 © IGN (CC BY 4.0),10,2026-06-25T23:25:37Z,2026-10-04
40c11c73-cf4d-4d8f-a9a0-9a55669d4f24,node/1243387409,Alto de la Solana,,Alt de la Solana,,,339.0,OpenStreetMap (coincide con MDT a ±10 m),106.0,False,235.0,principal,39.7894646,-0.3709784,10,Comunitat Valenciana,46,Valencia/València,el Camp de Morvedre,46028,Algar de Palància,OpenStreetMap (ODbL 1.0),Calculada sobre MDT25 © IGN (CC BY 4.0),5,2025-02-03T19:17:28Z,2026-10-04
46372b13-274c-44fb-8769-7130600e1bb8,node/1243387972,el Palmeral,,el Palmeral,,,338.0,OpenStreetMap (coincide con MDT a ±10 m),46.0,False,290.0,secundaria,39.1258929,-0.6132516,10,Comunitat Valenciana,46,Valencia/València,la Ribera Alta,46017,Alzira,OpenStreetMap (ODbL 1.0),Calculada sobre MDT25 © IGN (CC BY 4.0),7,2025-05-26T20:26:01Z,2026-10-04
555829bb-2583-4f36-a5c8-786868f28aae,node/11700960171,El Portell,,,,,337.0,OpenStreetMap (coincide con MDT a ±10 m),32.0,False,304.0,secundaria,39.7264237,-0.2916218,10,Comunitat Valenciana,46,Valencia/València,el Camp de Morvedre,46220,Sagunt / Sagunto,OpenStreetMap (ODbL 1.0),Calculada sobre MDT25 © IGN (CC BY 4.0),1,2024-03-07T14:16:09Z,2026-10-04
b3f64863-c108-47d7-875b-b07e3e3d6ae0,node/3885358694,Alts de València,Altos de Valencia,Alts de València,,,335.0,OpenStreetMap (coincide con MDT a ±10 m),37.0,False,297.0,secundaria,39.3098634,-0.525103,10,Comunitat Valenciana,46,Valencia/València,la Ribera Alta,46156,Llombai,OpenStreetMap (ODbL 1.0),Calculada sobre MDT25 © IGN (CC BY 4.0),3,2023-12-13T17:51:10Z,2026-10-04
aff1c8f1-0019-44e2-abf1-b3db19a623fb,node/1243466109,Penya de la Mel,,Penya de la Mel,,,334.0,MDT IGN,32.0,False,302.0,secundaria,39.0269313,-0.361544,10,Comunitat Valenciana,46,Valencia/València,la Safor,46231,Simat de la Valldigna,OpenStreetMap (ODbL 1.0),Calculada sobre MDT25 © IGN (CC BY 4.0),5,2023-10-09T23:26:43Z,2026-10-04
024415b4-b852-47df-9e03-ecca7c9ee2b9,node/11112629921,Altico del Palomo,,,,,333.0,OpenStreetMap (coincide con MDT a ±10 m),47.0,False,285.0,secundaria,39.6122959,-0.7776585,10,Comunitat Valenciana,46,Valencia/València,La Serranía,46076,Bugarra,OpenStreetMap (ODbL 1.0),Calculada sobre MDT25 © IGN (CC BY 4.0),1,2023-08-13T19:12:53Z,2026-10-04
35b2771d-e0c7-406f-ab83-e4772c9006a0,node/1243415181,Penya Negra,,Penya Negra,,,332.0,OpenStreetMap (coincide con MDT a ±10 m),113.0,False,218.0,principal,39.7284776,-0.315455,10,Comunitat Valenciana,46,Valencia/València,el Camp de Morvedre,46220,Sagunt / Sagunto,OpenStreetMap (ODbL 1.0),Calculada sobre MDT25 © IGN (CC BY 4.0),5,2025-02-09T18:33:25Z,2026-10-04
f2f8222b-b242-4b81-ba05-95a4406d3c2a,node/5268517123,el Rodeno de la Creu,,el Rodeno de la Creu,,,325.0,OpenStreetMap (coincide con MDT a ±10 m),55.0,False,271.0,secundaria,39.6726216,-0.3445271,10,Comunitat Valenciana,46,Valencia/València,el Camp de Morvedre,46134,Gilet,OpenStreetMap (ODbL 1.0),Calculada sobre MDT25 © IGN (CC BY 4.0),4,2023-10-19T23:09:41Z,2026-10-04
48c198eb-c3b0-4968-a37c-547aeb8c19ce,node/1612904750,la Rodana del Pic,la Rodana del Pico,la Rodana del Pic,,,322.0,OpenStreetMap (coincide con MDT a ±10 m),99.0,False,222.0,secundaria,39.54181,-0.6077768,10,Comunitat Valenciana,46,Valencia/València,el Camp de Túria,46256,Vilamarxant,OpenStreetMap (ODbL 1.0),Calculada sobre MDT25 © IGN (CC BY 4.0),9,2026-01-18T12:02:23Z,2026-10-04
d4f01971-65d3-465f-a79f-46773b03837d,node/1243449324,Altico Redondo,,,,,319.0,OpenStreetMap (coincide con MDT a ±10 m),53.0,False,265.0,secundaria,39.1201819,-0.7157233,10,Comunitat Valenciana,46,Valencia/València,La Canal de Navarrés,46179,Navarrés,OpenStreetMap (ODbL 1.0),Calculada sobre MDT25 © IGN (CC BY 4.0),4,2024-04-16T11:00:24Z,2026-10-04
132ee027-48d3-49b3-9591-74742d9ca84b,node/11704487931,Muntanya de Bolinxes,,,,,317.0,OpenStreetMap (coincide con MDT a ±10 m),40.0,False,279.0,secundaria,39.8001144,-0.349956,10,Comunitat Valenciana,46,Valencia/València,el Camp de Morvedre,46028,Algar de Palància,OpenStreetMap (ODbL 1.0),Calculada sobre MDT25 © IGN (CC BY 4.0),1,2024-03-08T16:07:03Z,2026-10-04
040e4636-c34a-4eb6-a093-697d5cf333a1,node/1243418550,el Montot,,el Montot,,,315.0,OpenStreetMap (coincide con MDT a ±10 m),51.0,False,263.0,secundaria,39.0904411,-0.3761657,10,Comunitat Valenciana,46,Valencia/València,la Ribera Alta,46083,Carcaixent,OpenStreetMap (ODbL 1.0),Calculada sobre MDT25 © IGN (CC BY 4.0),7,2026-05-17T19:09:46Z,2026-10-04
5263275f-3feb-4e47-9eb3-c3bdc8b3214f,node/1243383853,Los Albaidares,,,,,314.0,OpenStreetMap (coincide con MDT a ±10 m),35.0,False,277.0,secundaria,39.12891,-0.7493683,10,Comunitat Valenciana,46,Valencia/València,La Canal de Navarrés,46206,Quesa,OpenStreetMap (ODbL 1.0),Calculada sobre MDT25 © IGN (CC BY 4.0),4,2024-04-16T11:00:24Z,2026-10-04
d455b31a-8034-4676-a925-79f87da06448,node/1243369089,l'Altesó,,,,,313.0,OpenStreetMap (coincide con MDT a ±10 m),50.0,False,262.0,secundaria,38.9711542,-0.4385591,10,Comunitat Valenciana,46,Valencia/València,la Vall d'Albaida,46062,Benigànim,OpenStreetMap (ODbL 1.0),Calculada sobre MDT25 © IGN (CC BY 4.0),5,2024-05-26T19:59:16Z,2026-10-04
78949a1f-08e2-4c5e-9c37-4d7fcb7fb3fc,node/8551744923,Puntal dels Germanells,,Puntal dels Germanells,,,311.0,OpenStreetMap (coincide con MDT a ±10 m),30.0,False,277.0,secundaria,39.1016123,-0.2942544,10,Comunitat Valenciana,46,Valencia/València,la Safor,46238,Tavernes de la Valldigna,OpenStreetMap (ODbL 1.0),Calculada sobre MDT25 © IGN (CC BY 4.0),2,2023-10-09T23:26:49Z,2026-10-04
81f4470d-65ea-4d7f-b951-1fe622681721,node/1243378712,el Puig,,el Puig,,,309.1,OpenStreetMap (coincide con MDT a ±10 m),218.0,False,86.0,principal,39.0035185,-0.4896784,10,Comunitat Valenciana,46,Valencia/València,la Costera,46145,Xàtiva,OpenStreetMap (ODbL 1.0),Calculada sobre MDT25 © IGN (CC BY 4.0),7,2024-05-28T18:41:05Z,2026-10-04
fba97b07-4b35-4de2-8a1c-49ca9d9e5990,node/11415327688,Alts de la Guatleta,,,,,308.0,OpenStreetMap (coincide con MDT a ±10 m),43.0,False,265.0,secundaria,39.3215019,-0.544636,10,Comunitat Valenciana,46,Valencia/València,la Ribera Alta,46156,Llombai,OpenStreetMap (ODbL 1.0),Calculada sobre MDT25 © IGN (CC BY 4.0),1,2023-12-13T17:51:10Z,2026-10-04
99b66bc8-7868-4651-939c-82a44e4fe302,node/4230177474,Penya Roja,,Penya Roja,,,307.0,OpenStreetMap (coincide con MDT a ±10 m),41.0,False,265.0,secundaria,38.9835204,-0.5115551,10,Comunitat Valenciana,46,Valencia/València,la Costera,46145,Xàtiva,OpenStreetMap (ODbL 1.0),Calculada sobre MDT25 © IGN (CC BY 4.0),8,2024-09-16T22:38:24Z,2026-10-04
a24412b3-14ea-4ead-a628-c7b6171603cc,node/10926854339,la Mont-ravana,,la Mont-ravana,,,304.0,OpenStreetMap (coincide con MDT a ±10 m),52.0,False,252.0,secundaria,39.6843129,-0.6680546,10,Comunitat Valenciana,46,Valencia/València,el Camp de Túria,46147,Llíria,OpenStreetMap (ODbL 1.0),Calculada sobre MDT25 © IGN (CC BY 4.0),2,2023-10-09T23:25:17Z,2026-10-04
281d5366-a372-4d73-befe-b8113cdf58b9,node/1243366551,el Vedat,,el Vedat,,,303.0,OpenStreetMap (coincide con MDT a ±10 m),40.0,False,263.0,secundaria,39.0904686,-0.4024998,10,Comunitat Valenciana,46,Valencia/València,la Ribera Alta,46083,Carcaixent,OpenStreetMap (ODbL 1.0),Calculada sobre MDT25 © IGN (CC BY 4.0),8,2026-05-17T19:09:46Z,2026-10-04
f252ba5e-67d9-4c7e-9025-063dc485e4a9,node/11052748560,,,,,,303.0,OpenStreetMap (coincide con MDT a ±10 m),30.0,False,274.0,secundaria,39.0709317,-0.6303584,10,Comunitat Valenciana,46,Valencia/València,la Ribera Alta,46236,Sumacàrcer,OpenStreetMap (ODbL 1.0),Calculada sobre MDT25 © IGN (CC BY 4.0),1,2023-07-18T11:54:36Z,2026-10-04
cdf51678-638c-42f0-8c43-1bafe7fb8036,node/11061489936,,,,,,303.0,OpenStreetMap (coincide con MDT a ±10 m),41.0,False,261.0,secundaria,38.9985726,-0.2380852,10,Comunitat Valenciana,46,Valencia/València,la Safor,46131,Gandia,OpenStreetMap (ODbL 1.0),Calculada sobre MDT25 © IGN (CC BY 4.0),1,2023-07-22T11:56:33Z,2026-10-04
44afaa1f-82ea-4580-9ab1-34adfb546d9a,node/12758194590,Muntanya de la Sima,,,,,303.0,OpenStreetMap (coincide con MDT a ±10 m),37.0,False,268.0,secundaria,39.7621358,-0.3873217,10,Comunitat Valenciana,46,Valencia/València,el Camp de Morvedre,46030,Algímia d'Alfara,OpenStreetMap (ODbL 1.0),Calculada sobre MDT25 © IGN (CC BY 4.0),1,2025-04-15T18:35:10Z,2026-10-04
96937c72-8ff9-4179-8f02-64a3c94b398b,node/11854286560,l'Ereta,,,,,299.0,OpenStreetMap (coincide con MDT a ±10 m),32.0,False,267.0,secundaria,39.65811,-0.3745876,10,Comunitat Valenciana,46,Valencia/València,el Camp de Morvedre,46010,Albalat dels Tarongers,OpenStreetMap (ODbL 1.0),Calculada sobre MDT25 © IGN (CC BY 4.0),1,2024-04-27T12:39:44Z,2026-10-04
a05adcae-3665-4797-8223-95ad100a62ae,node/1260547575,el Calderó,,el Calderó,,,297.0,OpenStreetMap (coincide con MDT a ±10 m),33.0,False,261.0,secundaria,38.945718,-0.5094129,10,Comunitat Valenciana,46,Valencia/València,la Vall d'Albaida,46049,Bellús,OpenStreetMap (ODbL 1.0),Calculada sobre MDT25 © IGN (CC BY 4.0),7,2025-02-26T13:36:03Z,2026-10-04
25a77416-9555-4362-926b-f387b241ea8a,node/3335655721,el Cati,,,,,296.0,OpenStreetMap (coincide con MDT a ±10 m),33.0,False,260.0,secundaria,38.9050851,-0.1582968,10,Comunitat Valenciana,46,Valencia/València,la Safor,46127,la Font d'en Carròs,OpenStreetMap (ODbL 1.0),Calculada sobre MDT25 © IGN (CC BY 4.0),3,2024-04-18T06:39:46Z,2026-10-04
7022a1b5-4bd4-4742-b2ae-605617ad1035,node/13583619574,Lloma del Vinader,,,,,295.0,OpenStreetMap (coincide con MDT a ±10 m),40.0,False,254.0,secundaria,39.0964958,-0.4050779,10,Comunitat Valenciana,46,Valencia/València,la Ribera Alta,46083,Carcaixent,OpenStreetMap (ODbL 1.0),Calculada sobre MDT25 © IGN (CC BY 4.0),1,2026-02-20T00:06:21Z,2026-10-04
0f09a92a-6c7a-4df8-9d89-bb5abb10113b,node/4230330004,Lloma Plana,,Lloma Plana,,,293.0,OpenStreetMap (coincide con MDT a ±10 m),35.0,False,257.0,secundaria,38.9709906,-0.5375936,10,Comunitat Valenciana,46,Valencia/València,la Costera,46145,Xàtiva,OpenStreetMap (ODbL 1.0),Calculada sobre MDT25 © IGN (CC BY 4.0),7,2024-09-16T22:38:24Z,2026-10-04
f71a49a1-b769-4fda-bf31-047bf11f48dc,node/7551405454,la Buitrera,,la Buitrera,,,292.0,OpenStreetMap (coincide con MDT a ±10 m),117.0,False,172.0,principal,39.6111924,-0.6124846,10,Comunitat Valenciana,46,Valencia/València,el Camp de Túria,46147,Llíria,OpenStreetMap (ODbL 1.0),Calculada sobre MDT25 © IGN (CC BY 4.0),2,2023-10-09T23:25:17Z,2026-10-04
891aff08-af99-4593-8d46-91f203f9ba48,node/11415327692,el Puntal,,,,,290.0,OpenStreetMap (coincide con MDT a ±10 m),36.0,False,254.0,secundaria,39.3369652,-0.5547705,10,Comunitat Valenciana,46,Valencia/València,la Ribera Alta,46172,Montserrat,OpenStreetMap (ODbL 1.0),Calculada sobre MDT25 © IGN (CC BY 4.0),1,2023-12-13T17:51:10Z,2026-10-04
fe67fe33-3066-49fb-af70-5e55083136b9,node/11415327704,el Cerro,,,,,289.0,OpenStreetMap (coincide con MDT a ±10 m),90.0,False,198.0,secundaria,39.3002804,-0.5912667,10,Comunitat Valenciana,46,Valencia/València,la Ribera Alta,46156,Llombai,OpenStreetMap (ODbL 1.0),Calculada sobre MDT25 © IGN (CC BY 4.0),1,2023-12-13T17:51:10Z,2026-10-04
f167402a-bb65-4763-9988-fdeaeb92e9cb,node/11854286549,Lloma del Saler,,,,,287.0,OpenStreetMap (coincide con MDT a ±10 m),31.0,False,255.0,secundaria,39.6567849,-0.3868409,10,Comunitat Valenciana,46,Valencia/València,el Camp de Morvedre,46010,Albalat dels Tarongers,OpenStreetMap (ODbL 1.0),Calculada sobre MDT25 © IGN (CC BY 4.0),1,2024-04-27T12:39:44Z,2026-10-04
24e958c7-5a4a-4834-a9af-75baae22d6db,node/1243450588,la Selleta,,,,,283.0,OpenStreetMap (coincide con MDT a ±10 m),108.0,False,174.0,principal,39.5331322,-0.5826286,10,Comunitat Valenciana,46,Valencia/València,el Camp de Túria,46214,Riba-roja de Túria,OpenStreetMap (ODbL 1.0),Calculada sobre MDT25 © IGN (CC BY 4.0),4,2026-04-03T11:22:23Z,2026-10-04
4c5b46dc-9504-4ff9-a2f3-7b9d348dd9a8,node/1243368998,Puntal del Povitxol,,,,,281.0,OpenStreetMap (coincide con MDT a ±10 m),44.0,False,234.0,secundaria,39.7304721,-0.2967248,10,Comunitat Valenciana,46,Valencia/València,el Camp de Morvedre,46220,Sagunt / Sagunto,OpenStreetMap (ODbL 1.0),Calculada sobre MDT25 © IGN (CC BY 4.0),4,2025-02-09T18:19:00Z,2026-10-04
f1980d28-86ec-438d-bafd-cfd9c4971f0d,node/11052134258,,,,,,278.0,OpenStreetMap (coincide con MDT a ±10 m),44.0,False,234.0,secundaria,39.1438654,-0.6780712,10,Comunitat Valenciana,46,Valencia/València,la Ribera Alta,46246,Tous,OpenStreetMap (ODbL 1.0),Calculada sobre MDT25 © IGN (CC BY 4.0),1,2023-07-18T05:05:36Z,2026-10-04
202dcc17-8492-4072-ae56-adf7c5f07af5,node/11415327705,el Piquet de la Talaia,,,,,278.0,OpenStreetMap (coincide con MDT a ±10 m),47.0,False,232.0,secundaria,39.2951437,-0.602351,10,Comunitat Valenciana,46,Valencia/València,la Ribera Alta,46156,Llombai,OpenStreetMap (ODbL 1.0),Calculada sobre MDT25 © IGN (CC BY 4.0),2,2026-05-26T22:16:50Z,2026-10-04
998c3eab-1146-4ade-bb5f-8489170d23a0,node/13948509799,Muntanya de l'Ermita,,,,,276.0,MDT IGN,88.0,False,188.0,secundaria,39.7391054,-0.3558245,10,Comunitat Valenciana,46,Valencia/València,el Camp de Morvedre,46245,Torres Torres,OpenStreetMap (ODbL 1.0),Calculada sobre MDT25 © IGN (CC BY 4.0),1,2026-06-17T20:23:37Z,2026-10-04
4b8fbdec-4919-41ae-9f04-ad2dc8c5b7da,node/11064675972,,,,,,275.0,OpenStreetMap (coincide con MDT a ±10 m),32.0,False,243.0,secundaria,39.1224263,-0.5991592,10,Comunitat Valenciana,46,Valencia/València,la Ribera Alta,46017,Alzira,OpenStreetMap (ODbL 1.0),Calculada sobre MDT25 © IGN (CC BY 4.0),1,2023-07-24T10:45:35Z,2026-10-04
6c154a13-019e-42b7-884a-5eedb000f754,node/13160914074,Muntanya del Codoval,,,,,273.0,OpenStreetMap (coincide con MDT a ±10 m),75.0,False,197.0,secundaria,39.7376286,-0.2943993,10,Comunitat Valenciana,46,Valencia/València,el Camp de Morvedre,46101,Quart de les Valls,OpenStreetMap (ODbL 1.0),Calculada sobre MDT25 © IGN (CC BY 4.0),1,2025-09-21T23:04:27Z,2026-10-04
1c929106-c9fb-4074-8d9c-9f6dda59a0fe,node/13979185137,Corona d'Estrela,,,,,271.0,OpenStreetMap (coincide con MDT a ±10 m),85.0,False,188.0,secundaria,38.981897,-0.4927111,10,Comunitat Valenciana,46,Valencia/València,la Costera,46145,Xàtiva,OpenStreetMap (ODbL 1.0),Calculada sobre MDT25 © IGN (CC BY 4.0),1,2026-07-01T00:19:22Z,2026-10-04
253c3daa-2a11-4a83-a8da-90e0124235e0,node/1260544561,Tossal del Coello,,,,,266.0,OpenStreetMap (coincide con MDT a ±10 m),79.0,False,185.0,secundaria,38.9118457,-0.267613,10,Comunitat Valenciana,46,Valencia/València,la Safor,46091,Castellonet de la Conquesta,OpenStreetMap (ODbL 1.0),Calculada sobre MDT25 © IGN (CC BY 4.0),5,2026-05-17T19:09:46Z,2026-10-04
daca6f72-2cd6-4c6c-8371-943918f77f70,node/11053063971,,,,,,266.0,OpenStreetMap (coincide con MDT a ±10 m),30.0,False,238.0,secundaria,39.1618633,-0.6645966,10,Comunitat Valenciana,46,Valencia/València,la Ribera Alta,46246,Tous,OpenStreetMap (ODbL 1.0),Calculada sobre MDT25 © IGN (CC BY 4.0),1,2023-07-18T13:49:30Z,2026-10-04
04d7c553-4dce-4c1b-87f1-b5f893626cbb,node/1260541527,Cingle de Just,,,,,256.0,OpenStreetMap (coincide con MDT a ±10 m),67.0,False,186.0,secundaria,39.0033787,-0.2170593,10,Comunitat Valenciana,46,Valencia/València,la Safor,46146,Xeresa,OpenStreetMap (ODbL 1.0),Calculada sobre MDT25 © IGN (CC BY 4.0),6,2025-01-04T22:23:08Z,2026-10-04
fbf00e07-bb12-4e76-a725-adbdc4524501,node/7551405455,,,,,,256.0,OpenStreetMap (coincide con MDT a ±10 m),47.0,False,210.0,secundaria,39.6138064,-0.6205518,10,Comunitat Valenciana,46,Valencia/València,el Camp de Túria,46147,Llíria,OpenStreetMap (ODbL 1.0),Calculada sobre MDT25 © IGN (CC BY 4.0),1,2020-05-23T12:19:10Z,2026-10-04
6ed3c187-8451-4d02-81bc-8ada67bfdd1b,node/12537479440,Alt de la Ponera,,,,,253.0,OpenStreetMap (coincide con MDT a ±10 m),130.0,False,123.0,principal,39.6926758,-0.3084936,10,Comunitat Valenciana,46,Valencia/València,el Camp de Morvedre,46220,Sagunt / Sagunto,OpenStreetMap (ODbL 1.0),Calculada sobre MDT25 © IGN (CC BY 4.0),1,2025-01-27T23:53:11Z,2026-10-04
367a94a1-5cd8-46f9-911f-7a5327b59e36,node/1243452715,Penya de Poquet,,,,,252.0,OpenStreetMap (coincide con MDT a ±10 m),39.0,False,203.0,secundaria,38.9238013,-0.2328944,10,Comunitat Valenciana,46,Valencia/València,la Safor,46002,Ador,OpenStreetMap (ODbL 1.0),Calculada sobre MDT25 © IGN (CC BY 4.0),6,2026-05-17T19:09:46Z,2026-10-04
a773912e-a151-4664-b3a8-3435cb8d6bda,node/1243421400,Puntal de l'Assut,Puntal del Azud,Puntal de l'Assut,,,251.0,OpenStreetMap (coincide con MDT a ±10 m),72.0,False,178.0,secundaria,39.3520471,-0.6487352,10,Comunitat Valenciana,46,Valencia/València,la Ribera Alta,46176,Montroi / Montroy,OpenStreetMap (ODbL 1.0),Calculada sobre MDT25 © IGN (CC BY 4.0),4,2024-11-03T11:05:50Z,2026-10-04
335a3c12-c917-4a43-90c5-f865cc1fcdea,node/1243435936,Muntanya de Rúbio,,Muntanya de Rúbio,,,251.0,OpenStreetMap (coincide con MDT a ±10 m),87.0,False,165.0,secundaria,39.7420301,-0.3244605,10,Comunitat Valenciana,46,Valencia/València,el Camp de Morvedre,46220,Sagunt / Sagunto,OpenStreetMap (ODbL 1.0),Calculada sobre MDT25 © IGN (CC BY 4.0),6,2025-03-29T00:05:51Z,2026-10-04
8204035c-a46e-4076-827b-ac1ad1827ba8,node/10592148103,Alt de Carraposa,,,,,250.0,OpenStreetMap (coincide con MDT a ±10 m),89.0,False,162.0,secundaria,39.0096441,-0.5842879,10,Comunitat Valenciana,46,Valencia/València,la Costera,46154,Llanera de Ranes,OpenStreetMap (ODbL 1.0),Calculada sobre MDT25 © IGN (CC BY 4.0),2,2024-12-12T14:45:14Z,2026-10-04
e5d4f65c-3e7b-4160-b2ba-96e62a5084a9,node/12044855746,el Cabeço,,,,,248.0,OpenStreetMap (coincide con MDT a ±10 m),66.0,False,180.0,secundaria,38.9084235,-0.2276568,10,Comunitat Valenciana,46,Valencia/València,la Safor,46002,Ador,OpenStreetMap (ODbL 1.0),Calculada sobre MDT25 © IGN (CC BY 4.0),1,2024-07-10T01:30:36Z,2026-10-04
e9a03540-c29b-4a23-844e-ef3eb5909265,node/11638899762,la Rodaneta Blanca,,,,,244.0,OpenStreetMap (coincide con MDT a ±10 m),52.0,False,192.0,secundaria,39.548778,-0.6199014,10,Comunitat Valenciana,46,Valencia/València,el Camp de Túria,46256,Vilamarxant,OpenStreetMap (ODbL 1.0),Calculada sobre MDT25 © IGN (CC BY 4.0),2,2026-06-25T23:25:37Z,2026-10-04
7ad4e166-dda5-43ac-b216-fd3d23cd23a7,node/12529677676,Alt del Pla Gran,,,,,241.0,OpenStreetMap (coincide con MDT a ±10 m),66.0,False,174.0,secundaria,38.9958176,-0.1995012,10,Comunitat Valenciana,46,Valencia/València,la Safor,46131,Gandia,OpenStreetMap (ODbL 1.0),Calculada sobre MDT25 © IGN (CC BY 4.0),1,2025-01-24T16:47:29Z,2026-10-04
d8379359-9a46-4bb1-aba2-26d9c652db8b,node/11860487863,Muntanya del Cavall,,,,,240.0,OpenStreetMap (coincide con MDT a ±10 m),64.0,False,175.0,secundaria,39.6440928,-0.3633782,10,Comunitat Valenciana,46,Valencia/València,el Camp de Morvedre,46220,Sagunt / Sagunto,OpenStreetMap (ODbL 1.0),Calculada sobre MDT25 © IGN (CC BY 4.0),2,2025-10-08T16:04:34Z,2026-10-04
79d2853e-5dbf-4b2b-9585-8b730d3724fc,node/11663045952,Cerritico Redondo,,,,,238.0,OpenStreetMap (coincide con MDT a ±10 m),32.0,False,201.0,secundaria,39.6053092,-0.6977478,10,Comunitat Valenciana,46,Valencia/València,La Serranía,46191,Pedralba,OpenStreetMap (ODbL 1.0),Calculada sobre MDT25 © IGN (CC BY 4.0),2,2026-05-17T19:09:46Z,2026-10-04
b684c038-d505-4353-852b-94e332b9d702,node/13753299768,Muntanya dels Cara-sols,,,,,235.0,OpenStreetMap (coincide con MDT a ±10 m),68.0,False,165.0,secundaria,39.5068119,-0.5466748,10,Comunitat Valenciana,46,Valencia/València,el Camp de Túria,46214,Riba-roja de Túria,OpenStreetMap (ODbL 1.0),Calculada sobre MDT25 © IGN (CC BY 4.0),1,2026-04-22T19:32:43Z,2026-10-04
0e867763-d42c-4156-a8e6-7444d051a4c3,node/9991715845,Pic dels Francesos,,,,,234.0,OpenStreetMap (coincide con MDT a ±10 m),227.0,False,3.0,principal,39.1760926,-0.2510293,10,Comunitat Valenciana,46,Valencia/València,la Ribera Baixa,46105,Cullera,OpenStreetMap (ODbL 1.0),Calculada sobre MDT25 © IGN (CC BY 4.0),3,2024-11-04T16:09:37Z,2026-10-04
a80cc2b0-97e3-4397-bde5-fc929cfe644d,node/11061574541,,,,,,232.0,OpenStreetMap (coincide con MDT a ±10 m),69.0,False,161.0,secundaria,39.0336924,-0.4228308,10,Comunitat Valenciana,46,Valencia/València,la Costera,46045,Barxeta,OpenStreetMap (ODbL 1.0),Calculada sobre MDT25 © IGN (CC BY 4.0),1,2023-07-22T12:55:37Z,2026-10-04
297382a3-432f-42af-b144-403cb70d9b9e,node/13583018465,la Redona,,,,,228.0,OpenStreetMap (coincide con MDT a ±10 m),131.0,False,96.0,principal,39.0668307,-0.3325725,10,Comunitat Valenciana,46,Valencia/València,la Safor,46059,Benifairó de la Valldigna,OpenStreetMap (ODbL 1.0),Calculada sobre MDT25 © IGN (CC BY 4.0),1,2026-02-19T20:04:39Z,2026-10-04
622a8b46-c3f6-4860-a094-5c03bb74a7cd,node/4230119477,Lloma dels 4 Vents,,Lloma dels 4 Vents,,,226.0,OpenStreetMap (coincide con MDT a ±10 m),63.0,False,163.0,secundaria,38.9872494,-0.5065915,10,Comunitat Valenciana,46,Valencia/València,la Costera,46145,Xàtiva,OpenStreetMap (ODbL 1.0),Calculada sobre MDT25 © IGN (CC BY 4.0),6,2022-11-26T12:00:24Z,2026-10-04
ed43a331-14e7-4c57-b175-c7dfab6bd3bf,node/12529677679,,,,,,220.0,OpenStreetMap (coincide con MDT a ±10 m),34.0,False,186.0,secundaria,38.9974586,-0.2154781,10,Comunitat Valenciana,46,Valencia/València,la Safor,46131,Gandia,OpenStreetMap (ODbL 1.0),Calculada sobre MDT25 © IGN (CC BY 4.0),1,2025-01-24T16:47:29Z,2026-10-04
14ff6a1c-4dfb-4c51-b80d-e62a1018592a,node/11061490014,Penya Roja,,Penya Roja,,,219.0,OpenStreetMap (coincide con MDT a ±10 m),70.0,False,148.0,secundaria,38.9878756,-0.2301137,10,Comunitat Valenciana,46,Valencia/València,la Safor,46131,Gandia,OpenStreetMap (ODbL 1.0),Calculada sobre MDT25 © IGN (CC BY 4.0),2,2023-10-09T23:25:06Z,2026-10-04
c75b5349-08e7-46cd-8d27-607335bee309,node/9159548020,la Simeta,,la Simeta,,,210.0,OpenStreetMap (coincide con MDT a ±10 m),69.0,False,140.0,secundaria,39.1340425,-0.3301692,10,Comunitat Valenciana,46,Valencia/València,la Ribera Baixa,46155,Llaurí,OpenStreetMap (ODbL 1.0),Calculada sobre MDT25 © IGN (CC BY 4.0),3,2023-10-20T00:03:55Z,2026-10-04
c6e02113-0433-4b2d-b64b-a06c99c34efb,node/10180744463,Alt de l'Almuixic,,Alt de l'Almuixic,,,209.0,OpenStreetMap (coincide con MDT a ±10 m),110.0,False,98.0,principal,38.8973312,-0.1255094,10,Comunitat Valenciana,46,Valencia/València,la Safor,46181,Oliva,OpenStreetMap (ODbL 1.0),Calculada sobre MDT25 © IGN (CC BY 4.0),2,2023-10-09T23:25:43Z,2026-10-04
bef4cfa4-26c9-450f-91f6-6ae4f1cf52e0,node/12474420409,la Barcella,,,,,199.0,OpenStreetMap (coincide con MDT a ±10 m),50.0,False,149.0,secundaria,39.0253787,-0.2287897,10,Comunitat Valenciana,46,Valencia/València,la Safor,46143,Xeraco,OpenStreetMap (ODbL 1.0),Calculada sobre MDT25 © IGN (CC BY 4.0),2,2025-01-12T16:42:03Z,2026-10-04
50961482-343b-4c7d-9a62-cb434fa36f59,node/11565578481,la Rodana,,,,,198.0,OpenStreetMap (coincide con MDT a ±10 m),30.0,False,169.0,secundaria,39.7194332,-0.2745956,10,Comunitat Valenciana,46,Valencia/València,el Camp de Morvedre,46058,Benifairó de les Valls,OpenStreetMap (ODbL 1.0),Calculada sobre MDT25 © IGN (CC BY 4.0),2,2024-01-29T23:43:41Z,2026-10-04
52a89e0c-694c-49f5-a7ef-a831212e6e5b,node/12248073121,la Corralissa,,,,,195.0,OpenStreetMap (coincide con MDT a ±10 m),45.0,False,151.0,secundaria,39.7497802,-0.2963519,10,Comunitat Valenciana,46,Valencia/València,el Camp de Morvedre,46101,Quart de les Valls,OpenStreetMap (ODbL 1.0),Calculada sobre MDT25 © IGN (CC BY 4.0),2,2025-02-24T19:44:03Z,2026-10-04
c3087929-ffac-4803-94eb-35763b808a8b,node/11877293379,Muntanya de la Séquia,,,,,193.0,OpenStreetMap (coincide con MDT a ±10 m),33.0,False,160.0,secundaria,39.731508,-0.3399262,10,Comunitat Valenciana,46,Valencia/València,el Camp de Morvedre,46120,Estivella,OpenStreetMap (ODbL 1.0),Calculada sobre MDT25 © IGN (CC BY 4.0),1,2024-05-03T19:58:52Z,2026-10-04
bd7ec875-6256-4e1f-bbab-f39e6d297eca,node/1243384217,Muntanyeta de Villar,,Muntanyeta de Villar,,,192.0,OpenStreetMap (coincide con MDT a ±10 m),31.0,False,162.0,secundaria,39.7610386,-0.2811085,10,Comunitat Valenciana,46,Valencia/València,el Camp de Morvedre,46220,Sagunt / Sagunto,OpenStreetMap (ODbL 1.0),Calculada sobre MDT25 © IGN (CC BY 4.0),7,2026-05-17T19:09:46Z,2026-10-04
faf4ef45-2456-46e2-83c3-13c33367f3a5,node/11877293374,Muntanya del Raboser,,,,,188.0,OpenStreetMap (coincide con MDT a ±10 m),35.0,False,153.0,secundaria,39.7374265,-0.3386103,10,Comunitat Valenciana,46,Valencia/València,el Camp de Morvedre,46245,Torres Torres,OpenStreetMap (ODbL 1.0),Calculada sobre MDT25 © IGN (CC BY 4.0),1,2024-05-03T19:58:52Z,2026-10-04
8d0e2c03-0046-4ab3-9b41-5ab24f53c3f3,node/12529677693,,,,,,188.0,OpenStreetMap (coincide con MDT a ±10 m),32.0,False,155.0,secundaria,38.9950812,-0.2263099,10,Comunitat Valenciana,46,Valencia/València,la Safor,46131,Gandia,OpenStreetMap (ODbL 1.0),Calculada sobre MDT25 © IGN (CC BY 4.0),1,2025-01-24T16:47:29Z,2026-10-04
f40ea6d6-0452-4def-9dd0-3fcdff7fa060,node/12616489858,Muntanya del Coronat,,,,,186.0,OpenStreetMap (coincide con MDT a ±10 m),75.0,False,114.0,secundaria,39.7535313,-0.2864221,10,Comunitat Valenciana,46,Valencia/València,el Camp de Morvedre,46101,Quart de les Valls,OpenStreetMap (ODbL 1.0),Calculada sobre MDT25 © IGN (CC BY 4.0),1,2025-02-24T19:44:03Z,2026-10-04
e0606ceb-f2df-4e42-9237-0bfb94b531ef,node/1243388645,el Cabeço,,,,,181.0,OpenStreetMap (coincide con MDT a ±10 m),75.0,False,106.0,secundaria,39.029392,-0.4700799,10,Comunitat Valenciana,46,Valencia/València,la Ribera Alta,46119,l'Énova,OpenStreetMap (ODbL 1.0),Calculada sobre MDT25 © IGN (CC BY 4.0),4,2024-05-28T18:41:05Z,2026-10-04
0b0ed9c8-6940-4335-b590-b46a4558c4ce,node/11860480437,la Buitrera,,,,,177.0,OpenStreetMap (coincide con MDT a ±10 m),33.0,False,145.0,secundaria,39.6937017,-0.3410559,10,Comunitat Valenciana,46,Valencia/València,el Camp de Morvedre,46010,Albalat dels Tarongers,OpenStreetMap (ODbL 1.0),Calculada sobre MDT25 © IGN (CC BY 4.0),1,2024-04-27T18:42:46Z,2026-10-04
657cd823-8d49-42c3-9bce-efac3cb468c1,node/1243460576,el Pericó,,el Pericó,,,176.0,OpenStreetMap (coincide con MDT a ±10 m),134.0,False,41.0,principal,38.926399,-0.1597167,10,Comunitat Valenciana,46,Valencia/València,la Safor,46037,l'Alqueria de la Comtessa,OpenStreetMap (ODbL 1.0),Calculada sobre MDT25 © IGN (CC BY 4.0),8,2024-07-15T11:59:51Z,2026-10-04
a6315607-35b0-4656-81c8-f34722f7c1cb,node/913863947,la Costera,,la Costera,,,165.0,OpenStreetMap (coincide con MDT a ±10 m),54.0,False,110.0,secundaria,39.6323975,-0.3248699,10,Comunitat Valenciana,46,Valencia/València,l'Horta Nord,46205,Puçol,OpenStreetMap (ODbL 1.0),Calculada sobre MDT25 © IGN (CC BY 4.0),3,2023-10-20T00:04:44Z,2026-10-04
817b5344-334b-41f2-88f9-835c40aa1473,node/12529677683,,,,,,164.0,OpenStreetMap (coincide con MDT a ±10 m),54.0,False,109.0,secundaria,38.9867881,-0.2043743,10,Comunitat Valenciana,46,Valencia/València,la Safor,46131,Gandia,OpenStreetMap (ODbL 1.0),Calculada sobre MDT25 © IGN (CC BY 4.0),1,2025-01-24T16:47:29Z,2026-10-04
ae2fb49d-a85e-477b-9b96-6dde4735740e,node/9230052760,Tossal de la Creu,,Tossal de la Creu,,,153.0,OpenStreetMap (coincide con MDT a ±10 m),79.0,False,75.0,secundaria,38.9156695,-0.12764,10,Comunitat Valenciana,46,Valencia/València,la Safor,46181,Oliva,OpenStreetMap (ODbL 1.0),Calculada sobre MDT25 © IGN (CC BY 4.0),5,2026-05-17T19:09:46Z,2026-10-04
9e4fc79d-043e-4072-ba90-c3ee9b93a0ee,node/1260553665,el Piló de les Hortes,,,,,147.0,OpenStreetMap (coincide con MDT a ±10 m),54.0,False,87.0,secundaria,39.0089299,-0.2261106,10,Comunitat Valenciana,46,Valencia/València,la Safor,46146,Xeresa,OpenStreetMap (ODbL 1.0),Calculada sobre MDT25 © IGN (CC BY 4.0),5,2024-12-31T12:22:16Z,2026-10-04
8c47e041-382d-49d5-a7c2-d290871d5e16,node/12087156269,Muntanya del Polvorí,,,,,114.0,OpenStreetMap (coincide con MDT a ±10 m),30.0,False,84.0,secundaria,39.6680981,-0.2922816,10,Comunitat Valenciana,46,Valencia/València,el Camp de Morvedre,46220,Sagunt / Sagunto,OpenStreetMap (ODbL 1.0),Calculada sobre MDT25 © IGN (CC BY 4.0),1,2024-08-01T12:31:42Z,2026-10-04
6033e010-acc8-43a7-b9d7-5c1f23f19fa2,node/1260543446,Muntanyetes de la Foia,Montañas de la Foia,Muntanyetes de la Foia,,,66.0,OpenStreetMap (coincide con MDT a ±10 m),45.0,False,21.0,secundaria,38.9245989,-0.1459941,10,Comunitat Valenciana,46,Valencia/València,la Safor,46181,Oliva,OpenStreetMap (ODbL 1.0),Calculada sobre MDT25 © IGN (CC BY 4.0),7,2026-05-17T19:09:46Z,2026-10-04
b17e9725-bb0b-4263-90fa-84e234a19231,node/1243387289,Muntanya de la Patà,,,,,56.0,OpenStreetMap (coincide con MDT a ±10 m),43.0,False,10.0,secundaria,39.5911287,-0.3048012,10,Comunitat Valenciana,46,Valencia/València,l'Horta Nord,46204,el Puig de Santa Maria,OpenStreetMap (ODbL 1.0),Calculada sobre MDT25 © IGN (CC BY 4.0),5,2025-11-13T15:36:46Z,2026-10-04
