osm_id,nombre,nombre_ca,nombre_es,ele_texto,altitud_osm,lat,lon,provincia_iso,provincia,n_provincias,osm_version,osm_fecha_edicion,fuente
node/26863905,Cap Gros del Montgó,Cap Gros del Montgó,Cap Gros del Montgó,752,752.0,38.8032299,0.1293696,ES-A,Alicante/Alacant,1,17,2026-02-25T18:57:22Z,OpenStreetMap (ODbL)
node/26864619,el Maigmó,el Maigmó,,1296,1296.0,38.5018761,-0.6312948,ES-A,Alicante/Alacant,1,11,2023-09-27T17:23:21Z,OpenStreetMap (ODbL)
node/26865156,Tossal de Saragossa,Tossal de Saragossa,,1080,1080.0,40.2900416,-0.000956,ES-CS,Castellón/Castelló,1,12,2022-11-21T03:50:36Z,OpenStreetMap (ODbL)
node/262949964,el Bartolo,el Bartolo,,729,729.0,40.0855084,0.0310999,ES-CS,Castellón/Castelló,1,12,2024-06-13T14:23:33Z,OpenStreetMap (ODbL)
node/276913145,Penyagolosa,Penyagolosa,Peñagolosa,1815,1815.0,40.2227596,-0.3497418,ES-CS,Castellón/Castelló,1,11,2024-01-15T18:23:53Z,OpenStreetMap (ODbL)
node/288350573,Alt del Governador,,,435,435.0,38.5561799,-0.0618169,ES-A,Alicante/Alacant,1,9,2026-01-14T20:53:49Z,OpenStreetMap (ODbL)
node/409151051,Penyal d'Ifac,Penyal d'Ifac,Peñón de Ifach,332,332.0,38.6349593,0.0744591,ES-A,Alicante/Alacant,1,23,2025-10-28T08:55:00Z,OpenStreetMap (ODbL)
node/576310769,Roques Pardes,Roques Pardes,,578,578.0,40.2279226,-0.1353687,ES-CS,Castellón/Castelló,1,3,2023-10-09T23:26:59Z,OpenStreetMap (ODbL)
node/576521965,Alt de Fèlix,,,728,728.0,38.7788727,-0.6344157,ES-V,Valencia/València,1,4,2024-10-15T16:51:25Z,OpenStreetMap (ODbL)
node/576844524,Alto del Viajero,,,622,622.0,38.3461851,-1.0843103,ES-A,Alicante/Alacant,1,5,2025-05-02T10:08:48Z,OpenStreetMap (ODbL)
node/576912802,Peña Ladín,,,1024,1024.0,40.0397378,-0.6073048,ES-CS,Castellón/Castelló,1,4,2024-07-28T17:36:28Z,OpenStreetMap (ODbL)
node/576950250,,,,733,733.0,38.5726527,-1.0014541,ES-A,Alicante/Alacant,1,3,2023-12-06T15:11:00Z,OpenStreetMap (ODbL)
node/633166723,Tossal Redó I,Tossal Redó I,,423,423.0,38.4526455,-0.5364156,ES-A,Alicante/Alacant,1,24,2026-05-04T15:30:10Z,OpenStreetMap (ODbL)
node/687390743,,,,746,746.0,38.765969,-0.1148184,ES-A,Alicante/Alacant,1,3,2023-07-30T09:31:50Z,OpenStreetMap (ODbL)
node/687390758,,,,742,742.0,38.7660224,-0.1155267,ES-A,Alicante/Alacant,1,2,2023-07-30T09:31:50Z,OpenStreetMap (ODbL)
node/913863947,la Costera,la Costera,,165,165.0,39.6323975,-0.3248699,ES-V,Valencia/València,1,3,2023-10-20T00:04:44Z,OpenStreetMap (ODbL)
node/926534250,Garbí,Garbí,,604,604.0,39.698005,-0.3732879,ES-V,Valencia/València,1,7,2022-12-11T22:21:59Z,OpenStreetMap (ODbL)
node/926538279,Puntal de l'Albarda,Puntal de l'Albarda,,532,532.0,39.7008896,-0.3673652,ES-V,Valencia/València,1,5,2023-10-09T23:24:56Z,OpenStreetMap (ODbL)
node/948629448,Puig de la Nau,,,162.30,162.3,40.4765245,0.4060406,ES-CS,Castellón/Castelló,1,11,2025-08-04T12:16:48Z,OpenStreetMap (ODbL)
node/948630131,Orenga,Orenga,,1148.70,1148.7,40.3949269,-0.0701208,ES-CS,Castellón/Castelló,1,10,2025-04-06T20:17:14Z,OpenStreetMap (ODbL)
node/948630616,Collet de la Mallada Gran,Collet de la Mallada Gran,,1037.50,1037.5,40.5328614,0.0031629,ES-CS,Castellón/Castelló,1,12,2025-05-10T08:59:55Z,OpenStreetMap (ODbL)
node/948633664,Arriello,,,1316.10,1316.1,40.4610315,-0.2163221,ES-CS,Castellón/Castelló,1,9,2025-04-06T20:17:14Z,OpenStreetMap (ODbL)
node/948634641,el Ventura,,,363.20,363.2,38.9149813,-0.2338354,ES-V,Valencia/València,1,10,2025-04-06T20:17:14Z,OpenStreetMap (ODbL)
node/948636867,Alto del Castillo,,,1199.20,1199.2,40.641107,-0.3440946,ES-CS,Castellón/Castelló,1,8,2025-05-04T19:58:21Z,OpenStreetMap (ODbL)
node/948640681,Juey,,,981.70,981.7,39.1714718,-1.1168384,ES-V,Valencia/València,1,8,2025-04-06T20:17:14Z,OpenStreetMap (ODbL)
node/948640958,la Rodana,,,345.60,345.6,39.5429235,-0.6264416,ES-V,Valencia/València,1,10,2026-06-25T23:25:37Z,OpenStreetMap (ODbL)
node/948641277,Tossal d'en Canes,,,716.20,716.2,40.3868626,0.1844697,ES-CS,Castellón/Castelló,1,11,2025-10-20T21:51:04Z,OpenStreetMap (ODbL)
node/948642276,Castell d'Aixa,Castell d'Aixa,,606.7,606.7,38.7645707,-0.0012017,ES-A,Alicante/Alacant,1,13,2025-04-06T20:17:14Z,OpenStreetMap (ODbL)
node/948642329,Cruz,,,488.80,488.8,39.1042187,-0.7310529,ES-V,Valencia/València,1,8,2025-04-06T20:17:14Z,OpenStreetMap (ODbL)
node/948643721,Aitana,Aitana,,1559.40,1559.4,38.6495611,-0.2661289,ES-A,Alicante/Alacant,1,12,2025-04-06T20:17:14Z,OpenStreetMap (ODbL)
node/948644668,Carrascal,,,880.70,880.7,39.862805,-0.363718,ES-CS,Castellón/Castelló,1,8,2025-04-06T20:17:14Z,OpenStreetMap (ODbL)
node/948644997,Menejador,,,1355.90,1355.9,38.6586914,-0.537753,ES-A,Alicante/Alacant,1,11,2025-04-06T20:17:14Z,OpenStreetMap (ODbL)
node/973811682,Tossal de la Cala,Tossal de la Cala,,101,101.0,38.5250429,-0.1615382,ES-A,Alicante/Alacant,1,7,2023-10-20T00:02:47Z,OpenStreetMap (ODbL)
node/975664325,Tossal de Càndida,Tossal de Càndida,,1452,1452.0,40.2562713,-0.3788812,ES-CS,Castellón/Castelló,1,4,2024-02-08T18:48:35Z,OpenStreetMap (ODbL)
node/975677449,el Castellar,,,1276,1276.0,40.2473445,-0.3921791,ES-CS,Castellón/Castelló,1,2,2026-08-01T00:43:01Z,OpenStreetMap (ODbL)
node/993012338,l'Agulló,,,538.61,538.61,40.0759404,0.0536167,ES-CS,Castellón/Castelló,1,11,2026-09-26T21:08:39Z,OpenStreetMap (ODbL)
node/1126423744,Montmayor,,,1016,1016.0,39.8328242,-0.625595,ES-CS,Castellón/Castelló,1,4,2025-12-26T20:46:31Z,OpenStreetMap (ODbL)
node/1142000545,Mont Calvari,Mont Calvari,Monte Calvario,336,336.0,38.483311,-0.4183033,ES-A,Alicante/Alacant,1,5,2023-11-17T22:31:37Z,OpenStreetMap (ODbL)
node/1241901656,Cerro de los Tres Mojones,,,1008,1008.0,39.1517233,-1.2267687,ES-V,Valencia/València,1,4,2024-11-02T13:22:06Z,OpenStreetMap (ODbL)
node/1242124065,Penyal de la Mica,Penyal de la Mica,,488,488.0,38.7252031,-0.0108066,ES-A,Alicante/Alacant,1,8,2023-08-28T20:33:56Z,OpenStreetMap (ODbL)
node/1242124603,Penya del Morteret,,,353,353.0,38.7427172,0.0343276,ES-A,Alicante/Alacant,1,4,2023-12-19T19:41:50Z,OpenStreetMap (ODbL)
node/1242124670,Tossalet Alt,Tossalet Alt,,1101,1101.0,38.7019063,-0.1782928,ES-A,Alicante/Alacant,1,6,2023-07-17T04:53:05Z,OpenStreetMap (ODbL)
node/1242124828,Tossal Pelat,Tossal Pelat,,687,687.0,38.8211501,-0.1703611,ES-A,Alicante/Alacant,1,7,2023-07-23T03:37:17Z,OpenStreetMap (ODbL)
node/1242124936,Muntanya de la Mina,,,649,649.0,38.6715949,-0.8077875,,,0,5,2026-09-23T19:07:51Z,OpenStreetMap (ODbL)
node/1242125146,Alt de l'Arcadeta,,,962,962.0,38.6431241,-0.6227596,ES-A,Alicante/Alacant,1,4,2024-07-03T19:19:57Z,OpenStreetMap (ODbL)
node/1242125900,Peña de la Moneda,,,800,800.0,38.5413384,-0.86635,ES-A,Alicante/Alacant,1,4,2024-11-15T22:24:26Z,OpenStreetMap (ODbL)
node/1242127082,,,,729,729.0,38.7972824,-0.1088049,ES-A,Alicante/Alacant,1,6,2023-11-19T23:07:55Z,OpenStreetMap (ODbL)
node/1242127660,Penya Rascon,,,918,918.0,38.5415135,-0.5557298,ES-A,Alicante/Alacant,1,6,2024-07-03T16:51:26Z,OpenStreetMap (ODbL)
node/1242127844,Tossal de Cabrera,Tossal de Cabrera,,307,307.0,38.7064578,0.0345085,ES-A,Alicante/Alacant,1,8,2021-12-07T18:28:07Z,OpenStreetMap (ODbL)
node/1242127922,Pic de la Creueta,,,659,659.0,38.6680284,-0.8150964,,,0,5,2026-09-23T19:07:51Z,OpenStreetMap (ODbL)
node/1242127924,Alt de la Cova de la Gralla,,,881,881.0,38.5522742,-0.5699518,ES-A,Alicante/Alacant,1,4,2023-11-18T01:14:29Z,OpenStreetMap (ODbL)
node/1242128007,Tossal del Cossi,Tossal del Cossi,,294,294.0,38.7390046,0.0565653,ES-A,Alicante/Alacant,1,5,2023-12-19T19:35:59Z,OpenStreetMap (ODbL)
node/1242128635,Penya de l'Alt,Penya de l'Alt,,847,847.0,38.7673872,-0.1346499,ES-A,Alicante/Alacant,1,6,2023-07-30T09:31:50Z,OpenStreetMap (ODbL)
node/1242128985,Puntal de la Mina,Puntal de la Mina,,725,725.0,38.719791,-0.4760266,ES-A,Alicante/Alacant,1,5,2025-12-29T14:58:41Z,OpenStreetMap (ODbL)
node/1242129534,Cabeç d'Albabor,,,667,667.0,38.5223821,-0.559766,ES-A,Alicante/Alacant,1,4,2024-06-18T22:21:49Z,OpenStreetMap (ODbL)
node/1242129739,Alt de la Caseta de la Neu,Alt de la Caseta de la Neu,,1015,1015.0,38.7547675,-0.3374279,ES-A,Alicante/Alacant,1,5,2023-01-18T20:50:38Z,OpenStreetMap (ODbL)
node/1242130271,Alt de la Xumenera,Alt de la Xumenera,Alto de la Chimenea,1132.82,1132.82,38.5063513,-0.6570283,ES-A,Alicante/Alacant,1,5,2019-07-17T16:12:02Z,OpenStreetMap (ODbL)
node/1242130296,Pic de la Blasca,,,1120,1120.0,38.6874762,-0.6868521,ES-A,Alicante/Alacant,1,6,2024-02-24T00:26:48Z,OpenStreetMap (ODbL)
node/1242130354,Tossal del Moro,Tossal del Moro,,389.2,389.2,38.7473182,0.0594833,ES-A,Alicante/Alacant,1,5,2023-12-19T19:35:59Z,OpenStreetMap (ODbL)
node/1242130493,Tossal de la Creu,Tossal de la Creu,,703,703.0,38.745006,-0.1175956,ES-A,Alicante/Alacant,1,9,2023-12-24T23:04:20Z,OpenStreetMap (ODbL)
node/1242131654,Peñón del Rey,,,711,711.0,38.5474951,-0.8649357,ES-A,Alicante/Alacant,1,4,2024-11-15T22:24:26Z,OpenStreetMap (ODbL)
node/1242131708,Tossal dels Nius,Tossal dels Nius,,441,441.0,38.5815005,-0.2291163,ES-A,Alicante/Alacant,1,5,2025-01-19T14:55:44Z,OpenStreetMap (ODbL)
node/1242131824,Tossal del Molinet,Tossal del Molinet,,664,664.0,38.7874493,-0.2809615,ES-A,Alicante/Alacant,1,5,2023-12-24T14:58:44Z,OpenStreetMap (ODbL)
node/1242132173,Alt de la Creu,Alt de la Creu,,809,809.0,38.8610732,-0.32711,ES-A,Alicante/Alacant,1,5,2023-09-25T19:32:53Z,OpenStreetMap (ODbL)
node/1242132291,Alt de les Planisses,Alt de les Planisses,,682,682.0,38.6857346,-0.0409681,ES-A,Alicante/Alacant,1,5,2023-12-24T21:42:51Z,OpenStreetMap (ODbL)
node/1242132549,Lloma Alta,Lloma Alta,,323,323.0,38.4450416,-0.547871,ES-A,Alicante/Alacant,1,6,2023-11-18T09:08:00Z,OpenStreetMap (ODbL)
node/1242133457,Llometa Redona,Llometa Redona,,232,232.0,38.434351,-0.5363698,ES-A,Alicante/Alacant,1,11,2025-03-01T09:09:43Z,OpenStreetMap (ODbL)
node/1242134439,Alt del Colze,,,854,854.0,38.5569925,-0.5667997,ES-A,Alicante/Alacant,1,4,2023-11-18T01:14:29Z,OpenStreetMap (ODbL)
node/1242134603,Alt del Pla del Cirer,Alt del Pla del Cirer,,1126,1126.0,38.6453475,-0.3331667,ES-A,Alicante/Alacant,1,6,2023-02-02T23:50:20Z,OpenStreetMap (ODbL)
node/1242134658,Alt de la Coveta Fumada,Alt de la Coveta Fumada,,571,571.0,38.4772987,-0.5374182,ES-A,Alicante/Alacant,1,8,2023-10-09T23:27:26Z,OpenStreetMap (ODbL)
node/1242134738,l'Ullastre,l'Ullastre,,731,731.0,38.8622163,-0.3437335,ES-V,Valencia/València,1,6,2023-10-09T23:18:48Z,OpenStreetMap (ODbL)
node/1242134759,Tossal de les Coques,,,359,359.0,38.4513538,-0.5427652,ES-A,Alicante/Alacant,1,21,2026-05-04T15:38:11Z,OpenStreetMap (ODbL)
node/1242135557,Alt de la Menora,Alt de la Menora,,942,942.0,38.685716,-0.6200835,ES-A,Alicante/Alacant,1,6,2025-10-27T18:51:41Z,OpenStreetMap (ODbL)
node/1242135735,Penyes del Pla de Magarra,Penyes del Pla de Magarra,,130,130.0,38.3429203,-0.5553313,ES-A,Alicante/Alacant,1,7,2026-05-17T19:09:46Z,OpenStreetMap (ODbL)
node/1242136661,l'Alt de la Mançanera,l'Alt de la Mançanera,,726,726.0,38.7948077,-0.1183794,ES-A,Alicante/Alacant,1,7,2023-10-09T22:14:21Z,OpenStreetMap (ODbL)
node/1242137879,Tossal d'Alpolupi,,,973,973.0,38.7279082,-0.0966502,ES-A,Alicante/Alacant,1,5,2023-10-12T22:08:27Z,OpenStreetMap (ODbL)
node/1242138158,Tossal de Gorra,Tossal de Gorra,,831,831.0,38.7831159,-0.226851,ES-A,Alicante/Alacant,1,5,2024-11-29T22:37:55Z,OpenStreetMap (ODbL)
node/1242138962,Alt de la Barcella,Alt de la Barcella,,1195,1195.0,38.6639352,-0.6633716,ES-A,Alicante/Alacant,1,4,2025-10-27T19:23:44Z,OpenStreetMap (ODbL)
node/1242139040,el Roig,,,627,627.0,38.8264833,-0.1930404,ES-A,Alicante/Alacant,1,9,2023-12-24T11:04:34Z,OpenStreetMap (ODbL)
node/1242139600,Penyons de la Perereta,Penyons de la Perereta,,829,829.0,38.7683749,-0.1392538,ES-A,Alicante/Alacant,1,8,2023-12-18T15:53:04Z,OpenStreetMap (ODbL)
node/1242139879,el Campanar,el Campanar,,704,704.0,38.2718122,-0.8530455,ES-A,Alicante/Alacant,1,6,2023-10-20T00:03:26Z,OpenStreetMap (ODbL)
node/1242142267,Lloma Güendo,,,472,472.0,38.4736419,-0.5350479,ES-A,Alicante/Alacant,1,7,2021-08-17T12:54:25Z,OpenStreetMap (ODbL)
node/1242142319,Alt de Pasqual,Alt de Pasqual,,623,623.0,38.8175335,-0.1365938,ES-A,Alicante/Alacant,1,7,2023-11-07T21:40:12Z,OpenStreetMap (ODbL)
node/1242142813,Morro del Port,Morro del Port,,1098,1098.0,38.6945835,-0.2968117,ES-A,Alicante/Alacant,1,7,2023-10-19T23:09:34Z,OpenStreetMap (ODbL)
node/1242144231,Alt de l'Escobella,Alt de l'Escobella,Alto de la Escobella,693,693.0,38.4808653,-0.562096,ES-A,Alicante/Alacant,1,8,2024-04-03T16:08:11Z,OpenStreetMap (ODbL)
node/1242144702,Tossal dels Corbs,Tossal dels Corbs,,554,554.0,38.8228094,-0.1643756,ES-A,Alicante/Alacant,1,9,2023-12-20T22:55:03Z,OpenStreetMap (ODbL)
node/1242144741,Lloma de Penya Roja,,,820,820.0,38.8512834,-0.2665536,ES-A,Alicante/Alacant,1,5,2023-12-15T19:42:04Z,OpenStreetMap (ODbL)
node/1242144977,Penya dels Corbs,Penya dels Corbs,,907,907.0,38.7064833,-0.2552517,ES-A,Alicante/Alacant,1,6,2024-07-22T10:36:31Z,OpenStreetMap (ODbL)
node/1242144996,Alt de Santa Maria,,,965,965.0,38.7555794,-0.5636001,ES-A,Alicante/Alacant,1,5,2026-05-17T19:09:46Z,OpenStreetMap (ODbL)
node/1242145314,Alt de la Ferrera,,,1053,1053.0,38.6699649,-0.6434624,ES-A,Alicante/Alacant,1,6,2025-12-29T18:58:25Z,OpenStreetMap (ODbL)
node/1242145658,Tossal dels Mosquits,Tossal dels Mosquits,,893,893.0,38.7432915,-0.1422994,ES-A,Alicante/Alacant,1,7,2023-10-13T00:49:45Z,OpenStreetMap (ODbL)
node/1242146024,el Xical,,,426,426.0,38.8278111,-0.1411015,ES-A,Alicante/Alacant,1,6,2026-05-17T19:09:46Z,OpenStreetMap (ODbL)
node/1242146322,Alt de la Safra,Alt de la Safra,Alto de la Zafra,894,894.0,38.7361843,-0.8379031,,,0,4,2026-09-23T00:54:08Z,OpenStreetMap (ODbL)
node/1242146427,Penya del Síndic,Penya del Síndic,,920,920.0,38.6869663,-0.3086067,ES-A,Alicante/Alacant,1,6,2023-10-19T23:09:34Z,OpenStreetMap (ODbL)
node/1242146488,Penya del Maser,Penya del Maser,,653,653.0,38.799525,-0.2098819,ES-A,Alicante/Alacant,1,7,2023-12-24T12:36:26Z,OpenStreetMap (ODbL)
node/1242146513,Alt Redó,Alt Redó,,876,876.0,38.6824924,-0.2522784,ES-A,Alicante/Alacant,1,5,2023-12-25T00:11:25Z,OpenStreetMap (ODbL)
node/1242147194,Altet dels Argamells,Altet dels Argamells,,805,805.0,38.589795,-0.5755105,ES-A,Alicante/Alacant,1,5,2023-10-09T23:25:13Z,OpenStreetMap (ODbL)
node/1242147376,Alt del Camarell,,,1067.50,1067.5,38.6803705,-0.3078662,ES-A,Alicante/Alacant,1,4,2021-01-21T20:21:06Z,OpenStreetMap (ODbL)
node/1242147777,Tossal del Perdigó,Tossal del Perdigó,,353,353.0,38.721878,0.0193833,ES-A,Alicante/Alacant,1,7,2023-07-25T03:42:55Z,OpenStreetMap (ODbL)
node/1242149126,Tossal de la Catxutxa,Tossal de la Catxutxa,,688,688.0,38.8010131,-0.1147724,ES-A,Alicante/Alacant,1,8,2024-10-28T23:27:11Z,OpenStreetMap (ODbL)
node/1242149145,Creu de Mostalla,Creu de Mostalla,,364,364.0,38.8623918,-0.1269678,ES-A,Alicante/Alacant,1,6,2023-04-15T22:45:22Z,OpenStreetMap (ODbL)
node/1242149571,Alt de Pérez,Alt de Pérez,,376,376.0,38.5293336,-0.2874197,ES-A,Alicante/Alacant,1,5,2024-03-30T04:23:25Z,OpenStreetMap (ODbL)
node/1242150019,Cabeç de Vistabella,Cabeç de Vistabella,,776,776.0,38.5287303,-0.5204052,ES-A,Alicante/Alacant,1,5,2023-10-15T17:58:31Z,OpenStreetMap (ODbL)
node/1242150304,Tossal Borreguer,Tossal Borreguer,,727,727.0,38.7201057,-0.3114278,ES-A,Alicante/Alacant,1,8,2024-02-27T23:53:08Z,OpenStreetMap (ODbL)
node/1242150792,Penyeta de l'Àguila,,,677,677.0,38.5406286,-0.5734557,ES-A,Alicante/Alacant,1,4,2024-06-12T17:22:39Z,OpenStreetMap (ODbL)
node/1242152665,Cerro de los Purgaticos,,,695,695.0,38.6519052,-0.8297595,ES-A,Alicante/Alacant,1,4,2023-12-13T17:40:42Z,OpenStreetMap (ODbL)
node/1242152757,Cabeço de l'Era,,,654,654.0,38.6691837,-0.8108834,,,0,5,2026-09-23T19:07:51Z,OpenStreetMap (ODbL)
node/1242153011,Puig de les Florencies,Puig de les Florencies,,892,892.0,38.6653948,-0.4573165,ES-A,Alicante/Alacant,1,4,2025-10-28T18:28:18Z,OpenStreetMap (ODbL)
node/1242153024,Tossal Redó,Tossal Redó,,987,987.0,38.7307524,-0.5150342,ES-A,Alicante/Alacant,1,7,2023-12-24T23:50:20Z,OpenStreetMap (ODbL)
node/1242153203,,,,747,747.0,38.8022108,-0.1038804,ES-A,Alicante/Alacant,1,8,2023-11-19T23:59:47Z,OpenStreetMap (ODbL)
node/1242153207,Tossal del Rei,,,953,953.0,38.7597649,-0.2975946,ES-A,Alicante/Alacant,1,5,2024-02-16T23:19:24Z,OpenStreetMap (ODbL)
node/1242155195,Alt de la Replana,Alt de la Replana,,1086,1086.0,38.7123217,-0.5609455,ES-A,Alicante/Alacant,1,4,2025-10-24T18:28:18Z,OpenStreetMap (ODbL)
node/1242155348,Alt de Castillés,,,855,855.0,38.5671569,-0.7511106,ES-A,Alicante/Alacant,1,4,2025-02-26T20:04:39Z,OpenStreetMap (ODbL)
node/1242155763,les Malladetes Negres,les Malladetes Negres,,841,841.0,38.7727343,-0.2311707,ES-A,Alicante/Alacant,1,10,2025-03-30T02:05:18Z,OpenStreetMap (ODbL)
node/1242156208,Cabeçó de Barberà,,,722,722.0,38.5643094,-0.5771854,ES-A,Alicante/Alacant,1,4,2023-11-18T01:14:29Z,OpenStreetMap (ODbL)
node/1242156805,Revolcador,,,1048,1048.0,38.4952374,-0.6428721,ES-A,Alicante/Alacant,1,6,2019-07-17T16:12:07Z,OpenStreetMap (ODbL)
node/1242157054,Alt de la Pedrissa,,,1082,1082.0,38.6515437,-0.3474205,ES-A,Alicante/Alacant,1,5,2025-11-16T21:30:23Z,OpenStreetMap (ODbL)
node/1242987810,El Horcajo,,,1184,1184.0,39.9980696,-0.7776446,ES-CS,Castellón/Castelló,1,5,2025-04-13T17:54:36Z,OpenStreetMap (ODbL)
node/1243018682,Alto de Barrachina,,,1529,1529.0,40.0304874,-1.1015479,ES-V,Valencia/València,1,5,2025-11-10T18:08:54Z,OpenStreetMap (ODbL)
node/1243180052,Cabeza Peñalba,,,1452,1452.0,40.1010994,-1.4079166,ES-V,Valencia/València,1,4,2025-11-03T18:53:33Z,OpenStreetMap (ODbL)
node/1243230771,la Solana,,,475,475.0,40.4004791,0.142578,ES-CS,Castellón/Castelló,1,6,2024-03-23T20:13:49Z,OpenStreetMap (ODbL)
node/1243230787,La Serratilla,,,973,973.0,39.9838229,-0.4759736,ES-CS,Castellón/Castelló,1,4,2024-04-24T19:19:43Z,OpenStreetMap (ODbL)
node/1243230800,La Rápita,,,1106,1106.0,39.9276908,-0.4131004,ES-CS,Castellón/Castelló,1,7,2024-12-21T16:53:58Z,OpenStreetMap (ODbL)
node/1243230821,Alto Berná,,,754,754.0,39.9215035,-0.6777045,ES-CS,Castellón/Castelló,1,5,2025-04-09T12:49:06Z,OpenStreetMap (ODbL)
node/1243231079,Tossal del Roquís,,,698,698.0,40.2850726,-0.1401202,ES-CS,Castellón/Castelló,1,5,2025-08-25T18:44:28Z,OpenStreetMap (ODbL)
node/1243231226,Coll dels Frares,Coll dels Frares,,253,253.0,40.4484176,0.305034,ES-CS,Castellón/Castelló,1,6,2025-05-15T09:05:44Z,OpenStreetMap (ODbL)
node/1243231357,,,,845,845.0,40.661092,0.2385471,ES-CS,Castellón/Castelló,1,6,2026-05-17T22:03:56Z,OpenStreetMap (ODbL)
node/1243231581,Collet de la Roca,Collet de la Roca,,1123,1123.0,40.616897,-0.0286175,ES-CS,Castellón/Castelló,1,6,2024-12-12T12:35:33Z,OpenStreetMap (ODbL)
node/1243231591,El Marianet,,,561,561.0,39.8311711,-0.3132239,ES-CS,Castellón/Castelló,1,4,2023-05-03T17:00:04Z,OpenStreetMap (ODbL)
node/1243231937,Peña Castrilla,,,1062,1062.0,39.9274468,-0.72802,ES-CS,Castellón/Castelló,1,6,2026-05-17T19:09:46Z,OpenStreetMap (ODbL)
node/1243231952,La Cabeza,,,899,899.0,40.0514581,-0.5835679,ES-CS,Castellón/Castelló,1,5,2025-04-15T09:15:55Z,OpenStreetMap (ODbL)
node/1243232017,Alto de las Monjas,,,1026,1026.0,39.8487251,-0.6811562,ES-CS,Castellón/Castelló,1,4,2025-01-17T18:10:17Z,OpenStreetMap (ODbL)
node/1243232079,Alto de la Cruz,,,857,857.0,39.8771136,-0.5925571,ES-CS,Castellón/Castelló,1,4,2025-01-19T11:14:44Z,OpenStreetMap (ODbL)
node/1243232266,Tossal del Pi,Tossal del Pi,,298,298.0,40.3657267,0.3690594,ES-CS,Castellón/Castelló,1,7,2025-11-26T23:07:07Z,OpenStreetMap (ODbL)
node/1243232342,Alto del Garabal,,,666,666.0,39.8119075,-0.5293864,ES-CS,Castellón/Castelló,1,4,2025-01-23T19:21:06Z,OpenStreetMap (ODbL)
node/1243232474,Alto del Sabinar Grande,,,768,768.0,39.9625614,-0.5324195,ES-CS,Castellón/Castelló,1,4,2024-04-25T12:07:26Z,OpenStreetMap (ODbL)
node/1243232544,Peña Broda,,,759,759.0,40.0249851,-0.4076014,ES-CS,Castellón/Castelló,1,7,2024-06-08T00:09:12Z,OpenStreetMap (ODbL)
node/1243232683,La Ereta,,,959,959.0,39.8801451,-0.3628936,ES-CS,Castellón/Castelló,1,10,2025-01-30T13:11:12Z,OpenStreetMap (ODbL)
node/1243232687,el Morral,,,725,725.0,40.1728062,-0.2012953,ES-CS,Castellón/Castelló,1,5,2024-06-02T17:07:07Z,OpenStreetMap (ODbL)
node/1243232789,Peña Alta,,,1197,1197.0,39.8818096,-0.7573727,ES-CS,Castellón/Castelló,1,4,2024-12-23T20:16:33Z,OpenStreetMap (ODbL)
node/1243232853,el Manyaneto,,,174,174.0,39.8024076,-0.2033348,ES-CS,Castellón/Castelló,1,4,2025-02-22T19:49:15Z,OpenStreetMap (ODbL)
node/1243232908,Cerro Negro,,,813,813.0,39.9618085,-0.6115601,ES-CS,Castellón/Castelló,1,4,2025-01-17T19:38:08Z,OpenStreetMap (ODbL)
node/1243232926,la Mola,la Mola,,384.73,384.73,40.3462351,0.3528025,ES-CS,Castellón/Castelló,1,10,2025-11-10T20:29:35Z,OpenStreetMap (ODbL)
node/1243232932,Cerro del Sastre,,,808,808.0,39.7933093,-0.5242404,ES-CS,Castellón/Castelló,1,4,2025-02-06T17:07:39Z,OpenStreetMap (ODbL)
node/1243232942,La Cruz,,,1181,1181.0,40.0036911,-0.630796,ES-CS,Castellón/Castelló,1,4,2025-01-23T12:54:23Z,OpenStreetMap (ODbL)
node/1243233008,Pena del Camí,Pena del Camí,,977,977.0,40.6179115,0.1707903,ES-CS,Castellón/Castelló,1,6,2025-05-05T09:00:46Z,OpenStreetMap (ODbL)
node/1243233074,Loma de la Mediana,,,684,684.0,39.9521426,-0.4775659,ES-CS,Castellón/Castelló,1,4,2024-04-28T19:30:22Z,OpenStreetMap (ODbL)
node/1243233109,El Mastejado,,,751,751.0,39.7986577,-0.5792016,ES-CS,Castellón/Castelló,1,4,2025-01-26T18:00:22Z,OpenStreetMap (ODbL)
node/1243233276,El Verdinal,,,1155,1155.0,39.8566289,-0.729179,ES-CS,Castellón/Castelló,1,4,2025-01-07T11:47:35Z,OpenStreetMap (ODbL)
node/1243233288,Peña del Buho,,,584,584.0,39.760835,-0.5948357,ES-CS,Castellón/Castelló,1,4,2025-02-11T17:57:40Z,OpenStreetMap (ODbL)
node/1243233329,Puntal de Miralverde,,,1567,1567.0,39.9645068,-0.8272168,ES-CS,Castellón/Castelló,1,5,2019-07-17T16:01:40Z,OpenStreetMap (ODbL)
node/1243233486,la Talaia,la Talaia,,987,987.0,40.3119604,-0.1590881,ES-CS,Castellón/Castelló,1,6,2025-07-08T11:17:06Z,OpenStreetMap (ODbL)
node/1243233573,Cruz de los Muertos,,,1274,1274.0,39.8568711,-0.7556941,ES-CS,Castellón/Castelló,1,4,2024-12-26T20:19:06Z,OpenStreetMap (ODbL)
node/1243233624,Las Cascajeras,,,963,963.0,40.0274728,-0.5721255,ES-CS,Castellón/Castelló,1,4,2025-04-15T09:15:55Z,OpenStreetMap (ODbL)
node/1243233712,Alto del Collado Blanco,,,615,615.0,39.895791,-0.6063569,ES-CS,Castellón/Castelló,1,4,2025-01-19T11:14:44Z,OpenStreetMap (ODbL)
node/1243233887,Puntal de Garretas,,,1559,1559.0,39.9379457,-0.8252485,ES-CS,Castellón/Castelló,1,7,2026-09-23T09:48:02Z,OpenStreetMap (ODbL)
node/1243233914,Alto del Fustal,,,869,869.0,39.9630742,-0.4976571,ES-CS,Castellón/Castelló,1,4,2024-04-29T18:29:06Z,OpenStreetMap (ODbL)
node/1243233967,Pico Casalet,Pico Cassalet,,767,767.0,39.932949,-0.3642955,ES-CS,Castellón/Castelló,1,9,2024-01-16T17:12:09Z,OpenStreetMap (ODbL)
node/1243233971,Coll de March,,,353,353.0,40.4224289,0.296084,ES-CS,Castellón/Castelló,1,4,2026-01-08T01:35:55Z,OpenStreetMap (ODbL)
node/1243233998,Loma de los Judíos,,,706,706.0,40.0321573,-0.4164902,ES-CS,Castellón/Castelló,1,5,2024-06-07T21:07:18Z,OpenStreetMap (ODbL)
node/1243234001,Moleta de Gargant,Moleta de Gargant,,1364,1364.0,40.2327137,-0.318113,ES-CS,Castellón/Castelló,1,7,2023-10-19T23:10:00Z,OpenStreetMap (ODbL)
node/1243234045,Alto de Ramos,,,716,716.0,39.9127543,-0.647255,ES-CS,Castellón/Castelló,1,4,2025-01-19T11:14:44Z,OpenStreetMap (ODbL)
node/1243234086,Ato del Pelado,,,976,976.0,39.911641,-0.7197528,ES-CS,Castellón/Castelló,1,4,2024-12-26T18:17:19Z,OpenStreetMap (ODbL)
node/1243234127,Malpica,,,447,447.0,40.1173223,-0.1217305,ES-CS,Castellón/Castelló,1,5,2024-04-04T19:22:35Z,OpenStreetMap (ODbL)
node/1243234155,La Hoz,,,1102,1102.0,39.8864534,-0.7403618,ES-CS,Castellón/Castelló,1,4,2024-12-26T20:19:06Z,OpenStreetMap (ODbL)
node/1243234289,Alto del Gordo,,,929,929.0,39.8570578,-0.6522063,ES-CS,Castellón/Castelló,1,4,2025-01-27T11:14:36Z,OpenStreetMap (ODbL)
node/1243234348,Alto del Joven,,,621,621.0,39.8783061,-0.5524432,ES-CS,Castellón/Castelló,1,4,2025-01-23T11:03:01Z,OpenStreetMap (ODbL)
node/1243234365,Capoll del Mosquerí,,,565,565.0,40.1104969,-0.2501282,ES-CS,Castellón/Castelló,1,5,2026-05-18T00:09:15Z,OpenStreetMap (ODbL)
node/1243234609,Alto de la Cueva Santa,,,759,759.0,39.9614468,-0.4872173,ES-CS,Castellón/Castelló,1,4,2024-04-29T18:29:06Z,OpenStreetMap (ODbL)
node/1243235022,Peña del Clavo,,,1163,1163.0,39.9524616,-0.7552314,ES-CS,Castellón/Castelló,1,4,2024-12-21T13:22:05Z,OpenStreetMap (ODbL)
node/1243235108,Cerro de San Sebastián,,,524,524.0,39.8441012,-0.523897,ES-CS,Castellón/Castelló,1,4,2025-12-26T17:39:55Z,OpenStreetMap (ODbL)
node/1243235160,Cerro de la Pericona,,,1471,1471.0,39.9048915,-0.7909559,ES-CS,Castellón/Castelló,1,4,2019-07-17T16:01:40Z,OpenStreetMap (ODbL)
node/1243235559,Morrón Negro,Morro Negre,,757,757.0,40.0709397,-0.3980051,ES-CS,Castellón/Castelló,1,5,2024-04-13T15:54:54Z,OpenStreetMap (ODbL)
node/1243235693,Moleta de l'Aldua,,,1083,1083.0,40.1754771,-0.3453916,ES-CS,Castellón/Castelló,1,4,2024-01-05T01:16:41Z,OpenStreetMap (ODbL)
node/1243235698,Cerro Moro,,,1057,1057.0,39.9041148,-0.7305311,ES-CS,Castellón/Castelló,1,4,2024-12-26T20:19:06Z,OpenStreetMap (ODbL)
node/1243235723,Cerro del Frontón,,,1029,1029.0,39.8513685,-0.6815347,ES-CS,Castellón/Castelló,1,4,2025-01-17T18:10:17Z,OpenStreetMap (ODbL)
node/1243235837,Roca Centelles,Roca Centelles,,644,644.0,40.2669863,-0.1120901,ES-CS,Castellón/Castelló,1,5,2023-04-07T16:18:14Z,OpenStreetMap (ODbL)
node/1243235924,Peña del Cinglo,,,641,641.0,40.0448444,-0.5300727,ES-CS,Castellón/Castelló,1,4,2024-04-10T16:55:50Z,OpenStreetMap (ODbL)
node/1243236020,Picacho Bigas,,,1032,1032.0,39.9272762,-0.7394184,ES-CS,Castellón/Castelló,1,4,2024-12-23T19:27:42Z,OpenStreetMap (ODbL)
node/1243236079,Alto del Chan,,,952,952.0,39.8701509,-0.6801358,ES-CS,Castellón/Castelló,1,4,2025-01-17T18:10:17Z,OpenStreetMap (ODbL)
node/1243236090,Tossal de la Bandereta,Tossal de la Bandereta,,845,845.0,40.2772093,-0.0246807,ES-CS,Castellón/Castelló,1,8,2025-10-19T22:30:46Z,OpenStreetMap (ODbL)
node/1243236115,Alto de la Rambla,,,704,704.0,39.9725617,-0.3890091,ES-CS,Castellón/Castelló,1,4,2024-12-13T09:09:24Z,OpenStreetMap (ODbL)
node/1243236505,Alto de los Zailes,,,795,795.0,40.0316304,-0.4470654,ES-CS,Castellón/Castelló,1,4,2024-04-12T19:03:58Z,OpenStreetMap (ODbL)
node/1243236507,Penya del Vent,Penya del Vent,,633,633.0,40.3524289,0.0672601,ES-CS,Castellón/Castelló,1,5,2023-10-04T19:06:17Z,OpenStreetMap (ODbL)
node/1243236561,Mola de la Garumba,,,1145,1145.0,40.6161627,-0.1599748,ES-CS,Castellón/Castelló,1,6,2025-09-28T20:59:55Z,OpenStreetMap (ODbL)
node/1243236609,Peña Salada Este,,,1577,1577.0,39.8942483,-0.8015597,ES-CS,Castellón/Castelló,1,5,2019-07-17T16:01:40Z,OpenStreetMap (ODbL)
node/1243236684,el Teixet,,,1097,1097.0,40.586847,0.1292002,ES-CS,Castellón/Castelló,1,4,2023-08-28T12:36:57Z,OpenStreetMap (ODbL)
node/1243236687,el Bovalar,el Bovalar,,638,638.0,40.2041554,-0.1583444,ES-CS,Castellón/Castelló,1,6,2023-07-12T07:42:55Z,OpenStreetMap (ODbL)
node/1243236695,Farons,,,291,291.0,39.9921281,-0.2641626,ES-CS,Castellón/Castelló,1,6,2026-02-19T00:33:38Z,OpenStreetMap (ODbL)
node/1243236884,,,,626,626.0,39.9022251,-0.3293085,ES-CS,Castellón/Castelló,1,6,2023-06-10T11:29:44Z,OpenStreetMap (ODbL)
node/1243236983,Cerro del Gamellón,,,1168,1168.0,39.8619407,-0.7321054,ES-CS,Castellón/Castelló,1,4,2025-01-07T11:47:35Z,OpenStreetMap (ODbL)
node/1243237001,Alto de la Sierra,,,987,987.0,40.0055285,-0.5297081,ES-CS,Castellón/Castelló,1,5,2024-09-17T11:49:11Z,OpenStreetMap (ODbL)
node/1243237068,Montemayor,,,899,899.0,39.7316345,-0.4676539,ES-CS,Castellón/Castelló,1,5,2026-04-03T12:53:07Z,OpenStreetMap (ODbL)
node/1243237073,Puntal Juananas,,,1185,1185.0,39.963228,-0.7723289,ES-CS,Castellón/Castelló,1,5,2024-12-21T13:22:05Z,OpenStreetMap (ODbL)
node/1243237170,Alto de la Covarada,,,1065,1065.0,40.002403,-0.5534905,ES-CS,Castellón/Castelló,1,5,2024-04-25T16:21:01Z,OpenStreetMap (ODbL)
node/1243237174,Cerro de Benaval,,,731,731.0,39.8718243,-0.6071117,ES-CS,Castellón/Castelló,1,4,2025-01-19T11:14:44Z,OpenStreetMap (ODbL)
node/1243237446,Lloma del Mas de Montsó,,,1374,1374.0,40.2940115,-0.385018,ES-CS,Castellón/Castelló,1,6,2024-09-10T18:48:02Z,OpenStreetMap (ODbL)
node/1243237668,Alto de Sayas,,,776,776.0,39.8917376,-0.5879644,ES-CS,Castellón/Castelló,1,4,2025-01-20T18:58:46Z,OpenStreetMap (ODbL)
node/1243237673,la Pequenya,,,628,628.0,40.147884,-0.2878132,ES-CS,Castellón/Castelló,1,7,2025-06-24T21:37:58Z,OpenStreetMap (ODbL)
node/1243237807,Tossal de l'Alforí,Tossal de l'Alforí,,1321,1321.0,40.2952776,-0.3054744,ES-CS,Castellón/Castelló,1,7,2026-05-17T19:09:46Z,OpenStreetMap (ODbL)
node/1243237938,Cerro de las Mulas,,,915,915.0,39.8096718,-0.6313075,ES-CS,Castellón/Castelló,1,4,2025-02-09T19:07:51Z,OpenStreetMap (ODbL)
node/1243238201,,,,1152,1152.0,40.5309707,-0.2318297,ES-CS,Castellón/Castelló,1,5,2024-12-28T00:24:02Z,OpenStreetMap (ODbL)
node/1243238295,Cerro de Simón,,,994,994.0,39.9254008,-0.7217178,ES-CS,Castellón/Castelló,1,4,2024-12-26T17:41:43Z,OpenStreetMap (ODbL)
node/1243238625,El Cerrín,,,884,884.0,39.904035,-0.7131652,ES-CS,Castellón/Castelló,1,4,2024-12-26T20:19:06Z,OpenStreetMap (ODbL)
node/1243238660,Alto de la Silla,,,1088,1088.0,39.8180189,-0.7119485,ES-V,Valencia/València,1,4,2025-02-12T18:28:55Z,OpenStreetMap (ODbL)
node/1243239241,Alto de las Cuevas,,,547,547.0,39.8513708,-0.5526478,ES-CS,Castellón/Castelló,1,4,2025-01-23T19:30:43Z,OpenStreetMap (ODbL)
node/1243239544,Puntal de Peiró,,,1603,1603.0,39.9252426,-0.8242484,ES-CS,Castellón/Castelló,1,5,2019-07-17T16:01:40Z,OpenStreetMap (ODbL)
node/1243239723,El Picayo,,,881,881.0,39.9981592,-0.5172661,ES-CS,Castellón/Castelló,1,4,2024-04-24T19:19:43Z,OpenStreetMap (ODbL)
node/1243240153,El Tajar,,,1019,1019.0,39.9749303,-0.4362503,ES-CS,Castellón/Castelló,1,4,2023-12-03T20:53:09Z,OpenStreetMap (ODbL)
node/1243240224,Alto de las Simas,,,841,841.0,40.0248371,-0.4464467,ES-CS,Castellón/Castelló,1,4,2024-04-10T18:19:58Z,OpenStreetMap (ODbL)
node/1243240850,Coll dels Tintorers,Coll dels Tintorers,,660,660.0,40.4846931,0.1323345,ES-CS,Castellón/Castelló,1,6,2024-08-14T09:48:27Z,OpenStreetMap (ODbL)
node/1243240963,Penyes Altes,Penyes Altes,Peñas Altas,819,819.0,39.7214374,-0.4747911,ES-V,Valencia/València,1,4,2020-04-27T18:50:56Z,OpenStreetMap (ODbL)
node/1243241115,El Cornacó,,,579,579.0,39.7625154,-0.436996,ES-CS,Castellón/Castelló,1,4,2020-04-28T00:16:30Z,OpenStreetMap (ODbL)
node/1243241181,Canto de la Ereta,,,1482,1482.0,40.2308951,-0.5383747,ES-CS,Castellón/Castelló,1,5,2025-06-26T17:05:37Z,OpenStreetMap (ODbL)
node/1243241301,Cullera,,,977,977.0,39.8905919,-0.3828233,ES-CS,Castellón/Castelló,1,5,2019-06-30T13:53:21Z,OpenStreetMap (ODbL)
node/1243241335,Cerro de la Torrecilla,,,899,899.0,39.8516086,-0.6346259,ES-CS,Castellón/Castelló,1,4,2025-01-27T11:14:36Z,OpenStreetMap (ODbL)
node/1243241381,Cerro del Villar,,,876,876.0,39.8803305,-0.6452352,ES-CS,Castellón/Castelló,1,4,2025-01-17T19:38:08Z,OpenStreetMap (ODbL)
node/1243241391,Alto de laTejavana,,,1078,1078.0,39.9919424,-0.5412281,ES-CS,Castellón/Castelló,1,4,2024-04-24T19:19:43Z,OpenStreetMap (ODbL)
node/1243241413,Cerro Rajola,,,1099,1099.0,39.999931,-0.6814536,ES-CS,Castellón/Castelló,1,4,2025-04-13T19:13:06Z,OpenStreetMap (ODbL)
node/1243241623,Peña Alta,,,685,685.0,40.0122546,-0.4036685,ES-CS,Castellón/Castelló,1,7,2025-01-06T11:16:40Z,OpenStreetMap (ODbL)
node/1243241756,Penya de Marco,Penya de Marco,,539,539.0,39.9620237,-0.332015,ES-CS,Castellón/Castelló,1,5,2023-10-09T23:26:46Z,OpenStreetMap (ODbL)
node/1243241778,Tossal Negre,Tossal Negre,,422,422.0,39.9707659,-0.3025399,ES-CS,Castellón/Castelló,1,7,2024-09-30T20:05:46Z,OpenStreetMap (ODbL)
node/1243241788,Peña de los Pajaritos,,,691,691.0,39.9050271,-0.6416215,ES-CS,Castellón/Castelló,1,4,2025-01-19T11:14:44Z,OpenStreetMap (ODbL)
node/1243241816,Cerro de la Masadica,,,1048,1048.0,39.9090428,-0.7453112,ES-CS,Castellón/Castelló,1,4,2024-12-26T18:17:19Z,OpenStreetMap (ODbL)
node/1243241945,el Rodeno,el Rodeno,,538,538.0,39.8100813,-0.2852124,ES-CS,Castellón/Castelló,1,6,2024-12-11T08:45:14Z,OpenStreetMap (ODbL)
node/1243241969,Moleta del Terme,Moleta del Terme,,947,947.0,40.6551795,0.214453,ES-CS,Castellón/Castelló,1,8,2022-12-10T15:36:38Z,OpenStreetMap (ODbL)
node/1243241971,Puntal de Bastero,,,782,782.0,39.8001156,-0.5327232,ES-CS,Castellón/Castelló,1,4,2026-02-26T18:54:16Z,OpenStreetMap (ODbL)
node/1243241982,Alto del Navajo,,,1105,1105.0,39.9447251,-0.7101324,ES-CS,Castellón/Castelló,1,4,2024-12-26T17:41:43Z,OpenStreetMap (ODbL)
node/1243242109,Puntal de Peiros,,,1206,1206.0,39.960721,-0.7735714,ES-CS,Castellón/Castelló,1,5,2019-07-17T16:01:41Z,OpenStreetMap (ODbL)
node/1243242205,la Lloma Bernat,la Lloma Bernat,,1172,1172.0,40.2035009,-0.2690685,ES-CS,Castellón/Castelló,1,7,2024-01-04T20:51:24Z,OpenStreetMap (ODbL)
node/1243242241,Cerro de la Segadiza,,,727,727.0,39.8633018,-0.6040217,ES-CS,Castellón/Castelló,1,4,2025-01-27T11:14:36Z,OpenStreetMap (ODbL)
node/1243242283,Los Picayos,,,853,853.0,40.0185542,-0.4681832,ES-CS,Castellón/Castelló,1,4,2024-04-10T18:19:58Z,OpenStreetMap (ODbL)
node/1243242395,Tossal de Mollet,Tossal de Mollet,,703,703.0,40.080865,-0.0850793,ES-CS,Castellón/Castelló,1,9,2026-05-17T19:09:46Z,OpenStreetMap (ODbL)
node/1243242528,Cerro de la Venta,,,771,771.0,39.9041044,-0.6932774,ES-CS,Castellón/Castelló,1,4,2024-12-08T16:39:34Z,OpenStreetMap (ODbL)
node/1243242539,Alto del Mazorral,,,1111,1111.0,39.9984946,-0.7192979,ES-CS,Castellón/Castelló,1,4,2019-07-17T16:01:41Z,OpenStreetMap (ODbL)
node/1243242605,La Peñascona,,,714,714.0,39.7811925,-0.4984079,ES-CS,Castellón/Castelló,1,4,2025-02-06T17:07:39Z,OpenStreetMap (ODbL)
node/1243242735,Cerro de la Musa,,,1467,1467.0,39.9410356,-0.8085569,ES-CS,Castellón/Castelló,1,5,2019-07-17T16:01:41Z,OpenStreetMap (ODbL)
node/1243242816,Tossal Gros,Turó Gros,,938,938.0,39.8864,-0.3584281,ES-CS,Castellón/Castelló,1,9,2024-02-21T15:19:38Z,OpenStreetMap (ODbL)
node/1243242835,Alto de Inglada,,,641,641.0,39.8822292,-0.614572,ES-CS,Castellón/Castelló,1,4,2025-01-19T11:14:44Z,OpenStreetMap (ODbL)
node/1243242839,el Morral,el Morral,,706,706.0,40.3491836,-0.0425463,ES-CS,Castellón/Castelló,1,6,2025-08-21T01:08:14Z,OpenStreetMap (ODbL)
node/1243242850,la Mola,,,622,622.0,40.4286493,0.1020927,ES-CS,Castellón/Castelló,1,5,2025-10-20T23:53:46Z,OpenStreetMap (ODbL)
node/1243242864,Tossal d'en Corna,,,383,383.0,40.0444951,-0.2476989,ES-CS,Castellón/Castelló,1,5,2023-09-18T20:47:53Z,OpenStreetMap (ODbL)
node/1243243240,Peña Agujereada,,,761,761.0,40.0958189,-0.4371225,ES-CS,Castellón/Castelló,1,6,2024-10-21T09:30:29Z,OpenStreetMap (ODbL)
node/1243243286,Lloma dels Pericos,Lloma dels Pericos,,653,653.0,40.1940201,-0.2168493,ES-CS,Castellón/Castelló,1,7,2026-09-21T23:38:59Z,OpenStreetMap (ODbL)
node/1243243570,Rosada,,,941,941.0,40.0631812,-0.5489827,ES-CS,Castellón/Castelló,1,4,2023-01-02T18:23:09Z,OpenStreetMap (ODbL)
node/1243243618,Tossal del Cabeço,,,589,589.0,40.1273899,-0.1798698,ES-CS,Castellón/Castelló,1,6,2023-11-11T00:57:27Z,OpenStreetMap (ODbL)
node/1243243748,les Mallades,les Mallades,,271,271.0,39.9066991,-0.226327,ES-CS,Castellón/Castelló,1,7,2024-12-12T16:10:54Z,OpenStreetMap (ODbL)
node/1243243832,Alto de las Mirras,,,825,825.0,39.9329569,-0.671969,ES-CS,Castellón/Castelló,1,4,2025-01-19T10:55:47Z,OpenStreetMap (ODbL)
node/1243243861,el Carril,el Carril,,1198.18,1198.18,40.2599209,-0.2774294,ES-CS,Castellón/Castelló,1,6,2022-12-10T15:58:00Z,OpenStreetMap (ODbL)
node/1243243914,el Cabeço Roig,,,1399.07,1399.07,40.2089281,-0.3212614,ES-CS,Castellón/Castelló,1,7,2022-01-10T20:53:27Z,OpenStreetMap (ODbL)
node/1243243926,Moleta de la Sebastiana,Moleta de la Sebastiana,,917,917.0,40.6534739,-0.2404308,ES-CS,Castellón/Castelló,1,6,2025-03-11T12:40:30Z,OpenStreetMap (ODbL)
node/1243244001,Puntal del Calero,,,981,981.0,39.8248445,-0.5967643,ES-CS,Castellón/Castelló,1,4,2025-01-26T18:37:31Z,OpenStreetMap (ODbL)
node/1243244005,San Cristóbal,,,988,988.0,40.0893848,-0.594229,ES-CS,Castellón/Castelló,1,5,2024-07-19T11:39:46Z,OpenStreetMap (ODbL)
node/1243244024,el Malladar,,,522,522.0,39.9664105,-0.3419864,ES-CS,Castellón/Castelló,1,4,2025-01-06T11:25:53Z,OpenStreetMap (ODbL)
node/1243244130,El Vago,,,838,838.0,40.0217709,-0.4478549,ES-CS,Castellón/Castelló,1,4,2024-04-10T18:19:58Z,OpenStreetMap (ODbL)
node/1243244131,Tossal de la Taladeta,,,980,980.0,40.3021891,-0.1777272,ES-CS,Castellón/Castelló,1,5,2025-07-08T09:04:06Z,OpenStreetMap (ODbL)
node/1243244163,Cabeço Roig,,,672,672.0,40.0671555,-0.2996036,ES-CS,Castellón/Castelló,1,4,2024-11-05T18:52:01Z,OpenStreetMap (ODbL)
node/1243244177,Alto de la Patorra,,,834,834.0,39.8889117,-0.6819831,ES-CS,Castellón/Castelló,1,4,2025-01-17T19:32:17Z,OpenStreetMap (ODbL)
node/1243244199,Alto de la Sillata,,,619,619.0,40.0026114,-0.3465875,ES-CS,Castellón/Castelló,1,6,2021-08-15T22:48:45Z,OpenStreetMap (ODbL)
node/1243244221,Punt del Cid,Punt del Cid,,110,110.0,39.7528317,-0.207369,ES-CS,Castellón/Castelló,1,11,2025-06-04T14:17:52Z,OpenStreetMap (ODbL)
node/1243244226,Cerro Pachón,,,892,892.0,40.0345836,-0.5877919,ES-CS,Castellón/Castelló,1,4,2023-01-06T09:58:08Z,OpenStreetMap (ODbL)
node/1243244257,Tossal de la Mola,Tossal de la Mola,,755,755.0,40.4456482,0.0524535,ES-CS,Castellón/Castelló,1,6,2025-02-17T18:52:06Z,OpenStreetMap (ODbL)
node/1243244265,El Morrón de Campos,,,963,963.0,40.0776867,-0.5474667,ES-CS,Castellón/Castelló,1,5,2025-03-31T20:24:17Z,OpenStreetMap (ODbL)
node/1243244297,Peña del Mediodía,,,787,787.0,39.9837475,-0.5116724,ES-CS,Castellón/Castelló,1,4,2024-09-17T11:49:11Z,OpenStreetMap (ODbL)
node/1243244300,la Torassa,,,1068,1068.0,40.5916725,-0.2468305,ES-CS,Castellón/Castelló,1,4,2024-12-31T15:03:23Z,OpenStreetMap (ODbL)
node/1243244304,Alt de la Porquera,,,896,896.0,40.0492327,-0.4994457,ES-CS,Castellón/Castelló,1,5,2024-12-30T14:34:40Z,OpenStreetMap (ODbL)
node/1243244329,la Lloma,la Lloma,,1162,1162.0,40.3572959,-0.2867282,ES-CS,Castellón/Castelló,1,5,2024-07-14T17:01:32Z,OpenStreetMap (ODbL)
node/1243244334,Peña Parda,,,755,755.0,39.9205365,-0.3735057,ES-CS,Castellón/Castelló,1,5,2023-11-28T00:29:24Z,OpenStreetMap (ODbL)
node/1243263255,Alto del Cerro,,,911,911.0,40.02972,-0.4980832,ES-CS,Castellón/Castelló,1,4,2024-04-10T16:55:50Z,OpenStreetMap (ODbL)
node/1243263281,Cerro de las Majadillas,,,1313,1313.0,39.9784539,-0.8001254,ES-CS,Castellón/Castelló,1,6,2026-03-08T16:28:05Z,OpenStreetMap (ODbL)
node/1243263350,Tossal de la Collada,Tossal de la Collada,,866,866.0,40.2500256,-0.0470448,ES-CS,Castellón/Castelló,1,5,2024-12-12T15:59:07Z,OpenStreetMap (ODbL)
node/1243263359,Cerro del Rincón,,,1187,1187.0,39.8665446,-0.7305459,ES-CS,Castellón/Castelló,1,4,2025-01-07T11:47:35Z,OpenStreetMap (ODbL)
node/1243263397,Alto del Gafero,,,921,921.0,39.872043,-0.6504174,ES-CS,Castellón/Castelló,1,4,2025-01-17T19:38:08Z,OpenStreetMap (ODbL)
node/1243263423,Cerro del Catalán,,,926,926.0,39.9772193,-0.6103803,ES-CS,Castellón/Castelló,1,4,2024-09-12T11:02:42Z,OpenStreetMap (ODbL)
node/1243263427,Tossal de la Canada,Tossal de la Canada,,877,877.0,40.2643468,-0.0036211,ES-CS,Castellón/Castelló,1,5,2025-01-31T17:04:50Z,OpenStreetMap (ODbL)
node/1243263471,Las Balsillas,,,555,555.0,39.8825294,-0.4342427,ES-CS,Castellón/Castelló,1,4,2025-01-28T19:08:44Z,OpenStreetMap (ODbL)
node/1243263696,Cerro de Moliner,,,729,729.0,39.958584,-0.5279275,ES-CS,Castellón/Castelló,1,4,2024-04-28T18:20:26Z,OpenStreetMap (ODbL)
node/1243264639,El Alto,,,771,771.0,40.0138314,-0.4251352,ES-CS,Castellón/Castelló,1,4,2023-12-03T20:53:09Z,OpenStreetMap (ODbL)
node/1243265159,Puntal del Blayo,,,1186,1186.0,39.8792075,-0.7488294,ES-CS,Castellón/Castelló,1,4,2024-12-23T20:16:33Z,OpenStreetMap (ODbL)
node/1243265276,Alto del Campo,,,906,906.0,40.0021269,-0.4705468,ES-CS,Castellón/Castelló,1,5,2021-05-31T17:52:02Z,OpenStreetMap (ODbL)
node/1243265336,Morral Negre,Morral Negre,,965,965.0,40.6137924,0.1573457,ES-CS,Castellón/Castelló,1,6,2025-05-05T09:00:46Z,OpenStreetMap (ODbL)
node/1243265583,Alt del Fardatxo,Alt del Fardatxo,,371,371.0,40.3940398,0.3121503,ES-CS,Castellón/Castelló,1,6,2025-11-11T20:36:09Z,OpenStreetMap (ODbL)
node/1243265721,Penya Saganta,,,726,726.0,40.0164926,-0.3585098,ES-CS,Castellón/Castelló,1,6,2024-11-07T08:09:03Z,OpenStreetMap (ODbL)
node/1243265767,Peñalba,,,857,857.0,40.0362778,-0.4466991,ES-CS,Castellón/Castelló,1,4,2024-04-10T18:19:58Z,OpenStreetMap (ODbL)
node/1243265889,el Puntalet,el Puntalet,,535,535.0,39.9214908,-0.3409109,ES-CS,Castellón/Castelló,1,6,2023-11-29T00:25:23Z,OpenStreetMap (ODbL)
node/1243265998,Cerro del Navajo,,,1071,1071.0,39.8543904,-0.700427,ES-CS,Castellón/Castelló,1,4,2025-01-17T18:10:17Z,OpenStreetMap (ODbL)
node/1243266109,Puntal de la Canaleta,,,1308,1308.0,39.9710851,-0.8051218,ES-CS,Castellón/Castelló,1,6,2020-03-08T12:58:39Z,OpenStreetMap (ODbL)
node/1243266219,Cerro Gordo,,,1186,1186.0,39.8834932,-0.767075,ES-CS,Castellón/Castelló,1,4,2024-12-23T20:16:33Z,OpenStreetMap (ODbL)
node/1243266299,Mola del Puig Cabrer,Mola del Puig Cabrer,,699,699.0,40.4966466,0.0751758,ES-CS,Castellón/Castelló,1,5,2022-12-16T19:45:12Z,OpenStreetMap (ODbL)
node/1243266325,Puntal de la Atalaya,,,1106,1106.0,40.022069,-0.5753237,ES-CS,Castellón/Castelló,1,6,2026-05-17T19:09:46Z,OpenStreetMap (ODbL)
node/1243266340,Alto de la Cruz,,,1123,1123.0,39.937447,-0.7185224,ES-CS,Castellón/Castelló,1,4,2024-12-26T17:41:43Z,OpenStreetMap (ODbL)
node/1243266429,Carrascosa,,,918,918.0,39.9729572,-0.4634846,ES-CS,Castellón/Castelló,1,5,2024-04-25T18:23:18Z,OpenStreetMap (ODbL)
node/1243266452,la Closa,la Closa,,1193,1193.0,40.6824732,0.1057184,ES-CS,Castellón/Castelló,1,7,2025-04-22T13:18:49Z,OpenStreetMap (ODbL)
node/1243266468,Cerro Pardo,,,871,871.0,40.0602036,-0.5893587,ES-CS,Castellón/Castelló,1,4,2024-07-28T18:03:54Z,OpenStreetMap (ODbL)
node/1243266663,les Portadores,,,364,364.0,40.0895505,-0.1008974,ES-CS,Castellón/Castelló,1,4,2024-05-07T19:47:37Z,OpenStreetMap (ODbL)
node/1243266853,la Pedrenyera,la Pedrenyera,,910,910.0,40.2785996,-0.1982526,ES-CS,Castellón/Castelló,1,9,2026-05-17T19:09:46Z,OpenStreetMap (ODbL)
node/1243267024,Alto de Sacañet,,,1142,1142.0,39.84668,-0.7206442,ES-CS,Castellón/Castelló,1,4,2024-12-23T20:16:33Z,OpenStreetMap (ODbL)
node/1243267087,Pico del Águila,Pic de l'Àguila,,878,878.0,39.7809076,-0.5168445,ES-V,Valencia/València,1,8,2022-03-06T12:58:23Z,OpenStreetMap (ODbL)
node/1243267389,Cerro de la Tarihuela,,,504,504.0,39.9106394,-0.544368,ES-CS,Castellón/Castelló,1,4,2025-01-23T19:21:06Z,OpenStreetMap (ODbL)
node/1243267416,El Tossalet,El Tossalet,,783,783.0,40.4600935,0.0722938,ES-CS,Castellón/Castelló,1,5,2025-05-17T16:15:19Z,OpenStreetMap (ODbL)
node/1243267439,Cerro del Ferrín,,,1145,1145.0,39.8895573,-0.7296413,ES-CS,Castellón/Castelló,1,4,2024-12-26T20:19:06Z,OpenStreetMap (ODbL)
node/1243267457,El Cabezuelo,,,1015,1015.0,40.0229458,-0.7315578,ES-CS,Castellón/Castelló,1,4,2025-04-09T23:37:02Z,OpenStreetMap (ODbL)
node/1243267562,Montegordo,Montegordo,,837,837.0,40.4000299,0.0323535,ES-CS,Castellón/Castelló,1,5,2025-04-27T15:32:28Z,OpenStreetMap (ODbL)
node/1243267624,La Serratilla,,,1104,1104.0,39.9474511,-0.7060885,ES-CS,Castellón/Castelló,1,4,2024-12-26T17:41:43Z,OpenStreetMap (ODbL)
node/1243267633,Alto de Bellido,,,739,739.0,39.8989882,-0.4405628,ES-CS,Castellón/Castelló,1,4,2024-04-30T17:05:27Z,OpenStreetMap (ODbL)
node/1243267700,Alto del Niño,,,793,793.0,39.9433721,-0.6498271,ES-CS,Castellón/Castelló,1,4,2025-01-17T19:38:08Z,OpenStreetMap (ODbL)
node/1243267892,Alto del Carro,,,844,844.0,39.9444264,-0.4371874,ES-CS,Castellón/Castelló,1,4,2024-04-30T09:30:57Z,OpenStreetMap (ODbL)
node/1243267968,la Talaia,,,455,455.0,40.0819393,-0.008869,ES-CS,Castellón/Castelló,1,4,2024-04-06T10:18:59Z,OpenStreetMap (ODbL)
node/1243268012,la Curolla,la Curolla,,559,559.0,40.5229371,0.1488622,ES-CS,Castellón/Castelló,1,7,2026-05-17T19:09:46Z,OpenStreetMap (ODbL)
node/1243268224,el Guitó,,,628,628.0,39.9518657,-0.3601852,ES-CS,Castellón/Castelló,1,6,2025-01-06T11:25:53Z,OpenStreetMap (ODbL)
node/1243268237,Cerro de la Fonte,,,1054,1054.0,39.867852,-0.71494,ES-CS,Castellón/Castelló,1,4,2025-01-07T11:47:35Z,OpenStreetMap (ODbL)
node/1243268248,Cerro Sabinoso,,,654,654.0,39.7724772,-0.6208855,ES-CS,Castellón/Castelló,1,4,2025-02-10T10:34:13Z,OpenStreetMap (ODbL)
node/1243268309,el Tossal,el Tossal,,469,469.0,39.9641998,-0.3181275,ES-CS,Castellón/Castelló,1,6,2023-10-20T00:05:13Z,OpenStreetMap (ODbL)
node/1243268365,Monte de la Palomera,,,607,607.0,39.8418564,-0.3942777,ES-CS,Castellón/Castelló,1,5,2025-04-06T20:15:16Z,OpenStreetMap (ODbL)
node/1243268408,Cerro de los Albares,,,612,612.0,39.8609733,-0.5712179,ES-CS,Castellón/Castelló,1,4,2025-01-27T10:50:35Z,OpenStreetMap (ODbL)
node/1243268439,les Moletes,les Moletes,,1247,1247.0,40.6855065,0.0721377,ES-CS,Castellón/Castelló,1,8,2026-05-17T19:09:46Z,OpenStreetMap (ODbL)
node/1243268443,Cerro de la Cruz,,,1053,1053.0,39.9865296,-0.6734364,ES-CS,Castellón/Castelló,1,5,2026-05-17T19:09:46Z,OpenStreetMap (ODbL)
node/1243268449,els Campanarets,els Campanarets,,1159,1159.0,40.4908205,-0.0166625,ES-CS,Castellón/Castelló,1,7,2023-10-09T23:25:36Z,OpenStreetMap (ODbL)
node/1243268450,,,,276,276.0,40.3089753,0.1388717,ES-CS,Castellón/Castelló,1,6,2024-12-21T20:46:05Z,OpenStreetMap (ODbL)
node/1243268602,El Penitente,,,739,739.0,39.7486458,-0.4751465,ES-CS,Castellón/Castelló,1,5,2025-02-03T19:17:28Z,OpenStreetMap (ODbL)
node/1243268665,Tossal del Calciner,,,749,749.0,40.2314682,-0.2241446,ES-CS,Castellón/Castelló,1,6,2024-01-04T00:23:36Z,OpenStreetMap (ODbL)
node/1243268850,el Cabeço,,,699,699.0,40.2084591,-0.2254959,ES-CS,Castellón/Castelló,1,4,2024-05-13T22:26:51Z,OpenStreetMap (ODbL)
node/1243269126,Cerro Vicente,,,707,707.0,39.8992498,-0.6347372,ES-CS,Castellón/Castelló,1,4,2025-01-19T11:14:44Z,OpenStreetMap (ODbL)
node/1243269304,Alto de Garramanchel,,,1059,1059.0,39.9800512,-0.6545024,ES-CS,Castellón/Castelló,1,4,2025-09-08T19:30:19Z,OpenStreetMap (ODbL)
node/1243269311,lo Flare,lo Flare,,744,744.0,40.47385,0.1106182,ES-CS,Castellón/Castelló,1,7,2024-08-22T16:51:35Z,OpenStreetMap (ODbL)
node/1243269336,lo Tossal Pelat,lo Tossal Pelat,,694,694.0,40.3910728,0.1864336,ES-CS,Castellón/Castelló,1,5,2025-10-21T23:30:08Z,OpenStreetMap (ODbL)
node/1243269369,Calacierto,,,1067,1067.0,40.0118933,-0.5391532,ES-CS,Castellón/Castelló,1,6,2025-04-25T15:39:52Z,OpenStreetMap (ODbL)
node/1243269402,Cerro Margarita,,,811,811.0,39.9650421,-0.6170055,ES-CS,Castellón/Castelló,1,4,2025-01-17T19:38:08Z,OpenStreetMap (ODbL)
node/1243269412,Moleta de la Pastora,Moleta de la Pastora,,908,908.0,40.4685113,-0.0099695,ES-CS,Castellón/Castelló,1,7,2024-01-09T19:30:26Z,OpenStreetMap (ODbL)
node/1243269480,Monte de San Roque,,,571,571.0,39.8680174,-0.4590858,ES-CS,Castellón/Castelló,1,4,2023-03-16T20:39:53Z,OpenStreetMap (ODbL)
node/1243269730,Tossal de les Mallades,Tossal de les Mallades,,1476,1476.0,40.2345461,-0.3328983,ES-CS,Castellón/Castelló,1,7,2022-11-21T04:08:55Z,OpenStreetMap (ODbL)
node/1243269917,El Jupillo,,,761,761.0,39.9486462,-0.3874613,ES-CS,Castellón/Castelló,1,5,2021-04-17T11:09:11Z,OpenStreetMap (ODbL)
node/1243269999,Alto del Rejo,,,834,834.0,39.785565,-0.5754693,ES-CS,Castellón/Castelló,1,4,2025-01-26T18:00:22Z,OpenStreetMap (ODbL)
node/1243270420,Alto del Mosquitero,,,1208,1208.0,39.9900131,-0.789203,ES-CS,Castellón/Castelló,1,4,2025-04-13T17:54:36Z,OpenStreetMap (ODbL)
node/1243270679,les Forques,les Forques,,972,972.0,40.3729151,-0.1305082,ES-CS,Castellón/Castelló,1,6,2026-05-17T19:09:46Z,OpenStreetMap (ODbL)
node/1243270737,El Escorrentador,,,1102,1102.0,39.9993136,-0.635915,ES-CS,Castellón/Castelló,1,4,2025-01-23T12:54:23Z,OpenStreetMap (ODbL)
node/1243271116,Alto del Paso Malo,,,1044,1044.0,40.0206453,-0.5890817,ES-CS,Castellón/Castelló,1,4,2024-07-28T18:03:54Z,OpenStreetMap (ODbL)
node/1243271268,Los García,,,1009,1009.0,39.8587549,-0.6830451,ES-CS,Castellón/Castelló,1,4,2025-01-17T18:10:17Z,OpenStreetMap (ODbL)
node/1243271302,Alto de las Palomas,,,1156,1156.0,39.9918874,-0.5751493,ES-CS,Castellón/Castelló,1,4,2023-01-02T19:15:43Z,OpenStreetMap (ODbL)
node/1243271364,Puntal del Pino,,,917,917.0,39.8183736,-0.6163089,ES-CS,Castellón/Castelló,1,4,2025-02-09T19:00:41Z,OpenStreetMap (ODbL)
node/1243271372,Alto de Cherri,,,787,787.0,39.9741594,-0.4039551,ES-CS,Castellón/Castelló,1,5,2024-09-15T17:11:44Z,OpenStreetMap (ODbL)
node/1243271470,Alto de la Cruz,,,851,851.0,39.9910446,-0.5137534,ES-CS,Castellón/Castelló,1,4,2024-04-24T19:19:43Z,OpenStreetMap (ODbL)
node/1243271491,Tossal del Pou,,,658,658.0,40.2372168,-0.2018424,ES-CS,Castellón/Castelló,1,6,2024-01-04T00:23:36Z,OpenStreetMap (ODbL)
node/1243271884,Peñas Santas,,,864,864.0,40.0140004,-0.4432059,ES-CS,Castellón/Castelló,1,5,2024-04-12T19:03:58Z,OpenStreetMap (ODbL)
node/1243271978,Alto de Enguita,,,1266,1266.0,39.8513788,-0.7336773,ES-CS,Castellón/Castelló,1,4,2024-12-23T20:16:33Z,OpenStreetMap (ODbL)
node/1243272039,Pic d'Espadà,Pic d'Espadà,Pico Espadán,1103,1103.0,39.9011024,-0.3763258,ES-CS,Castellón/Castelló,1,9,2024-02-21T17:07:02Z,OpenStreetMap (ODbL)
node/1243272064,Loma de los Trapos,,,769,769.0,40.0319256,-0.3938421,ES-CS,Castellón/Castelló,1,4,2023-12-06T00:14:15Z,OpenStreetMap (ODbL)
node/1243272111,Penya Parda,,,534,534.0,39.9259033,-0.2598678,ES-CS,Castellón/Castelló,1,8,2025-12-16T21:06:49Z,OpenStreetMap (ODbL)
node/1243272117,Las Moletas,,,1484,1484.0,40.2285947,-0.5146767,ES-CS,Castellón/Castelló,1,4,2024-07-30T17:30:12Z,OpenStreetMap (ODbL)
node/1243272119,la Creu,la Creu,,1122,1122.0,40.6345581,0.1189415,ES-CS,Castellón/Castelló,1,7,2022-11-27T11:26:49Z,OpenStreetMap (ODbL)
node/1243272179,Penya Roja,Penya Roja,,831,831.0,39.720114,-0.4635463,ES-V,Valencia/València,1,6,2023-09-29T16:53:12Z,OpenStreetMap (ODbL)
node/1243272184,Alto del Limbo,,,1172,1172.0,40.0175015,-0.6725312,ES-CS,Castellón/Castelló,1,4,2025-04-13T19:13:06Z,OpenStreetMap (ODbL)
node/1243272288,Alto de la Silla,,,1012,1012.0,39.857788,-0.6688895,ES-CS,Castellón/Castelló,1,4,2025-01-18T18:51:20Z,OpenStreetMap (ODbL)
node/1243272399,la Pitera,la Pitera,,687,687.0,39.8663704,-0.2421574,ES-CS,Castellón/Castelló,1,7,2024-10-22T10:36:28Z,OpenStreetMap (ODbL)
node/1243272484,,,,198,198.0,39.8377343,-0.2131427,ES-CS,Castellón/Castelló,1,5,2025-01-15T22:23:16Z,OpenStreetMap (ODbL)
node/1243272516,Cerro Gordo,,,1290,1290.0,39.9483947,-0.7654928,ES-CS,Castellón/Castelló,1,7,2024-04-22T17:05:57Z,OpenStreetMap (ODbL)
node/1243272529,Tossal dels Pinarejos,Tossal dels Pinarejos,,1348.12,1348.12,40.2577839,-0.2973434,ES-CS,Castellón/Castelló,1,7,2024-10-21T20:02:58Z,OpenStreetMap (ODbL)
node/1243272612,La Peñuela,,,727,727.0,39.9182325,-0.6479681,ES-CS,Castellón/Castelló,1,5,2025-01-20T18:22:44Z,OpenStreetMap (ODbL)
node/1243272861,Cerro del Grillo,,,572,572.0,39.9078529,-0.6016334,ES-CS,Castellón/Castelló,1,4,2025-01-20T19:04:48Z,OpenStreetMap (ODbL)
node/1243272889,Vidal,,,769,769.0,39.8661409,-0.3812209,ES-CS,Castellón/Castelló,1,4,2025-01-30T13:11:12Z,OpenStreetMap (ODbL)
node/1243272894,Peña de la Hiedra,,,667,667.0,40.068503,-0.4061643,ES-CS,Castellón/Castelló,1,5,2024-04-13T15:54:54Z,OpenStreetMap (ODbL)
node/1243272908,El Frontón,,,1051,1051.0,39.8970687,-0.7464792,ES-CS,Castellón/Castelló,1,4,2024-12-26T20:19:06Z,OpenStreetMap (ODbL)
node/1243272953,Cerro de la Pedrera,,,685,685.0,39.8584059,-0.5871127,ES-CS,Castellón/Castelló,1,4,2025-01-27T10:50:35Z,OpenStreetMap (ODbL)
node/1243273195,Peñas Pinas,,,552,552.0,39.8474908,-0.5308761,ES-CS,Castellón/Castelló,1,4,2025-01-23T19:30:43Z,OpenStreetMap (ODbL)
node/1243273382,la Moleta,la Moleta,,467,467.0,40.3410912,0.3175028,ES-CS,Castellón/Castelló,1,6,2022-11-27T11:52:19Z,OpenStreetMap (ODbL)
node/1243273407,Puntal de Monreal,,,1383,1383.0,39.917155,-0.7814721,ES-CS,Castellón/Castelló,1,5,2019-07-17T16:01:43Z,OpenStreetMap (ODbL)
node/1243273476,el Marinet,el Marinet,,1466,1466.0,40.245992,-0.313112,ES-CS,Castellón/Castelló,1,9,2023-10-19T23:10:00Z,OpenStreetMap (ODbL)
node/1243273547,Puntal del Agrillar,,,1614,1614.0,39.9186446,-0.8215429,ES-CS,Castellón/Castelló,1,5,2019-07-17T16:01:43Z,OpenStreetMap (ODbL)
node/1243273592,Alto del Portillo,,,902,902.0,40.0135162,-0.4792884,ES-CS,Castellón/Castelló,1,4,2024-04-25T18:23:18Z,OpenStreetMap (ODbL)
node/1243273627,Alto de la Muza,,,925,925.0,39.9486923,-0.4228585,ES-CS,Castellón/Castelló,1,5,2024-04-30T09:30:57Z,OpenStreetMap (ODbL)
node/1243273677,Alto del Cubico,,,735,735.0,40.003461,-0.4107791,ES-CS,Castellón/Castelló,1,5,2025-01-06T11:16:40Z,OpenStreetMap (ODbL)
node/1243273682,Peña Rubia,,,922,922.0,39.8303705,-0.5952904,ES-CS,Castellón/Castelló,1,4,2025-01-23T19:30:43Z,OpenStreetMap (ODbL)
node/1243273740,Cerro de la Plata,,,493,493.0,39.7726251,-0.4385162,ES-CS,Castellón/Castelló,1,4,2025-02-03T20:16:49Z,OpenStreetMap (ODbL)
node/1243273885,Peña Parda,,,1175,1175.0,39.9211775,-0.74076,ES-CS,Castellón/Castelló,1,4,2024-12-23T18:36:48Z,OpenStreetMap (ODbL)
node/1243273888,Cerro de la Pudia,,,925,925.0,40.0546783,-0.5943047,ES-CS,Castellón/Castelló,1,4,2024-07-28T18:03:54Z,OpenStreetMap (ODbL)
node/1243273958,Alto Caser,,,921,921.0,39.9852424,-0.5266022,ES-CS,Castellón/Castelló,1,4,2024-04-25T12:07:26Z,OpenStreetMap (ODbL)
node/1243273969,Puntal de Centeno,Puntal de Centeno,,524,524.0,39.8923824,-0.2923605,ES-CS,Castellón/Castelló,1,7,2023-10-09T23:24:55Z,OpenStreetMap (ODbL)
node/1243273979,la Talaiola,,,943,943.0,40.5794679,0.1634627,ES-CS,Castellón/Castelló,1,5,2026-03-05T00:31:09Z,OpenStreetMap (ODbL)
node/1243273996,Peña de Santa María,,,981,981.0,39.9248927,-0.7272432,ES-CS,Castellón/Castelló,1,4,2024-12-26T17:41:43Z,OpenStreetMap (ODbL)
node/1243274000,Alto de Vistahermosa,,,1448,1448.0,39.9267162,-0.7944758,ES-CS,Castellón/Castelló,1,5,2019-07-17T16:01:44Z,OpenStreetMap (ODbL)
node/1243274139,Gorgojo,,,731,731.0,40.0058332,-0.370534,ES-CS,Castellón/Castelló,1,5,2023-12-03T20:53:09Z,OpenStreetMap (ODbL)
node/1243274355,Cinglo de Caldereros,,,1391,1391.0,40.2280894,-0.4854017,ES-CS,Castellón/Castelló,1,5,2026-03-07T16:49:04Z,OpenStreetMap (ODbL)
node/1243274384,el Curulló de Motxellos,,,918,918.0,40.353203,-0.1113479,ES-CS,Castellón/Castelló,1,4,2025-05-28T22:58:47Z,OpenStreetMap (ODbL)
node/1243274445,Puntal del Navajo de María,,,1194,1194.0,39.8715619,-0.7295543,ES-CS,Castellón/Castelló,1,4,2025-01-07T11:47:35Z,OpenStreetMap (ODbL)
node/1243274495,Tossal del Baranc de la Cova,,,574,574.0,40.2320671,-0.0595043,ES-CS,Castellón/Castelló,1,4,2024-12-22T01:33:04Z,OpenStreetMap (ODbL)
node/1243274552,Pic de la Creu de Ferro,Pic de la Creu de Ferro,,537,537.0,39.8607055,-0.2154897,ES-CS,Castellón/Castelló,1,7,2022-12-10T15:24:18Z,OpenStreetMap (ODbL)
node/1243274567,El Castillejo,,,899,899.0,39.9658261,-0.4753165,ES-CS,Castellón/Castelló,1,4,2024-04-25T18:23:18Z,OpenStreetMap (ODbL)
node/1243274581,Puntal del Estepar,,,1505,1505.0,39.928253,-0.8106306,ES-CS,Castellón/Castelló,1,7,2024-12-22T17:27:24Z,OpenStreetMap (ODbL)
node/1243274753,Altos de Gollorí,,,629,629.0,39.827667,-0.5441942,ES-CS,Castellón/Castelló,1,4,2025-01-26T17:30:58Z,OpenStreetMap (ODbL)
node/1243274817,la Sima,la Sima,,754,754.0,39.9468235,-0.3672854,ES-CS,Castellón/Castelló,1,5,2022-12-10T15:41:38Z,OpenStreetMap (ODbL)
node/1243274841,Alto de la Costalata,,,671,671.0,39.9174052,-0.4980589,ES-CS,Castellón/Castelló,1,4,2024-04-29T18:29:06Z,OpenStreetMap (ODbL)
node/1243274845,el Cabeço Pelat,el Cabeço Pelat,,1376.78,1376.78,40.2112647,-0.3148753,ES-CS,Castellón/Castelló,1,9,2022-12-10T15:57:59Z,OpenStreetMap (ODbL)
node/1243274884,Puntal del Bejés,,,914,914.0,39.81957,-0.5951246,ES-CS,Castellón/Castelló,1,4,2025-01-26T18:37:31Z,OpenStreetMap (ODbL)
node/1243275005,Tossal de Samaruc,Tossal de Samaruc,,,,40.180095,-0.340711,ES-CS,Castellón/Castelló,1,6,2026-05-06T20:09:11Z,OpenStreetMap (ODbL)
node/1243275087,Loma de Tripa,,,972,972.0,39.8530111,-0.6740412,ES-CS,Castellón/Castelló,1,4,2025-01-17T18:10:17Z,OpenStreetMap (ODbL)
node/1243275101,Alto de la Palanca,,,825,825.0,39.8878851,-0.6709233,ES-CS,Castellón/Castelló,1,4,2025-01-17T19:32:17Z,OpenStreetMap (ODbL)
node/1243275114,Montecillo Arenal,,,313,313.0,39.8246239,-0.4373577,ES-CS,Castellón/Castelló,1,5,2025-01-30T13:11:12Z,OpenStreetMap (ODbL)
node/1243275241,Alto Fustero,,,1137,1137.0,39.9341443,-0.7302261,ES-CS,Castellón/Castelló,1,6,2021-04-10T11:45:05Z,OpenStreetMap (ODbL)
node/1243275251,Muela Benaza,,,976,976.0,40.0362868,-0.595211,ES-CS,Castellón/Castelló,1,4,2023-01-06T10:00:12Z,OpenStreetMap (ODbL)
node/1243275278,Tossal de Navarro,Tossal de Navarro,,1054,1054.0,40.6247609,-0.2844513,ES-CS,Castellón/Castelló,1,6,2024-12-31T15:03:23Z,OpenStreetMap (ODbL)
node/1243275285,Alto de Simonet,,,597,597.0,39.879876,-0.5482551,ES-CS,Castellón/Castelló,1,4,2025-01-23T11:03:01Z,OpenStreetMap (ODbL)
node/1243275330,Mola Llampera,Mola Llampera,,822,822.0,40.642338,0.2257904,ES-CS,Castellón/Castelló,1,6,2026-05-17T07:04:59Z,OpenStreetMap (ODbL)
node/1243275546,Cerro Ando,,,868,868.0,40.0474423,-0.5136272,ES-CS,Castellón/Castelló,1,4,2024-04-10T16:55:50Z,OpenStreetMap (ODbL)
node/1243275634,el Piló,el Piló,,1455.49,1455.49,40.2577471,-0.3128044,ES-CS,Castellón/Castelló,1,8,2024-02-11T17:04:47Z,OpenStreetMap (ODbL)
node/1243276104,Tossal de la Font,Tossal de la Font,,418,418.0,39.9563374,-0.3365267,ES-CS,Castellón/Castelló,1,6,2024-12-12T17:34:15Z,OpenStreetMap (ODbL)
node/1243276342,Puntal Redondo,,,1179,1179.0,39.88693,-0.7545767,ES-CS,Castellón/Castelló,1,4,2024-12-23T20:16:33Z,OpenStreetMap (ODbL)
node/1243276482,Peña Roya,,,1073,1073.0,39.9900442,-0.6266564,ES-CS,Castellón/Castelló,1,4,2025-01-23T19:21:06Z,OpenStreetMap (ODbL)
node/1243276514,Monte Redondo,,,1004,1004.0,40.009284,-0.5264667,ES-CS,Castellón/Castelló,1,4,2023-01-06T10:18:05Z,OpenStreetMap (ODbL)
node/1243276704,El Peral,,,1095,1095.0,40.0264744,-0.6508829,ES-CS,Castellón/Castelló,1,4,2025-03-27T20:19:43Z,OpenStreetMap (ODbL)
node/1243276780,Cerro de la Herbasana,,,946,946.0,39.8414962,-0.6557269,ES-CS,Castellón/Castelló,1,4,2025-01-27T11:14:36Z,OpenStreetMap (ODbL)
node/1243276837,Alto Pabilo,,,755,755.0,39.8754011,-0.5821625,ES-CS,Castellón/Castelló,1,4,2025-01-20T19:04:48Z,OpenStreetMap (ODbL)
node/1243277035,Lomas del Pozo del Junco,,,1560,1560.0,39.9577123,-0.8328159,ES-CS,Castellón/Castelló,1,5,2019-07-17T16:01:45Z,OpenStreetMap (ODbL)
node/1243277054,Moleta del Moro,Moleta del Moro,,1003,1003.0,40.5565347,0.0635492,ES-CS,Castellón/Castelló,1,5,2026-05-16T15:18:59Z,OpenStreetMap (ODbL)
node/1243277277,Loma Rasa,,,1159,1159.0,39.8379721,-0.7239478,ES-CS,Castellón/Castelló,1,4,2024-12-23T20:16:33Z,OpenStreetMap (ODbL)
node/1243277338,Tossal d'en Ramos,,,1096,1096.0,40.4137968,-0.2140377,ES-CS,Castellón/Castelló,1,4,2025-07-31T22:58:14Z,OpenStreetMap (ODbL)
node/1243277370,Alto del Almorocho,,,971,971.0,40.1173211,-0.5786043,ES-CS,Castellón/Castelló,1,4,2024-06-24T16:01:28Z,OpenStreetMap (ODbL)
node/1243277399,Alto de la Mezquetilla,,,669,669.0,39.9005237,-0.6253304,ES-CS,Castellón/Castelló,1,4,2025-01-19T11:14:44Z,OpenStreetMap (ODbL)
node/1243277409,Tossal de la Vila,Tossal de la Vila,,954,954.0,40.2672352,-0.0352318,ES-CS,Castellón/Castelló,1,5,2024-12-12T15:59:07Z,OpenStreetMap (ODbL)
node/1243277460,El Escarán,,,692,692.0,39.8744506,-0.6072211,ES-CS,Castellón/Castelló,1,4,2025-01-19T11:14:44Z,OpenStreetMap (ODbL)
node/1243277552,Loma de Borray,,,885,885.0,40.0346434,-0.5275041,ES-CS,Castellón/Castelló,1,5,2023-03-08T16:28:16Z,OpenStreetMap (ODbL)
node/1243277559,Puntal del Feroz,,,1168,1168.0,39.9586339,-0.7568753,ES-CS,Castellón/Castelló,1,4,2024-12-21T13:22:05Z,OpenStreetMap (ODbL)
node/1243277561,El Cerro,,,1055,1055.0,40.0044231,-0.731007,ES-CS,Castellón/Castelló,1,5,2025-11-04T08:32:23Z,OpenStreetMap (ODbL)
node/1243277566,el Clauet,,,402,402.0,40.1618768,0.0612088,ES-CS,Castellón/Castelló,1,4,2025-02-21T20:31:26Z,OpenStreetMap (ODbL)
node/1243277573,Loma de Verche,,,636,636.0,39.8517371,-0.5731763,ES-CS,Castellón/Castelló,1,4,2025-01-23T19:30:43Z,OpenStreetMap (ODbL)
node/1243277679,Cap d'els Canals,,,661,661.0,40.5915257,0.1732628,ES-CS,Castellón/Castelló,1,4,2026-05-16T15:18:59Z,OpenStreetMap (ODbL)
node/1243277698,Las Majadas,,,666,666.0,39.9976346,-0.3973696,ES-CS,Castellón/Castelló,1,4,2023-12-03T20:53:09Z,OpenStreetMap (ODbL)
node/1243277725,Tossal del Cabeço,Tossal del Cabeço,,1118.48,1118.48,40.231753,-0.2950958,ES-CS,Castellón/Castelló,1,8,2024-01-03T23:13:24Z,OpenStreetMap (ODbL)
node/1243277812,Peñalta,,,772,772.0,39.9609917,-0.4839904,ES-CS,Castellón/Castelló,1,4,2024-04-25T18:23:18Z,OpenStreetMap (ODbL)
node/1243277844,El Paso,,,1060,1060.0,39.8973282,-0.7220307,ES-CS,Castellón/Castelló,1,4,2024-12-26T20:19:06Z,OpenStreetMap (ODbL)
node/1243277908,Cerro Molino,,,850,850.0,39.9001575,-0.6980037,ES-CS,Castellón/Castelló,1,4,2024-12-08T16:39:34Z,OpenStreetMap (ODbL)
node/1243277931,Mola del Morico,,,697,697.0,40.0701442,0.0024831,ES-CS,Castellón/Castelló,1,4,2019-09-23T14:31:45Z,OpenStreetMap (ODbL)
node/1243277975,Peñas Blancas,,,845,845.0,39.7318293,-0.457492,ES-CS,Castellón/Castelló,1,5,2026-04-03T12:53:07Z,OpenStreetMap (ODbL)
node/1243277992,Tossal del Rubiolar,,,1011,1011.0,40.5938447,-0.033687,ES-CS,Castellón/Castelló,1,4,2023-08-28T12:36:57Z,OpenStreetMap (ODbL)
node/1243277996,Alto del Roquetillo,,,712,712.0,39.9079288,-0.5859423,ES-CS,Castellón/Castelló,1,4,2024-12-11T08:25:06Z,OpenStreetMap (ODbL)
node/1243278018,La Ereta,,,1554,1554.0,40.2336856,-0.5340338,ES-CS,Castellón/Castelló,1,5,2025-06-26T17:05:37Z,OpenStreetMap (ODbL)
node/1243278024,El Muladar,,,723,723.0,39.9654291,-0.4052323,ES-CS,Castellón/Castelló,1,5,2026-02-22T05:42:45Z,OpenStreetMap (ODbL)
node/1243278100,el Quadralbe,,,1112,1112.0,40.6565873,-0.3082991,ES-CS,Castellón/Castelló,1,4,2025-01-11T16:56:01Z,OpenStreetMap (ODbL)
node/1243278105,Alto del Zorro,,,902,902.0,39.8815955,-0.6528144,ES-CS,Castellón/Castelló,1,4,2025-01-17T19:38:08Z,OpenStreetMap (ODbL)
node/1243278230,Santa Lucía,,,1070,1070.0,39.9883152,-0.740163,ES-CS,Castellón/Castelló,1,4,2019-07-17T16:01:45Z,OpenStreetMap (ODbL)
node/1243278245,Coll de la Bassa,Coll de la Bassa,,264,264.0,40.4618144,0.2971434,ES-CS,Castellón/Castelló,1,5,2025-05-14T23:08:35Z,OpenStreetMap (ODbL)
node/1243278341,Alto de los Infantes,,,753,753.0,39.9209952,-0.646635,ES-CS,Castellón/Castelló,1,4,2025-01-20T18:22:44Z,OpenStreetMap (ODbL)
node/1243278374,la Moleta,,,314,314.0,40.4212247,0.3058829,ES-CS,Castellón/Castelló,1,5,2026-01-08T01:35:55Z,OpenStreetMap (ODbL)
node/1243278397,Alto de las Horcas,,,832,832.0,39.9895892,-0.4320418,ES-CS,Castellón/Castelló,1,4,2023-12-03T20:53:09Z,OpenStreetMap (ODbL)
node/1243278419,Tossal d'en Boix,Tossal d'en Boix,,738,738.0,40.3484764,0.0546401,ES-CS,Castellón/Castelló,1,5,2023-09-03T19:11:54Z,OpenStreetMap (ODbL)
node/1243278591,Mola d'en Camarás,,,1036,1036.0,40.6541564,-0.1663006,ES-CS,Castellón/Castelló,1,5,2025-03-30T15:58:52Z,OpenStreetMap (ODbL)
node/1243278621,Cabezo Pelado,,,785,785.0,40.0748425,-0.3657958,ES-CS,Castellón/Castelló,1,5,2024-12-11T09:15:50Z,OpenStreetMap (ODbL)
node/1243278651,el Castellet de Dalt,,,1068,1068.0,40.5693318,0.0914059,ES-CS,Castellón/Castelló,1,5,2025-02-25T00:28:07Z,OpenStreetMap (ODbL)
node/1243278676,Alto de la Solana,,,1022,1022.0,39.9914411,-0.5878137,ES-CS,Castellón/Castelló,1,4,2024-09-12T11:02:42Z,OpenStreetMap (ODbL)
node/1243278692,Mola Ballestera,Mola Ballestera,,782,782.0,40.6260653,0.2003373,ES-CS,Castellón/Castelló,1,7,2025-12-27T22:31:22Z,OpenStreetMap (ODbL)
node/1243278700,Peña de Giberte,,,746,746.0,40.0611756,-0.5776428,ES-CS,Castellón/Castelló,1,4,2024-07-28T18:03:54Z,OpenStreetMap (ODbL)
node/1243278706,Cerro Gil,,,1254,1254.0,39.9642844,-0.7796129,ES-CS,Castellón/Castelló,1,4,2019-07-17T16:01:45Z,OpenStreetMap (ODbL)
node/1243278710,la Palomita,,,1391,1391.0,40.4367439,-0.3059055,ES-CS,Castellón/Castelló,1,7,2025-05-19T20:02:23Z,OpenStreetMap (ODbL)
node/1243278739,Cerro de Jaime,,,842,842.0,39.9659763,-0.597411,ES-CS,Castellón/Castelló,1,4,2024-12-08T11:46:44Z,OpenStreetMap (ODbL)
node/1243278766,El Cerro del Casimiro,,,1004,1004.0,39.9487322,-0.694045,ES-CS,Castellón/Castelló,1,5,2026-05-17T19:09:46Z,OpenStreetMap (ODbL)
node/1243278807,Monte Morterico,,,863,863.0,39.954306,-0.4666243,ES-CS,Castellón/Castelló,1,4,2024-04-28T19:30:22Z,OpenStreetMap (ODbL)
node/1243278847,Alto del Cinglo,,,947,947.0,40.0246356,-0.4901138,ES-CS,Castellón/Castelló,1,4,2024-04-10T16:55:50Z,OpenStreetMap (ODbL)
node/1243278910,Puntal del Bo,,,1145,1145.0,39.9583679,-0.7515474,ES-CS,Castellón/Castelló,1,4,2024-12-21T13:22:05Z,OpenStreetMap (ODbL)
node/1243278991,el Colomer,el Colomer,,705,705.0,40.0866485,0.0366973,ES-CS,Castellón/Castelló,1,8,2026-05-17T19:09:46Z,OpenStreetMap (ODbL)
node/1243278993,el Castellar,,,885,885.0,40.3216542,-0.058803,ES-CS,Castellón/Castelló,1,7,2025-01-10T17:21:25Z,OpenStreetMap (ODbL)
node/1243279013,Collet de les Juncoses,Collet de les Juncoses,,761,761.0,40.7110494,-0.1562859,ES-CS,Castellón/Castelló,1,6,2025-04-29T20:52:27Z,OpenStreetMap (ODbL)
node/1243279059,Montardit,Montardit,,666,666.0,40.2619638,-0.1113003,ES-CS,Castellón/Castelló,1,6,2023-04-07T16:18:14Z,OpenStreetMap (ODbL)
node/1243279078,Cerro Mina,,,1027,1027.0,40.0103063,-0.5984865,ES-CS,Castellón/Castelló,1,4,2024-09-12T11:02:42Z,OpenStreetMap (ODbL)
node/1243279089,el Turmell,el Turmell,,1276,1276.0,40.5773653,0.0900379,ES-CS,Castellón/Castelló,1,6,2025-02-24T19:19:58Z,OpenStreetMap (ODbL)
node/1243279474,Tossal de la Caseta,Tossal de la Caseta,,772,772.0,40.2390292,-0.2149721,ES-CS,Castellón/Castelló,1,5,2022-11-21T03:32:00Z,OpenStreetMap (ODbL)
node/1243279889,Morradelles,Morradelles,,616,616.0,40.2026257,-0.2170998,ES-CS,Castellón/Castelló,1,7,2026-05-17T19:09:46Z,OpenStreetMap (ODbL)
node/1243279893,Roca Alta,Roca Alta,,1034,1034.0,40.6600221,-0.2501943,ES-CS,Castellón/Castelló,1,6,2024-04-17T22:27:52Z,OpenStreetMap (ODbL)
node/1243279917,Muela del Rebalsador,,,1270,1270.0,39.9135602,-0.7575519,ES-CS,Castellón/Castelló,1,4,2024-12-26T18:17:19Z,OpenStreetMap (ODbL)
node/1243280178,el Castell de Sufera,el Castell de Sufera,Castillo de Sufera,518.52,518.52,40.0916625,0.0503506,ES-CS,Castellón/Castelló,1,7,2026-09-13T21:26:07Z,OpenStreetMap (ODbL)
node/1243280450,la Lloma,,,358,358.0,40.0677598,-0.2361306,ES-CS,Castellón/Castelló,1,5,2024-10-09T09:43:10Z,OpenStreetMap (ODbL)
node/1243280649,Peña Blanca,,,942,942.0,40.0193108,-0.5363438,ES-CS,Castellón/Castelló,1,6,2023-01-06T09:11:11Z,OpenStreetMap (ODbL)
node/1243280788,el Castellar,el Castellar,,453,453.0,40.1192365,-0.2239979,ES-CS,Castellón/Castelló,1,6,2023-10-09T23:24:59Z,OpenStreetMap (ODbL)
node/1243281307,Alt de Vistahermosa,Alt de Vistahermosa,,421,421.0,40.3580543,0.3494601,ES-CS,Castellón/Castelló,1,10,2025-01-31T19:38:42Z,OpenStreetMap (ODbL)
node/1243281502,Cerro Aguamala,,,895,895.0,39.9349605,-0.675925,ES-CS,Castellón/Castelló,1,4,2025-01-19T10:55:47Z,OpenStreetMap (ODbL)
node/1243281563,Puntal del Cerro Mojón,,,1104,1104.0,39.8347163,-0.7073862,ES-CS,Castellón/Castelló,1,4,2025-01-18T18:51:20Z,OpenStreetMap (ODbL)
node/1243281702,Monte de la Parra,,,816,816.0,39.9700407,-0.6020785,ES-CS,Castellón/Castelló,1,4,2025-01-23T12:07:25Z,OpenStreetMap (ODbL)
node/1243281731,la Mola,la Mola,Cerro de la Mola,703,703.0,39.979205,-0.3380102,ES-CS,Castellón/Castelló,1,5,2026-05-17T19:09:46Z,OpenStreetMap (ODbL)
node/1243281741,Alto de las Quinchas,,,688,688.0,39.9053628,-0.6237107,ES-CS,Castellón/Castelló,1,4,2025-01-19T11:14:44Z,OpenStreetMap (ODbL)
node/1243281911,Huérpita,,,516,516.0,39.8810699,-0.4696726,ES-CS,Castellón/Castelló,1,4,2023-03-16T20:39:53Z,OpenStreetMap (ODbL)
node/1243282128,Loma de la Cierva,,,1022,1022.0,39.9958021,-0.6458396,ES-CS,Castellón/Castelló,1,4,2025-01-23T12:54:23Z,OpenStreetMap (ODbL)
node/1243282172,El Bombo,,,693,693.0,40.0400112,-0.5426379,ES-CS,Castellón/Castelló,1,4,2023-03-08T16:28:16Z,OpenStreetMap (ODbL)
node/1243282221,el Tossalet,el Tossalet,,427,427.0,40.1219676,-0.2380665,ES-CS,Castellón/Castelló,1,6,2023-05-15T20:37:08Z,OpenStreetMap (ODbL)
node/1243282278,Tossal del Mas de Marco,Tossal del Mas de Marco,,527,527.0,40.0746098,-0.2527306,ES-CS,Castellón/Castelló,1,7,2025-01-06T12:17:56Z,OpenStreetMap (ODbL)
node/1243282322,Alto del Castillejo,,,861,861.0,39.9701073,-0.4095651,ES-CS,Castellón/Castelló,1,4,2021-06-02T23:07:03Z,OpenStreetMap (ODbL)
node/1243282336,la Solana,la Solana,,1348,1348.0,40.6979026,0.0758483,ES-CS,Castellón/Castelló,1,7,2025-04-22T13:18:49Z,OpenStreetMap (ODbL)
node/1243282374,Pico de la Rueda,,,899,899.0,39.9955005,-0.5047284,ES-CS,Castellón/Castelló,1,5,2024-04-24T19:19:43Z,OpenStreetMap (ODbL)
node/1243366027,El Cerro,,,689,689.0,39.6414895,-0.924738,ES-V,Valencia/València,1,4,2025-12-09T19:32:50Z,OpenStreetMap (ODbL)
node/1243366032,Realto de la Mujer,,,728,728.0,39.2256688,-0.8536134,ES-V,Valencia/València,1,4,2024-04-15T17:45:55Z,OpenStreetMap (ODbL)
node/1243366281,Cerro de Cabeza de Ludén,,,523,523.0,39.3849899,-1.4137271,ES-V,Valencia/València,1,5,2026-01-24T18:56:05Z,OpenStreetMap (ODbL)
node/1243366536,Cerro del Carrascal,,,1326,1326.0,40.0576505,-1.1425041,ES-V,Valencia/València,1,5,2026-05-17T19:09:46Z,OpenStreetMap (ODbL)
node/1243366551,el Vedat,el Vedat,,303,303.0,39.0904686,-0.4024998,ES-V,Valencia/València,1,8,2026-05-17T19:09:46Z,OpenStreetMap (ODbL)
node/1243366662,Marianetas,,,742,742.0,39.6885283,-0.956219,ES-V,Valencia/València,1,4,2025-12-05T19:42:02Z,OpenStreetMap (ODbL)
node/1243366875,Peña de la Zorra,,,1130,1130.0,39.0924071,-1.2359672,ES-V,Valencia/València,1,5,2024-03-28T18:43:15Z,OpenStreetMap (ODbL)
node/1243367025,Pico del Reloj,,,762,762.0,39.2787199,-0.9844619,ES-V,Valencia/València,1,4,2024-10-27T19:02:07Z,OpenStreetMap (ODbL)
node/1243367095,Alt de les Mentires,Alt de les Mentires,,772,772.0,38.8360224,-0.727441,ES-V,Valencia/València,1,5,2023-10-16T22:16:32Z,OpenStreetMap (ODbL)
node/1243367268,El Mojón Lozano,,,826,826.0,39.7954117,-0.5486164,ES-V,Valencia/València,1,7,2026-04-03T12:53:07Z,OpenStreetMap (ODbL)
node/1243367717,Puntal del Juego de la Pelota,,,792,792.0,39.3354624,-0.9272689,ES-V,Valencia/València,1,4,2024-10-08T11:43:27Z,OpenStreetMap (ODbL)
node/1243367778,Cerro Gordo,,,1256,1256.0,39.6631782,-1.1537739,ES-V,Valencia/València,1,4,2025-11-25T12:27:43Z,OpenStreetMap (ODbL)
node/1243368142,Pata de Yegua,,,1114,1114.0,39.9013946,-1.0871373,ES-V,Valencia/València,1,4,2025-03-24T18:52:09Z,OpenStreetMap (ODbL)
node/1243368235,Loma Chupena,,,904,904.0,39.7961949,-1.0218346,ES-V,Valencia/València,1,4,2025-03-20T19:12:11Z,OpenStreetMap (ODbL)
node/1243368356,Alto de Palletas,,,748,748.0,39.4161011,-0.9726172,ES-V,Valencia/València,1,4,2024-10-15T18:12:02Z,OpenStreetMap (ODbL)
node/1243368452,el Xocainet,el Xocainet,,442,442.0,39.678043,-0.3505501,ES-V,Valencia/València,1,7,2023-10-19T23:09:41Z,OpenStreetMap (ODbL)
node/1243368619,Cerro de la Estafeta,,,881,881.0,39.1383488,-0.9890522,ES-V,Valencia/València,1,4,2024-03-22T12:55:12Z,OpenStreetMap (ODbL)
node/1243368825,,,,235,235.0,38.8805541,-0.141537,ES-V,Valencia/València,1,5,2025-05-28T22:32:03Z,OpenStreetMap (ODbL)
node/1243368908,Puntal de la Cuesta Blanca,,,529,529.0,39.3583062,-0.8503291,ES-V,Valencia/València,1,4,2024-10-13T17:40:43Z,OpenStreetMap (ODbL)
node/1243368998,Puntal del Povitxol,,,281,281.0,39.7304721,-0.2967248,ES-V,Valencia/València,1,4,2025-02-09T18:19:00Z,OpenStreetMap (ODbL)
node/1243369089,l'Altesó,,,313,313.0,38.9711542,-0.4385591,ES-V,Valencia/València,1,5,2024-05-26T19:59:16Z,OpenStreetMap (ODbL)
node/1243369291,Puntal del Meliquet,Puntal del Meliquet,,405,405.0,39.6662688,-0.3955652,ES-V,Valencia/València,1,5,2023-10-19T23:09:46Z,OpenStreetMap (ODbL)
node/1243370270,Loma del Enebral,,,708,708.0,39.5467868,-0.9612156,ES-V,Valencia/València,1,4,2025-12-23T20:05:48Z,OpenStreetMap (ODbL)
node/1243370639,Cinglo de Alejandro,,,1205,1205.0,39.9183458,-0.9609404,ES-V,Valencia/València,1,4,2025-04-15T11:21:44Z,OpenStreetMap (ODbL)
node/1243371308,El Chaparral,,,1706,1706.0,40.0519954,-1.0858672,ES-V,Valencia/València,1,5,2019-07-17T16:05:17Z,OpenStreetMap (ODbL)
node/1243371391,Alto del Aljibe,,,721,721.0,39.2252677,-0.8460731,ES-V,Valencia/València,1,4,2024-04-15T17:45:55Z,OpenStreetMap (ODbL)
node/1243371414,La Herrada,,,1147,1147.0,39.9167223,-1.0325146,ES-V,Valencia/València,1,4,2025-03-11T19:41:35Z,OpenStreetMap (ODbL)
node/1243371440,Alto de Pozo Ramos,,,593,593.0,39.7021719,-1.0156897,ES-V,Valencia/València,1,4,2025-12-04T19:31:41Z,OpenStreetMap (ODbL)
node/1243371608,Loma de la Pelucha,,,1164,1164.0,39.852242,-0.7816105,ES-V,Valencia/València,1,5,2026-05-17T19:09:46Z,OpenStreetMap (ODbL)
node/1243372048,Puntal de la Umbría,,,452,452.0,39.6773423,-0.9255639,ES-V,Valencia/València,1,4,2025-12-09T18:50:46Z,OpenStreetMap (ODbL)
node/1243372055,Morra del Bailaor,,,683,683.0,39.2847402,-0.7236548,ES-V,Valencia/València,1,4,2024-04-15T17:45:55Z,OpenStreetMap (ODbL)
node/1243372151,Puntal de los Caracoles,,,844,844.0,39.4512348,-1.4135633,ES-V,Valencia/València,1,4,2026-01-24T18:49:30Z,OpenStreetMap (ODbL)
node/1243372225,Loma de los Visos,,,957,957.0,39.6939604,-1.0673591,ES-V,Valencia/València,1,4,2025-12-04T19:31:41Z,OpenStreetMap (ODbL)
node/1243372271,La Moratilla Grande,,,1404,1404.0,39.9314541,-1.0376256,ES-V,Valencia/València,1,4,2025-03-11T18:51:57Z,OpenStreetMap (ODbL)
node/1243372279,Pico de la Colmena,,,569,569.0,39.3175909,-1.1656475,ES-V,Valencia/València,1,4,2024-11-06T19:38:01Z,OpenStreetMap (ODbL)
node/1243372403,Puntal Alto,,,576,576.0,39.3627899,-0.959936,ES-V,Valencia/València,1,4,2024-10-08T11:20:44Z,OpenStreetMap (ODbL)
node/1243372540,el Picaio,el Picaio,,699,699.0,39.0073314,-0.3273303,ES-V,Valencia/València,1,6,2023-10-09T23:22:46Z,OpenStreetMap (ODbL)
node/1243372684,Cerro del Majadal,,,1234,1234.0,39.6413019,-1.1292147,ES-V,Valencia/València,1,4,2025-12-05T19:13:58Z,OpenStreetMap (ODbL)
node/1243372956,Cerro del Bolariquio,,,465,465.0,39.1957846,-1.0629601,ES-V,Valencia/València,1,4,2024-03-25T18:51:10Z,OpenStreetMap (ODbL)
node/1243373136,Morro del Bali,,,412,412.0,39.2636226,-0.7967996,ES-V,Valencia/València,1,4,2024-04-15T17:45:55Z,OpenStreetMap (ODbL)
node/1243373191,Cerro de Ludén,,,591,591.0,39.3979421,-1.4022737,ES-V,Valencia/València,1,4,2026-01-24T12:23:01Z,OpenStreetMap (ODbL)
node/1243373444,Puntal de las Aliagas,,,559,559.0,39.5930816,-0.8724122,ES-V,Valencia/València,1,4,2026-02-25T19:48:42Z,OpenStreetMap (ODbL)
node/1243373704,Cerro de Don Gil,,,1242,1242.0,39.6369447,-1.1219714,ES-V,Valencia/València,1,4,2025-12-05T19:13:58Z,OpenStreetMap (ODbL)
node/1243373975,Cerro de la Canaleta,,,857,857.0,39.7260982,-1.1807869,ES-V,Valencia/València,1,4,2025-11-24T19:41:16Z,OpenStreetMap (ODbL)
node/1243374018,Cerro Campillo,,,848,848.0,39.7855041,-0.7687239,ES-V,Valencia/València,1,4,2025-02-17T19:16:22Z,OpenStreetMap (ODbL)
node/1243375122,Cerro de Civera,,,1081,1081.0,40.176362,-1.2890296,ES-V,Valencia/València,1,4,2025-11-14T10:37:38Z,OpenStreetMap (ODbL)
node/1243375213,Alto del Retor,,,724,724.0,39.4613015,-0.819005,ES-V,Valencia/València,1,4,2024-10-31T21:31:13Z,OpenStreetMap (ODbL)
node/1243375587,Cabezo de los Moros,,,1244,1244.0,40.03169,-1.150232,ES-V,Valencia/València,1,5,2025-11-06T11:15:40Z,OpenStreetMap (ODbL)
node/1243375699,Puntal del Barrancazo,,,638,638.0,39.2492627,-1.0124174,ES-V,Valencia/València,1,4,2024-10-29T12:34:12Z,OpenStreetMap (ODbL)
node/1243375802,Puntal de Lidoneros,,,677,677.0,39.4602877,-0.8060988,ES-V,Valencia/València,1,5,2024-11-01T12:50:12Z,OpenStreetMap (ODbL)
node/1243375952,Cerro Chico,,,1222,1222.0,39.6675348,-1.1602545,ES-V,Valencia/València,1,4,2025-11-25T12:27:43Z,OpenStreetMap (ODbL)
node/1243375992,Cerro Terrán,,,592,592.0,39.1614944,-0.9805291,ES-V,Valencia/València,1,4,2024-03-22T12:55:12Z,OpenStreetMap (ODbL)
node/1243376282,el Caragol,el Caragol,,264,264.0,39.7954529,-0.3604973,ES-V,Valencia/València,1,6,2024-05-04T17:59:22Z,OpenStreetMap (ODbL)
node/1243376379,Altos del Rodeno,,,1012,1012.0,39.7655122,-0.9253512,ES-V,Valencia/València,1,5,2025-03-06T18:22:23Z,OpenStreetMap (ODbL)
node/1243376555,Puntal de les Foies,Puntal de les Foies,,561,561.0,39.0232753,-0.2762779,ES-V,Valencia/València,1,5,2023-01-21T01:37:24Z,OpenStreetMap (ODbL)
node/1243376663,Puntal de Cleto,,,614,614.0,39.3635406,-0.9156705,ES-V,Valencia/València,1,4,2024-10-11T11:12:01Z,OpenStreetMap (ODbL)
node/1243376737,Peña de las Contiendas,,,601,601.0,39.0377272,-0.8246236,ES-V,Valencia/València,1,5,2026-02-15T18:49:52Z,OpenStreetMap (ODbL)
node/1243376801,,,,55,55.0,39.6926623,-0.2632723,ES-V,Valencia/València,1,6,2025-01-28T17:33:05Z,OpenStreetMap (ODbL)
node/1243376951,Puntal de Gibraltar,,,673,673.0,39.810547,-1.141814,ES-V,Valencia/València,1,4,2025-03-27T19:34:49Z,OpenStreetMap (ODbL)
node/1243377035,Cabezo Chico,,,1248,1248.0,39.8684378,-0.9933331,ES-V,Valencia/València,1,4,2025-03-11T19:41:35Z,OpenStreetMap (ODbL)
node/1243377072,Pico del Águila,,,665,665.0,39.1950486,-1.1392308,ES-V,Valencia/València,1,4,2024-03-28T19:18:33Z,OpenStreetMap (ODbL)
node/1243377275,Alt de la Ferradura,Alt de la Ferradura,,735,735.0,39.7662687,-0.7592517,ES-V,Valencia/València,1,5,2025-02-17T19:16:22Z,OpenStreetMap (ODbL)
node/1243377356,Penya del Sol,Penya del Sol,,664,664.0,38.8831524,-0.6779734,ES-V,Valencia/València,1,8,2023-05-09T21:56:45Z,OpenStreetMap (ODbL)
node/1243377865,Cerro Gordo,,,560,560.0,39.1955242,-1.0043614,ES-V,Valencia/València,1,5,2024-04-22T17:06:54Z,OpenStreetMap (ODbL)
node/1243377990,Picos de Santa María,,,1037,1037.0,39.5561178,-0.9302579,ES-V,Valencia/València,1,4,2025-12-23T18:52:20Z,OpenStreetMap (ODbL)
node/1243378270,Loma del Águila,,,947,947.0,39.8436036,-1.1010683,ES-V,Valencia/València,1,5,2026-04-02T10:19:11Z,OpenStreetMap (ODbL)
node/1243378396,Cerro del Asno,,,876,876.0,39.4031498,-0.9413513,ES-V,Valencia/València,1,4,2024-10-15T16:22:52Z,OpenStreetMap (ODbL)
node/1243378438,Peña de la Mosca,,,1064,1064.0,40.1423503,-1.3029822,ES-V,Valencia/València,1,4,2025-11-17T17:44:51Z,OpenStreetMap (ODbL)
node/1243378457,Cerro de la Marica,,,997,997.0,39.693706,-1.1659169,ES-V,Valencia/València,1,4,2025-11-24T18:53:34Z,OpenStreetMap (ODbL)
node/1243378481,Cerrito del Garrón,,,896,896.0,39.7940835,-1.2261436,ES-V,Valencia/València,1,4,2025-11-24T18:53:34Z,OpenStreetMap (ODbL)
node/1243378548,Puntal de los Sebastianes,,,1672,1672.0,40.0591735,-1.0973967,ES-V,Valencia/València,1,5,2025-11-06T14:06:24Z,OpenStreetMap (ODbL)
node/1243378694,Puntal del Juanero,,,773,773.0,39.1320988,-0.9213906,ES-V,Valencia/València,1,5,2024-04-17T19:26:56Z,OpenStreetMap (ODbL)
node/1243378712,el Puig,el Puig,,309.10,309.1,39.0035185,-0.4896784,ES-V,Valencia/València,1,7,2024-05-28T18:41:05Z,OpenStreetMap (ODbL)
node/1243378759,Alto de la Cabrera,,,1506,1506.0,40.0486938,-1.1130555,ES-V,Valencia/València,1,4,2025-11-06T12:03:22Z,OpenStreetMap (ODbL)
node/1243378871,Realto de la Sotana,,,692,692.0,39.1947778,-0.8507132,ES-V,Valencia/València,1,4,2024-04-15T18:15:46Z,OpenStreetMap (ODbL)
node/1243378917,La Rápita,,,779,779.0,39.2784414,-0.762498,ES-V,Valencia/València,1,4,2024-04-15T17:45:55Z,OpenStreetMap (ODbL)
node/1243379242,Alto del Águila,,,918,918.0,39.0951482,-0.9736972,ES-V,Valencia/València,1,4,2024-03-19T10:24:58Z,OpenStreetMap (ODbL)
node/1243379408,Cabeza Gorda,,,791,791.0,39.520579,-1.0240848,ES-V,Valencia/València,1,4,2025-12-26T20:04:12Z,OpenStreetMap (ODbL)
node/1243379482,Cerro del Tollo,,,788,788.0,39.7287469,-1.0567736,ES-V,Valencia/València,1,4,2025-12-13T19:18:54Z,OpenStreetMap (ODbL)
node/1243379552,Peñón de las Ubielas,,,759,759.0,39.6022591,-0.9465946,ES-V,Valencia/València,1,4,2025-12-21T19:50:38Z,OpenStreetMap (ODbL)
node/1243379588,Puntal de la Costera,Puntal de la Costera,,261,261.0,39.1597901,-0.6229462,ES-V,Valencia/València,1,6,2024-11-17T23:21:08Z,OpenStreetMap (ODbL)
node/1243379622,Cerro Gordo,,,1154,1154.0,39.8110531,-0.8493853,ES-V,Valencia/València,1,4,2025-02-17T19:59:09Z,OpenStreetMap (ODbL)
node/1243380555,El Manyo,,,513,513.0,39.6803188,-0.4058257,ES-V,Valencia/València,1,4,2025-02-09T18:44:14Z,OpenStreetMap (ODbL)
node/1243380764,Puntal de la Cueva de las Grajas,,,902,902.0,39.2111571,-1.1563131,ES-V,Valencia/València,1,4,2024-11-02T18:27:17Z,OpenStreetMap (ODbL)
node/1243380854,Puntal del Mediodía,,,1102,1102.0,38.9468853,-1.146663,ES-V,Valencia/València,1,4,2024-03-12T11:30:31Z,OpenStreetMap (ODbL)
node/1243381837,El Mojón,,,936,936.0,39.8885324,-1.1985412,ES-V,Valencia/València,1,4,2025-11-22T18:59:31Z,OpenStreetMap (ODbL)
node/1243381849,Alto Romero,,,821,821.0,39.7679752,-0.577258,ES-CS,Castellón/Castelló,1,5,2026-04-03T09:40:16Z,OpenStreetMap (ODbL)
node/1243382315,Cerro de la Rodena,,,919,919.0,39.8355634,-0.6737557,ES-V,Valencia/València,1,4,2025-02-12T18:28:55Z,OpenStreetMap (ODbL)
node/1243382871,El Montón de Trigo,,,631,631.0,39.2805049,-0.685829,ES-V,Valencia/València,1,4,2022-04-17T14:52:26Z,OpenStreetMap (ODbL)
node/1243383199,Alto del Sabinar,,,721,721.0,39.6687975,-0.9868571,ES-V,Valencia/València,1,5,2025-12-05T19:42:02Z,OpenStreetMap (ODbL)
node/1243383233,Loma del Cercado,,,416,416.0,39.2674079,-0.8030205,ES-V,Valencia/València,1,4,2024-04-15T17:45:55Z,OpenStreetMap (ODbL)
node/1243383465,Puntal del Cerro Gordo,,,641,641.0,39.1778522,-0.8376707,ES-V,Valencia/València,1,4,2024-04-15T18:15:46Z,OpenStreetMap (ODbL)
node/1243383498,El Celeminejo,,,671,671.0,39.2795563,-0.6970241,ES-V,Valencia/València,1,4,2022-04-17T14:23:22Z,OpenStreetMap (ODbL)
node/1243383853,Los Albaidares,,,314,314.0,39.12891,-0.7493683,ES-V,Valencia/València,1,4,2024-04-16T11:00:24Z,OpenStreetMap (ODbL)
node/1243384201,Peña del Marañal,,,674,674.0,39.3276654,-1.1445205,ES-V,Valencia/València,1,4,2024-11-08T19:19:53Z,OpenStreetMap (ODbL)
node/1243384217,Muntanyeta de Villar,Muntanyeta de Villar,,192,192.0,39.7610386,-0.2811085,ES-V,Valencia/València,1,7,2026-05-17T19:09:46Z,OpenStreetMap (ODbL)
node/1243384226,Peña Rubia,,,989,989.0,40.0254606,-1.2441623,ES-V,Valencia/València,1,5,2025-11-13T18:23:53Z,OpenStreetMap (ODbL)
node/1243384273,el Garbí,el Garbí,,593,593.0,39.6962941,-0.3699652,ES-V,Valencia/València,1,10,2024-12-22T10:54:35Z,OpenStreetMap (ODbL)
node/1243384612,Pico de la Sierrecilla,,,911,911.0,39.2118066,-1.130704,ES-V,Valencia/València,1,4,2024-11-02T19:00:11Z,OpenStreetMap (ODbL)
node/1243384912,Peñarroya,,,699,699.0,39.6530979,-0.9484222,ES-V,Valencia/València,1,4,2025-12-09T18:50:46Z,OpenStreetMap (ODbL)
node/1243385324,Cerro Hontanares,,,741,741.0,39.3907325,-0.9929965,ES-V,Valencia/València,1,4,2024-10-15T18:22:01Z,OpenStreetMap (ODbL)
node/1243385359,Alto de Caballón,,,734,734.0,39.2582869,-0.7020845,ES-V,Valencia/València,1,4,2024-04-15T17:45:55Z,OpenStreetMap (ODbL)
node/1243385474,Cerro de las Contiendas,,,909,909.0,39.0671874,-0.9828216,ES-V,Valencia/València,1,4,2024-03-20T17:28:45Z,OpenStreetMap (ODbL)
node/1243385536,Puntal del Cuerno,,,1111,1111.0,39.1044556,-1.2040982,ES-V,Valencia/València,1,4,2024-03-28T18:37:56Z,OpenStreetMap (ODbL)
node/1243385688,El Picayo,,,635,635.0,39.2758755,-0.9748147,ES-V,Valencia/València,1,4,2024-10-27T19:02:07Z,OpenStreetMap (ODbL)
node/1243385714,Cerro Bercuta,,,759,759.0,39.720685,-1.0685534,ES-V,Valencia/València,1,4,2025-11-25T17:20:49Z,OpenStreetMap (ODbL)
node/1243385838,Pico Redondo,,,494,494.0,39.2695157,-1.0604741,ES-V,Valencia/València,1,4,2024-10-29T13:04:17Z,OpenStreetMap (ODbL)
node/1243385939,Cerro Cholo,,,768,768.0,39.6582299,-0.9909557,ES-V,Valencia/València,1,5,2026-05-17T19:09:46Z,OpenStreetMap (ODbL)
node/1243386202,Alto de los Rebollares,,,881,881.0,39.7194978,-1.1456662,ES-V,Valencia/València,1,4,2025-11-25T12:27:43Z,OpenStreetMap (ODbL)
node/1243386246,Cerro Tabarla,,,633,633.0,39.36952,-0.9554481,ES-V,Valencia/València,1,4,2024-10-08T11:20:44Z,OpenStreetMap (ODbL)
node/1243386574,Alto de Tarrac,,,784,784.0,39.5784375,-0.8888841,ES-V,Valencia/València,1,4,2023-09-03T17:11:47Z,OpenStreetMap (ODbL)
node/1243386624,El Gorgo,,,909,909.0,39.7419931,-0.5030876,ES-V,Valencia/València,1,8,2026-04-03T12:53:07Z,OpenStreetMap (ODbL)
node/1243386708,Pico del Buitre,,,732,732.0,39.3634911,-1.0425961,ES-V,Valencia/València,1,4,2024-10-11T10:07:33Z,OpenStreetMap (ODbL)
node/1243386927,Peñarroya,,,658,658.0,39.7526143,-0.5241393,ES-V,Valencia/València,1,5,2022-03-06T23:34:47Z,OpenStreetMap (ODbL)
node/1243387003,Cerro los Carpios,,,903,903.0,39.096366,-1.1717732,ES-V,Valencia/València,1,4,2024-03-12T11:30:31Z,OpenStreetMap (ODbL)
node/1243387073,Alto de Malén,,,1031,1031.0,39.5302857,-0.9686939,ES-V,Valencia/València,1,4,2025-12-24T19:14:14Z,OpenStreetMap (ODbL)
node/1243387154,Puntal de las Palomas,,,806,806.0,39.4042843,-0.9939869,ES-V,Valencia/València,1,4,2024-10-15T18:22:01Z,OpenStreetMap (ODbL)
node/1243387180,Peñas del Portillo de las Saletas,,,593,593.0,39.7321062,-0.9182827,ES-V,Valencia/València,1,4,2025-12-11T19:52:22Z,OpenStreetMap (ODbL)
node/1243387207,Alto de la Girona,,,888,888.0,39.5508599,-0.875096,ES-V,Valencia/València,1,4,2025-12-22T18:41:36Z,OpenStreetMap (ODbL)
node/1243387218,Cerro de las Cambrillas,,,1111,1111.0,39.88847,-1.0542776,ES-V,Valencia/València,1,4,2025-03-14T12:02:48Z,OpenStreetMap (ODbL)
node/1243387289,Muntanya de la Patà,,,56,56.0,39.5911287,-0.3048012,ES-V,Valencia/València,1,5,2025-11-13T15:36:46Z,OpenStreetMap (ODbL)
node/1243387310,El Tolmo,,,878,878.0,39.1399566,-0.9979144,ES-V,Valencia/València,1,4,2024-03-22T12:55:12Z,OpenStreetMap (ODbL)
node/1243387409,Alto de la Solana,Alt de la Solana,,339,339.0,39.7894646,-0.3709784,ES-V,Valencia/València,1,5,2025-02-03T19:17:28Z,OpenStreetMap (ODbL)
node/1243387484,Cerro la Hoya,,,944,944.0,39.8084005,-0.7811303,ES-V,Valencia/València,1,4,2025-02-17T17:41:01Z,OpenStreetMap (ODbL)
node/1243387487,Peña del Fraile,,,340,340.0,39.1125359,-0.6958547,ES-V,Valencia/València,1,4,2025-03-30T15:46:18Z,OpenStreetMap (ODbL)
node/1243387507,Alto del Hostal,,,984,984.0,40.0858908,-1.320502,ES-V,Valencia/València,1,4,2025-11-16T19:55:18Z,OpenStreetMap (ODbL)
node/1243387530,Alto de las Pedrizas,,,585,585.0,39.6179343,-0.8865818,ES-V,Valencia/València,1,4,2025-12-21T19:50:38Z,OpenStreetMap (ODbL)
node/1243387653,Puntal de Sácaras,,,527,527.0,39.2295786,-1.0047778,ES-V,Valencia/València,1,5,2024-03-28T10:33:36Z,OpenStreetMap (ODbL)
node/1243387666,Alto Negro,,,1257,1257.0,39.8707044,-0.9431877,ES-V,Valencia/València,1,4,2025-03-20T12:00:49Z,OpenStreetMap (ODbL)
node/1243387679,Peña del Caño,,,945,945.0,40.0767312,-1.3191909,ES-V,Valencia/València,1,4,2025-10-31T18:25:34Z,OpenStreetMap (ODbL)
node/1243387727,Mola Gran,Mola Gran,,832,832.0,38.8457829,-0.6764109,ES-V,Valencia/València,1,6,2025-12-29T18:07:10Z,OpenStreetMap (ODbL)
node/1243387811,Peñarrubia,,,1081,1081.0,40.0530177,-1.1806575,ES-V,Valencia/València,1,5,2026-04-17T22:49:03Z,OpenStreetMap (ODbL)
node/1243387919,Carbonero,,,1077,1077.0,39.6204524,-1.1371996,ES-V,Valencia/València,1,4,2026-01-04T19:48:05Z,OpenStreetMap (ODbL)
node/1243387972,el Palmeral,el Palmeral,,338,338.0,39.1258929,-0.6132516,ES-V,Valencia/València,1,7,2025-05-26T20:26:01Z,OpenStreetMap (ODbL)
node/1243388121,Alto de La Cazoleta,,,892,892.0,39.5257243,-0.8019818,ES-V,Valencia/València,1,4,2022-04-17T01:22:06Z,OpenStreetMap (ODbL)
node/1243388130,Cerro Bon,,,1256,1256.0,39.8402344,-0.7595846,ES-V,Valencia/València,1,4,2024-12-23T20:16:33Z,OpenStreetMap (ODbL)
node/1243388423,Pico Colaita,,,828,828.0,39.2660748,-0.7009276,ES-V,Valencia/València,1,4,2022-04-17T14:52:26Z,OpenStreetMap (ODbL)
node/1243388521,Alt de la Nevera,Alt de la Nevera,,740,740.0,39.7178492,-0.444995,ES-V,Valencia/València,1,5,2025-02-05T19:31:40Z,OpenStreetMap (ODbL)
node/1243388576,Cerro Valero,,,1043,1043.0,39.6859883,-1.1690974,ES-V,Valencia/València,1,4,2025-11-24T18:53:34Z,OpenStreetMap (ODbL)
node/1243388645,el Cabeço,,,181,181.0,39.029392,-0.4700799,ES-V,Valencia/València,1,4,2024-05-28T18:41:05Z,OpenStreetMap (ODbL)
node/1243388657,Alt de Lluna,Alt de Lluna,,500,500.0,38.9878846,-0.3457821,ES-V,Valencia/València,1,5,2023-12-23T22:20:16Z,OpenStreetMap (ODbL)
node/1243388681,la Muntanyeta,,,347,347.0,39.0420136,-0.3246354,ES-V,Valencia/València,1,4,2023-12-20T23:58:35Z,OpenStreetMap (ODbL)
node/1243388764,Puntal de la Surtidera,,,1087,1087.0,39.6811467,-1.1680485,ES-V,Valencia/València,1,4,2025-11-24T18:53:34Z,OpenStreetMap (ODbL)
node/1243389395,La Morrica,,,573,573.0,39.3630517,-1.3392641,ES-V,Valencia/València,1,4,2026-01-22T19:04:36Z,OpenStreetMap (ODbL)
node/1243389599,La Peña,,,1012,1012.0,40.1350317,-1.2798959,ES-V,Valencia/València,1,4,2025-11-17T19:37:27Z,OpenStreetMap (ODbL)
node/1243390034,Puntal del Rodeno,,,831,831.0,39.7654783,-0.8826553,ES-V,Valencia/València,1,4,2025-02-19T12:54:41Z,OpenStreetMap (ODbL)
node/1243390261,La Trabina,,,1085,1085.0,39.9187303,-1.1624104,ES-V,Valencia/València,1,5,2026-05-17T19:09:46Z,OpenStreetMap (ODbL)
node/1243390473,Mojón de la Legua,,,754,754.0,39.2403271,-0.8448103,ES-V,Valencia/València,1,5,2024-04-15T17:45:55Z,OpenStreetMap (ODbL)
node/1243390482,Cerro Coleto,,,734,734.0,39.784167,-0.8118561,ES-V,Valencia/València,1,4,2025-04-15T11:21:44Z,OpenStreetMap (ODbL)
node/1243392609,Puntal de Roldán,,,1027,1027.0,39.5146631,-0.8803703,ES-V,Valencia/València,1,4,2025-12-22T18:28:38Z,OpenStreetMap (ODbL)
node/1243392697,Loma del Portillo,,,948,948.0,39.1312887,-0.9569938,ES-V,Valencia/València,1,4,2024-03-21T19:13:01Z,OpenStreetMap (ODbL)
node/1243392753,Cerro del Resquijo,,,696,696.0,39.9162105,-1.1969891,ES-V,Valencia/València,1,4,2025-03-27T12:16:42Z,OpenStreetMap (ODbL)
node/1243393039,La Capellanía,,,681,681.0,39.4359745,-1.4526403,ES-V,Valencia/València,1,4,2026-01-26T18:41:33Z,OpenStreetMap (ODbL)
node/1243393110,Puntal de la Cabrera,,,967,967.0,39.8970152,-1.1140944,ES-V,Valencia/València,1,4,2025-03-24T18:22:03Z,OpenStreetMap (ODbL)
node/1243393405,Alto de la Carrasquilla,,,643,643.0,39.6975876,-0.9482074,ES-V,Valencia/València,1,4,2025-12-05T19:42:02Z,OpenStreetMap (ODbL)
node/1243393413,Loma del Mojón,,,615,615.0,39.2454161,-1.0092799,ES-V,Valencia/València,1,4,2024-03-30T19:30:54Z,OpenStreetMap (ODbL)
node/1243396389,Puig del Frare,Puig del Frare,,464,464.0,38.8893301,-0.1547786,ES-V,Valencia/València,1,5,2023-11-07T23:56:11Z,OpenStreetMap (ODbL)
node/1243396497,Alto de la Molata,,,727,727.0,39.2932972,-1.0565906,ES-V,Valencia/València,1,4,2024-10-29T13:04:17Z,OpenStreetMap (ODbL)
node/1243396648,Puntal de Aleto,,,914,914.0,39.6518796,-1.0648363,ES-V,Valencia/València,1,4,2025-12-29T19:09:06Z,OpenStreetMap (ODbL)
node/1243396839,Alto de la Buitrera,,,762,762.0,39.37667,-1.0542952,ES-V,Valencia/València,1,5,2026-05-17T19:09:46Z,OpenStreetMap (ODbL)
node/1243396920,Puntal de l'Abella,Puntal de l'Abella,,662,662.0,39.6916946,-0.3827892,ES-V,Valencia/València,1,11,2021-12-08T12:54:05Z,OpenStreetMap (ODbL)
node/1243397591,Alts dels Fontanars,Alts dels Fontanars,,742,742.0,38.8187867,-0.4663851,ES-V,Valencia/València,1,6,2025-02-24T14:47:48Z,OpenStreetMap (ODbL)
node/1243398709,Alto de las Rochas,,,399,399.0,39.110566,-0.7316817,ES-V,Valencia/València,1,4,2024-04-16T11:42:14Z,OpenStreetMap (ODbL)
node/1243398747,Puntal del Barranco Batanero,,,816,816.0,39.8441739,-1.138927,ES-V,Valencia/València,1,4,2025-03-27T18:38:35Z,OpenStreetMap (ODbL)
node/1243398844,El Cerrito,,,593,593.0,39.7401371,-0.5468085,ES-V,Valencia/València,1,4,2022-12-06T14:42:31Z,OpenStreetMap (ODbL)
node/1243399402,Cerro de la Mata,Cerro de la Mata,,753,753.0,39.7038567,-0.4744192,ES-V,Valencia/València,1,6,2023-10-09T23:26:39Z,OpenStreetMap (ODbL)
node/1243399405,Alt de la Sardina,Alt de la Sardina,,507,507.0,39.0258054,-0.2840357,ES-V,Valencia/València,1,6,2025-01-08T17:42:55Z,OpenStreetMap (ODbL)
node/1243399447,el Portell,el Portell,,317,317.0,39.0898534,-0.3938648,ES-V,Valencia/València,1,7,2026-02-19T20:04:39Z,OpenStreetMap (ODbL)
node/1243399498,El Rehoyo,,,704,704.0,39.2794107,-0.7775843,ES-V,Valencia/València,1,4,2024-04-15T17:45:55Z,OpenStreetMap (ODbL)
node/1243399525,Puntal del Piojar,,,565,565.0,39.3784274,-0.8418819,ES-V,Valencia/València,1,4,2024-10-13T18:31:44Z,OpenStreetMap (ODbL)
node/1243399556,Peña Mozoza,,,493,493.0,39.2331917,-1.0841367,ES-V,Valencia/València,1,4,2024-11-03T20:29:56Z,OpenStreetMap (ODbL)
node/1243399600,Picayo de la Punta,,,335,335.0,39.7572224,-0.371862,ES-V,Valencia/València,1,4,2025-02-09T18:19:00Z,OpenStreetMap (ODbL)
node/1243399657,Peñarroya,,,1024,1024.0,40.0606049,-1.1809486,ES-V,Valencia/València,1,4,2025-11-06T10:38:12Z,OpenStreetMap (ODbL)
node/1243399905,Cerro de la Mozaira,,,681,681.0,39.7436905,-1.0305424,ES-V,Valencia/València,1,4,2025-12-13T18:40:14Z,OpenStreetMap (ODbL)
node/1243399977,Alt de García,,,259,259.0,39.2542235,-0.6084122,ES-V,Valencia/València,1,5,2025-11-30T15:10:49Z,OpenStreetMap (ODbL)
node/1243400191,Cerro de las Cabras,,,852,852.0,39.7159617,-1.0907582,ES-V,Valencia/València,1,4,2025-11-25T17:20:49Z,OpenStreetMap (ODbL)
node/1243400264,Alto de Rives,,,757,757.0,39.2402977,-0.8258283,ES-V,Valencia/València,1,6,2024-09-12T18:07:35Z,OpenStreetMap (ODbL)
node/1243400808,El Tolollo,,,831,831.0,39.6457411,-0.9806898,ES-V,Valencia/València,1,4,2025-12-09T19:32:50Z,OpenStreetMap (ODbL)
node/1243401332,Guartipol,,,517,517.0,39.2805698,-0.9129891,ES-V,Valencia/València,1,4,2024-09-07T17:11:20Z,OpenStreetMap (ODbL)
node/1243401623,Puntal de la Teja,,,1001,1001.0,39.1668158,-1.1485567,ES-V,Valencia/València,1,4,2024-11-01T19:31:57Z,OpenStreetMap (ODbL)
node/1243401675,Muela Catalana,,,1372,1372.0,39.9341368,-1.0605742,ES-V,Valencia/València,1,4,2025-03-24T18:52:09Z,OpenStreetMap (ODbL)
node/1243401829,Alto Gaspar,,,448,448.0,39.6101352,-0.8388688,ES-V,Valencia/València,1,5,2026-02-25T19:59:37Z,OpenStreetMap (ODbL)
node/1243402209,Pico del Bebeu,,,1033,1033.0,39.1720623,-1.1815523,ES-V,Valencia/València,1,4,2024-11-02T12:52:12Z,OpenStreetMap (ODbL)
node/1243402340,Cerro del Rodeno,,,909,909.0,39.8912216,-1.1983749,ES-V,Valencia/València,1,4,2025-11-22T18:59:31Z,OpenStreetMap (ODbL)
node/1243402400,La Pieza Roya,,,846,846.0,39.7608691,-0.546376,ES-V,Valencia/València,1,4,2025-02-11T18:49:39Z,OpenStreetMap (ODbL)
node/1243403350,Cerro del Asno,,,693,693.0,39.3723649,-1.1939907,ES-V,Valencia/València,1,5,2026-01-12T10:43:16Z,OpenStreetMap (ODbL)
node/1243403376,Alto de Zaroza,,,617,617.0,39.2448471,-0.9504891,ES-V,Valencia/València,1,4,2024-03-30T19:30:54Z,OpenStreetMap (ODbL)
node/1243403563,Cerro Valero,,,993,993.0,39.6309072,-1.0493894,ES-V,Valencia/València,1,5,2025-12-29T19:09:06Z,OpenStreetMap (ODbL)
node/1243403715,Cerro la Cabeza,,,697,697.0,39.4376345,-1.4552911,ES-V,Valencia/València,1,4,2026-01-26T18:41:33Z,OpenStreetMap (ODbL)
node/1243403842,Rellom del Topero,,,712,712.0,39.7207595,-0.4980749,ES-V,Valencia/València,1,5,2022-01-04T17:36:47Z,OpenStreetMap (ODbL)
node/1243404131,Alto de la Parada,,,549,549.0,39.2370765,-0.7828385,ES-V,Valencia/València,1,5,2024-09-07T17:11:20Z,OpenStreetMap (ODbL)
node/1243404242,La Peraleja,,,846,846.0,39.5277126,-1.489202,ES-V,Valencia/València,1,4,2026-01-28T18:56:50Z,OpenStreetMap (ODbL)
node/1243404326,Cerro de la Cueva Blanca,,,835,835.0,39.1295966,-1.0140843,ES-V,Valencia/València,1,4,2024-03-30T19:30:54Z,OpenStreetMap (ODbL)
node/1243404511,Puntal de Mira Valencia,,,1271,1271.0,39.830555,-0.7903488,ES-V,Valencia/València,1,4,2024-12-23T20:16:33Z,OpenStreetMap (ODbL)
node/1243404598,Alto de los Visos,,,911,911.0,39.7034071,-1.0756625,ES-V,Valencia/València,1,4,2025-11-25T17:20:49Z,OpenStreetMap (ODbL)
node/1243404647,el Bord,el Bord,,510,510.0,39.68829,-0.3799256,ES-V,Valencia/València,1,8,2023-10-20T00:05:04Z,OpenStreetMap (ODbL)
node/1243404890,Puntal dels Moros,Puntal dels Moros,,397,397.0,39.6591109,-0.3988744,ES-V,Valencia/València,1,5,2023-10-19T23:09:46Z,OpenStreetMap (ODbL)
node/1243405487,el Cabeçolet de Morvedre,el Cabeçolet de Morvedre,,58,58.0,39.7107844,-0.2584699,ES-V,Valencia/València,1,7,2025-01-27T23:53:11Z,OpenStreetMap (ODbL)
node/1243406099,Ceja de las Cañadillas,,,552,552.0,39.3679235,-0.873523,ES-V,Valencia/València,1,4,2024-10-11T11:12:01Z,OpenStreetMap (ODbL)
node/1243406135,Los Cinco Mojones,,,881,881.0,39.540125,-0.9801311,ES-V,Valencia/València,1,4,2025-12-26T18:28:51Z,OpenStreetMap (ODbL)
node/1243406579,Peña del Águila,,,1159,1159.0,40.1091857,-1.1482209,ES-V,Valencia/València,1,6,2026-04-17T22:49:03Z,OpenStreetMap (ODbL)
node/1243406958,Puntal de la Noria,,,653,653.0,39.3611471,-0.8695327,ES-V,Valencia/València,1,4,2024-10-11T10:37:02Z,OpenStreetMap (ODbL)
node/1243406998,Cerro Negrón,,,1061,1061.0,40.0421218,-1.3231283,ES-V,Valencia/València,1,4,2025-10-31T17:37:21Z,OpenStreetMap (ODbL)
node/1243407763,Monte Chico,,,1004,1004.0,39.0282937,-1.1182286,ES-V,Valencia/València,1,4,2024-03-13T09:42:53Z,OpenStreetMap (ODbL)
node/1243408796,Alto de la Balsa de Antón,,,689,689.0,39.6803814,-0.9465885,ES-V,Valencia/València,1,4,2025-12-05T19:42:02Z,OpenStreetMap (ODbL)
node/1243409018,Los Castillejos,,,459,459.0,39.3740418,-0.8116248,ES-V,Valencia/València,1,4,2024-10-14T08:44:03Z,OpenStreetMap (ODbL)
node/1243409969,Alt de la Rodana,,,261,261.0,39.7161708,-0.2901479,ES-V,Valencia/València,1,4,2024-03-07T14:16:09Z,OpenStreetMap (ODbL)
node/1243410107,el Palleràs,,,398,398.0,39.6496664,-0.343858,ES-V,Valencia/València,1,5,2023-11-12T14:31:04Z,OpenStreetMap (ODbL)
node/1243410398,Pico del Royo,,,803,803.0,39.2078771,-0.9877027,ES-V,Valencia/València,1,4,2024-03-26T17:10:43Z,OpenStreetMap (ODbL)
node/1243410609,Puntal de la Torrecilla,,,841,841.0,39.7895561,-0.9358621,ES-V,Valencia/València,1,4,2025-03-04T18:58:02Z,OpenStreetMap (ODbL)
node/1243410928,Alto de los Cuchillos,,,789,789.0,39.2634768,-0.691275,ES-V,Valencia/València,1,4,2022-04-17T14:52:26Z,OpenStreetMap (ODbL)
node/1243410938,Penya Blanca,Penya Blanca,,390,390.0,39.6981495,-0.5102447,ES-V,Valencia/València,1,8,2023-12-02T08:17:09Z,OpenStreetMap (ODbL)
node/1243411186,Penya de Sant Diego,Penya de Sant Diego,,388,388.0,38.9713989,-0.5466913,ES-V,Valencia/València,1,16,2024-12-09T14:52:38Z,OpenStreetMap (ODbL)
node/1243411390,Peñón del Moro,,,989,989.0,39.0372919,-1.1326762,ES-V,Valencia/València,1,4,2024-03-12T10:36:01Z,OpenStreetMap (ODbL)
node/1243411659,Pino Alto,,,1027,1027.0,39.126158,-0.9736193,ES-V,Valencia/València,1,4,2024-03-14T16:54:22Z,OpenStreetMap (ODbL)
node/1243412148,Puntal del Pedregoso,,,1139,1139.0,39.8249406,-0.7672525,ES-V,Valencia/València,1,4,2024-12-23T20:16:33Z,OpenStreetMap (ODbL)
node/1243412242,Peñas del Mediodia,,,807,807.0,39.7274066,-1.0403928,ES-V,Valencia/València,1,4,2025-12-03T20:45:24Z,OpenStreetMap (ODbL)
node/1243412275,Alto de Alcance,,,522,522.0,39.2577313,-1.0881589,ES-V,Valencia/València,1,4,2024-10-29T19:30:54Z,OpenStreetMap (ODbL)
node/1243412416,Puntal Redondo,,,902,902.0,39.6513096,-1.0594514,ES-V,Valencia/València,1,4,2025-12-29T19:09:06Z,OpenStreetMap (ODbL)
node/1243412432,Loma de la Corcera,,,1067,1067.0,39.5900655,-1.0274471,ES-V,Valencia/València,1,4,2025-12-27T20:06:54Z,OpenStreetMap (ODbL)
node/1243412875,Muntanya de la Palomara,,,485,485.0,39.0374932,-0.3481911,ES-V,Valencia/València,1,5,2023-12-24T07:48:36Z,OpenStreetMap (ODbL)
node/1243412914,Cerro de los Bolos,,,684,684.0,39.7796042,-0.8121255,ES-V,Valencia/València,1,4,2025-04-15T11:21:44Z,OpenStreetMap (ODbL)
node/1243412978,El Peñasco,,,1268,1268.0,40.0119231,-1.2126935,ES-V,Valencia/València,1,4,2025-11-13T18:23:53Z,OpenStreetMap (ODbL)
node/1243413216,Loma del Gallo,,,771,771.0,39.3453535,-0.9459354,ES-V,Valencia/València,1,4,2024-10-08T11:20:44Z,OpenStreetMap (ODbL)
node/1243414010,Alto de la La Canaleja,,,961,961.0,39.1690821,-0.9315945,ES-V,Valencia/València,1,4,2024-04-16T11:42:14Z,OpenStreetMap (ODbL)
node/1243414219,Alto de la Palmosa,,,611,611.0,39.7524748,-0.5787702,ES-V,Valencia/València,1,4,2025-02-11T17:57:40Z,OpenStreetMap (ODbL)
node/1243414433,Cerro de la Escalerilla,,,575,575.0,39.4238891,-1.4982433,ES-V,Valencia/València,1,4,2026-01-27T12:34:37Z,OpenStreetMap (ODbL)
node/1243414788,Cerro de la Cruz,,,542,542.0,39.6924025,-0.922276,ES-V,Valencia/València,1,5,2025-12-11T13:03:30Z,OpenStreetMap (ODbL)
node/1243414794,Alto de la Fuentecha,,,418,418.0,39.2833233,-0.8307289,ES-V,Valencia/València,1,4,2024-04-15T17:45:55Z,OpenStreetMap (ODbL)
node/1243414806,Cerro de Andilla,,,1276,1276.0,39.8476503,-0.7715706,ES-V,Valencia/València,1,4,2024-12-23T20:16:33Z,OpenStreetMap (ODbL)
node/1243414811,Tablacazón,,,742,742.0,39.5779026,-0.9237848,ES-V,Valencia/València,1,4,2025-12-22T12:17:20Z,OpenStreetMap (ODbL)
node/1243415148,Alto del Madroñal,,,588,588.0,39.2808764,-0.8093579,ES-V,Valencia/València,1,4,2024-04-15T17:45:55Z,OpenStreetMap (ODbL)
node/1243415181,Penya Negra,Penya Negra,,332,332.0,39.7284776,-0.315455,ES-V,Valencia/València,1,5,2025-02-09T18:33:25Z,OpenStreetMap (ODbL)
node/1243415380,les Penyes,les Penyes,,432,432.0,38.8800073,-0.1704966,ES-V,Valencia/València,1,6,2023-11-07T23:56:11Z,OpenStreetMap (ODbL)
node/1243415447,Peña Micaela,,,365,365.0,39.3740282,-0.8027112,ES-V,Valencia/València,1,4,2024-10-14T11:16:05Z,OpenStreetMap (ODbL)
node/1243415848,El Peñón,,,568,568.0,39.3712747,-0.9242249,ES-V,Valencia/València,1,4,2024-10-14T15:44:47Z,OpenStreetMap (ODbL)
node/1243415854,Puntalón del Collado de los Carros,,,738,738.0,39.3108394,-0.9117977,ES-V,Valencia/València,1,4,2024-10-11T10:37:02Z,OpenStreetMap (ODbL)
node/1243415880,Morrón del Poniente,,,522,522.0,39.2175623,-0.7287708,ES-V,Valencia/València,1,4,2024-04-15T18:15:46Z,OpenStreetMap (ODbL)
node/1243415993,La Horca,,,822,822.0,40.0558207,-1.2832323,ES-V,Valencia/València,1,4,2025-11-07T09:57:06Z,OpenStreetMap (ODbL)
node/1243416784,Cerro del Purgatorio,,,729,729.0,39.4777291,-1.4966644,ES-V,Valencia/València,1,5,2026-01-27T19:26:25Z,OpenStreetMap (ODbL)
node/1243417204,Cerro de los Cuchillos,,,606,606.0,39.1060183,-1.0729272,ES-V,Valencia/València,1,4,2024-03-12T11:30:31Z,OpenStreetMap (ODbL)
node/1243417723,Pico de Alcola,,,894,894.0,39.1765673,-1.0134119,ES-V,Valencia/València,1,5,2024-03-27T19:17:55Z,OpenStreetMap (ODbL)
node/1243418546,Loma de Bayo,,,1302,1302.0,40.0232965,-1.1379652,ES-V,Valencia/València,1,4,2025-11-06T11:15:40Z,OpenStreetMap (ODbL)
node/1243418550,el Montot,el Montot,,315,315.0,39.0904411,-0.3761657,ES-V,Valencia/València,1,7,2026-05-17T19:09:46Z,OpenStreetMap (ODbL)
node/1243418585,Pico de la Cobertera,,,624,624.0,39.25956,-0.7685445,ES-V,Valencia/València,1,4,2024-09-13T11:41:11Z,OpenStreetMap (ODbL)
node/1243418635,Pico Colorado,,,1123,1123.0,39.1091455,-1.2289858,ES-V,Valencia/València,1,4,2024-03-28T18:37:56Z,OpenStreetMap (ODbL)
node/1243418734,Pic de l'Àguila,Pic de l'Àguila,Pico del Águila,452,452.0,39.6681345,-0.3611245,ES-V,Valencia/València,1,5,2024-04-27T12:39:44Z,OpenStreetMap (ODbL)
node/1243418812,Alto de Juanazo,,,760,760.0,39.2604528,-0.8759325,ES-V,Valencia/València,1,6,2024-10-20T18:25:21Z,OpenStreetMap (ODbL)
node/1243418928,Realto de la Jimena,,,756,756.0,39.2428128,-0.8429641,ES-V,Valencia/València,1,5,2024-04-15T17:45:55Z,OpenStreetMap (ODbL)
node/1243419764,Puntal del Peloto,,,1266,1266.0,40.0058588,-1.2208973,ES-V,Valencia/València,1,6,2025-11-13T18:23:53Z,OpenStreetMap (ODbL)
node/1243419862,Morro del Porc,Morro del Porc,,964,964.0,38.7338635,-0.6307292,ES-V,Valencia/València,1,6,2023-10-16T22:06:32Z,OpenStreetMap (ODbL)
node/1243420513,Cerro de la Pacheca,,,1249,1249.0,39.9060022,-1.0561805,ES-V,Valencia/València,1,4,2025-03-14T11:35:45Z,OpenStreetMap (ODbL)
node/1243421400,Puntal de l'Assut,Puntal de l'Assut,Puntal del Azud,251,251.0,39.3520471,-0.6487352,ES-V,Valencia/València,1,4,2024-11-03T11:05:50Z,OpenStreetMap (ODbL)
node/1243421560,Navajo Puerta,,,1004,1004.0,39.8418946,-0.6802744,ES-V,Valencia/València,1,4,2025-02-12T18:28:55Z,OpenStreetMap (ODbL)
node/1243421715,el Reixo,el Reixo,,508,508.0,39.6731834,-0.4530378,ES-V,Valencia/València,1,6,2023-10-09T23:26:39Z,OpenStreetMap (ODbL)
node/1243421777,Lomas de Brez,,,673,673.0,39.686144,-1.0008706,ES-V,Valencia/València,1,5,2025-12-05T20:02:44Z,OpenStreetMap (ODbL)
node/1243422170,Puntal de Marta,,,795,795.0,39.2591188,-1.142848,ES-V,Valencia/València,1,4,2024-11-04T19:13:40Z,OpenStreetMap (ODbL)
node/1243422175,Picaio de Calbet,,,451,451.0,39.7385498,-0.4005064,ES-V,Valencia/València,1,5,2025-04-06T14:34:02Z,OpenStreetMap (ODbL)
node/1243422326,Tossal de Perruca,Tossal de Perruca,,492,492.0,39.7071459,-0.3869351,ES-V,Valencia/València,1,5,2025-02-09T18:19:00Z,OpenStreetMap (ODbL)
node/1243422489,Puntal de Tiero,,,983,983.0,39.683538,-1.1180235,ES-V,Valencia/València,1,4,2025-11-25T17:20:49Z,OpenStreetMap (ODbL)
node/1243422631,Muntanya de la Frontera,Muntanya de la Frontera,,377,377.0,39.7668483,-0.2825758,ES-V,Valencia/València,1,7,2026-05-17T19:09:46Z,OpenStreetMap (ODbL)
node/1243422844,Alto del Francho,,,837,837.0,39.2233453,-0.9932739,ES-V,Valencia/València,1,4,2024-03-26T17:10:43Z,OpenStreetMap (ODbL)
node/1243422884,La Montaña,,,304,304.0,39.1420217,-0.6165604,ES-V,Valencia/València,1,4,2023-12-24T13:40:02Z,OpenStreetMap (ODbL)
node/1243423015,Morrico de Perico,,,707,707.0,39.299505,-1.0998043,ES-V,Valencia/València,1,4,2024-11-05T18:05:04Z,OpenStreetMap (ODbL)
node/1243423100,Puntal Blanco,,,857,857.0,39.0750756,-0.9810233,ES-V,Valencia/València,1,4,2024-03-20T17:28:45Z,OpenStreetMap (ODbL)
node/1243423116,Alt de la Selleta,Alt de la Selleta,,679,679.0,38.9917611,-0.2843347,ES-V,Valencia/València,1,6,2023-10-09T23:25:06Z,OpenStreetMap (ODbL)
node/1243423123,Puntal de Vives,,,720,720.0,39.2634493,-1.1186987,ES-V,Valencia/València,1,4,2024-11-04T19:42:11Z,OpenStreetMap (ODbL)
node/1243423153,La Atalaya,,,1309,1309.0,40.0901047,-1.1446732,ES-V,Valencia/València,1,4,2025-11-15T19:50:42Z,OpenStreetMap (ODbL)
node/1243423522,Pico del Vallejo de Oreja,,,635,635.0,39.4575637,-1.50751,ES-V,Valencia/València,1,6,2026-01-27T18:17:55Z,OpenStreetMap (ODbL)
node/1243423594,Puntal Blanc,Puntal Blanc,,374,374.0,39.6844401,-0.5119889,ES-V,Valencia/València,1,5,2023-09-18T14:27:52Z,OpenStreetMap (ODbL)
node/1243424046,El Puntal,,,552,552.0,39.2509833,-1.1053513,ES-V,Valencia/València,1,4,2024-11-04T19:42:11Z,OpenStreetMap (ODbL)
node/1243424546,Los Pilaricos,,,404,404.0,39.2417049,-1.0874394,ES-V,Valencia/València,1,4,2024-11-04T18:26:06Z,OpenStreetMap (ODbL)
node/1243424785,Loma Rasa,,,883,883.0,39.7077201,-1.1764623,ES-V,Valencia/València,1,4,2025-11-24T19:41:16Z,OpenStreetMap (ODbL)
node/1243424924,Cerro Calvo,,,939,939.0,39.649139,-0.9983711,ES-V,Valencia/València,1,4,2023-07-19T10:51:37Z,OpenStreetMap (ODbL)
node/1243425069,Puntalillo de Elorza,,,914,914.0,39.7939422,-0.8935929,ES-V,Valencia/València,1,4,2025-02-19T12:00:45Z,OpenStreetMap (ODbL)
node/1243425573,Puntal de Belata,Puntal de Belata,,607,607.0,39.7218281,-0.51537,ES-V,Valencia/València,1,6,2023-10-09T23:25:45Z,OpenStreetMap (ODbL)
node/1243425947,Puntal del Salt,Puntal del Salt,,537,537.0,39.6749441,-0.3930675,ES-V,Valencia/València,1,6,2023-05-30T17:51:16Z,OpenStreetMap (ODbL)
node/1243426028,Alt de Sumacàrcer,Alt de Sumacàrcer,,262,262.0,39.1039414,-0.6531008,ES-V,Valencia/València,1,5,2023-12-19T20:05:06Z,OpenStreetMap (ODbL)
node/1243426239,Alto de la Cruz,,,857,857.0,39.7651599,-0.5323703,ES-V,Valencia/València,1,5,2026-04-03T12:53:07Z,OpenStreetMap (ODbL)
node/1243426300,Cerro Talayo,,,1243,1243.0,39.656705,-1.1496564,ES-V,Valencia/València,1,4,2025-12-05T19:13:58Z,OpenStreetMap (ODbL)
node/1243427406,Cerro del Rumbo,,,1147,1147.0,39.8586538,-0.8028893,ES-V,Valencia/València,1,4,2024-12-23T19:27:42Z,OpenStreetMap (ODbL)
node/1243427490,Puntal del Sordo,,,999,999.0,40.0375945,-1.2788335,ES-V,Valencia/València,1,4,2025-11-07T09:57:06Z,OpenStreetMap (ODbL)
node/1243428067,El Atalayón,,,1020,1020.0,39.8695881,-1.1865884,ES-V,Valencia/València,1,4,2025-11-22T18:59:31Z,OpenStreetMap (ODbL)
node/1243429603,Cerro Calvo,,,1304,1304.0,40.026676,-1.1615621,ES-V,Valencia/València,1,4,2025-11-04T18:31:41Z,OpenStreetMap (ODbL)
node/1243430358,Alt del Pi,,,716,716.0,39.6910691,-0.4002615,ES-V,Valencia/València,1,9,2026-04-03T12:53:07Z,OpenStreetMap (ODbL)
node/1243431019,Puntal de Mateu,Puntal de Mateu,,470,470.0,39.6634704,-0.40767,ES-V,Valencia/València,1,6,2023-10-19T23:09:46Z,OpenStreetMap (ODbL)
node/1243432063,Cerro del Ahorcado,,,679,679.0,39.2705896,-1.0827206,ES-V,Valencia/València,1,4,2024-10-29T13:04:17Z,OpenStreetMap (ODbL)
node/1243433452,El Puntal,,,591,591.0,39.1634625,-1.0835142,ES-V,Valencia/València,1,4,2024-11-03T19:01:17Z,OpenStreetMap (ODbL)
node/1243433669,Cerro Alto,,,994,994.0,39.1726821,-0.9586974,ES-V,Valencia/València,1,4,2024-03-22T18:48:34Z,OpenStreetMap (ODbL)
node/1243433880,Loma del Puzol,,,801,801.0,39.2291045,-1.1304411,ES-V,Valencia/València,1,4,2024-11-04T18:26:06Z,OpenStreetMap (ODbL)
node/1243434467,Realto de la Cueva Agujereada,,,708,708.0,39.2152618,-0.8512516,ES-V,Valencia/València,1,5,2024-04-15T17:45:55Z,OpenStreetMap (ODbL)
node/1243434683,Loma del Torcal,,,1282,1282.0,39.8385746,-0.7706006,ES-V,Valencia/València,1,4,2024-12-23T20:16:33Z,OpenStreetMap (ODbL)
node/1243435936,Muntanya de Rúbio,Muntanya de Rúbio,,251,251.0,39.7420301,-0.3244605,ES-V,Valencia/València,1,6,2025-03-29T00:05:51Z,OpenStreetMap (ODbL)
node/1243436872,Cerro del Cinto Liso,,,622,622.0,39.3243083,-1.1278106,ES-V,Valencia/València,1,4,2024-11-08T19:19:53Z,OpenStreetMap (ODbL)
node/1243437071,Cerro de la Fuente,,,801,801.0,39.6583736,-0.9572622,ES-V,Valencia/València,1,4,2025-12-09T18:50:46Z,OpenStreetMap (ODbL)
node/1243438176,Puntal de Tortosilla,,,1203,1203.0,39.0299951,-1.2198156,ES-V,Valencia/València,1,4,2024-03-13T09:19:16Z,OpenStreetMap (ODbL)
node/1243438757,Puntal de la Pedrosa,,,819,819.0,39.775663,-0.6702519,ES-V,Valencia/València,1,4,2025-02-09T19:07:51Z,OpenStreetMap (ODbL)
node/1243439039,Peña del Águila,,,1304,1304.0,39.6482963,-1.1539679,ES-V,Valencia/València,1,4,2025-12-05T19:13:58Z,OpenStreetMap (ODbL)
node/1243439660,Realto de las Caercas,,,769,769.0,39.2133871,-0.8702828,ES-V,Valencia/València,1,5,2024-03-30T19:30:54Z,OpenStreetMap (ODbL)
node/1243439684,Peñón de Salinas,,,440,440.0,39.1928691,-1.0614085,ES-V,Valencia/València,1,4,2024-03-25T18:51:10Z,OpenStreetMap (ODbL)
node/1243439686,Alto de Benarruel,,,1142,1142.0,40.0178783,-1.3477119,ES-V,Valencia/València,1,4,2025-10-31T10:36:09Z,OpenStreetMap (ODbL)
node/1243439688,Cerro Rincón del Peñón del Moro,,,1065,1065.0,39.0452612,-1.1309841,ES-V,Valencia/València,1,4,2024-03-12T10:36:01Z,OpenStreetMap (ODbL)
node/1243440041,Puntal de la Castellana,,,753,753.0,39.405496,-0.9765457,ES-V,Valencia/València,1,4,2024-10-15T17:47:22Z,OpenStreetMap (ODbL)
node/1243440192,Morra del Gallo,,,386,386.0,39.2697687,-0.7937006,ES-V,Valencia/València,1,5,2024-04-16T06:34:22Z,OpenStreetMap (ODbL)
node/1243440603,Pico del Choto,,,891,891.0,39.1372778,-0.9689952,ES-V,Valencia/València,1,4,2024-03-21T19:13:01Z,OpenStreetMap (ODbL)
node/1243440718,Alto Mas del Solaz,,,732,732.0,39.7533871,-0.9531494,ES-V,Valencia/València,1,4,2025-03-05T19:26:53Z,OpenStreetMap (ODbL)
node/1243440780,Peña del Aljibe,,,1129,1129.0,39.8243352,-0.7088445,ES-V,Valencia/València,1,4,2025-02-12T18:28:55Z,OpenStreetMap (ODbL)
node/1243440886,Alt dels Palaus,,,829,829.0,38.861027,-0.8498708,ES-V,Valencia/València,1,4,2020-02-15T16:16:59Z,OpenStreetMap (ODbL)
node/1243440970,el Xocainet d'Albalat,,,425,425.0,39.6767553,-0.3616635,ES-V,Valencia/València,1,9,2024-03-26T09:33:48Z,OpenStreetMap (ODbL)
node/1243441084,Cerro de la Mazorra,,,1086,1086.0,39.6295238,-1.170272,ES-V,Valencia/València,1,4,2026-01-04T18:58:09Z,OpenStreetMap (ODbL)
node/1243441440,Realto de las Doncellas,,,755,755.0,39.2407142,-0.8370671,ES-V,Valencia/València,1,5,2024-04-15T17:45:55Z,OpenStreetMap (ODbL)
node/1243441586,El Cerro,,,728,728.0,39.3134472,-1.0362622,ES-V,Valencia/València,1,6,2026-05-17T19:09:46Z,OpenStreetMap (ODbL)
node/1243442058,Pico del Carrascal,,,621,621.0,39.2288002,-1.0003591,ES-V,Valencia/València,1,4,2024-03-27T18:38:57Z,OpenStreetMap (ODbL)
node/1243442149,Pico de los Tres Mojones,,,929,929.0,39.3364807,-0.9829274,ES-V,Valencia/València,1,5,2024-09-06T18:54:37Z,OpenStreetMap (ODbL)
node/1243442791,Puntal del Navajo Royo,,,817,817.0,39.7679304,-0.6537744,ES-V,Valencia/València,1,5,2025-02-09T19:07:51Z,OpenStreetMap (ODbL)
node/1243442805,Alt de la Creu,Alt de la Creu,,836,836.0,38.8267999,-0.7426136,ES-V,Valencia/València,1,5,2023-10-16T22:16:32Z,OpenStreetMap (ODbL)
node/1243443191,Lomas del Bosque,,,563,563.0,39.7075098,-0.9567652,ES-V,Valencia/València,1,4,2025-12-04T18:31:36Z,OpenStreetMap (ODbL)
node/1243443196,Puntal de Zolo,,,524,524.0,39.2470115,-0.9875697,ES-V,Valencia/València,1,4,2024-03-30T19:30:54Z,OpenStreetMap (ODbL)
node/1243444217,Cabeza de Ludén,,,639,639.0,39.403776,-1.4017306,ES-V,Valencia/València,1,4,2026-01-24T12:23:01Z,OpenStreetMap (ODbL)
node/1243444962,Puntal del Rompido,,,923,923.0,39.6730223,-1.1243402,ES-V,Valencia/València,1,4,2025-11-25T16:55:29Z,OpenStreetMap (ODbL)
node/1243445051,Cerro de Palomeras,,,1261,1261.0,39.0695966,-1.212481,ES-V,Valencia/València,1,5,2024-10-17T18:41:38Z,OpenStreetMap (ODbL)
node/1243445108,Loma de Malén,,,749,749.0,39.5494584,-0.9723966,ES-V,Valencia/València,1,4,2022-09-14T20:18:14Z,OpenStreetMap (ODbL)
node/1243445119,La Peña Escoladera,,,752,752.0,39.7781711,-0.5261866,ES-V,Valencia/València,1,4,2025-02-06T17:53:13Z,OpenStreetMap (ODbL)
node/1243445177,Cerro de la Hoz,,,734,734.0,39.7597135,-0.8179545,ES-V,Valencia/València,1,4,2025-04-15T11:21:44Z,OpenStreetMap (ODbL)
node/1243445652,Loma de los Cuatro Cintos,,,674,674.0,39.3575818,-0.9471403,ES-V,Valencia/València,1,4,2024-10-14T12:03:07Z,OpenStreetMap (ODbL)
node/1243445660,Cerro de la Grana,,,913,913.0,39.5323564,-0.8638013,ES-V,Valencia/València,1,4,2022-04-17T01:34:21Z,OpenStreetMap (ODbL)
node/1243445706,Cerro Colmenar,,,708,708.0,39.3765955,-1.1607751,ES-V,Valencia/València,1,4,2026-01-05T19:49:55Z,OpenStreetMap (ODbL)
node/1243445969,Puntal del Fraile,,,558,558.0,39.7353086,-0.5673762,ES-V,Valencia/València,1,4,2025-02-12T18:20:54Z,OpenStreetMap (ODbL)
node/1243446095,La Muela,,,708,708.0,39.642361,-0.9526409,ES-V,Valencia/València,1,4,2025-12-09T19:32:50Z,OpenStreetMap (ODbL)
node/1243446203,Alto del Carcamal,,,842,842.0,39.3027388,-0.8211865,ES-V,Valencia/València,1,5,2024-09-11T06:49:02Z,OpenStreetMap (ODbL)
node/1243446418,Cerro del Estar,,,557,557.0,39.2134777,-1.0867176,ES-V,Valencia/València,1,4,2024-11-03T20:29:56Z,OpenStreetMap (ODbL)
node/1243446639,Loma del Ingeniero,,,565,565.0,39.3714513,-1.3699071,ES-V,Valencia/València,1,4,2026-01-22T19:04:36Z,OpenStreetMap (ODbL)
node/1243447104,Puntal de Agrel,,,496,496.0,39.2416244,-1.0801986,ES-V,Valencia/València,1,4,2024-10-29T19:30:54Z,OpenStreetMap (ODbL)
node/1243447135,Cerro Gordo,,,869,869.0,39.0855357,-1.1053765,ES-V,Valencia/València,1,5,2024-04-22T17:07:26Z,OpenStreetMap (ODbL)
node/1243447140,Pico Redondo,,,524,524.0,39.35123,-1.2973095,ES-V,Valencia/València,1,4,2026-01-19T18:58:49Z,OpenStreetMap (ODbL)
node/1243447208,Alto de la Cruz,,,1033,1033.0,39.1037869,-0.9401936,ES-V,Valencia/València,1,4,2024-03-19T18:32:06Z,OpenStreetMap (ODbL)
node/1243447352,Cerro de la Pará,,,861,861.0,39.7154547,-1.1047011,ES-V,Valencia/València,1,5,2026-05-17T19:09:46Z,OpenStreetMap (ODbL)
node/1243447850,Cerro de las Pedrizas,,,1151,1151.0,39.8128297,-0.8653908,ES-V,Valencia/València,1,4,2025-02-17T19:59:09Z,OpenStreetMap (ODbL)
node/1243447982,Loma de la Correa,,,881,881.0,39.211604,-1.1640755,ES-V,Valencia/València,1,4,2024-11-02T18:27:17Z,OpenStreetMap (ODbL)
node/1243447989,El Cerro Gordo,,,891,891.0,40.0920946,-1.2841865,ES-V,Valencia/València,1,4,2025-11-17T19:37:27Z,OpenStreetMap (ODbL)
node/1243448022,Puntal del Mugrón,,,1067,1067.0,38.9596647,-1.1535304,ES-V,Valencia/València,1,4,2024-03-12T11:30:31Z,OpenStreetMap (ODbL)
node/1243448172,Peña Blanca,,,961,961.0,39.1109677,-0.9819465,ES-V,Valencia/València,1,4,2024-03-14T16:54:22Z,OpenStreetMap (ODbL)
node/1243448831,Puntal de Crespo,,,515,515.0,39.2448757,-0.9762275,ES-V,Valencia/València,1,5,2024-03-30T19:30:54Z,OpenStreetMap (ODbL)
node/1243448973,Pic de la Cabreta,Pic de la Cabreta,Pico de la Cabreta,339,339.0,39.1391612,-0.3639679,ES-V,Valencia/València,1,4,2023-03-23T00:51:05Z,OpenStreetMap (ODbL)
node/1243449057,Picayo de las Nogueras,,,1087,1087.0,39.5894817,-1.0761943,ES-V,Valencia/València,1,4,2025-12-28T18:28:08Z,OpenStreetMap (ODbL)
node/1243449089,Racó del Soliquer,,,331,331.0,39.6752222,-0.4416572,ES-V,Valencia/València,1,4,2024-12-20T14:24:51Z,OpenStreetMap (ODbL)
node/1243449092,el Pinar,el Pinar,,489,489.0,39.6605049,-0.4144572,ES-V,Valencia/València,1,7,2023-11-12T19:25:43Z,OpenStreetMap (ODbL)
node/1243449324,Altico Redondo,,,319,319.0,39.1201819,-0.7157233,ES-V,Valencia/València,1,4,2024-04-16T11:00:24Z,OpenStreetMap (ODbL)
node/1243450505,Alt de l'Aixer,Alt de l'Aixer,,757,757.0,38.8674735,-0.6808519,ES-V,Valencia/València,1,5,2023-10-09T23:27:07Z,OpenStreetMap (ODbL)
node/1243450588,la Selleta,,,283,283.0,39.5331322,-0.5826286,ES-V,Valencia/València,1,4,2026-04-03T11:22:23Z,OpenStreetMap (ODbL)
node/1243450867,Loma de los Blanquizares,,,775,775.0,39.1508796,-0.8706902,ES-V,Valencia/València,1,4,2024-04-17T19:26:56Z,OpenStreetMap (ODbL)
node/1243450934,Alto de las Pedrizas,,,213,213.0,39.6002431,-0.7103036,ES-V,Valencia/València,1,4,2025-01-30T16:21:30Z,OpenStreetMap (ODbL)
node/1243451011,Cerro del Royo,,,1251,1251.0,39.8452595,-0.7769469,ES-V,Valencia/València,1,4,2024-12-23T20:16:33Z,OpenStreetMap (ODbL)
node/1243451287,Cerro de la Cueva,,,1569,1569.0,40.0406255,-1.0983819,ES-V,Valencia/València,1,4,2025-11-06T14:39:37Z,OpenStreetMap (ODbL)
node/1243451870,Pico de los Campillos,,,1213,1213.0,40.1386856,-1.337986,ES-V,Valencia/València,1,4,2025-11-17T17:50:12Z,OpenStreetMap (ODbL)
node/1243451934,El Morrón,,,867,867.0,39.7123749,-1.0544548,ES-V,Valencia/València,1,4,2025-12-03T20:45:24Z,OpenStreetMap (ODbL)
node/1243451977,El Cegarrón,,,725,725.0,39.2444766,-0.8072858,ES-V,Valencia/València,1,4,2024-04-15T17:45:55Z,OpenStreetMap (ODbL)
node/1243452233,Puntal de la Bassa,,,492,492.0,39.0295835,-0.2880865,ES-V,Valencia/València,1,5,2023-12-23T21:41:53Z,OpenStreetMap (ODbL)
node/1243452387,el Cierro,el Cierro,,737,737.0,39.7043138,-0.4257196,ES-V,Valencia/València,1,6,2026-05-17T19:09:46Z,OpenStreetMap (ODbL)
node/1243452417,Lloma de Valeta,,,324,324.0,39.0676037,-0.3556438,ES-V,Valencia/València,1,5,2026-05-17T19:09:46Z,OpenStreetMap (ODbL)
node/1243452674,Alto de Tona,,,1052,1052.0,39.1156346,-0.9509207,ES-V,Valencia/València,1,4,2024-03-19T19:21:53Z,OpenStreetMap (ODbL)
node/1243452715,Penya de Poquet,,,252,252.0,38.9238013,-0.2328944,ES-V,Valencia/València,1,6,2026-05-17T19:09:46Z,OpenStreetMap (ODbL)
node/1243452903,Los Pelados,,,905,905.0,39.5741098,-0.940851,ES-V,Valencia/València,1,4,2025-12-22T12:17:20Z,OpenStreetMap (ODbL)
node/1243453308,Cerro de Mojón Alto,,,791,791.0,39.22755,-0.8821184,ES-V,Valencia/València,1,5,2024-03-30T19:30:54Z,OpenStreetMap (ODbL)
node/1243453329,La Lámpara,,,1069,1069.0,39.8680906,-1.0697538,ES-V,Valencia/València,1,4,2025-03-21T19:38:06Z,OpenStreetMap (ODbL)
node/1243453410,Alto de la Cruz,,,839,839.0,40.1320087,-1.2523136,ES-V,Valencia/València,1,4,2025-11-14T17:34:23Z,OpenStreetMap (ODbL)
node/1243453434,Cerro de la Cueva,,,975,975.0,39.7978318,-1.1897289,ES-V,Valencia/València,1,4,2025-11-24T11:51:51Z,OpenStreetMap (ODbL)
node/1243453445,El Momperet,,,1149,1149.0,39.8908674,-1.0544085,ES-V,Valencia/València,1,4,2025-03-14T12:02:48Z,OpenStreetMap (ODbL)
node/1243453602,Cerro Julián,,,1142,1142.0,39.8299372,-0.749199,ES-V,Valencia/València,1,4,2024-12-23T20:16:33Z,OpenStreetMap (ODbL)
node/1243453816,Alt de les Moles,Alt de les Moles,Alto de las Muelas,843,843.0,38.7673976,-0.7253406,ES-V,Valencia/València,1,6,2025-04-10T09:14:29Z,OpenStreetMap (ODbL)
node/1243454080,Loma de Garzón,,,593,593.0,39.2811271,-0.9268595,ES-V,Valencia/València,1,4,2024-09-07T17:11:20Z,OpenStreetMap (ODbL)
node/1243454515,Alt del Sespar,,,710,710.0,38.9922277,-0.2977357,ES-V,Valencia/València,1,5,2023-12-23T22:16:52Z,OpenStreetMap (ODbL)
node/1243454988,Pic de Gausa,,,219,219.0,39.6675288,-0.3170257,ES-V,Valencia/València,1,4,2023-07-09T18:46:34Z,OpenStreetMap (ODbL)
node/1243455101,Muntanyeta de Fava,,,246,246.0,39.7631984,-0.3115189,ES-V,Valencia/València,1,4,2024-03-08T16:07:03Z,OpenStreetMap (ODbL)
node/1243456200,Puntal de Massalari,,,599,599.0,39.095534,-0.2975592,ES-V,Valencia/València,1,8,2021-09-24T09:41:17Z,OpenStreetMap (ODbL)
node/1243456219,El Crestó,El Crestó,,476,476.0,39.6917844,-0.4774699,ES-V,Valencia/València,1,5,2025-12-26T18:02:40Z,OpenStreetMap (ODbL)
node/1243456265,Loma de los Calzoncillos,,,745,745.0,39.3861299,-0.9894981,ES-V,Valencia/València,1,4,2024-10-17T11:04:29Z,OpenStreetMap (ODbL)
node/1243456286,Peña del Castillejo,,,699,699.0,39.6572423,-0.9823813,ES-V,Valencia/València,1,4,2025-12-09T18:50:46Z,OpenStreetMap (ODbL)
node/1243456434,El Retoret,,,587,587.0,39.3705915,-0.8310792,ES-V,Valencia/València,1,4,2024-10-14T08:44:03Z,OpenStreetMap (ODbL)
node/1243459380,Pico de la Teja,,,965,965.0,39.1671136,-1.1303114,ES-V,Valencia/València,1,4,2024-03-26T16:48:48Z,OpenStreetMap (ODbL)
node/1243459382,Pico de la Muela,,,898,898.0,40.0544176,-1.2628819,ES-V,Valencia/València,1,4,2025-11-07T19:17:27Z,OpenStreetMap (ODbL)
node/1243459830,Pico de los Hermanillos,,,686,686.0,39.3844709,-1.2695309,ES-V,Valencia/València,1,4,2026-01-19T18:58:49Z,OpenStreetMap (ODbL)
node/1243460335,Muela Modorra,,,994,994.0,39.9019559,-1.1070518,ES-V,Valencia/València,1,4,2025-03-24T18:22:03Z,OpenStreetMap (ODbL)
node/1243460347,Puntal del Conejo,,,1063,1063.0,39.1407608,-1.1476286,ES-V,Valencia/València,1,4,2024-03-28T19:18:33Z,OpenStreetMap (ODbL)
node/1243460576,el Pericó,el Pericó,,176,176.0,38.926399,-0.1597167,ES-V,Valencia/València,1,8,2024-07-15T11:59:51Z,OpenStreetMap (ODbL)
node/1243460695,Morro del Pozo de Tello,,,958,958.0,39.5099611,-0.8670322,ES-V,Valencia/València,1,4,2025-12-22T18:28:38Z,OpenStreetMap (ODbL)
node/1243460728,Cerro Alcarroya,,,545,545.0,39.2091989,-1.0735135,ES-V,Valencia/València,1,4,2024-11-03T20:29:56Z,OpenStreetMap (ODbL)
node/1243461001,Cerro de la Vieja,,,608,608.0,39.3991847,-1.357643,ES-V,Valencia/València,1,4,2026-01-23T19:31:32Z,OpenStreetMap (ODbL)
node/1243461775,Puntal de Cueva Redonda,,,664,664.0,39.1862393,-0.8445838,ES-V,Valencia/València,1,4,2024-04-15T18:15:46Z,OpenStreetMap (ODbL)
node/1243462452,La Sierrezuela,,,837,837.0,39.3525141,-1.0083933,ES-V,Valencia/València,1,4,2024-10-08T09:50:45Z,OpenStreetMap (ODbL)
node/1243462493,Puntal de las Viñas,,,518,518.0,39.2553289,-0.9453978,ES-V,Valencia/València,1,4,2024-10-27T18:27:35Z,OpenStreetMap (ODbL)
node/1243462588,Cerro Simón,,,788,788.0,39.4367893,-0.984926,ES-V,Valencia/València,1,4,2020-02-01T20:11:16Z,OpenStreetMap (ODbL)
node/1243462701,Cerro de Terrabona,,,291,291.0,39.1664563,-0.6671494,ES-V,Valencia/València,1,5,2023-12-24T13:36:11Z,OpenStreetMap (ODbL)
node/1243463910,Alto de la Pieza del Carril,,,1132,1132.0,40.1608736,-1.3168607,ES-V,Valencia/València,1,4,2025-11-17T17:44:51Z,OpenStreetMap (ODbL)
node/1243463971,Puntal de Gorra,,,1135,1135.0,39.6189603,-0.9919461,ES-V,Valencia/València,1,4,2025-12-22T10:28:52Z,OpenStreetMap (ODbL)
node/1243464444,Alto de la Morrita,,,1239,1239.0,40.199191,-1.3124442,ES-V,Valencia/València,1,4,2025-11-14T10:08:35Z,OpenStreetMap (ODbL)
node/1243464563,Pico del Bombo,,,821,821.0,39.229855,-0.9556896,ES-V,Valencia/València,1,5,2024-03-31T07:36:35Z,OpenStreetMap (ODbL)
node/1243465491,Punta del Milano,,,1172,1172.0,40.0420644,-1.1794306,ES-V,Valencia/València,1,4,2025-11-04T19:27:17Z,OpenStreetMap (ODbL)
node/1243466097,Puntal Merino,,,800,800.0,39.4383602,-1.3818802,ES-V,Valencia/València,1,4,2026-01-24T18:49:30Z,OpenStreetMap (ODbL)
node/1243466109,Penya de la Mel,Penya de la Mel,,239,239.0,39.0269313,-0.361544,ES-V,Valencia/València,1,5,2023-10-09T23:26:43Z,OpenStreetMap (ODbL)
node/1243466207,La Grenya,,,653,653.0,39.273135,-0.6814578,ES-V,Valencia/València,1,4,2024-09-13T15:37:06Z,OpenStreetMap (ODbL)
node/1243466768,Alto de las Pedrizas,,,595,595.0,39.2493281,-1.0479948,ES-V,Valencia/València,1,4,2024-10-29T12:34:12Z,OpenStreetMap (ODbL)
node/1243466916,Alto de Silverio,,,1149,1149.0,40.0000942,-1.2316108,ES-V,Valencia/València,1,4,2025-11-12T19:42:59Z,OpenStreetMap (ODbL)
node/1243467210,Los Cinco Pinos,,,1177,1177.0,39.5835392,-1.014076,ES-V,Valencia/València,1,4,2025-12-27T19:50:49Z,OpenStreetMap (ODbL)
node/1243468413,Pico los Alticos,,,297,297.0,39.122314,-0.7276345,ES-V,Valencia/València,1,4,2024-04-16T11:00:24Z,OpenStreetMap (ODbL)
node/1243468857,Punta de Cueva Negra,,,1074,1074.0,39.0803202,-1.2098022,ES-V,Valencia/València,1,4,2024-10-17T18:41:38Z,OpenStreetMap (ODbL)
node/1243469402,Peña del Buitre,,,645,645.0,39.1941542,-1.1468395,ES-V,Valencia/València,1,4,2024-03-28T19:18:33Z,OpenStreetMap (ODbL)
node/1243469742,Alto de Vera,,,511,511.0,39.0981536,-0.8118914,ES-V,Valencia/València,1,4,2020-04-04T19:00:12Z,OpenStreetMap (ODbL)
node/1243470003,Cerro de Altamira,,,1151,1151.0,40.1093273,-1.1687112,ES-V,Valencia/València,1,4,2025-11-14T18:57:27Z,OpenStreetMap (ODbL)
node/1243470549,Alt del Corso,Alt del Corso,Alto del Corso,742,742.0,38.7737407,-0.7247999,ES-V,Valencia/València,1,6,2025-04-10T09:14:29Z,OpenStreetMap (ODbL)
node/1249810762,Pic de Sant Gaità,,Pico de San Cayetano,818,818.0,38.2638471,-0.8952829,ES-A,Alicante/Alacant,1,8,2022-01-21T13:12:44Z,OpenStreetMap (ODbL)
node/1249810910,Cabezo del Polovar,,,566,566.0,38.6181756,-0.8941357,ES-A,Alicante/Alacant,1,5,2026-05-17T19:09:46Z,OpenStreetMap (ODbL)
node/1249810958,Cerro del Agudo,,,731,731.0,38.2383281,-0.9777423,ES-A,Alicante/Alacant,1,5,2023-02-11T21:05:49Z,OpenStreetMap (ODbL)
node/1249811014,Alt de Creus,,,912,912.0,38.8145531,-0.4500368,ES-A,Alicante/Alacant,1,6,2026-05-17T19:09:46Z,OpenStreetMap (ODbL)
node/1249811072,Alt del Montagut,Alt del Montagut,,1081,1081.0,38.6014258,-0.4439453,ES-A,Alicante/Alacant,1,6,2023-01-24T21:34:33Z,OpenStreetMap (ODbL)
node/1249811136,Alt de les Florencies,Alt de les Florencies,,896,896.0,38.6686837,-0.4479908,ES-A,Alicante/Alacant,1,5,2025-10-28T18:28:18Z,OpenStreetMap (ODbL)
node/1249811223,Ponotx,,,1183,1183.0,38.6128571,-0.1762996,ES-A,Alicante/Alacant,1,12,2023-11-14T19:00:02Z,OpenStreetMap (ODbL)
node/1249811529,Peña del Marín,,,706,706.0,38.4959712,-0.8278739,ES-A,Alicante/Alacant,1,5,2021-04-09T21:22:32Z,OpenStreetMap (ODbL)
node/1249811698,Pico Mastec,,,777,777.0,38.7313951,-0.470324,ES-A,Alicante/Alacant,1,5,2023-01-31T23:26:52Z,OpenStreetMap (ODbL)
node/1249811738,Cerro de Tácio,,,319,319.0,38.5077571,-0.3218545,ES-A,Alicante/Alacant,1,5,2026-05-17T19:09:46Z,OpenStreetMap (ODbL)
node/1249811817,Alt de la Pedrissa,Alt de la Pedrissa,,433,433.0,38.6449944,-0.0058493,ES-A,Alicante/Alacant,1,7,2022-12-10T14:27:03Z,OpenStreetMap (ODbL)
node/1249811953,Tossal de la Llosa,Tossal de la Llosa,,524,524.0,38.7684514,0.0052387,ES-A,Alicante/Alacant,1,10,2022-11-21T03:29:03Z,OpenStreetMap (ODbL)
node/1249812027,Penya de la Mina,Penya de la Mina,,1053,1053.0,38.3295574,-0.9385218,ES-A,Alicante/Alacant,1,6,2022-11-26T10:54:38Z,OpenStreetMap (ODbL)
node/1249812163,Cim de la Safor,Cim de la Safor,,1013,1013.0,38.8598619,-0.260132,ES-A,Alicante/Alacant,1,18,2024-10-10T09:59:19Z,OpenStreetMap (ODbL)
node/1249812245,,,,902,902.0,38.7396272,-0.1435214,ES-A,Alicante/Alacant,1,8,2021-08-22T15:14:30Z,OpenStreetMap (ODbL)
node/1249812342,Alt de la Cabanya,,,494,494.0,38.7638237,-0.4073429,ES-A,Alicante/Alacant,1,6,2026-05-17T19:09:46Z,OpenStreetMap (ODbL)
node/1249812403,Alt dels Penjats,,,995,995.0,38.658104,-0.3754322,ES-A,Alicante/Alacant,1,5,2026-05-17T19:09:46Z,OpenStreetMap (ODbL)
node/1249812438,Tossal del Moro,Tossal del Moro,,612,612.0,38.7076159,-0.3724283,ES-A,Alicante/Alacant,1,6,2024-04-04T20:30:08Z,OpenStreetMap (ODbL)
node/1249812499,Tossal de Farines,Tossal de Farines,,376,376.0,38.6449696,-0.1431459,ES-A,Alicante/Alacant,1,6,2023-10-09T23:24:25Z,OpenStreetMap (ODbL)
node/1249812598,Alt de Mahoma,Alt de Mahoma,,947,947.0,38.6724026,-0.3454271,ES-A,Alicante/Alacant,1,9,2026-05-17T19:09:46Z,OpenStreetMap (ODbL)
node/1249812646,Penya del Salt de la Mort,Penya del Salt de la Mort,Peña del Salto de la Muerte,1055,1055.0,38.3624093,-0.9675523,ES-A,Alicante/Alacant,1,8,2024-09-03T19:05:09Z,OpenStreetMap (ODbL)
node/1249812744,Cabezo Soler,,,93,93.0,38.0895348,-0.6984709,ES-A,Alicante/Alacant,1,6,2020-10-08T07:46:44Z,OpenStreetMap (ODbL)
node/1249812762,,,,667,667.0,38.8108137,-0.2357068,ES-A,Alicante/Alacant,1,13,2023-12-20T20:51:37Z,OpenStreetMap (ODbL)
node/1249812950,Penya Roja,Penya Roja,,241.6,241.6,38.8035151,0.0573383,ES-A,Alicante/Alacant,1,10,2022-11-26T11:29:49Z,OpenStreetMap (ODbL)
node/1249813020,Cabezo Redondo,,,468,468.0,38.0926089,-0.9911166,ES-A,Alicante/Alacant,1,5,2026-05-17T19:09:46Z,OpenStreetMap (ODbL)
node/1249813152,Cabezo Palau,,,624,624.0,38.5254242,-0.8550907,ES-A,Alicante/Alacant,1,5,2021-04-11T22:43:34Z,OpenStreetMap (ODbL)
node/1249813257,Alt de la Reja,Alt de la Reja,,1128,1128.0,38.7778879,-0.4867768,ES-A,Alicante/Alacant,1,10,2024-09-12T16:11:35Z,OpenStreetMap (ODbL)
node/1249813393,Penya Alta,Penya Alta,Peña Alta,1504,1504.0,38.6497079,-0.2464149,ES-A,Alicante/Alacant,1,11,2024-05-30T02:03:00Z,OpenStreetMap (ODbL)
node/1249813537,Bec de l'Àguila,Bec de l'Àguila,Vuelo del Aguila,474,474.0,38.4636456,-0.527639,ES-A,Alicante/Alacant,1,14,2024-12-08T23:26:38Z,OpenStreetMap (ODbL)
node/1249813563,el Penyó,,,752,752.0,38.7229937,-0.0554517,ES-A,Alicante/Alacant,1,8,2022-04-20T16:36:21Z,OpenStreetMap (ODbL)
node/1249813650,Peñón del Mosquito,,,599,599.0,38.606207,-0.9334045,ES-A,Alicante/Alacant,1,5,2026-05-17T19:09:46Z,OpenStreetMap (ODbL)
node/1249813860,el Puigcampana,el Puigcampana,,1408,1408.0,38.5972216,-0.193072,ES-A,Alicante/Alacant,1,12,2023-10-19T23:09:40Z,OpenStreetMap (ODbL)
node/1249813889,Morro de les Rotes,Morro de les Rotes,,737,737.0,38.7339139,-0.2260178,ES-A,Alicante/Alacant,1,6,2023-10-09T23:24:58Z,OpenStreetMap (ODbL)
node/1249814045,Tossal de la Terra Nova,Tossal de la Terra Nova,,695,695.0,38.7243951,-0.3118581,ES-A,Alicante/Alacant,1,12,2024-02-28T08:17:44Z,OpenStreetMap (ODbL)
node/1249814050,la Cilla del Sit,la Cilla del Sit,La Silla del Cid,1147,1147.0,38.4782571,-0.7261061,ES-A,Alicante/Alacant,1,13,2026-09-23T22:48:49Z,OpenStreetMap (ODbL)
node/1249814063,Penya Roja,Penya Roja,,346,346.0,38.7538448,0.0060401,ES-A,Alicante/Alacant,1,9,2022-11-26T11:13:52Z,OpenStreetMap (ODbL)
node/1249814193,Alt del Sebastià,,,398,398.0,38.5190625,-0.3069797,ES-A,Alicante/Alacant,1,6,2026-05-17T19:09:46Z,OpenStreetMap (ODbL)
node/1249814296,Cabeço dels Llorenços,Cabeço dels Llorenços,,880,880.0,38.6930163,-0.6648101,ES-A,Alicante/Alacant,1,6,2026-05-17T19:09:46Z,OpenStreetMap (ODbL)
node/1249814341,Penya de la Moleta,Penya de la Moleta,,753,753.0,38.511874,-0.5600233,ES-A,Alicante/Alacant,1,7,2023-02-02T23:21:31Z,OpenStreetMap (ODbL)
node/1249814405,Cabezo Pardo,,,48,48.0,38.1643823,-0.8458471,ES-A,Alicante/Alacant,1,5,2026-05-17T19:09:46Z,OpenStreetMap (ODbL)
node/1249814496,Moleta d’Aitana,,,1466,1466.0,38.656146,-0.3006617,ES-A,Alicante/Alacant,1,12,2023-01-21T15:07:01Z,OpenStreetMap (ODbL)
node/1249814546,Morro de Serrella,,,1182.4,1182.4,38.6976248,-0.3260642,ES-A,Alicante/Alacant,1,11,2021-01-21T20:21:06Z,OpenStreetMap (ODbL)
node/1249814599,Alt de la Bola,Alt de la Bola,,848,848.0,38.4723446,-0.8770175,ES-A,Alicante/Alacant,1,8,2025-01-01T17:33:41Z,OpenStreetMap (ODbL)
node/1249815009,Alt Redó,,,944,944.0,38.8194185,-0.4479816,ES-A,Alicante/Alacant,1,7,2025-02-24T14:47:48Z,OpenStreetMap (ODbL)
node/1249815357,Alt del Carrascalet,Alt del Carrascalet,,1245,1245.0,38.5287218,-0.6646367,ES-A,Alicante/Alacant,1,8,2025-05-31T07:15:03Z,OpenStreetMap (ODbL)
node/1249815448,Pico del Chinar,,,518,518.0,38.1249706,-0.9080275,ES-A,Alicante/Alacant,1,5,2026-01-12T16:58:07Z,OpenStreetMap (ODbL)
node/1249815480,Pico Patot,,La Corona de Patot,608,608.0,38.7476857,-0.4010348,ES-A,Alicante/Alacant,1,5,2025-02-23T11:33:19Z,OpenStreetMap (ODbL)
node/1249815680,Alt de Cortina,,,515,515.0,38.5640491,-0.181263,ES-A,Alicante/Alacant,1,6,2024-02-24T19:12:10Z,OpenStreetMap (ODbL)
node/1249815781,Penyal Roig,Penyal Roig,,792,792.0,38.7648857,-0.0989907,ES-A,Alicante/Alacant,1,12,2023-07-30T09:31:50Z,OpenStreetMap (ODbL)
node/1249815828,Alt de Sant Juri,,,812,812.0,38.2699912,-0.8851946,ES-A,Alicante/Alacant,1,6,2021-01-11T21:46:06Z,OpenStreetMap (ODbL)
node/1249815941,El Penyat,,,598,598.0,38.7178618,-0.0142015,ES-A,Alicante/Alacant,1,11,2024-03-25T07:23:06Z,OpenStreetMap (ODbL)
node/1249816055,Alt de Senabre,,,863,863.0,38.8172465,-0.4534375,ES-A,Alicante/Alacant,1,7,2025-02-24T14:47:48Z,OpenStreetMap (ODbL)
node/1249816103,la Moleta,la Moleta,,1077,1077.0,38.6522428,-0.422229,ES-A,Alicante/Alacant,1,7,2023-10-20T00:02:49Z,OpenStreetMap (ODbL)
node/1249816147,Altet del Regadiuet,Altet del Regadiuet,,867,867.0,38.6742314,-0.4395605,ES-A,Alicante/Alacant,1,6,2026-05-17T19:09:46Z,OpenStreetMap (ODbL)
node/1249816225,Peña Moia,,,398,398.0,38.6410727,-0.1458751,ES-A,Alicante/Alacant,1,5,2023-07-27T12:53:11Z,OpenStreetMap (ODbL)
node/1249816308,Alt de la Serra del Carrascal,,,1208,1208.0,38.6707097,-0.3086797,ES-A,Alicante/Alacant,1,5,2026-05-17T19:09:46Z,OpenStreetMap (ODbL)
node/1249816452,Tossal del Molló,Tossal del Molló,,701,701.0,38.8006791,-0.2269716,ES-A,Alicante/Alacant,1,6,2026-05-17T19:09:46Z,OpenStreetMap (ODbL)
node/1249816495,Peñón del Barbero ó del Llam,,,805,805.0,38.5198015,-0.3878226,ES-A,Alicante/Alacant,1,5,2026-05-17T19:09:46Z,OpenStreetMap (ODbL)
node/1249816796,Tossal Gran,Tossal Gran,,592,592.0,38.76103,0.0024012,ES-A,Alicante/Alacant,1,7,2026-05-17T19:09:46Z,OpenStreetMap (ODbL)
node/1249816843,Pico Cortado,,,453,453.0,38.1279145,-0.8897443,ES-A,Alicante/Alacant,1,6,2026-05-17T19:09:46Z,OpenStreetMap (ODbL)
node/1249816926,Alt del Serrellar,,,668,668.0,38.8371175,-0.3776849,ES-A,Alicante/Alacant,1,5,2026-05-17T19:09:46Z,OpenStreetMap (ODbL)
node/1249816970,Biscoy,,,1164,1164.0,38.6510278,-0.5986274,ES-A,Alicante/Alacant,1,5,2023-02-06T21:23:55Z,OpenStreetMap (ODbL)
node/1249817052,Alt del Cerincal,Alt del Cerincal,Alto del Cerincal,1226,1226.0,38.7666898,-0.4949656,ES-A,Alicante/Alacant,1,8,2025-02-24T15:06:57Z,OpenStreetMap (ODbL)
node/1249817097,Alt de la Capitana,,,541,541.0,38.6018664,-0.2576139,ES-A,Alicante/Alacant,1,6,2024-05-30T01:49:18Z,OpenStreetMap (ODbL)
node/1249817240,Alt de Ximo,Alt de Ximo,,269,269.0,38.5223275,-0.2850772,ES-A,Alicante/Alacant,1,6,2026-05-17T19:09:46Z,OpenStreetMap (ODbL)
node/1249817377,Alto de Don Pedro,Alt de Don Pedro,,867,867.0,38.4818621,-0.9321649,ES-A,Alicante/Alacant,1,5,2024-08-05T17:58:35Z,OpenStreetMap (ODbL)
node/1249817492,Alt de l'Espino,,,465,465.0,38.5065712,-0.4223499,ES-A,Alicante/Alacant,1,6,2026-05-17T19:09:46Z,OpenStreetMap (ODbL)
node/1249817525,Penyó Mulero,Penyó Mulero,,1308,1308.0,38.6495981,-0.2179774,ES-A,Alicante/Alacant,1,13,2023-10-09T23:24:10Z,OpenStreetMap (ODbL)
node/1249817635,Penya de l'Àguila,Penya de l'Àguila,,484,484.0,38.8128227,0.1008518,ES-A,Alicante/Alacant,1,7,2023-07-15T06:35:29Z,OpenStreetMap (ODbL)
node/1249817681,Cabezo Lodroño,,,616,616.0,38.0979386,-0.9927799,ES-A,Alicante/Alacant,1,6,2024-11-15T23:08:48Z,OpenStreetMap (ODbL)
node/1249817804,Cabezo Andreu,,,688,688.0,38.5568606,-0.9716591,ES-A,Alicante/Alacant,1,5,2026-05-17T19:09:46Z,OpenStreetMap (ODbL)
node/1249817876,el Teix,,,1263,1263.0,38.771263,-0.4984025,ES-A,Alicante/Alacant,1,13,2024-09-11T23:41:24Z,OpenStreetMap (ODbL)
node/1249817930,Penyó Diví,Penyó Diví,Peñón Divino,1119,1119.0,38.6293876,-0.2354165,ES-A,Alicante/Alacant,1,5,2022-05-23T23:51:57Z,OpenStreetMap (ODbL)
node/1249818066,Alt d'Alfaro,,,1166,1166.0,38.7486697,-0.2444938,ES-A,Alicante/Alacant,1,6,2021-05-08T09:46:54Z,OpenStreetMap (ODbL)
node/1249818132,Cabeçó Ventós,Cabeçó Ventós,,900,900.0,38.4763396,-0.6146318,ES-A,Alicante/Alacant,1,8,2023-07-23T13:55:49Z,OpenStreetMap (ODbL)
node/1249818385,el Castellar,el Castellar,,877,877.0,38.6902282,-0.5051949,ES-A,Alicante/Alacant,1,8,2023-10-20T00:02:14Z,OpenStreetMap (ODbL)
node/1249818420,Alt de Jerónimo,,,394,394.0,38.5257708,-0.2949461,ES-A,Alicante/Alacant,1,5,2026-05-17T19:09:46Z,OpenStreetMap (ODbL)
node/1249818505,Penya Grossa,Penya Grossa,,856.31,856.31,38.7842029,-0.4758546,ES-A,Alicante/Alacant,1,7,2022-11-26T10:00:11Z,OpenStreetMap (ODbL)
node/1249818543,Penya Alta,Penya Alta,,627,627.0,38.5048572,-0.5222674,ES-A,Alicante/Alacant,1,6,2022-11-26T12:02:12Z,OpenStreetMap (ODbL)
node/1249818610,Tossal del Xarpolar,Tossal del Xarpolar,,901,901.0,38.8062246,-0.2853633,ES-A,Alicante/Alacant,1,9,2023-10-09T23:27:05Z,OpenStreetMap (ODbL)
node/1249818651,,,,929,929.0,38.5645696,-0.422739,ES-A,Alicante/Alacant,1,6,2023-10-15T18:16:20Z,OpenStreetMap (ODbL)
node/1249818676,Tossal de Florent,Tossal de Florent,,1131,1131.0,38.6966154,-0.2766933,ES-A,Alicante/Alacant,1,6,2023-02-06T21:51:30Z,OpenStreetMap (ODbL)
node/1249818726,Tossal de Grau,Tossal de Grau,,668,668.0,38.5998982,-0.1722681,ES-A,Alicante/Alacant,1,6,2026-05-17T19:09:46Z,OpenStreetMap (ODbL)
node/1249818972,Penya del Fred,Penya del Fred,,370,370.0,38.75691,0.0135901,ES-A,Alicante/Alacant,1,9,2022-11-26T11:13:51Z,OpenStreetMap (ODbL)
node/1249819161,el Cantal,el Cantal,,484,484.0,38.5225486,-0.3200197,ES-A,Alicante/Alacant,1,7,2026-05-17T19:09:46Z,OpenStreetMap (ODbL)
node/1249819230,Alt de la Cava,Alt de la Cava,,1078,1078.0,38.7661931,-0.5342672,ES-V,Valencia/València,1,10,2024-09-11T23:41:24Z,OpenStreetMap (ODbL)
node/1249819273,Les Planisses,Les Planisses,,1241,1241.0,38.5247649,-0.6637708,ES-A,Alicante/Alacant,1,8,2022-12-10T14:38:15Z,OpenStreetMap (ODbL)
node/1249819348,Cabezo Pisana,,,261,261.0,38.0153036,-0.951669,ES-A,Alicante/Alacant,1,5,2026-05-17T19:09:46Z,OpenStreetMap (ODbL)
node/1249819385,Alto de Calibet,,,504,504.0,38.755173,-0.4087814,ES-A,Alicante/Alacant,1,5,2026-05-17T19:09:46Z,OpenStreetMap (ODbL)
node/1249819501,la Penya,la Penya,,942,942.0,38.63327,-0.3329103,ES-A,Alicante/Alacant,1,9,2026-05-17T19:09:46Z,OpenStreetMap (ODbL)
node/1249819554,Morro dels Regalls,,,1322,1322.0,38.7181987,-0.2570611,ES-A,Alicante/Alacant,1,17,2023-06-21T16:51:13Z,OpenStreetMap (ODbL)
node/1249819607,la Mamelleta,,,551,551.0,38.5775831,-0.1674899,ES-A,Alicante/Alacant,1,6,2026-05-17T19:09:46Z,OpenStreetMap (ODbL)
node/1249943400,Creu del Vilar,Creu del Vilar,,787,787.0,40.7626463,-0.1648086,ES-CS,Castellón/Castelló,1,6,2022-11-26T11:42:07Z,OpenStreetMap (ODbL)
node/1249943425,Pico Royo,,,1162,1162.0,40.6343421,-0.331136,ES-CS,Castellón/Castelló,1,5,2025-05-03T23:43:54Z,OpenStreetMap (ODbL)
node/1249943467,Llomet de Collet,,,1051,1051.0,40.5631352,-0.1980497,ES-CS,Castellón/Castelló,1,6,2020-05-21T07:45:19Z,OpenStreetMap (ODbL)
node/1249943690,Tossal d'en Sabater,Tossal d'en Sabater,,1024,1024.0,40.7063537,-0.0064418,ES-CS,Castellón/Castelló,1,6,2026-05-17T19:09:46Z,OpenStreetMap (ODbL)
node/1249943878,Cerro de Toni,,,1268,1268.0,40.5434758,-0.2770188,ES-CS,Castellón/Castelló,1,5,2026-05-17T19:09:46Z,OpenStreetMap (ODbL)
node/1249943999,Cantal de Blaiet,,,724,724.0,40.7094317,-0.1788522,ES-CS,Castellón/Castelló,1,5,2026-05-17T19:09:46Z,OpenStreetMap (ODbL)
node/1249944109,Curolles,Curolles,,1049,1049.0,40.5896994,-0.2818173,ES-CS,Castellón/Castelló,1,6,2022-12-10T15:04:40Z,OpenStreetMap (ODbL)
node/1249944360,Lloma del Riu,,,1094,1094.0,40.5204008,-0.1970032,ES-CS,Castellón/Castelló,1,5,2024-01-02T20:22:49Z,OpenStreetMap (ODbL)
node/1249944478,la Tenalla,la Tenalla,,1121,1121.0,40.6839733,0.1654153,ES-CS,Castellón/Castelló,1,6,2026-05-17T19:09:46Z,OpenStreetMap (ODbL)
node/1249944523,Penya de la Caldereta,,,966,966.0,40.5418945,-0.234046,ES-CS,Castellón/Castelló,1,6,2024-12-09T17:49:33Z,OpenStreetMap (ODbL)
node/1249944886,Tossal de l'Albagés,Tossal de l'Albagés,,1481,1481.0,40.2663006,-0.3080089,ES-CS,Castellón/Castelló,1,5,2022-11-21T04:10:19Z,OpenStreetMap (ODbL)
node/1249945800,Pic de la Mola,Pic de la Mola,,482,482.0,40.3963188,0.2904499,ES-CS,Castellón/Castelló,1,6,2026-05-17T19:09:46Z,OpenStreetMap (ODbL)
node/1249946392,Mola del Mangraner,Mola del Mangraner,,848,848.0,40.6890513,0.2102065,ES-CS,Castellón/Castelló,1,7,2026-05-17T19:09:46Z,OpenStreetMap (ODbL)
node/1249948656,Monte del Bobalar,,,1016,1016.0,40.6411574,-0.3649575,ES-CS,Castellón/Castelló,1,4,2020-02-21T17:40:49Z,OpenStreetMap (ODbL)
node/1249949073,Cerro de Morredondo,,,783,783.0,39.9272051,-0.6546454,ES-CS,Castellón/Castelló,1,4,2026-05-17T19:09:46Z,OpenStreetMap (ODbL)
node/1249949389,Collet de la Buitrera,Collet de la Buitrera,,1091,1091.0,40.6076281,-0.2379528,ES-CS,Castellón/Castelló,1,6,2024-09-11T18:42:41Z,OpenStreetMap (ODbL)
node/1249949748,Tozal del Mas de Gazulla,,,1095,1095.0,40.6164924,-0.3317863,ES-CS,Castellón/Castelló,1,6,2025-05-03T23:43:54Z,OpenStreetMap (ODbL)
node/1249949904,Tossal de Montargull,Tossal de Montargull,,1109,1109.0,40.562666,-0.2137166,ES-CS,Castellón/Castelló,1,7,2022-11-21T03:40:29Z,OpenStreetMap (ODbL)
node/1249950195,Vilarroig,,,846,846.0,40.7277527,-0.1920571,ES-CS,Castellón/Castelló,1,5,2026-05-17T19:09:46Z,OpenStreetMap (ODbL)
node/1249952212,Creu de la Tossa,Creu de la Tossa,Cruz de Latosa,854,854.0,40.7543452,-0.1773415,ES-CS,Castellón/Castelló,1,5,2026-05-17T19:09:46Z,OpenStreetMap (ODbL)
node/1249953181,Roca de la Taüt,Roca de la Taüt,,922,922.0,40.6968246,-0.2111167,ES-CS,Castellón/Castelló,1,6,2026-05-17T19:09:46Z,OpenStreetMap (ODbL)
node/1249954039,La Fita,,,1649,1649.0,40.2640586,-0.3833859,ES-CS,Castellón/Castelló,1,9,2026-07-31T17:02:26Z,OpenStreetMap (ODbL)
node/1249954419,Mola de Palanques,Mola de Palanques,,774,774.0,40.7148164,-0.1627449,ES-CS,Castellón/Castelló,1,6,2026-05-17T19:09:46Z,OpenStreetMap (ODbL)
node/1249955218,el Morral,,,552,552.0,40.1028959,-0.0630904,ES-CS,Castellón/Castelló,1,5,2026-05-17T19:09:46Z,OpenStreetMap (ODbL)
node/1249956315,Morral Llampat,Morral Llampat,,1042.6,1042.6,40.7000108,0.2433543,ES-CS,Castellón/Castelló,1,10,2021-12-08T17:18:07Z,OpenStreetMap (ODbL)
node/1249956617,,,,1129,1129.0,40.5381256,-0.2311712,ES-CS,Castellón/Castelló,1,7,2024-12-28T00:24:02Z,OpenStreetMap (ODbL)
node/1249957056,la Nevera,,,1195,1195.0,40.2635787,-0.2535593,ES-CS,Castellón/Castelló,1,8,2026-01-03T15:46:01Z,OpenStreetMap (ODbL)
node/1249957561,Tossal Gross,,,882,882.0,40.6985163,-0.1571791,ES-CS,Castellón/Castelló,1,4,2026-05-17T19:09:46Z,OpenStreetMap (ODbL)
node/1249957983,La Cruz del Herrero,,,1639,1639.0,40.2385227,-0.5321907,ES-CS,Castellón/Castelló,1,6,2025-06-26T17:05:37Z,OpenStreetMap (ODbL)
node/1249958682,Moleta de Mitjavila,Moleta de Mitjavila,,614,614.0,40.6771075,0.2664131,ES-CS,Castellón/Castelló,1,5,2026-05-17T19:09:46Z,OpenStreetMap (ODbL)
node/1249958916,Mola del Fitó,Mola del Fitó,,985,985.0,40.6898428,0.2642952,ES-CS,Castellón/Castelló,1,5,2026-05-17T19:09:46Z,OpenStreetMap (ODbL)
node/1249959098,Tossal de les Navades,,,1288,1288.0,40.3099388,-0.280073,ES-CS,Castellón/Castelló,1,6,2024-10-15T19:45:12Z,OpenStreetMap (ODbL)
node/1249959203,Franco,,,862,862.0,39.9016558,-0.6823559,ES-CS,Castellón/Castelló,1,4,2026-05-17T19:09:46Z,OpenStreetMap (ODbL)
node/1249960019,el Maset,el Maset,,972,972.0,40.5888601,-0.2304157,ES-CS,Castellón/Castelló,1,7,2026-05-17T19:09:46Z,OpenStreetMap (ODbL)
node/1249960736,Cabeço Negre,Cabeço Negre,,882,882.0,40.7789127,-0.1717938,ES-CS,Castellón/Castelló,1,5,2026-05-17T19:09:46Z,OpenStreetMap (ODbL)
node/1249960980,Cerro de la Manzanera,,,1268,1268.0,40.6228253,-0.3672197,ES-CS,Castellón/Castelló,1,5,2024-11-20T19:07:59Z,OpenStreetMap (ODbL)
node/1249961021,Valderán,,,381,381.0,40.0152791,-0.2904183,ES-CS,Castellón/Castelló,1,4,2026-05-17T19:09:46Z,OpenStreetMap (ODbL)
node/1249961451,el Tossal,,,1103,1103.0,40.6002323,-0.282173,ES-CS,Castellón/Castelló,1,8,2025-05-01T15:57:06Z,OpenStreetMap (ODbL)
node/1260540571,Cerro del Cabezo,,,957,957.0,39.8038349,-1.1613001,ES-V,Valencia/València,1,5,2025-11-23T19:24:47Z,OpenStreetMap (ODbL)
node/1260540725,Penya del Colom,Penya del Colom,,312,312.0,39.0010592,-0.2298849,ES-V,Valencia/València,1,7,2025-01-03T20:50:42Z,OpenStreetMap (ODbL)
node/1260541194,Cerro de la Peña Roya,,,921,921.0,39.7986696,-1.0673994,ES-V,Valencia/València,1,5,2026-05-17T19:09:46Z,OpenStreetMap (ODbL)
node/1260541527,Cingle de Just,,,256,256.0,39.0033787,-0.2170593,ES-V,Valencia/València,1,6,2025-01-04T22:23:08Z,OpenStreetMap (ODbL)
node/1260541661,Alt de Pinaro,Alt de Pinaro,,682,682.0,38.8353849,-0.3842175,ES-V,Valencia/València,1,9,2023-10-09T23:26:27Z,OpenStreetMap (ODbL)
node/1260541697,Cerro del Nido del Águila,,,442,442.0,39.7183939,-0.9655915,ES-V,Valencia/València,1,5,2026-05-17T19:09:46Z,OpenStreetMap (ODbL)
node/1260542143,Alt de l'Escudella,Alt de l'Escudella,,474,474.0,39.0279539,-0.2664901,ES-V,Valencia/València,1,10,2023-10-09T23:27:23Z,OpenStreetMap (ODbL)
node/1260542245,Puntal dels Cocons,,,491,491.0,39.0293314,-0.2690398,ES-V,Valencia/València,1,6,2025-01-08T17:42:55Z,OpenStreetMap (ODbL)
node/1260542258,Cerro Negro,,,1350,1350.0,39.9181771,-1.052542,ES-V,Valencia/València,1,5,2026-05-17T19:09:46Z,OpenStreetMap (ODbL)
node/1260542332,Pico de las Salinas,,,563,563.0,39.2749942,-0.8921378,ES-V,Valencia/València,1,8,2021-08-29T12:10:05Z,OpenStreetMap (ODbL)
node/1260542391,Tossal del Corral Nou,Tossal del Corral Nou,,351,351.0,38.9448622,-0.5169652,ES-V,Valencia/València,1,6,2026-05-17T19:09:46Z,OpenStreetMap (ODbL)
node/1260542646,Cerro de la Mesa,,,762,762.0,39.7807086,-1.0974023,ES-V,Valencia/València,1,5,2025-12-01T19:47:35Z,OpenStreetMap (ODbL)
node/1260543037,Cerro de la Parra,,,602,602.0,39.1445886,-1.0755094,ES-V,Valencia/València,1,4,2026-05-17T19:09:46Z,OpenStreetMap (ODbL)
node/1260543213,Tossal de l'Aigua,Tossal de l'Aigua,,590,590.0,38.9490008,-0.2889162,ES-V,Valencia/València,1,6,2026-05-17T19:09:46Z,OpenStreetMap (ODbL)
node/1260543244,Cerro del Altarejo,,,701,701.0,39.7241569,-0.931482,ES-V,Valencia/València,1,6,2025-12-11T20:38:31Z,OpenStreetMap (ODbL)
node/1260543428,Cerro Ardalejo,,,1037,1037.0,39.4915222,-0.9418913,ES-V,Valencia/València,1,5,2026-05-17T19:09:46Z,OpenStreetMap (ODbL)
node/1260543446,Muntanyetes de la Foia,Muntanyetes de la Foia,Montañas de la Foia,66,66.0,38.9245989,-0.1459941,ES-V,Valencia/València,1,7,2026-05-17T19:09:46Z,OpenStreetMap (ODbL)
node/1260543625,Puntal Redondo,,,869,869.0,39.3239848,-0.9254658,ES-V,Valencia/València,1,5,2026-05-17T19:09:46Z,OpenStreetMap (ODbL)
node/1260543708,Alt dels Tres Cocons,,,591,591.0,39.0262354,-0.3347973,ES-V,Valencia/València,1,7,2025-12-30T00:10:05Z,OpenStreetMap (ODbL)
node/1260543993,Cerro de los Vagos,,,523,523.0,39.2596561,-0.9619314,ES-V,Valencia/València,1,5,2024-10-27T18:27:35Z,OpenStreetMap (ODbL)
node/1260544310,Cerro Molinar,,,607,607.0,39.7707924,-1.0500465,ES-V,Valencia/València,1,5,2026-05-17T19:09:46Z,OpenStreetMap (ODbL)
node/1260544561,Tossal del Coello,,,266,266.0,38.9118457,-0.267613,ES-V,Valencia/València,1,5,2026-05-17T19:09:46Z,OpenStreetMap (ODbL)
node/1260544573,Cerro del Rabosero,,,1167,1167.0,39.6162717,-1.0969558,ES-V,Valencia/València,1,5,2026-05-17T19:09:46Z,OpenStreetMap (ODbL)
node/1260545026,Pico de la Matrona,,,548,548.0,39.2751328,-0.8670283,ES-V,Valencia/València,1,11,2024-09-11T06:50:07Z,OpenStreetMap (ODbL)
node/1260545106,Penya Negra,Penya Negra,,436,436.0,39.0327924,-0.258222,ES-V,Valencia/València,1,7,2026-05-17T19:09:46Z,OpenStreetMap (ODbL)
node/1260545246,Pico Tambucar,,,599,599.0,39.2604252,-0.9298742,ES-V,Valencia/València,1,8,2021-08-29T12:10:05Z,OpenStreetMap (ODbL)
node/1260545520,El Encumbrado,,,805,805.0,39.8261697,-1.1363121,ES-V,Valencia/València,1,5,2025-03-25T12:45:45Z,OpenStreetMap (ODbL)
node/1260545630,Cerro del Pino,,,1001,1001.0,39.0312097,-0.943123,ES-V,Valencia/València,1,5,2026-05-17T19:09:46Z,OpenStreetMap (ODbL)
node/1260545797,Cerro Pedroso,,,871,871.0,39.7808551,-0.6641644,ES-V,Valencia/València,1,5,2026-05-17T19:09:46Z,OpenStreetMap (ODbL)
node/1260546042,Tossal Gros,Tossal Gros,,1151,1151.0,40.7260971,-0.0437419,ES-CS,Castellón/Castelló,1,7,2024-03-30T19:31:35Z,OpenStreetMap (ODbL)
node/1260546243,Tossal de la Barca,Tossal de la Barca,,410,410.0,38.8755079,-0.3459504,ES-V,Valencia/València,1,6,2026-05-17T19:09:46Z,OpenStreetMap (ODbL)
node/1260546377,Cerro Pantanillo,,,977,977.0,39.4847148,-0.9309603,ES-V,Valencia/València,1,5,2026-05-17T19:09:46Z,OpenStreetMap (ODbL)
node/1260547364,Cerro de los Ángeles,,,905,905.0,39.3096943,-0.9448172,ES-V,Valencia/València,1,5,2026-05-17T19:09:46Z,OpenStreetMap (ODbL)
node/1260547575,el Calderó,el Calderó,,297,297.0,38.945718,-0.5094129,ES-V,Valencia/València,1,7,2025-02-26T13:36:03Z,OpenStreetMap (ODbL)
node/1260547615,Cerro de la Delantera,,,856,856.0,39.7495018,-1.0879299,ES-V,Valencia/València,1,5,2025-12-01T19:47:35Z,OpenStreetMap (ODbL)
node/1260547655,Cerro Bureles,,,1013,1013.0,40.6578709,-0.378776,ES-CS,Castellón/Castelló,1,7,2024-03-30T19:31:35Z,OpenStreetMap (ODbL)
node/1260547675,Cerro Agrás,,,512,512.0,39.2395525,-1.0716871,ES-V,Valencia/València,1,10,2021-08-29T12:10:05Z,OpenStreetMap (ODbL)
node/1260547780,Alt de les Aligues,,,581,581.0,38.9453992,-0.291471,ES-V,Valencia/València,1,8,2021-05-26T08:58:23Z,OpenStreetMap (ODbL)
node/1260547829,Cerro Truquet,,,741,741.0,39.7456073,-0.8542558,ES-V,Valencia/València,1,5,2026-05-17T19:09:46Z,OpenStreetMap (ODbL)
node/1260547994,Morreta Redona,,,674,674.0,38.8359145,-0.4239522,ES-V,Valencia/València,1,5,2026-05-17T19:09:46Z,OpenStreetMap (ODbL)
node/1260548051,Pico de Juan Navarro,,,1164,1164.0,39.5710818,-1.0996817,ES-V,Valencia/València,1,5,2026-05-17T19:09:46Z,OpenStreetMap (ODbL)
node/1260548105,Cerro de Enmedio,,,789,789.0,39.7740604,-1.0969107,ES-V,Valencia/València,1,5,2025-12-01T19:47:35Z,OpenStreetMap (ODbL)
node/1260548423,la Roca Mola,la Roca Mola,,1047,1047.0,40.7271232,0.0144724,ES-CS,Castellón/Castelló,1,8,2025-11-23T14:48:15Z,OpenStreetMap (ODbL)
node/1260548505,Puntal de la Nevera,,,1116,1116.0,39.4259343,-0.9137509,ES-V,Valencia/València,1,5,2023-10-01T19:50:02Z,OpenStreetMap (ODbL)
node/1260548534,Pico de Casa Blanca,,,881,881.0,38.9929321,-1.1490964,ES-V,Valencia/València,1,5,2026-05-17T19:09:46Z,OpenStreetMap (ODbL)
node/1260548590,La Muela,,,1545,1545.0,39.9581358,-1.0682045,ES-V,Valencia/València,1,5,2026-05-17T19:09:46Z,OpenStreetMap (ODbL)
node/1260548918,Pico de Ricartes,,,843,843.0,39.288434,-0.9980608,ES-V,Valencia/València,1,5,2026-05-17T19:09:46Z,OpenStreetMap (ODbL)
node/1260548997,Penya del Romaní,Penya del Romaní,,564,564.0,38.9889552,-0.3340463,ES-V,Valencia/València,1,6,2026-05-17T19:09:46Z,OpenStreetMap (ODbL)
node/1260549010,Cerro Escorpión,,,656,656.0,39.7120065,-1.0032963,ES-V,Valencia/València,1,5,2025-12-04T18:03:50Z,OpenStreetMap (ODbL)
node/1260549404,el Mondúver,,,843,843.0,39.0090947,-0.2665786,ES-V,Valencia/València,1,16,2025-01-08T22:35:23Z,OpenStreetMap (ODbL)
node/1260549668,Tossal d'Ataranes,Tossal d'Ataranes,,614,614.0,38.9574176,-0.2948151,ES-V,Valencia/València,1,6,2026-05-17T19:09:46Z,OpenStreetMap (ODbL)
node/1260549680,Cerro Pelado,,,1025,1025.0,39.6086681,-1.4008146,ES-V,Valencia/València,1,5,2026-05-17T19:09:46Z,OpenStreetMap (ODbL)
node/1260549770,Tossal Redó,Tossal Redó,,481,481.0,38.8775697,-0.3353459,ES-V,Valencia/València,1,6,2023-07-21T14:47:13Z,OpenStreetMap (ODbL)
node/1260549781,Penya Negra,Penya Negra,Peña Negra,589,589.0,39.0021134,-0.2555216,ES-V,Valencia/València,1,9,2020-05-25T17:42:31Z,OpenStreetMap (ODbL)
node/1260549787,Cerro Herrera,,,696,696.0,39.3701159,-0.9843956,ES-V,Valencia/València,1,5,2026-05-17T19:09:46Z,OpenStreetMap (ODbL)
node/1260549824,Puntal de la Font Nova,Puntal de la Font Nova,,750.6,750.6,39.0154731,-0.2808152,ES-V,Valencia/València,1,13,2024-09-25T17:51:26Z,OpenStreetMap (ODbL)
node/1260549989,,,,1057,1057.0,39.3261455,-0.9515423,ES-V,Valencia/València,1,6,2023-01-08T22:18:44Z,OpenStreetMap (ODbL)
node/1260550034,el Tossalet Redó,el Tossalet Redó,,277,277.0,38.9481439,-0.5048893,ES-V,Valencia/València,1,6,2026-05-17T19:09:46Z,OpenStreetMap (ODbL)
node/1260550056,Alto del Gamonal,,,1005,1005.0,39.8025805,-1.0503957,ES-V,Valencia/València,1,5,2026-05-17T19:09:46Z,OpenStreetMap (ODbL)
node/1260550109,Penyal de Ferragud,,,372,372.0,39.039537,-0.2414491,ES-V,Valencia/València,1,6,2025-01-17T14:14:19Z,OpenStreetMap (ODbL)
node/1260550182,Penya del Frontó,Penya del Frontó,,580,580.0,38.9748839,-0.2832143,ES-V,Valencia/València,1,9,2022-11-26T11:02:33Z,OpenStreetMap (ODbL)
node/1260550194,Cerro Matraquera,,,578,578.0,39.7069102,-0.8944949,ES-V,Valencia/València,1,5,2026-05-17T19:09:46Z,OpenStreetMap (ODbL)
node/1260550395,,,,844,844.0,38.8399171,-0.4021647,ES-V,Valencia/València,1,10,2023-01-02T00:10:32Z,OpenStreetMap (ODbL)
node/1260550411,Pico Rocha del Cabetero,,,1101,1101.0,39.638035,-1.3470673,ES-V,Valencia/València,1,5,2026-05-17T19:09:46Z,OpenStreetMap (ODbL)
node/1260550647,el Piló de Don Carlos,,,399,399.0,39.0254781,-0.2546775,ES-V,Valencia/València,1,9,2025-01-03T20:50:42Z,OpenStreetMap (ODbL)
node/1260551146,el Xim,el Xim,,494,494.0,38.9896551,-0.3872934,ES-V,Valencia/València,1,8,2023-10-20T00:04:47Z,OpenStreetMap (ODbL)
node/1260551525,Cerro Negro,,,789,789.0,39.8002459,-1.1282403,ES-V,Valencia/València,1,5,2025-12-02T11:10:56Z,OpenStreetMap (ODbL)
node/1260552387,el Montot,el Montot,,419,419.0,39.0456876,-0.6225747,ES-V,Valencia/València,1,7,2023-10-20T00:03:24Z,OpenStreetMap (ODbL)
node/1260552747,Penya de la Mel,Penya de la Mel,,420,420.0,38.9539155,-0.5185202,ES-V,Valencia/València,1,6,2026-05-17T19:09:46Z,OpenStreetMap (ODbL)
node/1260552910,Cerro de Peña Blanca,,,514,514.0,39.7102287,-0.9621943,ES-V,Valencia/València,1,5,2025-12-04T18:31:36Z,OpenStreetMap (ODbL)
node/1260553665,el Piló de les Hortes,,,147,147.0,39.0089299,-0.2261106,ES-V,Valencia/València,1,5,2024-12-31T12:22:16Z,OpenStreetMap (ODbL)
node/1260554027,Alt de la Falconera,,,456,456.0,38.9748197,-0.2253809,ES-V,Valencia/València,1,6,2022-08-08T09:52:44Z,OpenStreetMap (ODbL)
node/1260554202,Cerro de Loriguilla,,,658,658.0,39.6909633,-0.90572,ES-V,Valencia/València,1,5,2025-12-09T19:43:16Z,OpenStreetMap (ODbL)
node/1260554837,Collet de Feltrer,,,1111,1111.0,40.7273005,-0.0647628,ES-CS,Castellón/Castelló,1,7,2025-04-22T13:18:49Z,OpenStreetMap (ODbL)
node/1260554942,Pico de la Vieja,,,819,819.0,39.4391255,-1.0640751,ES-V,Valencia/València,1,5,2026-05-17T19:09:46Z,OpenStreetMap (ODbL)
node/1260554948,Cerro del Águila,,,677,677.0,39.3680844,-0.9727451,ES-V,Valencia/València,1,5,2026-05-17T19:09:46Z,OpenStreetMap (ODbL)
node/1260554969,Pic de les Àligues,Pic de les Àligues,,633.84,633.84,39.0204328,-0.2970965,ES-V,Valencia/València,1,9,2023-10-09T23:22:46Z,OpenStreetMap (ODbL)
node/1260555533,el Tossal,el Tossal,,137,137.0,38.9965882,-0.4644975,ES-V,Valencia/València,1,7,2026-05-17T19:09:46Z,OpenStreetMap (ODbL)
node/1260555654,Cerro del Rey,,,696,696.0,39.7720216,-1.0309676,ES-V,Valencia/València,1,5,2026-05-17T19:09:46Z,OpenStreetMap (ODbL)
node/1260556276,Muntanyeta del Calamau,,,56,56.0,39.0244066,-0.2202287,ES-V,Valencia/València,1,7,2025-01-04T22:23:08Z,OpenStreetMap (ODbL)
node/1260556518,Alt de la Lletrera,Alt de la Lletrera,,718,718.0,38.988676,-0.2927275,ES-V,Valencia/València,1,6,2023-10-09T23:25:06Z,OpenStreetMap (ODbL)
node/1260556627,Cerro la Muela,,,592,592.0,39.7048076,-0.9676085,ES-V,Valencia/València,1,5,2025-12-04T18:31:36Z,OpenStreetMap (ODbL)
node/1260596845,Pico del Cerro Cardete,,,1125,1125.0,39.6420772,-1.3503456,ES-V,Valencia/València,1,5,2026-05-17T19:09:46Z,OpenStreetMap (ODbL)
node/1268534250,Cabezo del Chocolaino,,,541,541.0,38.6023738,-0.8901412,ES-A,Alicante/Alacant,1,4,2026-05-17T19:09:46Z,OpenStreetMap (ODbL)
node/1268535842,Cabecico Judas,,,534,534.0,38.5856949,-0.8785233,ES-A,Alicante/Alacant,1,4,2026-05-17T19:09:46Z,OpenStreetMap (ODbL)
node/1268536290,Cabezo Redondo,,,575,575.0,38.6434314,-0.8901885,ES-A,Alicante/Alacant,1,5,2023-12-13T15:48:39Z,OpenStreetMap (ODbL)
node/1268536833,Cabezo Jordán,,,567,567.0,38.6069252,-0.9056204,ES-A,Alicante/Alacant,1,4,2026-05-17T19:09:46Z,OpenStreetMap (ODbL)
node/1268537519,Gaspar,,,786,786.0,38.6004399,-0.9599642,ES-A,Alicante/Alacant,1,6,2023-12-14T07:29:55Z,OpenStreetMap (ODbL)
node/1308758137,la Creu,,,339,339.0,38.9179309,-0.2340554,ES-V,Valencia/València,1,5,2026-05-17T19:09:46Z,OpenStreetMap (ODbL)
node/1308758402,Tossal Redó,Tossal Redó,,801,801.0,38.8656632,-0.2372026,ES-V,Valencia/València,1,6,2026-05-17T19:09:46Z,OpenStreetMap (ODbL)
node/1308758636,Alt de la Creu Blanc,,,191,191.0,38.9389637,-0.2155158,ES-V,Valencia/València,1,4,2026-05-17T19:09:46Z,OpenStreetMap (ODbL)
node/1323432542,La Naveta,,,490,490.0,38.1056553,-0.978927,ES-A,Alicante/Alacant,1,5,2026-05-17T19:09:46Z,OpenStreetMap (ODbL)
node/1426245189,El Tejo,,,1248,1248.0,39.5188823,-0.9879612,ES-V,Valencia/València,1,2,2026-05-17T19:09:46Z,OpenStreetMap (ODbL)
node/1612904750,la Rodana del Pic,la Rodana del Pic,la Rodana del Pico,322,322.0,39.54181,-0.6077768,ES-V,Valencia/València,1,9,2026-01-18T12:02:23Z,OpenStreetMap (ODbL)
node/1661050856,Mola de Segart,Mola de Segart,,565,565.0,39.6714594,-0.380681,ES-V,Valencia/València,1,7,2023-10-20T00:05:04Z,OpenStreetMap (ODbL)
node/1699455964,Molló de la Falconera,Molló de la Falconera,,456,456.0,38.9741149,-0.2211937,ES-V,Valencia/València,1,5,2026-05-17T19:09:46Z,OpenStreetMap (ODbL)
node/1822383989,Alt de Guisop,Alt de Guisop,,1249,1249.0,38.5108174,-0.6554654,ES-A,Alicante/Alacant,1,3,2022-12-26T23:42:50Z,OpenStreetMap (ODbL)
node/1822383990,Alt de Peret,Alt de Peret,Alto de Peret,981,981.0,38.5419469,-0.7349214,ES-A,Alicante/Alacant,1,3,2014-01-18T01:19:03Z,OpenStreetMap (ODbL)
node/1822383991,Alt de la Casa Castalla,Alt de la Casa Castalla,Alto de la Casa Castalla,1107.03,1107.03,38.5571265,-0.6939394,ES-A,Alicante/Alacant,1,5,2022-07-02T08:36:59Z,OpenStreetMap (ODbL)
node/1822383992,la Patada del Cavall,la Patada del Cavall,La Patada del Caballo,935,935.0,38.503911,-0.7562734,ES-A,Alicante/Alacant,1,3,2022-10-24T22:36:09Z,OpenStreetMap (ODbL)
node/1822383993,Cid,Sit,Cid,1104,1104.0,38.4538041,-0.7191452,ES-A,Alicante/Alacant,1,5,2021-03-25T22:58:46Z,OpenStreetMap (ODbL)
node/1822383994,Despenyador,Despenyador,Despeñador,1261,1261.0,38.5329365,-0.6721161,ES-A,Alicante/Alacant,1,5,2024-11-07T08:14:17Z,OpenStreetMap (ODbL)
node/1822383995,el Xocolate,el Xocolate,El Chocolate,1051.27,1051.27,38.5514513,-0.7441857,ES-A,Alicante/Alacant,1,4,2023-10-20T00:04:34Z,OpenStreetMap (ODbL)
node/1822383996,els Castellarets,els Castellarets,Los Castellarets,901,901.0,38.4958685,-0.7143793,ES-A,Alicante/Alacant,1,3,2023-10-20T00:04:34Z,OpenStreetMap (ODbL)
node/1822383998,les Fermoses,les Fermoses,Las Hermosas,1075,1075.0,38.5386757,-0.7165779,ES-A,Alicante/Alacant,1,5,2023-10-20T00:03:15Z,OpenStreetMap (ODbL)
node/1822383999,Maigmonet,Maigmonet,,1182,1182.0,38.5050986,-0.6363091,ES-A,Alicante/Alacant,1,4,2022-12-26T23:40:40Z,OpenStreetMap (ODbL)
node/1822384001,Pic del Flare,Pic del Flare,Pico del Fraile,1125,1125.0,38.5213689,-0.6868464,ES-A,Alicante/Alacant,1,7,2024-06-25T22:27:22Z,OpenStreetMap (ODbL)
node/1822384002,Rasos de Catí,Rasos de Catí,Rasos de Catí,999,999.0,38.4901418,-0.6852318,ES-A,Alicante/Alacant,1,2,2020-02-17T22:00:51Z,OpenStreetMap (ODbL)
node/1822384003,la Replana,la Replana,,1229.40,1229.4,38.5706959,-0.7301063,ES-A,Alicante/Alacant,1,5,2025-02-26T20:04:39Z,OpenStreetMap (ODbL)
node/1830792716,Tossal Gran,Tossal Gran,,688.2,688.2,38.8145452,-0.1496332,ES-A,Alicante/Alacant,1,11,2023-07-30T15:46:52Z,OpenStreetMap (ODbL)
node/1836094628,Montcabrer,Montcabrer,,1390,1390.0,38.7578464,-0.4878421,ES-A,Alicante/Alacant,1,10,2021-12-07T18:43:51Z,OpenStreetMap (ODbL)
node/1889022390,Serra de Toix,Serra de Toix,Sierra de Toix,338,338.0,38.6352988,0.0138548,ES-A,Alicante/Alacant,1,6,2023-09-27T17:23:21Z,OpenStreetMap (ODbL)
node/1929932097,,,,660,660.0,38.7076327,0.0038013,ES-A,Alicante/Alacant,1,7,2023-07-25T03:41:21Z,OpenStreetMap (ODbL)
node/1929935043,la Sella del Cau,la Sella del Cau,,689,689.0,38.7057111,0.0021155,ES-A,Alicante/Alacant,1,10,2023-07-25T03:41:21Z,OpenStreetMap (ODbL)
node/1929935745,Tossalet del Castellet,Tossalet del Castellet,,725,725.0,38.7043036,0.0004391,ES-A,Alicante/Alacant,1,17,2023-07-25T03:41:21Z,OpenStreetMap (ODbL)
node/1935675367,Alt de Benicadell,,,1105,1105.0,38.832622,-0.4063146,ES-V,Valencia/València,1,13,2021-11-17T23:47:45Z,OpenStreetMap (ODbL)
node/1960860340,Creu del Cardenal,Creu del Cardenal,,542,542.0,39.1263717,-0.3474295,ES-V,Valencia/València,1,8,2022-11-26T10:20:38Z,OpenStreetMap (ODbL)
node/1962462590,la Creu,la Creu,,405,405.0,38.7389514,0.0414431,ES-A,Alicante/Alacant,1,6,2023-02-06T00:14:59Z,OpenStreetMap (ODbL)
node/1977576968,Covatelles,,,358.10,358.1,38.9027121,-0.1506224,ES-V,Valencia/València,1,5,2024-04-18T06:39:46Z,OpenStreetMap (ODbL)
node/2066246746,,,,432.1,432.1,38.7496067,0.070978,ES-A,Alicante/Alacant,1,12,2023-12-19T17:40:17Z,OpenStreetMap (ODbL)
node/2083371218,Ocaive,,,317,317.0,38.7785743,0.014297,ES-A,Alicante/Alacant,1,5,2018-05-21T20:18:40Z,OpenStreetMap (ODbL)
node/2235215438,Cim Carrascal,Cim Carrascal,,998,998.0,38.723344,-0.0891085,ES-A,Alicante/Alacant,1,6,2022-11-21T04:05:55Z,OpenStreetMap (ODbL)
node/2338047148,Penya Blanca,Penya Blanca,,429,429.0,38.9688799,-0.4754063,ES-V,Valencia/València,1,8,2022-11-26T10:28:23Z,OpenStreetMap (ODbL)
node/2338065016,La Creu,La Creu,,394,394.0,38.9813677,-0.461612,ES-V,Valencia/València,1,2,2024-11-17T09:23:12Z,OpenStreetMap (ODbL)
node/2510476124,el Capurutxo,el Capurutxo,,901,901.0,38.8035315,-0.898795,ES-V,Valencia/València,1,8,2023-10-09T23:25:02Z,OpenStreetMap (ODbL)
node/2529044837,Tossal Gros,Tossal Gros,,348,348.0,40.0222848,-0.0663143,ES-CS,Castellón/Castelló,1,9,2023-10-09T23:24:34Z,OpenStreetMap (ODbL)
node/2533225079,Balconada de Llopis,,,1124,1124.0,38.760168,-0.4817573,ES-A,Alicante/Alacant,1,4,2019-03-23T00:18:06Z,OpenStreetMap (ODbL)
node/2552146930,Penyó Rapel,,,1211,1211.0,38.6573005,-0.2462473,ES-A,Alicante/Alacant,1,5,2021-02-14T11:23:35Z,OpenStreetMap (ODbL)
node/2552147000,Alt de Tagarina,Alt de Tagarina,,1434,1434.0,38.6498004,-0.2402313,ES-A,Alicante/Alacant,1,5,2023-10-19T23:09:32Z,OpenStreetMap (ODbL)
node/2639237026,Tossal de Molines,Tossal de Molines,,603,603.0,38.8154483,-0.1334417,ES-A,Alicante/Alacant,1,6,2023-07-30T15:46:52Z,OpenStreetMap (ODbL)
node/2640681440,Penya del Corb,Penya del Corb,,502.2,502.2,38.8369708,-0.2149446,ES-A,Alicante/Alacant,1,5,2023-07-30T05:55:46Z,OpenStreetMap (ODbL)
node/2640792293,Penya Roja,Penya Roja,,854,854.0,38.8095288,-0.2573623,ES-A,Alicante/Alacant,1,8,2023-10-09T23:27:02Z,OpenStreetMap (ODbL)
node/2641942926,Penya de la Cova,Penya de la Cova,,980.6,980.6,38.742182,-0.2617876,ES-A,Alicante/Alacant,1,3,2022-11-26T10:58:35Z,OpenStreetMap (ODbL)
node/2641942927,Morro dels Apostols,,,983,983.0,38.742408,-0.260704,ES-A,Alicante/Alacant,1,4,2021-08-29T12:10:05Z,OpenStreetMap (ODbL)
node/2649889151,Tossal de la Pedrisseta,Tossal de la Pedrisseta,,369,369.0,38.673228,-0.008604,ES-A,Alicante/Alacant,1,3,2023-10-09T23:24:15Z,OpenStreetMap (ODbL)
node/2656099949,el Piló dels Madallars,,,491,491.0,39.0277871,-0.2768793,ES-V,Valencia/València,1,5,2025-01-11T14:47:54Z,OpenStreetMap (ODbL)
node/2734387072,Pico del Águila,,,605,605.0,38.0941114,-1.0172623,ES-A,Alicante/Alacant,1,4,2026-05-17T19:09:46Z,OpenStreetMap (ODbL)
node/2735403337,la Mama del Sit,la Mama del Sit,,841,841.0,38.4523583,-0.7058774,ES-A,Alicante/Alacant,1,4,2023-10-20T00:04:34Z,OpenStreetMap (ODbL)
node/2788690948,Penyalba,Penyalba,,770.30,770.3,39.0174028,-0.2901639,ES-V,Valencia/València,1,12,2023-10-09T23:26:43Z,OpenStreetMap (ODbL)
node/2793012450,,,,535.9,535.9,39.0212383,-0.2781208,ES-V,Valencia/València,1,2,2014-09-08T06:38:42Z,OpenStreetMap (ODbL)
node/2793020532,,,,463.3,463.3,39.0302941,-0.2840217,ES-V,Valencia/València,1,2,2014-09-08T06:38:07Z,OpenStreetMap (ODbL)
node/2864130798,Cim dels Orgues,,,729,729.0,39.9364447,-0.3431708,ES-CS,Castellón/Castelló,1,5,2023-10-30T18:26:16Z,OpenStreetMap (ODbL)
node/2907291726,Tossal de les Manueles,Tossal de les Manueles,,582,582.0,38.7965487,-0.127431,ES-A,Alicante/Alacant,1,5,2023-10-09T23:27:06Z,OpenStreetMap (ODbL)
node/2933443440,Cerro Carpio,,,1049,1049.0,39.7254516,-1.2179569,ES-V,Valencia/València,1,1,2014-06-25T20:59:08Z,OpenStreetMap (ODbL)
node/2933443441,Cerro San Cristóbal,,,1021,1021.0,39.7226832,-1.2242775,ES-V,Valencia/València,1,2,2014-12-12T12:38:36Z,OpenStreetMap (ODbL)
node/2941864475,Agulla del Salandó,,,368,368.0,40.0676619,0.044431,ES-CS,Castellón/Castelló,1,4,2024-02-20T01:55:58Z,OpenStreetMap (ODbL)
node/2956203762,Teixereta,Teixereta,,1353,1353.0,38.6569125,-0.5548491,ES-A,Alicante/Alacant,1,6,2021-12-07T18:01:17Z,OpenStreetMap (ODbL)
node/3016407429,La Plana,,,620,620.0,38.9815725,-0.6535179,ES-V,Valencia/València,1,4,2021-08-29T12:10:05Z,OpenStreetMap (ODbL)
node/3023053532,el Montí,,,612,612.0,39.9458262,-0.2893823,ES-CS,Castellón/Castelló,1,5,2025-02-02T10:58:49Z,OpenStreetMap (ODbL)
node/3041540265,Cim de la Penya Roja,Cim de la Penya Roja,,252,252.0,38.844836,-0.0060438,ES-A,Alicante/Alacant,1,8,2024-10-28T23:27:11Z,OpenStreetMap (ODbL)
node/3048779821,El Gavilán,,,1751,1751.0,40.0718948,-1.1108069,ES-V,Valencia/València,1,5,2023-06-15T17:16:11Z,OpenStreetMap (ODbL)
node/3056896514,Alto de las Barracas,,,1838,1838.0,40.0773455,-1.0906766,ES-V,Valencia/València,1,10,2023-01-06T19:15:45Z,OpenStreetMap (ODbL)
node/3056978747,la Serreta,la Serreta,,1051.70,1051.7,38.6879533,-0.4364362,ES-A,Alicante/Alacant,1,4,2023-10-20T00:04:33Z,OpenStreetMap (ODbL)
node/3113735814,Puntal de Sòria,Puntal de Sòria,,919,919.0,38.5104,-0.7511939,ES-A,Alicante/Alacant,1,2,2022-12-26T23:30:43Z,OpenStreetMap (ODbL)
node/3122689827,Bodoix,Bodoix,,541,541.0,38.8224288,-0.1230274,ES-A,Alicante/Alacant,1,5,2023-10-09T23:25:56Z,OpenStreetMap (ODbL)
node/3152544257,Molló dels Quatre Termes,Molló dels Quatre Termes,,580,580.0,39.0203536,-0.2753421,ES-V,Valencia/València,1,7,2025-01-08T17:42:55Z,OpenStreetMap (ODbL)
node/3166267342,Llometes del Pla de Toni Bou,Llometes del Pla de Toni Bou,,569.11,569.11,39.0155197,-0.2700078,ES-V,Valencia/València,1,4,2022-11-26T12:01:05Z,OpenStreetMap (ODbL)
node/3166277417,Alt Redó,,,564.11,564.11,39.0172465,-0.2721041,ES-V,Valencia/València,1,3,2024-02-27T19:46:15Z,OpenStreetMap (ODbL)
node/3166304528,el Picaio,el Picaio,,423.48,423.48,39.0116018,-0.2525183,ES-V,Valencia/València,1,4,2025-01-03T16:07:55Z,OpenStreetMap (ODbL)
node/3166704629,Penya del Romeral,Penya del Romeral,,543,543.0,38.9868983,-0.3306181,ES-V,Valencia/València,1,5,2022-11-26T11:32:43Z,OpenStreetMap (ODbL)
node/3169766665,Penyo de Montoig,,,478,478.0,38.944182,-0.284383,ES-V,Valencia/València,1,4,2021-08-29T12:10:05Z,OpenStreetMap (ODbL)
node/3188664137,Penya Foradà,Penya Foradà,,738,738.0,38.8122648,-0.2442524,ES-A,Alicante/Alacant,1,8,2023-11-07T21:10:13Z,OpenStreetMap (ODbL)
node/3251644599,,,,645,645.0,38.6963058,-0.0082988,ES-A,Alicante/Alacant,1,5,2016-09-26T15:45:00Z,OpenStreetMap (ODbL)
node/3264770366,Penyetes Roges,,,373,373.0,38.8266111,-0.0344956,ES-A,Alicante/Alacant,1,3,2023-09-16T06:25:04Z,OpenStreetMap (ODbL)
node/3280611015,Castellet de Garga,,,826.5,826.5,38.7681013,-0.1467773,ES-A,Alicante/Alacant,1,4,2023-07-30T09:31:50Z,OpenStreetMap (ODbL)
node/3323317786,,,,286.9,286.9,38.9618063,-0.5067702,ES-V,Valencia/València,1,3,2021-08-29T12:10:05Z,OpenStreetMap (ODbL)
node/3335655721,el Cati,,,296,296.0,38.9050851,-0.1582968,ES-V,Valencia/València,1,3,2024-04-18T06:39:46Z,OpenStreetMap (ODbL)
node/3369779225,el Penyot,el Penyot,,600,600.0,38.7193254,-0.0137273,ES-A,Alicante/Alacant,1,8,2023-10-09T23:27:21Z,OpenStreetMap (ODbL)
node/3385778023,el Penyó,el Penyó,,649,649.0,38.8829457,-0.6898479,ES-V,Valencia/València,1,8,2023-10-09T23:27:07Z,OpenStreetMap (ODbL)
node/3385784750,Penya de l'Àguila,Penya de l'Àguila,,438,438.0,38.8858931,-0.6872443,ES-V,Valencia/València,1,9,2023-10-09T23:27:07Z,OpenStreetMap (ODbL)
node/3405607141,el Tossal,el Tossal,,722,722.0,38.8917446,-0.6681373,ES-V,Valencia/València,1,7,2023-10-09T23:27:07Z,OpenStreetMap (ODbL)
node/3405618475,Morret de la Font d'Espanya,,,635,635.0,38.8938194,-0.6610835,ES-V,Valencia/València,1,5,2023-05-09T21:56:45Z,OpenStreetMap (ODbL)
node/3414523126,Peña del Pastor,,,479,479.0,39.2735559,-0.8830055,ES-V,Valencia/València,1,5,2023-10-04T18:01:05Z,OpenStreetMap (ODbL)
node/3432314841,El Jaquetó,El Jaquetó,,885,885.0,38.4876448,-0.6712243,ES-A,Alicante/Alacant,1,3,2024-10-28T22:57:22Z,OpenStreetMap (ODbL)
node/3434673955,El Molló,El Molló,,861,861.0,39.8535289,-0.2984761,ES-CS,Castellón/Castelló,1,3,2022-12-10T14:13:47Z,OpenStreetMap (ODbL)
node/3434673957,Pico de Tarraguán,,,766,766.0,39.8671951,-0.3058646,ES-CS,Castellón/Castelló,1,1,2015-04-03T16:24:14Z,OpenStreetMap (ODbL)
node/3434673958,Pico de la Bellota,,,956,956.0,39.869768,-0.3434163,ES-CS,Castellón/Castelló,1,2,2018-09-27T19:43:28Z,OpenStreetMap (ODbL)
node/3434673959,Pico de la Nevera,,,877,877.0,39.8574465,-0.2920295,ES-CS,Castellón/Castelló,1,1,2015-04-03T16:24:15Z,OpenStreetMap (ODbL)
node/3434673960,Puntal de l'Aljub,Puntal de l'Aljub,Puntal del Aljibe,944,944.0,39.8720608,-0.3247975,ES-CS,Castellón/Castelló,1,5,2020-10-19T21:39:37Z,OpenStreetMap (ODbL)
node/3437404642,Peña del Castellet,,,691,691.0,39.8551778,-0.3050822,ES-CS,Castellón/Castelló,1,2,2018-09-27T19:43:29Z,OpenStreetMap (ODbL)
node/3437517297,El Puntalón,,,619,619.0,39.849449,-0.3104693,ES-CS,Castellón/Castelló,1,2,2018-09-27T19:43:29Z,OpenStreetMap (ODbL)
node/3439516006,Ambra,Ambra,,301,301.0,38.8286889,-0.1107632,ES-A,Alicante/Alacant,1,7,2022-12-10T15:31:07Z,OpenStreetMap (ODbL)
node/3593959051,Alt del Collado dels Caragols,Alt del Collado dels Caragols,,731,731.0,38.9974241,-0.2888661,ES-V,Valencia/València,1,5,2023-10-09T23:22:46Z,OpenStreetMap (ODbL)
node/3607383380,la Capella,la Capella,,1077,1077.0,38.8319963,-0.4076379,ES-A,Alicante/Alacant,1,6,2023-01-08T14:16:17Z,OpenStreetMap (ODbL)
node/3615572560,Alt de la Nevera,Alt de la Nevera,,1032,1032.0,38.8310969,-0.4140249,ES-V,Valencia/València,1,3,2022-12-10T14:22:56Z,OpenStreetMap (ODbL)
node/3618528881,Montagut,Montagut,,559,559.0,38.4186578,-0.7674137,ES-A,Alicante/Alacant,1,2,2022-11-27T11:37:14Z,OpenStreetMap (ODbL)
node/3685408243,Cim de la Solana,,,945,945.0,38.7612285,-0.2754882,ES-A,Alicante/Alacant,1,7,2023-12-24T15:15:32Z,OpenStreetMap (ODbL)
node/3685661738,,,,909,909.0,38.7627341,-0.2857169,ES-A,Alicante/Alacant,1,4,2023-12-24T15:21:12Z,OpenStreetMap (ODbL)
node/3687909449,Altico de las Rochas,,,285,285.0,39.1154615,-0.7344884,ES-V,Valencia/València,1,6,2024-05-17T03:26:42Z,OpenStreetMap (ODbL)
node/3707351391,Caire,,,1049,1049.0,38.5253626,-0.9476224,ES-A,Alicante/Alacant,1,1,2015-08-21T00:01:47Z,OpenStreetMap (ODbL)
node/3759214226,les Campanilles,les Campanilles,,572,572.0,40.3059068,0.2926111,ES-CS,Castellón/Castelló,1,3,2022-12-30T23:26:49Z,OpenStreetMap (ODbL)
node/3796862267,Penya del Cingle,Penya del Cingle,,297,297.0,38.7747741,0.0392884,ES-A,Alicante/Alacant,1,6,2023-07-29T11:13:35Z,OpenStreetMap (ODbL)
node/3848869846,Piquet del Baladre,Piquet del Baladre,,1026,1026.0,38.7395446,-0.4869755,ES-A,Alicante/Alacant,1,7,2023-10-16T16:37:27Z,OpenStreetMap (ODbL)
node/3868559545,,,,928,928.0,38.7234908,-0.0789374,ES-A,Alicante/Alacant,1,4,2021-11-03T18:07:51Z,OpenStreetMap (ODbL)
node/3875331466,Alt de Petillo,,,675,675.0,38.562804,-0.2447364,ES-A,Alicante/Alacant,1,3,2021-02-11T22:00:02Z,OpenStreetMap (ODbL)
node/3876159388,Turó del Castell de Marinyén,Turó del Castell de Marinyén,,237,237.0,39.0481963,-0.275663,ES-V,Valencia/València,1,5,2025-01-17T14:14:19Z,OpenStreetMap (ODbL)
node/3876170859,el Pilo Roig,,,282,282.0,39.0434239,-0.2758771,ES-V,Valencia/València,1,5,2025-01-17T14:14:19Z,OpenStreetMap (ODbL)
node/3885358694,Alts de València,Alts de València,Altos de Valencia,335,335.0,39.3098634,-0.525103,ES-V,Valencia/València,1,3,2023-12-13T17:51:10Z,OpenStreetMap (ODbL)
node/3890706259,Penya Aledra,Penya Aledra,,685,685.0,38.7603133,-0.2367867,ES-A,Alicante/Alacant,1,5,2023-10-19T23:09:53Z,OpenStreetMap (ODbL)
node/3890706260,Penya Calera,Penya Calera,,673,673.0,38.7594651,-0.2360711,ES-A,Alicante/Alacant,1,5,2023-10-19T23:09:53Z,OpenStreetMap (ODbL)
node/3915164372,la Creu,,,599,599.0,38.8180369,-0.0837583,ES-A,Alicante/Alacant,1,8,2023-10-07T23:50:10Z,OpenStreetMap (ODbL)
node/3915167265,Cabal de Sagra,Cabal de Sagra,,386,386.0,38.8153068,-0.0716963,ES-A,Alicante/Alacant,1,7,2022-12-10T15:36:55Z,OpenStreetMap (ODbL)
node/3923348966,el Pinar de Ruiz,el Pinar de Ruiz,,774,774.0,38.7111461,-0.1928754,ES-A,Alicante/Alacant,1,5,2023-12-24T16:12:45Z,OpenStreetMap (ODbL)
node/3928553591,Tossal d'en Fos,Tossal d'en Fos,,868.6,868.6,40.2814748,-0.000693,ES-CS,Castellón/Castelló,1,3,2022-11-21T03:50:31Z,OpenStreetMap (ODbL)
node/3928620130,Tossal de l'Ereta,Tossal de l'Ereta,,1072,1072.0,40.288761,-0.0098801,ES-CS,Castellón/Castelló,1,3,2022-11-28T01:29:17Z,OpenStreetMap (ODbL)
node/3928620156,la Talaia,la Talaia,,1062,1062.0,40.2955331,-0.0059726,ES-CS,Castellón/Castelló,1,6,2023-10-20T00:05:07Z,OpenStreetMap (ODbL)
node/3928622566,Collet de l'Agrévol,,,959,959.0,40.3004934,-0.0098764,ES-CS,Castellón/Castelló,1,4,2025-12-23T19:04:21Z,OpenStreetMap (ODbL)
node/3930019757,Tossal de Barra,Tossal de la Barra,,389.69,389.69,40.265928,0.2706754,ES-CS,Castellón/Castelló,1,5,2025-01-31T12:47:35Z,OpenStreetMap (ODbL)
node/3947680618,Puig de la Llorença,Puig de la Llorença,,442,442.0,38.7231402,0.1614508,ES-A,Alicante/Alacant,1,6,2023-11-14T20:12:30Z,OpenStreetMap (ODbL)
node/3950003430,Alt de la Creu,Alt de la Creu,,762.5,762.5,38.8459845,-0.3615997,ES-A,Alicante/Alacant,1,3,2023-01-08T14:05:07Z,OpenStreetMap (ODbL)
node/3950077822,,,,835,835.0,38.8669586,-0.323571,ES-V,Valencia/València,1,4,2023-09-25T19:32:53Z,OpenStreetMap (ODbL)
node/3950077824,,,,821,821.0,38.8693322,-0.3168379,ES-A,Alicante/Alacant,1,5,2023-09-25T19:32:53Z,OpenStreetMap (ODbL)
node/3950087540,Tossal de la Cova,Tossal de la Cova,,604.3,604.3,38.8664322,-0.3100619,ES-A,Alicante/Alacant,1,3,2022-11-21T03:48:38Z,OpenStreetMap (ODbL)
node/3951795124,la Solana,la Solana,,549,549.0,38.7589274,-0.0199442,ES-A,Alicante/Alacant,1,6,2023-10-20T00:02:12Z,OpenStreetMap (ODbL)
node/3953718262,la Creueta de Dénia,la Creueta de Dénia,,695,695.0,38.80779,0.1198427,ES-A,Alicante/Alacant,1,9,2024-05-13T13:26:57Z,OpenStreetMap (ODbL)
node/3985809275,el Portitxolet,el Portitxolet,,382,382.0,39.0088146,-0.2965931,ES-V,Valencia/València,1,3,2024-03-23T00:51:12Z,OpenStreetMap (ODbL)
node/3986487478,Alt del Garbuller,,,595,595.0,39.0040767,-0.3155384,ES-V,Valencia/València,1,3,2023-12-20T23:20:38Z,OpenStreetMap (ODbL)
node/4012866252,Penya Rabosa,Penya Rabosa,,1032,1032.0,38.7024358,-0.1885473,ES-A,Alicante/Alacant,1,7,2023-03-20T19:43:53Z,OpenStreetMap (ODbL)
node/4012866265,Penyó de la Neu,,,925,925.0,38.7047005,-0.1994891,ES-A,Alicante/Alacant,1,5,2020-12-19T23:54:21Z,OpenStreetMap (ODbL)
node/4012866266,el Castellet,el Castellet,,1049,1049.0,38.7055927,-0.2010867,ES-A,Alicante/Alacant,1,11,2024-02-27T21:37:43Z,OpenStreetMap (ODbL)
node/4012867386,,,,1165,1165.0,38.6972133,-0.1730681,ES-A,Alicante/Alacant,1,5,2020-12-17T22:00:13Z,OpenStreetMap (ODbL)
node/4012868089,Morrets de Pastor,Morrets de Pastor,,1156,1156.0,38.697618,-0.1738515,ES-A,Alicante/Alacant,1,7,2022-11-26T10:25:18Z,OpenStreetMap (ODbL)
node/4012871465,,,,1154,1154.0,38.6983509,-0.1764358,ES-A,Alicante/Alacant,1,5,2023-07-27T06:17:19Z,OpenStreetMap (ODbL)
node/4012876230,Penyó Gelat,,,1081,1081.0,38.7004038,-0.1824521,ES-A,Alicante/Alacant,1,6,2023-07-17T04:53:05Z,OpenStreetMap (ODbL)
node/4012876231,Penya de l'Altar Gelat,Penya de l'Altar Gelat,,1080,1080.0,38.7011003,-0.1853881,ES-A,Alicante/Alacant,1,7,2022-11-26T10:25:20Z,OpenStreetMap (ODbL)
node/4012897566,,,,1185.75,1185.75,38.7136697,-0.2276803,ES-A,Alicante/Alacant,1,4,2024-07-29T09:28:53Z,OpenStreetMap (ODbL)
node/4012902800,el Tord,el Tord,,1322,1322.0,38.7141377,-0.238544,ES-A,Alicante/Alacant,1,5,2023-10-19T23:09:31Z,OpenStreetMap (ODbL)
node/4012913544,Penya Alta - Cim de l'Aixortà,,,1219,1219.0,38.6949149,-0.1628194,ES-A,Alicante/Alacant,1,8,2023-07-27T06:17:19Z,OpenStreetMap (ODbL)
node/4012913545,Morro del Serrellar,,,1137.62,1137.62,38.6940911,-0.1609798,ES-A,Alicante/Alacant,1,5,2023-10-15T17:39:08Z,OpenStreetMap (ODbL)
node/4012920423,el Pla de l'Espinar,el Pla de l'Espinar,,1045,1045.0,38.7010923,-0.1724116,ES-A,Alicante/Alacant,1,9,2023-10-15T17:39:08Z,OpenStreetMap (ODbL)
node/4012950115,,,,824.65,824.65,38.7086419,-0.1644417,ES-A,Alicante/Alacant,1,2,2020-12-19T23:54:21Z,OpenStreetMap (ODbL)
node/4014706665,Pla de la Casa,Pla de la Casa,,1385,1385.0,38.7165256,-0.2746227,ES-A,Alicante/Alacant,1,10,2025-10-29T14:09:35Z,OpenStreetMap (ODbL)
node/4014738424,Racó d'Ametla,Racó d'Ametla,,1301,1301.0,38.7128211,-0.2370261,ES-A,Alicante/Alacant,1,6,2022-11-26T10:25:23Z,OpenStreetMap (ODbL)
node/4016575119,Torremundo,Torremundo,,717,717.0,40.0957614,-0.2586508,ES-CS,Castellón/Castelló,1,4,2023-10-19T23:09:45Z,OpenStreetMap (ODbL)
node/4017571629,els Penyonets,,,689,689.0,38.6795027,-0.1678663,ES-A,Alicante/Alacant,1,6,2023-11-13T23:06:37Z,OpenStreetMap (ODbL)
node/4049379629,,,,842,842.0,38.7087265,-0.054184,ES-A,Alicante/Alacant,1,4,2023-01-06T16:29:05Z,OpenStreetMap (ODbL)
node/4055266291,El Pinar,,,1102,1102.0,39.9814365,-0.4508329,ES-CS,Castellón/Castelló,1,5,2025-05-19T18:02:15Z,OpenStreetMap (ODbL)
node/4173799417,Picatxo,,,244,244.0,38.8079329,0.0449548,ES-A,Alicante/Alacant,1,9,2024-01-08T15:18:03Z,OpenStreetMap (ODbL)
node/4174241539,el Miquelet,el Miquelet,,245,245.0,38.8086508,0.0419947,ES-A,Alicante/Alacant,1,4,2022-12-10T15:30:35Z,OpenStreetMap (ODbL)
node/4210572305,,,,,,38.0957853,-1.0229211,ES-A,Alicante/Alacant,1,1,2016-05-27T11:25:23Z,OpenStreetMap (ODbL)
node/4210572308,Cabezo del Burro,,,313,313.0,38.0906186,-0.9939254,ES-A,Alicante/Alacant,1,2,2025-01-19T21:34:12Z,OpenStreetMap (ODbL)
node/4225455122,Tossalet de les Cases de Borras,,,944,944.0,40.6245982,-0.0854767,ES-CS,Castellón/Castelló,1,5,2025-11-08T10:55:47Z,OpenStreetMap (ODbL)
node/4230119477,Lloma dels 4 Vents,Lloma dels 4 Vents,,226,226.0,38.9872494,-0.5065915,ES-V,Valencia/València,1,6,2022-11-26T12:00:24Z,OpenStreetMap (ODbL)
node/4230177474,Penya Roja,Penya Roja,,307,307.0,38.9835204,-0.5115551,ES-V,Valencia/València,1,8,2024-09-16T22:38:24Z,OpenStreetMap (ODbL)
node/4230330004,Lloma Plana,Lloma Plana,,293,293.0,38.9709906,-0.5375936,ES-V,Valencia/València,1,7,2024-09-16T22:38:24Z,OpenStreetMap (ODbL)
node/4266220629,El Alto del Carril,,,580,580.0,39.2288926,-0.7726878,ES-V,Valencia/València,1,5,2022-11-29T00:08:30Z,OpenStreetMap (ODbL)
node/4266220630,Alto del Atajo,,,568,568.0,39.2317389,-0.7723764,ES-V,Valencia/València,1,5,2021-08-29T12:10:05Z,OpenStreetMap (ODbL)
node/4266295899,Loma del Pino del Pajaro,,,564.5,564.5,39.2221635,-0.7513571,ES-V,Valencia/València,1,3,2024-09-11T17:11:16Z,OpenStreetMap (ODbL)
node/4268162669,Pico del Ave,,,952.40,952.4,39.305207,-0.7784335,ES-V,Valencia/València,1,5,2025-05-26T17:11:58Z,OpenStreetMap (ODbL)
node/4269569719,Loma Larga,,,684,684.0,39.234873,-0.8138268,ES-V,Valencia/València,1,3,2024-03-30T19:30:54Z,OpenStreetMap (ODbL)
node/4269570466,Peña de la Mora,,,592,592.0,39.2336894,-0.7891282,ES-V,Valencia/València,1,4,2023-10-04T18:10:30Z,OpenStreetMap (ODbL)
node/4270006123,Pico Nabo,,,404,404.0,39.8625395,-0.4876247,ES-CS,Castellón/Castelló,1,2,2026-05-17T19:09:46Z,OpenStreetMap (ODbL)
node/4283419911,Bolón,,,655,655.0,38.4738058,-0.8167917,ES-A,Alicante/Alacant,1,2,2019-07-17T16:12:08Z,OpenStreetMap (ODbL)
node/4330158215,el Penyó,,,403,403.0,39.0383158,-0.2505982,ES-V,Valencia/València,1,3,2025-01-17T14:14:19Z,OpenStreetMap (ODbL)
node/4348733635,Creu d'Eslida,,,691.12,691.12,39.865043,-0.3200327,ES-CS,Castellón/Castelló,1,2,2021-04-16T13:08:22Z,OpenStreetMap (ODbL)
node/4359973578,La Mola,La Mola,,540,540.0,38.4064689,-0.7989202,ES-A,Alicante/Alacant,1,4,2026-05-17T19:09:46Z,OpenStreetMap (ODbL)
node/4413767603,Alt del Ginebral,Alt del Ginebral,,1324,1324.0,38.6578221,-0.5272561,ES-A,Alicante/Alacant,1,3,2022-12-10T14:09:17Z,OpenStreetMap (ODbL)
node/4419182434,el Dit d'Oltà,el Dit d'Oltà,,589.5,589.5,38.6611757,0.0147044,ES-A,Alicante/Alacant,1,5,2022-12-10T14:27:40Z,OpenStreetMap (ODbL)
node/4441049894,Cabeç de Montnegre,Cabeç de Montnegre,,515,515.0,38.4782967,-0.5098266,ES-A,Alicante/Alacant,1,10,2025-02-03T19:15:57Z,OpenStreetMap (ODbL)
node/4441132035,Penyeta Roja,,,288,288.0,40.020715,-0.061288,ES-CS,Castellón/Castelló,1,3,2020-06-23T21:14:59Z,OpenStreetMap (ODbL)
node/4456154754,Morro del Barco,Morro del Barco,,528,528.0,38.7188956,-0.003325,ES-A,Alicante/Alacant,1,4,2023-10-09T23:25:15Z,OpenStreetMap (ODbL)
node/4456185922,,,,562,562.0,38.7129665,-0.0011481,ES-A,Alicante/Alacant,1,3,2023-07-16T11:12:49Z,OpenStreetMap (ODbL)
node/4470209059,,,,791,791.0,38.6289352,-0.1634232,ES-A,Alicante/Alacant,1,9,2023-11-14T18:45:26Z,OpenStreetMap (ODbL)
node/4470219833,Penyó Cabal,,,1184,1184.0,38.6183254,-0.1864068,ES-A,Alicante/Alacant,1,7,2021-08-30T00:14:35Z,OpenStreetMap (ODbL)
node/4471750807,Penyó Roc,Penyó Roc,,1108,1108.0,38.6420232,-0.1871326,ES-A,Alicante/Alacant,1,5,2023-10-09T23:24:10Z,OpenStreetMap (ODbL)
node/4471770985,el Carrascal,el Carrascal,,1085,1085.0,38.6320036,-0.1852615,ES-A,Alicante/Alacant,1,4,2023-10-20T00:02:51Z,OpenStreetMap (ODbL)
node/4475377804,Puntal Gros,,,285,285.0,38.3201367,-0.6793212,ES-A,Alicante/Alacant,1,2,2020-12-29T16:37:19Z,OpenStreetMap (ODbL)
node/4475527374,Tossal de Sant Antoni,Tossal de Sant Antoni,,312,312.0,38.3172338,-0.6922883,ES-A,Alicante/Alacant,1,8,2025-05-14T21:46:51Z,OpenStreetMap (ODbL)
node/4481489804,Roca del Migdia,Roca del Migdia,,1533,1533.0,40.2204649,-0.3383245,ES-CS,Castellón/Castelló,1,5,2024-10-02T18:55:10Z,OpenStreetMap (ODbL)
node/4510168635,Cormo de la Penya,,,726,726.0,40.0908781,-0.0598367,ES-CS,Castellón/Castelló,1,5,2024-11-20T00:59:00Z,OpenStreetMap (ODbL)
node/4535691006,,,,405,405.0,39.9224876,-0.2404035,ES-CS,Castellón/Castelló,1,6,2026-04-05T23:43:20Z,OpenStreetMap (ODbL)
node/4535691233,la Ràpita,la Ràpita,,471,471.0,39.9121506,-0.2379788,ES-CS,Castellón/Castelló,1,6,2022-12-10T14:18:35Z,OpenStreetMap (ODbL)
node/4698771320,la Creueta,la Creueta,,429,429.0,39.6624611,-0.4173526,ES-V,Valencia/València,1,3,2022-11-27T11:36:33Z,OpenStreetMap (ODbL)
node/4741655126,Pic de la Font de Cabres,Pic de la Font de Cabres,Pico de la Font de Cabres,639,639.0,39.8624982,-0.2244403,ES-CS,Castellón/Castelló,1,5,2021-01-04T14:52:04Z,OpenStreetMap (ODbL)
node/4742388445,Peña del Sol,,,495,495.0,38.4524446,-0.78952,ES-A,Alicante/Alacant,1,2,2026-05-17T19:09:46Z,OpenStreetMap (ODbL)
node/4798735472,La Barchilla,,,1105,1105.0,39.0898722,-0.9169106,ES-V,Valencia/València,1,2,2020-04-05T00:36:36Z,OpenStreetMap (ODbL)
node/4798735473,La Media Barchilla,,,1102,1102.0,39.0900568,-0.9211563,ES-V,Valencia/València,1,2,2020-04-05T00:36:36Z,OpenStreetMap (ODbL)
node/4798735474,El Celemín,,,1081,1081.0,39.0895469,-0.9257467,ES-V,Valencia/València,1,2,2020-04-06T02:29:45Z,OpenStreetMap (ODbL)
node/4837104449,la Mola,la Mola,,537.87,537.87,38.6478665,0.0181269,ES-A,Alicante/Alacant,1,6,2025-02-24T15:35:34Z,OpenStreetMap (ODbL)
node/4837104463,Pinet,Pinet,,502,502.0,38.6549531,0.0224289,ES-A,Alicante/Alacant,1,5,2022-12-10T14:36:49Z,OpenStreetMap (ODbL)
node/4868333790,El Piquet,,,580,580.0,38.9680497,-0.6833778,ES-V,Valencia/València,1,3,2021-08-26T10:26:47Z,OpenStreetMap (ODbL)
node/4897702804,Monte del Cascalbar,,,822,822.0,39.8880286,-0.4215549,ES-CS,Castellón/Castelló,1,2,2026-05-17T19:09:46Z,OpenStreetMap (ODbL)
node/4897702829,Alto de la Sabina,,,787,787.0,39.8951048,-0.4348023,ES-CS,Castellón/Castelló,1,2,2026-05-17T19:09:46Z,OpenStreetMap (ODbL)
node/4897702840,Penyaroy Sud,,,924,924.0,39.8881459,-0.4087535,ES-CS,Castellón/Castelló,1,2,2026-05-17T19:09:46Z,OpenStreetMap (ODbL)
node/5003881957,Puntals del Ginebre,Puntals del Ginebre,,845,845.0,38.4818,-0.73731,ES-A,Alicante/Alacant,1,2,2022-11-26T11:31:26Z,OpenStreetMap (ODbL)
node/5036938034,Lloma del Vidre,Lloma del Vidre,,894,894.0,38.8597019,-0.241152,ES-V,Valencia/València,1,4,2023-07-17T16:28:35Z,OpenStreetMap (ODbL)
node/5036953993,Morro del Piquera,Morro del Piquera,,780,780.0,38.8628798,-0.2300735,ES-V,Valencia/València,1,5,2023-10-19T23:09:56Z,OpenStreetMap (ODbL)
node/5051180194,el Benacantil,el Benacantil,,167,167.0,38.3484449,-0.4796061,ES-A,Alicante/Alacant,1,7,2025-08-27T07:56:55Z,OpenStreetMap (ODbL)
node/5051225632,Serra Grossa,Serra Grossa,,177,177.0,38.3588761,-0.4590049,ES-A,Alicante/Alacant,1,7,2025-08-27T08:14:32Z,OpenStreetMap (ODbL)
node/5077713067,El Castellet,El Castellet,,416,416.0,38.7719337,-0.0668381,ES-A,Alicante/Alacant,1,5,2023-02-15T21:40:01Z,OpenStreetMap (ODbL)
node/5109812168,el Picaio,el Picaio,,373,373.0,39.6443294,-0.3150684,ES-V,Valencia/València,1,4,2023-10-19T23:09:51Z,OpenStreetMap (ODbL)
node/5174675054,Penya del Castellet,Penya del Castellet,Peña del Castellet,725,725.0,38.695194,-0.1228877,ES-A,Alicante/Alacant,1,4,2024-08-07T16:13:35Z,OpenStreetMap (ODbL)
node/5262739944,Cabrera,,,873,873.0,38.5386926,-0.8658459,ES-A,Alicante/Alacant,1,3,2021-03-07T14:56:51Z,OpenStreetMap (ODbL)
node/5268517123,el Rodeno de la Creu,el Rodeno de la Creu,,325,325.0,39.6726216,-0.3445271,ES-V,Valencia/València,1,4,2023-10-19T23:09:41Z,OpenStreetMap (ODbL)
node/5312062468,Morral Desplegat,Morral Desplegat,,1012.6,1012.6,40.7162833,0.2273394,ES-CS,Castellón/Castelló,1,5,2021-12-08T17:19:20Z,OpenStreetMap (ODbL)
node/5312062515,Tossal d'en Cervera,Tossal d'en Cervera,,1347.5,1347.5,40.7241334,0.1972873,ES-CS,Castellón/Castelló,1,2,2021-12-08T17:19:26Z,OpenStreetMap (ODbL)
node/5314915416,,,,689,689.0,39.8678669,-0.3122191,ES-CS,Castellón/Castelló,1,3,2020-04-29T10:06:34Z,OpenStreetMap (ODbL)
node/5378221823,Castillejo,,,643,643.0,39.8599619,-0.3557923,ES-CS,Castellón/Castelló,1,2,2018-09-27T19:43:29Z,OpenStreetMap (ODbL)
node/5417545927,Penya Muntesa,Penya Muntesa,,1008,1008.0,38.4891325,-0.6801546,ES-A,Alicante/Alacant,1,3,2022-11-26T11:31:25Z,OpenStreetMap (ODbL)
node/5487962795,el Mig Armut,,,211,211.0,39.031232,-0.419699,ES-V,Valencia/València,1,3,2026-05-17T19:09:46Z,OpenStreetMap (ODbL)
node/5499699197,La Lastra,,,1042,1042.0,39.936341,-0.427847,ES-CS,Castellón/Castelló,1,2,2021-07-12T08:09:32Z,OpenStreetMap (ODbL)
node/5506623515,Penya Negra,Penya Negra,,276,276.0,39.9109336,-0.2128283,ES-CS,Castellón/Castelló,1,3,2024-12-12T16:10:54Z,OpenStreetMap (ODbL)
node/5615417320,Penya del Migdia,Penya del Migdia,,584,584.0,39.8422583,-0.2556628,ES-CS,Castellón/Castelló,1,3,2022-11-26T11:11:34Z,OpenStreetMap (ODbL)
node/5618302911,Cabeçó d'Or,Cabeçó d'Or,,1210,1210.0,38.5277519,-0.3952898,ES-A,Alicante/Alacant,1,8,2025-07-04T16:59:57Z,OpenStreetMap (ODbL)
node/5638646334,la Serratella,la Serratella,,373,373.0,38.8665034,-0.5897732,ES-V,Valencia/València,1,3,2023-10-20T00:02:01Z,OpenStreetMap (ODbL)
node/5652650551,,,,1177,1177.0,38.5046593,-0.638465,ES-A,Alicante/Alacant,1,1,2018-05-30T23:41:34Z,OpenStreetMap (ODbL)
node/5652650833,,,,1242,1242.0,38.5283272,-0.6627873,ES-A,Alicante/Alacant,1,1,2018-05-30T23:41:37Z,OpenStreetMap (ODbL)
node/5871345263,Mola d'Ares,Mola d'Ares,,1323,1323.0,40.4681555,-0.1284455,ES-CS,Castellón/Castelló,1,6,2025-10-23T17:54:54Z,OpenStreetMap (ODbL)
node/5927857685,Alto del Pinar,,,1044,1044.0,39.9688549,-0.425224,ES-CS,Castellón/Castelló,1,1,2018-09-25T00:58:17Z,OpenStreetMap (ODbL)
node/5927857686,Alto de San Cristóbal,,,869,869.0,39.9846835,-0.4344535,ES-CS,Castellón/Castelló,1,2,2021-05-31T17:52:02Z,OpenStreetMap (ODbL)
node/5927872485,Pic Batalla,Pic Batalla,,974,974.0,39.8865944,-0.3369199,ES-CS,Castellón/Castelló,1,6,2022-12-10T14:04:35Z,OpenStreetMap (ODbL)
node/5928710435,Penya del Pastor,Penya del Pastor,,991,991.0,39.8972388,-0.3568899,ES-CS,Castellón/Castelló,1,5,2023-06-10T11:29:44Z,OpenStreetMap (ODbL)
node/5935276664,Puntal del Gordo,Puntal del Gordo,,764,764.0,39.9229353,-0.3895426,ES-CS,Castellón/Castelló,1,2,2023-10-09T23:21:07Z,OpenStreetMap (ODbL)
node/5935276665,Peña Negra,,,684,684.0,39.9175416,-0.374136,ES-CS,Castellón/Castelló,1,1,2018-09-27T19:43:27Z,OpenStreetMap (ODbL)
node/5935276667,el Cuquello,el Cuquello,,802,802.0,39.8640219,-0.2848935,ES-CS,Castellón/Castelló,1,4,2022-12-10T14:13:46Z,OpenStreetMap (ODbL)
node/5935276670,El Rubial,,,538,538.0,39.847698,-0.3342891,ES-CS,Castellón/Castelló,1,1,2018-09-27T19:43:28Z,OpenStreetMap (ODbL)
node/5935411505,l'Algepsar,l'Algepsar,,229,229.0,39.8817498,-0.2203059,ES-CS,Castellón/Castelló,1,3,2023-10-20T00:02:35Z,OpenStreetMap (ODbL)
node/5935411506,el Racó,el Racó,,316,316.0,39.8753031,-0.2225804,ES-CS,Castellón/Castelló,1,3,2023-10-20T00:02:35Z,OpenStreetMap (ODbL)
node/5935411507,Puntal Redó,Puntal Redó,,376,376.0,39.8522017,-0.214806,ES-CS,Castellón/Castelló,1,4,2022-12-10T15:11:15Z,OpenStreetMap (ODbL)
node/5935411508,Penya de Lleixos,Penya de Lleixos,,300,300.0,39.9019634,-0.2239385,ES-CS,Castellón/Castelló,1,4,2026-07-30T15:18:55Z,OpenStreetMap (ODbL)
node/5935411510,el Mallol,el Mallol,,619,619.0,39.9021275,-0.3294826,ES-CS,Castellón/Castelló,1,3,2023-10-20T00:02:03Z,OpenStreetMap (ODbL)
node/5935411511,Penya de la Campana,Penya de la Campana,,667,667.0,39.9071233,-0.3403831,ES-CS,Castellón/Castelló,1,4,2022-11-26T10:00:47Z,OpenStreetMap (ODbL)
node/5935411512,l'Alto,l'Alto,,577,577.0,39.9220072,-0.3038609,ES-CS,Castellón/Castelló,1,4,2022-12-10T15:02:25Z,OpenStreetMap (ODbL)
node/6027682875,la Gorrissa,la Gorrissa,,586,586.0,39.68185,-0.445649,ES-V,Valencia/València,1,3,2023-10-09T23:26:39Z,OpenStreetMap (ODbL)
node/6038876413,Alto de la Pedralbilla,,,687,687.0,39.7105424,-0.496262,ES-V,Valencia/València,1,5,2026-04-03T12:53:07Z,OpenStreetMap (ODbL)
node/6129460805,Cerro de Corcolilla,,Cerro de Corcolilla,1226,1226.0,39.9288446,-1.0169582,ES-V,Valencia/València,1,3,2025-03-14T11:35:45Z,OpenStreetMap (ODbL)
node/6190988400,Mollons de Sant Bernabé,Mollons de Sant Bernabé,,1279,1279.0,40.6724641,0.0970524,ES-CS,Castellón/Castelló,1,4,2025-04-22T13:18:49Z,OpenStreetMap (ODbL)
node/6194770228,Peña Elvira,,,1326,1326.0,39.9262203,-0.754407,ES-CS,Castellón/Castelló,1,4,2019-01-13T12:20:53Z,OpenStreetMap (ODbL)
node/6194785599,Peñas de amador,,,1134,1134.0,39.9308649,-0.7293684,ES-CS,Castellón/Castelló,1,3,2026-05-17T19:09:46Z,OpenStreetMap (ODbL)
node/6195214938,cerrito,,,1037,1037.0,39.9839394,-0.7488988,ES-CS,Castellón/Castelló,1,1,2019-01-09T13:20:52Z,OpenStreetMap (ODbL)
node/6195237767,Puntal de Viñas,,,1571,1571.0,39.9640536,-0.8318322,ES-CS,Castellón/Castelló,1,2,2024-12-21T19:05:21Z,OpenStreetMap (ODbL)
node/6195242188,cerro del Baile,,,1537,1537.0,39.9570383,-0.8170347,ES-CS,Castellón/Castelló,1,3,2019-02-19T21:16:28Z,OpenStreetMap (ODbL)
node/6195247582,Cerro de Pascua,,,1568,1568.0,39.9713651,-0.838885,ES-CS,Castellón/Castelló,1,2,2025-11-03T10:38:42Z,OpenStreetMap (ODbL)
node/6195257013,Alto de la Sabina Tuerta,,,1302,1302.0,39.9686646,-0.7949488,ES-CS,Castellón/Castelló,1,2,2024-12-31T15:08:56Z,OpenStreetMap (ODbL)
node/6205275664,Punta del Agua,,,1200,1200.0,40.0044933,-0.7729203,ES-CS,Castellón/Castelló,1,2,2024-12-19T20:06:45Z,OpenStreetMap (ODbL)
node/6205280769,Puntal de la Covatilla,,,1563,1563.0,39.9519238,-0.8262168,ES-CS,Castellón/Castelló,1,2,2024-12-21T13:03:09Z,OpenStreetMap (ODbL)
node/6205307192,Cerro de la Umbria Negra,,,1553,1553.0,39.9006658,-0.8038344,ES-CS,Castellón/Castelló,1,2,2022-09-28T15:19:39Z,OpenStreetMap (ODbL)
node/6228027353,Puntal del Mas,,,1357,1357.0,39.9289238,-0.7717818,ES-CS,Castellón/Castelló,1,1,2019-01-22T19:43:51Z,OpenStreetMap (ODbL)
node/6228033921,Puntal de Cabrera,,,1389,1389.0,39.9364449,-0.7900267,ES-CS,Castellón/Castelló,1,1,2019-01-22T19:46:11Z,OpenStreetMap (ODbL)
node/6228044112,Cerro del obrero,,,1415,1415.0,39.9439142,-0.801075,ES-CS,Castellón/Castelló,1,1,2019-01-22T19:53:03Z,OpenStreetMap (ODbL)
node/6228047417,Peña Juliana,,,1474,1474.0,39.901348,-0.7798916,ES-CS,Castellón/Castelló,1,2,2020-10-08T07:46:45Z,OpenStreetMap (ODbL)
node/6228068537,Cerro Moreno,,,1579,1579.0,39.9045771,-0.8226243,ES-CS,Castellón/Castelló,1,1,2019-01-22T20:05:53Z,OpenStreetMap (ODbL)
node/6287011926,el Puntal,el Puntal,,614,614.0,39.8569018,-0.2628726,ES-CS,Castellón/Castelló,1,6,2023-10-09T23:21:13Z,OpenStreetMap (ODbL)
node/6287011927,el Cantal,el Cantal,,631,631.0,39.8612796,-0.2463985,ES-CS,Castellón/Castelló,1,3,2022-12-10T14:13:45Z,OpenStreetMap (ODbL)
node/6287043796,El Madroñal,,,687,687.0,39.9798003,-0.3685785,ES-CS,Castellón/Castelló,1,1,2019-02-18T21:21:07Z,OpenStreetMap (ODbL)
node/6319084841,,,,997,997.0,39.8945739,-0.3821443,ES-CS,Castellón/Castelló,1,2,2025-12-22T00:49:12Z,OpenStreetMap (ODbL)
node/6337874045,Cingles de Mondragon,,,648,648.0,39.8531898,-0.2397512,ES-CS,Castellón/Castelló,1,2,2019-03-19T22:48:00Z,OpenStreetMap (ODbL)
node/6337883028,els Sants de la Pedra,els Sants de la Pedra,,582,582.0,39.8460347,-0.2465347,ES-CS,Castellón/Castelló,1,3,2022-11-26T11:11:27Z,OpenStreetMap (ODbL)
node/6355630626,Alt de Mariola,Alt de Mariola,,1069,1069.0,38.7495304,-0.5348703,ES-V,Valencia/València,1,4,2023-10-09T23:24:18Z,OpenStreetMap (ODbL)
node/6356824470,Alt de Montagut,Alt de Montagut,,1222.63,1222.63,38.7729774,-0.4947143,ES-A,Alicante/Alacant,1,6,2024-09-11T23:41:24Z,OpenStreetMap (ODbL)
node/6363425067,La Dehesa,,,763,763.0,39.8666591,-0.3997391,ES-CS,Castellón/Castelló,1,1,2019-03-26T20:06:27Z,OpenStreetMap (ODbL)
node/6395579066,Las Muelas,,,812,812.0,39.765692,-0.5078428,ES-V,Valencia/València,1,1,2019-04-10T08:19:32Z,OpenStreetMap (ODbL)
node/6401955639,Muntanya Redona,Muntanya Redona,,429,429.0,39.6819478,-0.3429157,ES-V,Valencia/València,1,3,2022-11-26T11:03:18Z,OpenStreetMap (ODbL)
node/6402704630,,,,1699,1699.0,40.2226467,-0.3447066,ES-CS,Castellón/Castelló,1,2,2022-01-06T23:42:25Z,OpenStreetMap (ODbL)
node/6417176017,la Ratlla,la Ratlla,,625,625.0,39.103127,-0.310859,ES-V,Valencia/València,1,4,2023-10-09T23:22:13Z,OpenStreetMap (ODbL)
node/6417176018,Cavall Bernat,Cavall Bernat,,587,587.0,39.1297353,-0.3481944,ES-V,Valencia/València,1,5,2023-06-15T17:24:24Z,OpenStreetMap (ODbL)
node/6430722650,Cabeço de Mariola,,,1044,1044.0,38.7592114,-0.5519529,ES-A,Alicante/Alacant,1,3,2021-11-17T23:33:48Z,OpenStreetMap (ODbL)
node/6438208516,Alt del Canyo,,,1253,1253.0,38.6502907,-0.5413465,ES-A,Alicante/Alacant,1,1,2019-04-30T10:23:53Z,OpenStreetMap (ODbL)
node/6438221421,,,,1198,1198.0,38.6626527,-0.549681,ES-A,Alicante/Alacant,1,1,2019-04-30T10:29:25Z,OpenStreetMap (ODbL)
node/6438221422,,,,1196,1196.0,38.6635579,-0.5470765,ES-A,Alicante/Alacant,1,1,2019-04-30T10:29:25Z,OpenStreetMap (ODbL)
node/6438221449,,,,992,992.0,38.6675448,-0.5499149,ES-A,Alicante/Alacant,1,1,2019-04-30T10:29:25Z,OpenStreetMap (ODbL)
node/6438911242,Alt de la Codolla,Alt de la Codolla,,1167,1167.0,38.7522497,-0.5180442,ES-V,Valencia/València,1,3,2023-10-09T23:24:18Z,OpenStreetMap (ODbL)
node/6438911268,la Lloma del Cavall,la Lloma del Cavall,,1144,1144.0,38.7552982,-0.5075049,ES-A,Alicante/Alacant,1,3,2024-12-14T10:20:59Z,OpenStreetMap (ODbL)
node/6452371952,,,,1013,1013.0,38.6635452,-0.5685035,ES-A,Alicante/Alacant,1,1,2019-05-06T15:20:05Z,OpenStreetMap (ODbL)
node/6452371953,,,,1032,1032.0,38.6641652,-0.5662088,ES-A,Alicante/Alacant,1,1,2019-05-06T15:20:05Z,OpenStreetMap (ODbL)
node/6452403537,,,,1139,1139.0,38.6482988,-0.5181924,ES-A,Alicante/Alacant,1,1,2019-05-06T15:36:46Z,OpenStreetMap (ODbL)
node/6452403545,Sambenet Alt,,,1137,1137.0,38.6619986,-0.4981169,ES-A,Alicante/Alacant,1,1,2019-05-06T15:36:47Z,OpenStreetMap (ODbL)
node/6452403575,,,,829,829.0,38.6735762,-0.4822444,ES-A,Alicante/Alacant,1,1,2019-05-06T15:36:47Z,OpenStreetMap (ODbL)
node/6452407110,Alt de Guerra,,,1022,1022.0,38.6671647,-0.4840473,ES-A,Alicante/Alacant,1,2,2026-01-11T19:14:11Z,OpenStreetMap (ODbL)
node/6454235348,Tossal del Pobil,Tossal del Pobil,,639,639.0,38.8256183,-0.2813808,ES-A,Alicante/Alacant,1,3,2023-10-09T23:27:05Z,OpenStreetMap (ODbL)
node/6454236089,,,,475,475.0,38.8220987,-0.2683605,ES-A,Alicante/Alacant,1,1,2019-05-07T08:26:00Z,OpenStreetMap (ODbL)
node/6454236126,,,,761,761.0,38.819952,-0.3082999,ES-A,Alicante/Alacant,1,2,2021-10-15T19:38:30Z,OpenStreetMap (ODbL)
node/6454236127,,,,764,764.0,38.8163858,-0.3094582,ES-A,Alicante/Alacant,1,1,2019-05-07T08:26:00Z,OpenStreetMap (ODbL)
node/6454236129,,,,767,767.0,38.8159912,-0.3068202,ES-A,Alicante/Alacant,1,1,2019-05-07T08:26:00Z,OpenStreetMap (ODbL)
node/6454236130,,,,723,723.0,38.8172244,-0.3016287,ES-A,Alicante/Alacant,1,1,2019-05-07T08:26:00Z,OpenStreetMap (ODbL)
node/6454312316,,,,652,652.0,38.7965279,-0.3224017,ES-A,Alicante/Alacant,1,1,2019-05-07T09:02:25Z,OpenStreetMap (ODbL)
node/6454401550,,,,836,836.0,38.7260849,-0.6217929,ES-V,Valencia/València,1,1,2019-05-07T09:48:43Z,OpenStreetMap (ODbL)
node/6454401551,,,,834,834.0,38.7292244,-0.6169108,ES-V,Valencia/València,1,1,2019-05-07T09:48:43Z,OpenStreetMap (ODbL)
node/6455606666,,,,947,947.0,38.7553223,-0.5891003,ES-V,Valencia/València,1,1,2019-05-07T15:40:47Z,OpenStreetMap (ODbL)
node/6455627976,,,,965,965.0,38.754371,-0.5675827,ES-V,Valencia/València,1,2,2023-10-16T15:52:59Z,OpenStreetMap (ODbL)
node/6455627977,,,,969,969.0,38.755531,-0.5656378,ES-A,Alicante/Alacant,1,1,2019-05-07T15:47:37Z,OpenStreetMap (ODbL)
node/6455627978,,,,1033,1033.0,38.7566997,-0.5515797,ES-V,Valencia/València,1,1,2019-05-07T15:47:37Z,OpenStreetMap (ODbL)
node/6456159000,,,,376,376.0,38.8425089,-0.2972068,ES-A,Alicante/Alacant,1,3,2023-07-18T14:09:29Z,OpenStreetMap (ODbL)
node/6456159001,,,,381,381.0,38.8427706,-0.291859,ES-A,Alicante/Alacant,1,3,2023-07-18T14:09:29Z,OpenStreetMap (ODbL)
node/6456159002,,,,471,471.0,38.8403744,-0.2914834,ES-A,Alicante/Alacant,1,1,2019-05-07T18:08:16Z,OpenStreetMap (ODbL)
node/6456159004,,,,480,480.0,38.8396013,-0.2891941,ES-A,Alicante/Alacant,1,2,2023-07-18T14:09:29Z,OpenStreetMap (ODbL)
node/6456159005,,,,564,564.0,38.838131,-0.2848829,ES-A,Alicante/Alacant,1,2,2023-07-18T14:09:29Z,OpenStreetMap (ODbL)
node/6456159013,,,,532,532.0,38.8465831,-0.2881411,ES-A,Alicante/Alacant,1,2,2023-07-19T12:29:18Z,OpenStreetMap (ODbL)
node/6456207736,,,,864,864.0,38.8074586,-0.2822837,ES-A,Alicante/Alacant,1,3,2023-07-30T04:09:44Z,OpenStreetMap (ODbL)
node/6456207737,Penya del Malladar,,,813,813.0,38.8081756,-0.2823861,ES-A,Alicante/Alacant,1,3,2023-07-30T04:09:44Z,OpenStreetMap (ODbL)
node/6456207739,,,,845,845.0,38.8071984,-0.2893067,ES-A,Alicante/Alacant,1,1,2019-05-07T18:18:51Z,OpenStreetMap (ODbL)
node/6456207740,Tossal de la Creu,Tossal de la Creu,,910,910.0,38.8041975,-0.2782718,ES-A,Alicante/Alacant,1,6,2023-07-30T04:09:44Z,OpenStreetMap (ODbL)
node/6456207741,Tossal de la Cova de l'Hedra,,,864,864.0,38.8038188,-0.2741612,ES-A,Alicante/Alacant,1,3,2023-07-30T04:09:44Z,OpenStreetMap (ODbL)
node/6457573359,,,,820,820.0,38.80534,-0.2688956,ES-A,Alicante/Alacant,1,2,2023-07-30T04:09:44Z,OpenStreetMap (ODbL)
node/6457573360,Tossal dels Quartesos,Tossal dels Quartesos,,856,856.0,38.8076721,-0.2648116,ES-A,Alicante/Alacant,1,3,2023-10-09T23:27:02Z,OpenStreetMap (ODbL)
node/6457573361,,,,709,709.0,38.8083889,-0.2502712,ES-A,Alicante/Alacant,1,2,2023-07-30T04:09:44Z,OpenStreetMap (ODbL)
node/6460991922,,,,695,695.0,38.8059245,-0.2481732,ES-A,Alicante/Alacant,1,2,2023-07-30T04:09:44Z,OpenStreetMap (ODbL)
node/6460991958,,,,667,667.0,38.7907367,-0.2744144,ES-A,Alicante/Alacant,1,1,2019-05-09T06:42:49Z,OpenStreetMap (ODbL)
node/6460991959,,,,675,675.0,38.791348,-0.2628415,ES-A,Alicante/Alacant,1,1,2019-05-09T06:42:49Z,OpenStreetMap (ODbL)
node/6461119333,Penya Alta,Penya Alta,,663,663.0,38.8112079,-0.2291638,ES-A,Alicante/Alacant,1,3,2023-07-30T04:09:44Z,OpenStreetMap (ODbL)
node/6461119336,,,,628,628.0,38.8177808,-0.2084635,ES-A,Alicante/Alacant,1,1,2019-05-09T08:07:25Z,OpenStreetMap (ODbL)
node/6463624867,,,,708,708.0,38.7964093,-0.2998539,ES-A,Alicante/Alacant,1,1,2019-05-10T06:36:32Z,OpenStreetMap (ODbL)
node/6463624869,Lloma del Pelegrí,,,716,716.0,38.7938332,-0.284896,ES-A,Alicante/Alacant,1,2,2023-12-24T15:04:22Z,OpenStreetMap (ODbL)
node/6463624872,Tossal de la Roca,Tossal de la Roca,,679,679.0,38.7911975,-0.2802796,ES-A,Alicante/Alacant,1,5,2023-12-24T15:04:22Z,OpenStreetMap (ODbL)
node/6463629025,Tossal del Morro Moll,,,647,647.0,38.7854911,-0.2819642,ES-A,Alicante/Alacant,1,3,2023-12-24T14:58:44Z,OpenStreetMap (ODbL)
node/6463629026,,,,610,610.0,38.7831466,-0.2858398,ES-A,Alicante/Alacant,1,2,2023-07-17T14:53:09Z,OpenStreetMap (ODbL)
node/6463629028,Lloma de les Ronxes,Lloma de les Ronxes,,670,670.0,38.7826006,-0.2794848,ES-A,Alicante/Alacant,1,3,2023-10-09T23:27:02Z,OpenStreetMap (ODbL)
node/6463629077,,,,689,689.0,38.7873962,-0.2646346,ES-A,Alicante/Alacant,1,1,2019-05-10T06:41:41Z,OpenStreetMap (ODbL)
node/6463629078,,,,646,646.0,38.7809766,-0.2686394,ES-A,Alicante/Alacant,1,2,2023-07-17T11:51:58Z,OpenStreetMap (ODbL)
node/6463640242,,,,426,426.0,38.8223284,-0.2505779,ES-A,Alicante/Alacant,1,2,2023-07-30T04:09:44Z,OpenStreetMap (ODbL)
node/6463640243,,,,475,475.0,38.8176954,-0.2502148,ES-A,Alicante/Alacant,1,1,2019-05-10T06:49:51Z,OpenStreetMap (ODbL)
node/6463640244,,,,483,483.0,38.8178141,-0.2459948,ES-A,Alicante/Alacant,1,2,2023-07-23T09:29:25Z,OpenStreetMap (ODbL)
node/6463640259,,,,649,649.0,38.8077522,-0.2347407,ES-A,Alicante/Alacant,1,2,2023-07-30T04:09:44Z,OpenStreetMap (ODbL)
node/6469343305,Tossal del Pedregar,Tossal del Pedregar,,679,679.0,38.8065217,-0.3221452,ES-A,Alicante/Alacant,1,3,2022-11-21T04:01:49Z,OpenStreetMap (ODbL)
node/6469343307,,,,611,611.0,38.794165,-0.3211371,ES-A,Alicante/Alacant,1,1,2019-05-13T07:33:30Z,OpenStreetMap (ODbL)
node/6469343311,Tossal del Llombar,Tossal del Llombar,,649,649.0,38.7974462,-0.3344648,ES-A,Alicante/Alacant,1,4,2023-10-09T23:26:02Z,OpenStreetMap (ODbL)
node/6469343313,Penyetes del Magre,Penyetes del Magre,,654,654.0,38.7957471,-0.3373886,ES-A,Alicante/Alacant,1,3,2023-10-09T23:26:02Z,OpenStreetMap (ODbL)
node/6476073198,la Murta,la Murta,,504,504.0,38.4520368,-0.608229,ES-A,Alicante/Alacant,1,2,2022-12-10T14:03:56Z,OpenStreetMap (ODbL)
node/6501314781,la Creueta,la Creueta,,492,492.0,39.0368853,-0.3201292,ES-V,Valencia/València,1,5,2026-05-17T19:09:46Z,OpenStreetMap (ODbL)
node/6668227869,Pico de Tristán,,,798,798.0,39.7358925,-0.4738021,ES-CS,Castellón/Castelló,1,1,2019-07-31T23:10:10Z,OpenStreetMap (ODbL)
node/6707741230,Santa Barbara - Monte Pina,,,1404,1404.0,40.0286592,-0.6285209,ES-CS,Castellón/Castelló,1,1,2019-08-13T14:39:44Z,OpenStreetMap (ODbL)
node/6753034632,Monte Gordo,,,1023,1023.0,39.5335177,-0.82912,ES-V,Valencia/València,1,4,2024-10-31T20:55:41Z,OpenStreetMap (ODbL)
node/6817764858,Cormo de les Creuetes,,,379,379.0,40.0581545,0.0140672,ES-CS,Castellón/Castelló,1,1,2019-09-23T15:15:07Z,OpenStreetMap (ODbL)
node/6819418465,el Cantal Gros,el Cantal Gros,,699,699.0,40.0759172,0.014,ES-CS,Castellón/Castelló,1,3,2022-12-10T14:23:57Z,OpenStreetMap (ODbL)
node/6819418467,el Caragol de Panxa,el Caragol de Panxa,,696,696.0,40.0789347,0.0200283,ES-CS,Castellón/Castelló,1,5,2025-01-18T09:03:33Z,OpenStreetMap (ODbL)
node/6900502671,Penyes de Moixell,Penyes de Moixell,,713,713.0,39.8570135,-0.2796578,ES-CS,Castellón/Castelló,1,2,2022-11-26T10:14:21Z,OpenStreetMap (ODbL)
node/6920678190,Roca del Falcó,Roca del Falcó,,1239,1239.0,40.2268898,-0.3215705,ES-CS,Castellón/Castelló,1,3,2024-01-04T20:51:24Z,OpenStreetMap (ODbL)
node/6920702057,,,,1812,1812.0,40.2228465,-0.3505281,ES-CS,Castellón/Castelló,1,3,2022-01-06T23:42:25Z,OpenStreetMap (ODbL)
node/6920725631,Lloma de la Carrascosa,Lloma de la Carrascosa,,1307,1307.0,40.2156511,-0.3055915,ES-CS,Castellón/Castelló,1,3,2025-01-19T19:15:02Z,OpenStreetMap (ODbL)
node/6920873374,el Comptador,el Comptador,,1074,1074.0,40.1968936,-0.2686877,ES-CS,Castellón/Castelló,1,2,2022-12-10T15:58:00Z,OpenStreetMap (ODbL)
node/6949824499,Llom del Matxo Flac,Llom del Matxo Flac,,585,585.0,39.1158577,-0.3314667,ES-V,Valencia/València,1,3,2022-11-26T10:20:48Z,OpenStreetMap (ODbL)
node/6957219339,Molló dels Tres Termes,Molló dels Tres Termes,,1069,1069.0,40.6369315,0.1393501,ES-CS,Castellón/Castelló,1,4,2022-11-26T11:08:46Z,OpenStreetMap (ODbL)
node/7051313649,La Soterraña,,,489,489.0,39.5079061,-0.7676362,ES-V,Valencia/València,1,2,2024-10-31T19:06:37Z,OpenStreetMap (ODbL)
node/7084819078,Pascual,,,946,946.0,39.9011687,-0.4092432,ES-CS,Castellón/Castelló,1,1,2019-12-25T22:52:28Z,OpenStreetMap (ODbL)
node/7084853102,Las dos Tetas,,,875,875.0,39.9200431,-0.3912579,ES-CS,Castellón/Castelló,1,4,2025-09-14T14:18:18Z,OpenStreetMap (ODbL)
node/7084924385,Mola de la Penya Blanca,Mola de la Penya Blanca,,995,995.0,40.5772213,0.1283463,ES-CS,Castellón/Castelló,1,3,2026-02-23T22:54:39Z,OpenStreetMap (ODbL)
node/7099964078,Lloma de Velart,,,1551,1551.0,40.2367451,-0.3458183,ES-CS,Castellón/Castelló,1,5,2024-02-11T18:59:04Z,OpenStreetMap (ODbL)
node/7103576613,Alt del Trencall,Alt del Trencall,,506,506.0,39.233662,-0.6159118,ES-V,Valencia/València,1,4,2023-10-09T23:24:37Z,OpenStreetMap (ODbL)
node/7170524361,Ebrí,,,508,508.0,40.2817425,0.2814422,ES-CS,Castellón/Castelló,1,1,2020-01-29T22:30:00Z,OpenStreetMap (ODbL)
node/7179687767,Las Moratillas,,,791,791.0,39.4089318,-0.9621756,ES-V,Valencia/València,1,1,2020-02-02T20:34:37Z,OpenStreetMap (ODbL)
node/7179740322,Cerro de Galán,,,642,642.0,39.38547,-0.9662429,ES-V,Valencia/València,1,1,2020-02-02T20:34:37Z,OpenStreetMap (ODbL)
node/7191583049,Tossal de Fraga,Tossal de Fraga,,1709,1709.0,40.2234447,-0.3457559,ES-CS,Castellón/Castelló,1,4,2024-10-02T18:55:10Z,OpenStreetMap (ODbL)
node/7191586777,Mola de la Vila,Mola de la Vila,,947,947.0,40.65717,-0.2047973,ES-CS,Castellón/Castelló,1,2,2022-12-10T14:59:10Z,OpenStreetMap (ODbL)
node/7191609445,Mola del Vilar,Mola del Vilar,,1321,1321.0,40.4536759,-0.1516209,ES-CS,Castellón/Castelló,1,2,2022-12-10T14:17:58Z,OpenStreetMap (ODbL)
node/7191615769,l'Esparreguera,,,1089,1089.0,40.2973285,-0.0860736,ES-CS,Castellón/Castelló,1,3,2025-07-08T11:17:06Z,OpenStreetMap (ODbL)
node/7191616109,Montcàtil,Montcàtil,,1116,1116.0,40.3596362,-0.1399393,ES-CS,Castellón/Castelló,1,4,2026-01-30T11:14:37Z,OpenStreetMap (ODbL)
node/7191618416,Tossal de Sant Cristòfol,Tossal de Sant Cristòfol,,1132,1132.0,40.2478198,-0.2903025,ES-CS,Castellón/Castelló,1,3,2022-11-21T04:10:20Z,OpenStreetMap (ODbL)
node/7191618490,Castell de Culla,Castell de Culla,,1123,1123.0,40.3375902,-0.166706,ES-CS,Castellón/Castelló,1,2,2022-11-10T02:09:18Z,OpenStreetMap (ODbL)
node/7191640315,Montornés,,,441,441.0,40.0616499,0.0294499,ES-CS,Castellón/Castelló,1,3,2024-06-03T12:20:33Z,OpenStreetMap (ODbL)
node/7214343745,el Puntalet,el Puntalet,,785,785.0,38.9061164,-0.8229722,ES-V,Valencia/València,1,3,2023-10-20T00:04:10Z,OpenStreetMap (ODbL)
node/7214343746,Alt del Racó,Alt del Racó,,803,803.0,38.9021037,-0.822237,ES-V,Valencia/València,1,2,2023-10-09T23:25:30Z,OpenStreetMap (ODbL)
node/7221190210,Lloma dels Castellans,Lloma dels Castellans,,1025,1025.0,40.6455454,-0.261554,ES-CS,Castellón/Castelló,1,3,2025-01-11T16:56:01Z,OpenStreetMap (ODbL)
node/7221224944,Molló Blanc,Molló Blanc,,1262,1262.0,40.5615344,-0.2448964,ES-CS,Castellón/Castelló,1,5,2025-05-19T17:48:42Z,OpenStreetMap (ODbL)
node/7233652051,Torre Algares,,,1222,1222.0,40.6158643,-0.3584491,ES-CS,Castellón/Castelló,1,1,2020-02-21T17:45:16Z,OpenStreetMap (ODbL)
node/7241195100,El Cordeler,,,1124,1124.0,40.4451682,-0.1107458,ES-CS,Castellón/Castelló,1,1,2020-02-25T00:28:20Z,OpenStreetMap (ODbL)
node/7264939823,,,,809,809.0,38.8648361,-0.8562987,ES-V,Valencia/València,1,1,2020-03-04T22:40:11Z,OpenStreetMap (ODbL)
node/7264939910,Penya Roja,Penya Roja,,642,642.0,38.8474651,-0.8500571,ES-V,Valencia/València,1,2,2022-11-26T11:20:38Z,OpenStreetMap (ODbL)
node/7264939911,Moleta del Fraile,,,671,671.0,38.8500351,-0.8733872,ES-V,Valencia/València,1,2,2020-03-06T18:53:22Z,OpenStreetMap (ODbL)
node/7274026095,el Pilar de Ximo,el Pilar de Ximo,,1078,1078.0,38.657723,-0.5762565,ES-A,Alicante/Alacant,1,3,2023-10-20T00:03:53Z,OpenStreetMap (ODbL)
node/7274026096,Cabeç de Guillem,Cabeç de Guillem,,1135,1135.0,38.6473503,-0.5639559,ES-A,Alicante/Alacant,1,2,2023-10-09T23:25:13Z,OpenStreetMap (ODbL)
node/7274048352,Morros de Vistabella,Morros de Vistabella,,1063,1063.0,38.6645173,-0.5614561,ES-A,Alicante/Alacant,1,2,2022-12-10T14:11:38Z,OpenStreetMap (ODbL)
node/7274055311,Alt de Pilat,Alt de Pilat,,1341,1341.0,38.6586301,-0.5503816,ES-A,Alicante/Alacant,1,3,2022-12-10T14:09:16Z,OpenStreetMap (ODbL)
node/7274055312,Cabeç Ras,Cabeç Ras,,1203,1203.0,38.6580912,-0.5669305,ES-A,Alicante/Alacant,1,4,2024-10-28T21:59:55Z,OpenStreetMap (ODbL)
node/7367296364,Montemayor,,,566,566.0,39.1177716,-0.7923311,ES-V,Valencia/València,1,1,2020-04-04T19:00:12Z,OpenStreetMap (ODbL)
node/7367793940,Alto de Cazuma,,,651,651.0,39.1055854,-0.8347767,ES-V,Valencia/València,1,1,2020-04-05T00:36:36Z,OpenStreetMap (ODbL)
node/7370360180,Peñon de los Machos,,,1094,1094.0,39.001754,-0.9119359,ES-V,Valencia/València,1,2,2020-10-08T07:46:38Z,OpenStreetMap (ODbL)
node/7370360182,La Flara,,,651,651.0,39.0202553,-0.8404047,ES-V,Valencia/València,1,1,2020-04-06T02:29:45Z,OpenStreetMap (ODbL)
node/7370360183,La Cruz,,,672,672.0,39.0438963,-0.8347035,ES-V,Valencia/València,1,2,2026-05-17T19:09:46Z,OpenStreetMap (ODbL)
node/7370360184,La Remesa,,,623,623.0,39.0316447,-0.8271913,ES-V,Valencia/València,1,1,2020-04-06T02:29:45Z,OpenStreetMap (ODbL)
node/7370472785,Alto de Fabar,,,593,593.0,39.0267111,-0.8144395,ES-V,Valencia/València,1,1,2020-04-06T02:29:45Z,OpenStreetMap (ODbL)
node/7370472786,Alto de Capitán,,,581,581.0,39.0357541,-0.810322,ES-V,Valencia/València,1,1,2020-04-06T02:29:45Z,OpenStreetMap (ODbL)
node/7370472787,El Tollo,,,588,588.0,39.0363601,-0.816894,ES-V,Valencia/València,1,2,2026-02-15T18:49:52Z,OpenStreetMap (ODbL)
node/7370472788,Peña del Rayo,,,606,606.0,39.0452998,-0.8189937,ES-V,Valencia/València,1,1,2020-04-06T02:29:45Z,OpenStreetMap (ODbL)
node/7370472789,Puntal del Bolo de la Neclera,,,504,504.0,39.0637673,-0.7800523,ES-V,Valencia/València,1,1,2020-04-06T02:29:45Z,OpenStreetMap (ODbL)
node/7370472790,Puntal de la Sima,,,524,524.0,39.0640216,-0.7884557,ES-V,Valencia/València,1,1,2020-04-06T02:29:45Z,OpenStreetMap (ODbL)
node/7373811859,Mola del Pi,Mola del Pi,,504,504.0,38.9069769,-0.7533664,ES-V,Valencia/València,1,2,2023-10-09T23:25:30Z,OpenStreetMap (ODbL)
node/7377220952,Marco,,,832,832.0,38.9138844,-0.8424964,ES-V,Valencia/València,1,1,2020-04-08T01:05:35Z,OpenStreetMap (ODbL)
node/7380308796,Cabeço de Cogom,Cabeço de Cogom,,1154,1154.0,40.1746453,-0.330449,ES-CS,Castellón/Castelló,1,4,2024-01-06T01:06:04Z,OpenStreetMap (ODbL)
node/7380507272,Tossal de Gossalbo,Tossal de Gossalbo,,870,870.0,40.1604315,-0.2273593,ES-CS,Castellón/Castelló,1,3,2023-10-19T23:09:45Z,OpenStreetMap (ODbL)
node/7380507273,Tossal del Rouret,Tossal del Rouret,,848,848.0,40.1554847,-0.2384612,ES-CS,Castellón/Castelló,1,3,2023-10-20T00:04:02Z,OpenStreetMap (ODbL)
node/7395606682,la Penya Roja,la Penya Roja,,740,740.0,40.1450182,-0.1978002,ES-CS,Castellón/Castelló,1,3,2022-12-10T15:15:33Z,OpenStreetMap (ODbL)
node/7416690656,lo Tossal,lo Tossal,,1024,1024.0,40.6224974,0.1587526,ES-CS,Castellón/Castelló,1,2,2023-10-09T23:26:22Z,OpenStreetMap (ODbL)
node/7416690657,Tossal de la Borja,Tossal de la Borja,,994,994.0,40.6252361,0.143425,ES-CS,Castellón/Castelló,1,3,2025-01-23T17:28:59Z,OpenStreetMap (ODbL)
node/7416695219,Mola de la Pena,Mola de la Pena,,1004,1004.0,40.6116649,0.1702634,ES-CS,Castellón/Castelló,1,3,2025-05-19T20:10:32Z,OpenStreetMap (ODbL)
node/7416695220,Mola de Bel,Mola de Bel,,1011,1011.0,40.6151785,0.162998,ES-CS,Castellón/Castelló,1,3,2026-05-17T14:07:49Z,OpenStreetMap (ODbL)
node/7434959665,Alt de Pina,Alt de Pina,,264,264.0,40.0195795,-0.2867905,ES-CS,Castellón/Castelló,1,2,2022-12-10T15:35:54Z,OpenStreetMap (ODbL)
node/7434960304,la Muntanya Pelà,la Muntanya Pelà,,360,360.0,40.02799,-0.2920438,ES-CS,Castellón/Castelló,1,3,2022-12-10T15:35:57Z,OpenStreetMap (ODbL)
node/7438754598,Tossalet de Roda-soques,Tossalet de Roda-soques,,408,408.0,40.0691025,-0.2433176,ES-CS,Castellón/Castelló,1,5,2025-01-06T12:17:56Z,OpenStreetMap (ODbL)
node/7438789643,la Selleta,la Selleta,,352,352.0,40.0551843,-0.2096075,ES-CS,Castellón/Castelló,1,3,2024-12-14T14:56:59Z,OpenStreetMap (ODbL)
node/7438789644,la Pedrera del Xufero,,,342,342.0,40.0511001,-0.2158557,ES-CS,Castellón/Castelló,1,2,2024-12-14T14:56:59Z,OpenStreetMap (ODbL)
node/7438803004,Tossal de les Foies,Tossal de les Foies,,427,427.0,40.057724,-0.2307821,ES-CS,Castellón/Castelló,1,4,2025-11-03T22:23:21Z,OpenStreetMap (ODbL)
node/7450356654,,,,777,777.0,38.5165029,-0.7609253,ES-A,Alicante/Alacant,1,1,2020-04-26T21:42:52Z,OpenStreetMap (ODbL)
node/7454432843,Puntal del Ferrer,,,393,393.0,39.67072,-0.4460984,ES-V,Valencia/València,1,2,2024-02-06T07:06:09Z,OpenStreetMap (ODbL)
node/7455322696,Chimo,,,733,733.0,39.7406887,-0.5226937,ES-V,Valencia/València,1,5,2026-04-03T12:53:07Z,OpenStreetMap (ODbL)
node/7455346298,La Moratilla,,,834,834.0,39.7366997,-0.484484,ES-CS,Castellón/Castelló,1,4,2026-04-03T12:53:07Z,OpenStreetMap (ODbL)
node/7460862065,la Foradà,la Foradà,,989,989.0,38.5011201,-0.6736244,ES-A,Alicante/Alacant,1,3,2024-05-15T14:28:45Z,OpenStreetMap (ODbL)
node/7461086436,Alto del Cochinet,Alt del Cotxinet,,801,801.0,38.5411981,-0.767265,ES-A,Alicante/Alacant,1,3,2022-12-26T23:52:24Z,OpenStreetMap (ODbL)
node/7469618555,la Muela del Tormo,,,803,803.0,40.0744704,-0.4157224,ES-CS,Castellón/Castelló,1,3,2024-04-13T15:54:54Z,OpenStreetMap (ODbL)
node/7474143050,La Clapiza,,,972,972.0,39.9730748,-0.7039561,ES-CS,Castellón/Castelló,1,2,2025-03-18T18:49:07Z,OpenStreetMap (ODbL)
node/7474201799,Roques Negres,Roques Negres,,560,560.0,40.2257151,-0.134959,ES-CS,Castellón/Castelló,1,2,2022-12-10T14:20:41Z,OpenStreetMap (ODbL)
node/7474201800,Collet de Garrido,Collet de Garrido,,554,554.0,40.2286555,-0.1301676,ES-CS,Castellón/Castelló,1,2,2022-11-19T06:05:24Z,OpenStreetMap (ODbL)
node/7474201801,Collet de la Llomera,Collet de la Llomera,,532,532.0,40.2270733,-0.1221805,ES-CS,Castellón/Castelló,1,2,2022-11-19T06:05:25Z,OpenStreetMap (ODbL)
node/7476780341,Piedra Partida,,,812,812.0,40.0397002,-0.4897511,ES-CS,Castellón/Castelló,1,2,2024-04-12T18:08:30Z,OpenStreetMap (ODbL)
node/7476815769,el Rosaire,,,651,651.0,40.0570324,-0.4790311,ES-CS,Castellón/Castelló,1,2,2024-04-10T18:19:58Z,OpenStreetMap (ODbL)
node/7476815770,el Campero,,,914,914.0,40.0522088,-0.4923878,ES-CS,Castellón/Castelló,1,1,2020-05-03T18:28:42Z,OpenStreetMap (ODbL)
node/7494924837,els Castellets,els Castellets,,571,571.0,39.8767166,-0.2785484,ES-CS,Castellón/Castelló,1,3,2026-05-17T19:09:46Z,OpenStreetMap (ODbL)
node/7523784521,el Solaig,el Solaig,,325,325.0,39.9081332,-0.2054491,ES-CS,Castellón/Castelló,1,2,2022-12-10T14:29:22Z,OpenStreetMap (ODbL)
node/7523784522,Penya Lilot,,,265,265.0,39.9086473,-0.2110371,ES-CS,Castellón/Castelló,1,1,2020-05-15T18:23:19Z,OpenStreetMap (ODbL)
node/7543637642,la Talaia,la Talaia,,344,344.0,39.9925812,-0.2535989,ES-CS,Castellón/Castelló,1,4,2026-05-17T19:09:46Z,OpenStreetMap (ODbL)
node/7551405454,la Buitrera,la Buitrera,,292,292.0,39.6111924,-0.6124846,ES-V,Valencia/València,1,2,2023-10-09T23:25:17Z,OpenStreetMap (ODbL)
node/7551405455,,,,256,256.0,39.6138064,-0.6205518,ES-V,Valencia/València,1,1,2020-05-23T12:19:10Z,OpenStreetMap (ODbL)
node/7554364380,Penya Negra,Penya Negra,,529,529.0,39.9354326,-0.3136589,ES-CS,Castellón/Castelló,1,4,2026-05-17T19:09:46Z,OpenStreetMap (ODbL)
node/7554397359,Monte Redó,,,608,608.0,39.9155336,-0.2924882,ES-CS,Castellón/Castelló,1,2,2020-06-05T06:24:42Z,OpenStreetMap (ODbL)
node/7556727892,Alt de la Figuerota,Alt de la Figuerota,,735,735.0,38.9965924,-0.3036243,ES-V,Valencia/València,1,3,2023-10-09T23:26:01Z,OpenStreetMap (ODbL)
node/7556829394,Tossal de la Caldereta,Tossal de la Caldereta,,470,470.0,38.9991495,-0.2617873,ES-V,Valencia/València,1,4,2023-07-21T17:49:10Z,OpenStreetMap (ODbL)
node/7563629108,,,,783,783.0,38.516122,-0.7567061,ES-A,Alicante/Alacant,1,1,2020-05-27T18:18:04Z,OpenStreetMap (ODbL)
node/7563804696,Tossal del Tramús,Tossal del Tramús,,582,582.0,38.9953708,-0.2687719,ES-V,Valencia/València,1,3,2023-12-23T22:23:12Z,OpenStreetMap (ODbL)
node/7567531991,Cabeço del Rutlo,Cabeço del Rutlo,,656,656.0,38.5070875,-0.7733191,ES-A,Alicante/Alacant,1,3,2026-09-23T22:48:49Z,OpenStreetMap (ODbL)
node/7570284522,l'Almorxoneta,l'Almorxoneta,,560,560.0,38.5018183,-0.7807642,ES-A,Alicante/Alacant,1,3,2022-12-26T23:27:46Z,OpenStreetMap (ODbL)
node/7570284523,Puntal de Santa Bàrbera,Puntal de Santa Bàrbera,Puntal de Santa Bárbara,547,547.0,38.4980367,-0.7845676,ES-A,Alicante/Alacant,1,2,2021-04-09T21:37:48Z,OpenStreetMap (ODbL)
node/7570284524,el Rutlo,,,589,589.0,38.5042343,-0.7760838,ES-A,Alicante/Alacant,1,3,2026-09-23T22:48:49Z,OpenStreetMap (ODbL)
node/7601754376,la Talaia,la Talaia,,922,922.0,39.9354304,-0.3953144,ES-CS,Castellón/Castelló,1,3,2022-11-27T11:23:47Z,OpenStreetMap (ODbL)
node/7603057296,les Àguiles,,,521,521.0,39.9441742,-0.3369785,ES-CS,Castellón/Castelló,1,5,2023-12-17T16:01:00Z,OpenStreetMap (ODbL)
node/7603244132,Creueta dels Trons,Creueta dels Trons,,692,692.0,39.9212185,-0.3477647,ES-CS,Castellón/Castelló,1,3,2023-11-28T00:29:24Z,OpenStreetMap (ODbL)
node/7603278470,Alt de Molina,,,739,739.0,39.9304261,-0.3696677,ES-CS,Castellón/Castelló,1,2,2021-03-13T21:04:43Z,OpenStreetMap (ODbL)
node/7603316370,Picaio,,,1016,1016.0,39.8970297,-0.3599941,ES-CS,Castellón/Castelló,1,5,2023-06-10T11:29:44Z,OpenStreetMap (ODbL)
node/7603580089,Sierra de la Villa,,,780,780.0,38.6402275,-0.8484766,ES-A,Alicante/Alacant,1,1,2020-06-08T19:22:08Z,OpenStreetMap (ODbL)
node/7625005661,Peñas de Castellón,,,789,789.0,40.1168448,-0.372396,ES-CS,Castellón/Castelló,1,2,2026-05-17T19:09:46Z,OpenStreetMap (ODbL)
node/7636134241,La muntanyeta del Cabeçol,,,27,27.0,39.5979906,-0.3105447,ES-V,Valencia/València,1,3,2026-05-17T19:09:46Z,OpenStreetMap (ODbL)
node/7639816176,Tossal de Ribalta,Tossal de Ribalta,,276,276.0,40.0435796,0.0045491,ES-CS,Castellón/Castelló,1,4,2026-05-17T19:09:46Z,OpenStreetMap (ODbL)
node/7644752105,Morral Blanc,Morral Blanc,,676,676.0,40.0871392,0.0264993,ES-CS,Castellón/Castelló,1,6,2024-06-10T16:40:10Z,OpenStreetMap (ODbL)
node/7647036259,Tossal del Llop,,,1183,1183.0,40.2685493,-0.2503241,ES-CS,Castellón/Castelló,1,5,2024-08-07T23:13:35Z,OpenStreetMap (ODbL)
node/7650657795,Alt del Pinar,,,974,974.0,39.8776515,-0.3579525,ES-CS,Castellón/Castelló,1,6,2026-04-18T15:29:26Z,OpenStreetMap (ODbL)
node/7653926100,Canterica El Primo,,,897,897.0,40.1098562,-0.3614586,ES-CS,Castellón/Castelló,1,3,2026-06-01T16:59:21Z,OpenStreetMap (ODbL)
node/7653926289,La Talaya,,,859,859.0,40.0945391,-0.3595358,ES-CS,Castellón/Castelló,1,2,2026-04-06T17:32:53Z,OpenStreetMap (ODbL)
node/7653926504,Alto de Sanahúja,,,791,791.0,40.0731664,-0.3679827,ES-CS,Castellón/Castelló,1,3,2026-05-17T19:09:46Z,OpenStreetMap (ODbL)
node/7682171471,El Basal,,,619,619.0,40.0370509,-0.3807271,ES-CS,Castellón/Castelló,1,1,2020-07-04T06:49:24Z,OpenStreetMap (ODbL)
node/7682171472,Monte Redondo,,,588,588.0,40.0377884,-0.3770776,ES-CS,Castellón/Castelló,1,1,2020-07-04T06:49:24Z,OpenStreetMap (ODbL)
node/7682379879,el Cabeço Blanc,el Cabeço Blanc,,786,786.0,40.0697177,-0.3121813,ES-CS,Castellón/Castelló,1,3,2023-10-20T00:04:02Z,OpenStreetMap (ODbL)
node/7682420433,Tossal de l'Andreva,,,724,724.0,40.231938,-0.2086701,ES-CS,Castellón/Castelló,1,2,2024-01-04T00:23:36Z,OpenStreetMap (ODbL)
node/7682420607,Tossal Pelat,Tossal Pelat,,751,751.0,40.2359623,-0.2312483,ES-CS,Castellón/Castelló,1,2,2022-11-21T03:32:00Z,OpenStreetMap (ODbL)
node/7682420608,el Tossalet,,,755,755.0,40.2386849,-0.2385094,ES-CS,Castellón/Castelló,1,2,2025-04-20T23:40:17Z,OpenStreetMap (ODbL)
node/7682420609,,,,1082,1082.0,40.2473282,-0.2656665,ES-CS,Castellón/Castelló,1,1,2020-07-04T09:43:32Z,OpenStreetMap (ODbL)
node/7682420610,,,,1085,1085.0,40.2504121,-0.263128,ES-CS,Castellón/Castelló,1,1,2020-07-04T09:43:32Z,OpenStreetMap (ODbL)
node/7685882726,Tossal de n'Arques,Tossal de n'Arques,,431,431.0,40.1156344,-0.111424,ES-CS,Castellón/Castelló,1,3,2024-04-04T19:22:35Z,OpenStreetMap (ODbL)
node/7685994500,la Moleta,la Moleta,,1056,1056.0,40.3010017,-0.0804013,ES-CS,Castellón/Castelló,1,4,2026-05-17T19:09:46Z,OpenStreetMap (ODbL)
node/7700648734,Roca de la Ullera,Roca de la Ullera,,619,619.0,40.1970461,-0.1657089,ES-CS,Castellón/Castelló,1,3,2026-05-17T19:09:46Z,OpenStreetMap (ODbL)
node/7721732798,Lloma dels Galls,Lloma dels Galls,,110,110.0,38.359334,-0.5137444,ES-A,Alicante/Alacant,1,8,2026-08-19T18:05:37Z,OpenStreetMap (ODbL)
node/7741926786,Alt de la Montera,,,337.23,337.23,38.5336842,-0.0893361,ES-A,Alicante/Alacant,1,5,2024-05-29T23:02:34Z,OpenStreetMap (ODbL)
node/7741995927,el Volador,el Volador,,615.97,615.97,38.5933506,-0.2146487,ES-A,Alicante/Alacant,1,3,2023-06-16T14:57:00Z,OpenStreetMap (ODbL)
node/7742037055,Bèrnia,Bèrnia,,1126,1126.0,38.6634851,-0.0549927,ES-A,Alicante/Alacant,1,4,2024-11-06T21:36:39Z,OpenStreetMap (ODbL)
node/7768165218,el Reboll,el Reboll,,175,175.0,40.0573424,0.0473918,ES-CS,Castellón/Castelló,1,2,2022-12-10T14:24:03Z,OpenStreetMap (ODbL)
node/7768277947,Tossal de l'Alqueria,Tossal de l'Alqueria,,422.65,422.65,38.5750381,-0.1991084,ES-A,Alicante/Alacant,1,3,2023-06-16T14:57:00Z,OpenStreetMap (ODbL)
node/7768277948,Tossal de Gostinet,Tossal de Gostinet,,502.73,502.73,38.5778576,-0.2019558,ES-A,Alicante/Alacant,1,3,2023-10-19T23:09:40Z,OpenStreetMap (ODbL)
node/7768278084,Tossal d'Avellà,Tossal d'Avellà,,744,744.0,38.6011282,-0.2080412,ES-A,Alicante/Alacant,1,3,2023-06-16T14:57:00Z,OpenStreetMap (ODbL)
node/7772658265,Mola del Mas d'en Riera,Mola del Mas d'en Riera,,852,852.0,40.6553965,0.1388294,ES-CS,Castellón/Castelló,1,3,2025-04-22T23:20:39Z,OpenStreetMap (ODbL)
node/7772661758,Pic de l'Espinosa,Pic de l'Espinosa,,1205,1205.0,40.6502997,0.0897431,ES-CS,Castellón/Castelló,1,2,2022-12-10T15:06:17Z,OpenStreetMap (ODbL)
node/7773392437,Tossal de n'Aguilar,,,1249,1249.0,40.6602138,0.0960017,ES-CS,Castellón/Castelló,1,2,2020-11-28T09:32:15Z,OpenStreetMap (ODbL)
node/7779225830,la Tossa,la Tossa,,865,865.0,40.6595954,0.2423674,ES-CS,Castellón/Castelló,1,2,2022-11-27T11:48:14Z,OpenStreetMap (ODbL)
node/7779225831,Penya de l'Àguila,,,873,873.0,40.6602848,0.2363763,ES-CS,Castellón/Castelló,1,4,2026-05-17T22:03:56Z,OpenStreetMap (ODbL)
node/7779343079,Morral Desplegat,Morral Desplegat,,856,856.0,40.7092466,0.2220831,ES-CS,Castellón/Castelló,1,2,2022-12-10T15:06:10Z,OpenStreetMap (ODbL)
node/7779438012,,,,690,690.0,40.70586,0.2317637,ES-CS,Castellón/Castelló,1,1,2020-08-02T22:02:32Z,OpenStreetMap (ODbL)
node/7798248396,la Roca,la Roca,,1073,1073.0,40.2449172,-0.2859563,ES-CS,Castellón/Castelló,1,2,2022-11-27T12:12:17Z,OpenStreetMap (ODbL)
node/7798248397,la Roca Penyanposos,,,1055,1055.0,40.2467674,-0.2880639,ES-CS,Castellón/Castelló,1,3,2022-05-16T09:50:33Z,OpenStreetMap (ODbL)
node/7804004585,el Muixacre,el Muixacre,,1275,1275.0,40.5437739,-0.0848603,ES-CS,Castellón/Castelló,1,3,2024-12-30T02:09:28Z,OpenStreetMap (ODbL)
node/7823000788,la Creueta,la Creueta,,424,424.0,38.4335523,-0.6260068,ES-A,Alicante/Alacant,1,5,2022-11-27T10:38:10Z,OpenStreetMap (ODbL)
node/7850143055,,,,374,374.0,40.0618673,0.0087293,ES-CS,Castellón/Castelló,1,1,2020-08-27T14:01:10Z,OpenStreetMap (ODbL)
node/7850143056,,,,397,397.0,40.0625054,0.0104523,ES-CS,Castellón/Castelló,1,1,2020-08-27T14:01:10Z,OpenStreetMap (ODbL)
node/7891369884,la Tarta,,,497,497.0,38.4434039,-0.6182134,ES-A,Alicante/Alacant,1,7,2023-07-23T13:55:49Z,OpenStreetMap (ODbL)
node/7945818638,El Nugorro,El Nugorro,,782,782.0,40.4534163,0.0295011,ES-CS,Castellón/Castelló,1,3,2026-05-17T19:09:46Z,OpenStreetMap (ODbL)
node/7945922971,Morral del Voltor,Morral del Voltor,,865,865.0,40.4694852,0.0788723,ES-CS,Castellón/Castelló,1,5,2024-01-04T18:04:53Z,OpenStreetMap (ODbL)
node/7951827859,Moleta de la Clocha,,,1431,1431.0,40.2059621,-0.3595264,ES-CS,Castellón/Castelló,1,3,2024-01-19T00:27:50Z,OpenStreetMap (ODbL)
node/7960825320,Tozal del Montudillo,,,1220,1220.0,40.2010321,-0.3671433,ES-CS,Castellón/Castelló,1,3,2024-09-08T00:00:58Z,OpenStreetMap (ODbL)
node/7998177906,la Rueta de Pa,,,404,404.0,40.0881691,0.0653964,ES-CS,Castellón/Castelló,1,1,2020-10-11T21:59:41Z,OpenStreetMap (ODbL)
node/7998229194,Tossal Redó,Tossal Redó,,545,545.0,40.0965346,0.0485933,ES-CS,Castellón/Castelló,1,6,2025-11-17T00:01:33Z,OpenStreetMap (ODbL)
node/8019708700,el Molló Roig,el Molló Roig,,302,302.0,40.0740747,0.0942415,ES-CS,Castellón/Castelló,1,3,2022-12-10T15:28:42Z,OpenStreetMap (ODbL)
node/8022891027,el Puntal,el Puntal,,422,422.0,40.0904618,0.1061938,ES-CS,Castellón/Castelló,1,4,2024-06-17T21:46:13Z,OpenStreetMap (ODbL)
node/8022891028,Tossal Redó,Tossal Redó,,407,407.0,40.08695,0.1083262,ES-CS,Castellón/Castelló,1,4,2024-01-28T21:20:21Z,OpenStreetMap (ODbL)
node/8022918473,Alt del Pla,Alt del Pla,,149,149.0,40.119808,0.1208312,ES-CS,Castellón/Castelló,1,6,2024-06-10T16:39:52Z,OpenStreetMap (ODbL)
node/8037953980,Penya de Migdia,Penya de Migdia,,741,741.0,38.8354997,-0.4133476,ES-V,Valencia/València,1,2,2022-11-26T10:25:47Z,OpenStreetMap (ODbL)
node/8041980205,Alto de Cinco Pinos,,,1176,1176.0,39.5835938,-1.0138968,ES-V,Valencia/València,1,2,2022-08-28T09:37:40Z,OpenStreetMap (ODbL)
node/8072385178,,,,208,208.0,40.0669644,0.0615036,ES-CS,Castellón/Castelló,1,1,2020-11-01T20:04:25Z,OpenStreetMap (ODbL)
node/8072385179,,,,228,228.0,40.0710109,0.0607989,ES-CS,Castellón/Castelló,1,1,2020-11-01T20:04:25Z,OpenStreetMap (ODbL)
node/8090489081,Cerrito del Enebral,,,1206,1206.0,40.0318362,-0.6495613,ES-CS,Castellón/Castelló,1,3,2024-02-23T20:09:23Z,OpenStreetMap (ODbL)
node/8090489082,Alto de la Torre de Ragudo,,,1069,1069.0,39.9636229,-0.656017,ES-CS,Castellón/Castelló,1,3,2025-09-08T19:30:19Z,OpenStreetMap (ODbL)
node/8094874130,Puntal Gros,,,1086,1086.0,38.3291884,-0.9718394,ES-A,Alicante/Alacant,1,2,2024-11-04T17:03:02Z,OpenStreetMap (ODbL)
node/8116683791,la Mesquita,la Mesquita,,778,778.0,39.8840249,-0.3538157,ES-CS,Castellón/Castelló,1,3,2023-06-10T11:29:44Z,OpenStreetMap (ODbL)
node/8173258677,,,,1211,1211.0,40.6712023,0.0633384,ES-CS,Castellón/Castelló,1,1,2020-11-28T09:32:15Z,OpenStreetMap (ODbL)
node/8173258680,,,,1287,1287.0,40.6754052,0.0701037,ES-CS,Castellón/Castelló,1,2,2025-10-17T17:38:37Z,OpenStreetMap (ODbL)
node/8173258681,,,,1282,1282.0,40.6829075,0.0830547,ES-CS,Castellón/Castelló,1,1,2020-11-28T09:32:15Z,OpenStreetMap (ODbL)
node/8173258682,,,,1268,1268.0,40.686675,0.0791122,ES-CS,Castellón/Castelló,1,1,2020-11-28T09:32:15Z,OpenStreetMap (ODbL)
node/8173258683,Mola de Ca Josep,,,1254,1254.0,40.6918846,0.0881384,ES-CS,Castellón/Castelló,1,2,2025-04-22T13:18:49Z,OpenStreetMap (ODbL)
node/8173258684,,,,1249,1249.0,40.6868324,0.093418,ES-CS,Castellón/Castelló,1,1,2020-11-28T09:32:15Z,OpenStreetMap (ODbL)
node/8173258686,,,,1282,1282.0,40.6847694,0.0879885,ES-CS,Castellón/Castelló,1,1,2020-11-28T09:32:15Z,OpenStreetMap (ODbL)
node/8173258687,,,,1223,1223.0,40.6885719,0.0995392,ES-CS,Castellón/Castelló,1,1,2020-11-28T09:32:15Z,OpenStreetMap (ODbL)
node/8173258688,,,,1202,1202.0,40.686675,0.1107557,ES-CS,Castellón/Castelló,1,1,2020-11-28T09:32:15Z,OpenStreetMap (ODbL)
node/8173258689,,,,1204,1204.0,40.6608367,0.1044937,ES-CS,Castellón/Castelló,1,1,2020-11-28T09:32:15Z,OpenStreetMap (ODbL)
node/8173258690,,,,1198,1198.0,40.6533552,0.0891641,ES-CS,Castellón/Castelló,1,1,2020-11-28T09:32:15Z,OpenStreetMap (ODbL)
node/8173258691,,,,1131,1131.0,40.6451779,0.0886452,ES-CS,Castellón/Castelló,1,1,2020-11-28T09:32:15Z,OpenStreetMap (ODbL)
node/8173258694,,,,1171,1171.0,40.6590971,0.0449096,ES-CS,Castellón/Castelló,1,1,2020-11-28T09:32:15Z,OpenStreetMap (ODbL)
node/8173258696,,,,1132,1132.0,40.6660115,0.0613575,ES-CS,Castellón/Castelló,1,1,2020-11-28T09:32:15Z,OpenStreetMap (ODbL)
node/8196063996,Tossal de Raca,Tossal de Raca,,458,458.0,40.0498052,-0.0153153,ES-CS,Castellón/Castelló,1,7,2023-10-06T19:16:02Z,OpenStreetMap (ODbL)
node/8222434585,Tossal de Purri,,,498,498.0,40.0534034,-0.0894896,ES-CS,Castellón/Castelló,1,2,2025-03-27T19:30:14Z,OpenStreetMap (ODbL)
node/8227948986,Pic Prim,,,1344,1344.0,38.5948381,-0.2018753,ES-A,Alicante/Alacant,1,2,2023-07-03T17:57:40Z,OpenStreetMap (ODbL)
node/8243957286,Fabuquello,,,562,562.0,40.3071517,0.2957004,ES-CS,Castellón/Castelló,1,2,2020-12-20T20:09:52Z,OpenStreetMap (ODbL)
node/8254151114,Alt de la Bota,Alt de la Bota,,445,445.0,40.3499088,0.3332953,ES-CS,Castellón/Castelló,1,2,2022-12-10T15:39:00Z,OpenStreetMap (ODbL)
node/8258653727,el Recingle Alt,el Recingle Alt,,1359,1359.0,38.7061004,-0.3076644,ES-A,Alicante/Alacant,1,5,2023-10-09T23:26:15Z,OpenStreetMap (ODbL)
node/8259421115,Penya Meralda,,,1288,1288.0,38.7032963,-0.2999944,ES-A,Alicante/Alacant,1,2,2021-01-21T20:21:06Z,OpenStreetMap (ODbL)
node/8262220037,el Corralet,el Corralet,,828,828.0,39.8793595,-0.3381467,ES-CS,Castellón/Castelló,1,3,2025-02-04T06:54:57Z,OpenStreetMap (ODbL)
node/8273520493,Lloma Redonda,,,368,368.0,38.4098732,-0.7109485,ES-A,Alicante/Alacant,1,2,2026-05-17T19:09:46Z,OpenStreetMap (ODbL)
node/8276470240,Muntanya de la Cova de Brauli,Muntanya de la Cova de Brauli,,330,330.0,39.6710005,-0.3525884,ES-V,Valencia/València,1,2,2022-11-26T11:03:16Z,OpenStreetMap (ODbL)
node/8276470265,els Rodenos Negres,,,421,421.0,39.6660855,-0.3678628,ES-V,Valencia/València,1,2,2024-04-27T12:39:44Z,OpenStreetMap (ODbL)
node/8276470347,el Rodeno del Tender,,,473,473.0,39.6750875,-0.3851948,ES-V,Valencia/València,1,2,2024-04-27T18:42:46Z,OpenStreetMap (ODbL)
node/8276470350,Pic de l'Aigua Amarga,,,408,408.0,39.6637571,-0.3569308,ES-V,Valencia/València,1,2,2022-08-16T01:07:55Z,OpenStreetMap (ODbL)
node/8276470351,la Trona,la Trona,,461,461.0,39.6737363,-0.3892847,ES-V,Valencia/València,1,2,2022-11-27T11:52:51Z,OpenStreetMap (ODbL)
node/8281769360,Pic de les Gralles,Pic de les Gralles,,476,476.0,39.1236875,-0.351771,ES-V,Valencia/València,1,2,2023-10-09T23:22:13Z,OpenStreetMap (ODbL)
node/8282160638,Cim de la Roca Blanca,Cim de la Roca Blanca,,631,631.0,40.0659818,-0.0021751,ES-CS,Castellón/Castelló,1,3,2022-11-21T03:37:31Z,OpenStreetMap (ODbL)
node/8289892962,Llomet del Cove,,,622,622.0,39.861002,-0.2356843,ES-CS,Castellón/Castelló,1,2,2021-06-19T20:40:45Z,OpenStreetMap (ODbL)
node/8291743337,Cabeç de Domingo,Cabeç de Domingo,,1103,1103.0,38.5990673,-0.5370909,ES-A,Alicante/Alacant,1,2,2022-11-26T11:04:19Z,OpenStreetMap (ODbL)
node/8291743338,Penyeta de l'Àguila,Penyeta de l'Àguila,,1084,1084.0,38.5980108,-0.5441237,ES-A,Alicante/Alacant,1,2,2023-10-09T23:25:13Z,OpenStreetMap (ODbL)
node/8291743339,Alt de Daroca,Alt de Daroca,,854,854.0,38.5920194,-0.5705863,ES-A,Alicante/Alacant,1,2,2023-10-09T23:25:13Z,OpenStreetMap (ODbL)
node/8291743340,Cabeç del Quarter,Cabeç del Quarter,,1036,1036.0,38.5941945,-0.5554841,ES-A,Alicante/Alacant,1,4,2022-11-26T12:01:49Z,OpenStreetMap (ODbL)
node/8291743341,Cabeç Roig,Cabeç Roig,,914,914.0,38.5912396,-0.5639184,ES-A,Alicante/Alacant,1,2,2022-11-26T12:01:50Z,OpenStreetMap (ODbL)
node/8291743342,Lloma Pelada,Lloma Pelada,,988,988.0,38.6311869,-0.4965949,ES-A,Alicante/Alacant,1,3,2023-10-20T00:02:14Z,OpenStreetMap (ODbL)
node/8291743343,Cabeç del Mal Any,Cabeç del Mal Any,,1003,1003.0,38.6276919,-0.500865,ES-A,Alicante/Alacant,1,2,2022-11-26T10:11:13Z,OpenStreetMap (ODbL)
node/8291743344,Cabeç de l'Ermita,Cabeç de l'Ermita,,1045,1045.0,38.6243057,-0.5046952,ES-A,Alicante/Alacant,1,2,2022-11-26T11:04:20Z,OpenStreetMap (ODbL)
node/8291743345,Cabeç de Barberà,Cabeç de Barberà,,1117,1117.0,38.6203241,-0.5077636,ES-A,Alicante/Alacant,1,2,2022-11-26T11:04:17Z,OpenStreetMap (ODbL)
node/8291743346,Cabeç de Castelló,Cabeç de Castelló,,1122,1122.0,38.6171932,-0.5109769,ES-A,Alicante/Alacant,1,2,2022-11-26T11:04:18Z,OpenStreetMap (ODbL)
node/8291743347,Cabeç de Barret,Cabeç de Barret,,1096,1096.0,38.6145861,-0.5150807,ES-A,Alicante/Alacant,1,2,2022-11-26T11:04:18Z,OpenStreetMap (ODbL)
node/8291743348,el Cremat,el Cremat,,1242,1242.0,38.6062528,-0.5156601,ES-A,Alicante/Alacant,1,3,2023-10-20T00:05:42Z,OpenStreetMap (ODbL)
node/8291743349,Cabeç de Corbó,Cabeç de Corbó,,1204,1204.0,38.6149015,-0.5048963,ES-A,Alicante/Alacant,1,2,2023-10-09T23:25:13Z,OpenStreetMap (ODbL)
node/8291743350,Morro de la Penya,Morro de la Penya,,1114,1114.0,38.6225978,-0.4326162,ES-A,Alicante/Alacant,1,2,2023-10-09T23:26:56Z,OpenStreetMap (ODbL)
node/8291743351,els Plans,els Plans,,1330,1330.0,38.6359381,-0.4284903,ES-A,Alicante/Alacant,1,3,2022-11-26T10:28:02Z,OpenStreetMap (ODbL)
node/8291743352,Penya de Gori,Penya de Gori,,1081,1081.0,38.6512842,-0.4241458,ES-A,Alicante/Alacant,1,2,2023-10-09T23:24:07Z,OpenStreetMap (ODbL)
node/8291743353,Morret de Jeroni,Morret de Jeroni,,1132,1132.0,38.6424498,-0.423493,ES-A,Alicante/Alacant,1,3,2026-05-17T19:09:46Z,OpenStreetMap (ODbL)
node/8291743354,Penya del Carrascal,Penya del Carrascal,,1214,1214.0,38.6439231,-0.4143718,ES-A,Alicante/Alacant,1,2,2022-11-26T10:28:06Z,OpenStreetMap (ODbL)
node/8303088538,Penya de la Safra,Penya de la Safra,,843,843.0,38.4105006,-0.8901175,ES-A,Alicante/Alacant,1,4,2023-10-20T00:04:11Z,OpenStreetMap (ODbL)
node/8307312153,Penyes Roges,,,552,552.0,38.4773999,-0.5658784,ES-A,Alicante/Alacant,1,7,2024-04-05T12:42:18Z,OpenStreetMap (ODbL)
node/8308590778,l'Escobelleta,l'Escobelleta,,636,636.0,38.4833255,-0.5657529,ES-A,Alicante/Alacant,1,3,2023-10-09T23:26:50Z,OpenStreetMap (ODbL)
node/8320267431,Altet de la Mosca,Altet de la Mosca,,655,655.0,38.4797861,-0.5665754,ES-A,Alicante/Alacant,1,2,2022-11-26T11:38:41Z,OpenStreetMap (ODbL)
node/8320275345,Altet de la Planxeta,Altet de la Planxeta,,506,506.0,38.4767233,-0.5786687,ES-A,Alicante/Alacant,1,3,2023-10-03T22:45:12Z,OpenStreetMap (ODbL)
node/8334089436,El Racó de Xomarra,,,1224,1224.0,38.6199846,-0.4505843,ES-A,Alicante/Alacant,1,1,2021-01-18T12:03:21Z,OpenStreetMap (ODbL)
node/8334089438,Penya de la Botzina,Penya de la Botzina,,1223,1223.0,38.6465448,-0.428562,ES-A,Alicante/Alacant,1,2,2022-11-26T10:28:04Z,OpenStreetMap (ODbL)
node/8334089439,Penyes de Martí,Penyes de Martí,Peñas de Martín,938,938.0,38.6522693,-0.4089547,ES-A,Alicante/Alacant,1,3,2024-09-20T16:07:58Z,OpenStreetMap (ODbL)
node/8334089440,Penya de Migjorn,Penya de Migjorn,,1203,1203.0,38.6423676,-0.4147024,ES-A,Alicante/Alacant,1,2,2022-11-26T10:28:05Z,OpenStreetMap (ODbL)
node/8346354738,Morro de la Solaneta,,,1011,1011.0,38.6840473,-0.2893983,ES-A,Alicante/Alacant,1,1,2021-01-21T20:21:06Z,OpenStreetMap (ODbL)
node/8346354739,Moleta de Xarquera,,,1122,1122.0,38.6804784,-0.29879,ES-A,Alicante/Alacant,1,1,2021-01-21T20:21:06Z,OpenStreetMap (ODbL)
node/8369732230,el Penyó,,,771,771.0,38.6313043,-0.1655674,ES-A,Alicante/Alacant,1,3,2023-11-14T19:32:51Z,OpenStreetMap (ODbL)
node/8376246406,la Cucala,la Cucala,,405,405.0,40.0325431,-0.1093467,ES-CS,Castellón/Castelló,1,7,2022-12-10T14:32:01Z,OpenStreetMap (ODbL)
node/8376246407,Cormo del Perdiguer,Cormo del Perdiguer,,390,390.0,40.0356639,-0.1056398,ES-CS,Castellón/Castelló,1,7,2023-10-09T23:24:21Z,OpenStreetMap (ODbL)
node/8376246408,,,,247,247.0,40.0189485,-0.1128682,ES-CS,Castellón/Castelló,1,6,2022-07-26T23:49:07Z,OpenStreetMap (ODbL)
node/8395415514,l'Abeller,l'Abeller,,284,284.0,40.0218207,-0.1259482,ES-CS,Castellón/Castelló,1,3,2022-12-10T14:31:56Z,OpenStreetMap (ODbL)
node/8402523970,Serra Mitjana,Serra Mitjana,Sierra Mediana,407,407.0,38.3821584,-0.5963101,ES-A,Alicante/Alacant,1,2,2022-01-21T13:12:45Z,OpenStreetMap (ODbL)
node/8407562722,la Torreta,,,1043.5,1043.5,39.9059728,-0.3813004,ES-CS,Castellón/Castelló,1,1,2021-02-09T08:58:56Z,OpenStreetMap (ODbL)
node/8409345062,el Montnegro,,,504,504.0,40.0502073,-0.1049709,ES-CS,Castellón/Castelló,1,4,2024-11-20T00:59:00Z,OpenStreetMap (ODbL)
node/8410123006,el Molinàs,el Molinàs,,306,306.0,40.0339144,-0.0638873,ES-CS,Castellón/Castelló,1,4,2023-10-09T23:24:21Z,OpenStreetMap (ODbL)
node/8412835426,Tossal Blanc,Tossal Blanc,,564,564.0,40.0600008,-0.1034267,ES-CS,Castellón/Castelló,1,2,2022-11-21T04:03:31Z,OpenStreetMap (ODbL)
node/8419183583,Sierra de las Águilas,,,505,505.0,38.385575,-0.6425715,ES-A,Alicante/Alacant,1,1,2021-02-12T20:38:34Z,OpenStreetMap (ODbL)
node/8419183584,Alt de Sant Pascual,Alt de Sant Pascual,Pico de San Pascual,555,555.0,38.3809225,-0.656411,ES-A,Alicante/Alacant,1,4,2024-06-17T21:43:41Z,OpenStreetMap (ODbL)
node/8422626796,,,,1504,1504.0,38.6487696,-0.2513368,ES-A,Alicante/Alacant,1,1,2021-02-14T13:18:06Z,OpenStreetMap (ODbL)
node/8425119253,Alto del Cinto de la Cabra,,,1018,1018.0,39.1681089,-0.9520447,ES-V,Valencia/València,1,1,2021-02-15T10:49:46Z,OpenStreetMap (ODbL)
node/8436137934,Cim de Segària,,,508,508.0,38.8381981,-0.0208651,ES-A,Alicante/Alacant,1,2,2021-02-21T22:25:14Z,OpenStreetMap (ODbL)
node/8440151561,,,,614,614.0,38.9986623,-0.3598817,ES-V,Valencia/València,1,1,2021-02-20T09:16:14Z,OpenStreetMap (ODbL)
node/8455772755,la Velleta,la Velleta,,661,661.0,38.4797537,-0.7549171,ES-A,Alicante/Alacant,1,3,2023-10-20T00:04:34Z,OpenStreetMap (ODbL)
node/8467927620,els Carrers de l'Hedra,els Carrers de l'Hedra,,414,414.0,38.9805001,-0.4390025,ES-V,Valencia/València,1,3,2023-10-20T00:02:50Z,OpenStreetMap (ODbL)
node/8467927621,les Bateries Altes,les Bateries Altes,,436,436.0,38.9787601,-0.4425819,ES-V,Valencia/València,1,2,2023-10-09T23:24:08Z,OpenStreetMap (ODbL)
node/8467935109,Alt del Palmeral,Alt del Palmeral,,344,344.0,38.9669011,-0.4809254,ES-V,Valencia/València,1,2,2023-10-09T23:25:07Z,OpenStreetMap (ODbL)
node/8467935110,Penya de l'Aventador,,,254,254.0,38.9653058,-0.4876176,ES-V,Valencia/València,1,2,2021-02-28T21:30:42Z,OpenStreetMap (ODbL)
node/8471122529,Alt de la Canyada,,,354,354.0,38.33784,-0.676987,ES-A,Alicante/Alacant,1,2,2023-07-23T14:02:53Z,OpenStreetMap (ODbL)
node/8493225245,Pico del Águila,,,568,568.0,38.1214361,-0.9007562,ES-A,Alicante/Alacant,1,1,2021-03-07T00:40:02Z,OpenStreetMap (ODbL)
node/8497660802,Alt de les Pedreres,Alt de les Pedreres,,1055,1055.0,38.7148571,-0.49948,ES-A,Alicante/Alacant,1,6,2024-09-22T15:22:10Z,OpenStreetMap (ODbL)
node/8497660807,Mola Alta de Serelles,Mola Alta de Serelles,,1104,1104.0,38.7282307,-0.4924183,ES-A,Alicante/Alacant,1,5,2024-09-13T22:59:21Z,OpenStreetMap (ODbL)
node/8497672617,Pic de les Àguiles,Pic de les Àguiles,,925,925.0,38.7137881,-0.4901942,ES-A,Alicante/Alacant,1,7,2024-09-13T22:45:29Z,OpenStreetMap (ODbL)
node/8505053843,Alt de la Buitrera,,,837,837.0,39.9503185,-0.3828563,ES-CS,Castellón/Castelló,1,1,2021-03-10T21:43:09Z,OpenStreetMap (ODbL)
node/8508144335,Alt de l'Aspre,,,912,912.0,38.6630901,-0.0686038,ES-A,Alicante/Alacant,1,2,2021-03-27T21:34:31Z,OpenStreetMap (ODbL)
node/8508152027,Penyot de l'Orenga,Penyot de l'Orenga,,784,784.0,38.6720689,-0.0642403,ES-A,Alicante/Alacant,1,4,2023-01-06T17:41:52Z,OpenStreetMap (ODbL)
node/8508157912,Alt del Carrascalet,Alt del Carrascalet,,997,997.0,38.7348231,-0.7896311,ES-A,Alicante/Alacant,1,2,2023-10-09T23:22:55Z,OpenStreetMap (ODbL)
node/8508199930,,,,1115,1115.0,38.6868522,-0.688837,ES-A,Alicante/Alacant,1,1,2021-03-11T20:08:23Z,OpenStreetMap (ODbL)
node/8515246463,Talamantes,Talamantes,,481,481.0,39.948434,-0.3501986,ES-CS,Castellón/Castelló,1,4,2023-10-09T23:26:46Z,OpenStreetMap (ODbL)
node/8525457188,Penyes Monteses,,,1354,1354.0,38.7521455,-0.4807954,ES-A,Alicante/Alacant,1,1,2021-03-16T17:24:32Z,OpenStreetMap (ODbL)
node/8526092108,Penya Foradada,Penya Foradada,,976,976.0,38.7082702,-0.2107147,ES-A,Alicante/Alacant,1,4,2023-03-20T19:45:57Z,OpenStreetMap (ODbL)
node/8533489150,Tossal Redó,Tossal Redó,,342,342.0,40.125701,-0.111144,ES-CS,Castellón/Castelló,1,2,2022-11-21T04:08:17Z,OpenStreetMap (ODbL)
node/8541503554,Tossal de la Llobera,Tossal de la Llobera,,353,353.0,40.0391941,-0.0391763,ES-CS,Castellón/Castelló,1,3,2022-11-21T03:40:11Z,OpenStreetMap (ODbL)
node/8546064954,Pic dels Covarxos,Pic dels Covarxos,,206,206.0,40.0719703,0.066452,ES-CS,Castellón/Castelló,1,2,2023-10-09T23:24:02Z,OpenStreetMap (ODbL)
node/8551694094,Penya del Migdia,Penya del Migdia,,323,323.0,39.0770383,-0.2851135,ES-V,Valencia/València,1,2,2022-11-26T11:43:57Z,OpenStreetMap (ODbL)
node/8551744895,les Creus,les Creus,,540,540.0,39.079743,-0.2785689,ES-V,Valencia/València,1,4,2023-10-20T00:05:13Z,OpenStreetMap (ODbL)
node/8551744901,Alt del Badall,Alt del Badall,,453,453.0,39.0834928,-0.3006595,ES-V,Valencia/València,1,2,2023-10-09T23:24:06Z,OpenStreetMap (ODbL)
node/8551744902,el Piló de la Font del Barber,el Piló de la Font del Barber,,501,501.0,39.0881022,-0.3089905,ES-V,Valencia/València,1,3,2023-10-20T00:02:48Z,OpenStreetMap (ODbL)
node/8551744923,Puntal dels Germanells,Puntal dels Germanells,,311,311.0,39.1016123,-0.2942544,ES-V,Valencia/València,1,2,2023-10-09T23:26:49Z,OpenStreetMap (ODbL)
node/8567979035,Alt de la Penya,Alt de la Penya,,981,981.0,38.6566265,-0.0343511,ES-A,Alicante/Alacant,1,4,2023-03-20T19:37:25Z,OpenStreetMap (ODbL)
node/8569938146,Alt del Morteret,Alt del Morteret,,704,704.0,38.9973939,-0.3228904,ES-V,Valencia/València,1,5,2023-12-23T21:48:03Z,OpenStreetMap (ODbL)
node/8580958576,Tossal de Vallés,Tossal de Vallés,,240,240.0,38.5453812,-0.0820417,ES-A,Alicante/Alacant,1,4,2026-05-17T19:09:46Z,OpenStreetMap (ODbL)
node/8590269906,Alt del Cabeçô Gros,,,656,656.0,38.7897294,-0.6121599,ES-V,Valencia/València,1,4,2024-10-15T16:56:22Z,OpenStreetMap (ODbL)
node/8603660831,Tabaià,,,403,403.0,38.327404,-0.6999058,ES-A,Alicante/Alacant,1,3,2024-11-07T08:14:54Z,OpenStreetMap (ODbL)
node/8614528013,,,,354,354.0,38.3400723,-0.6785628,ES-A,Alicante/Alacant,1,3,2023-07-23T14:02:53Z,OpenStreetMap (ODbL)
node/8615201195,la Mola,la Mola,,787.4,787.4,38.7832816,-0.4993292,ES-A,Alicante/Alacant,1,4,2024-09-12T16:11:35Z,OpenStreetMap (ODbL)
node/8630272879,Alt de Camara,,,841,841.0,38.4986297,-0.8356385,ES-A,Alicante/Alacant,1,2,2021-08-05T06:28:25Z,OpenStreetMap (ODbL)
node/8647621810,Alt del Mig,Alt del Mig,,974,974.0,38.8235594,-0.4406902,ES-V,Valencia/València,1,3,2025-02-24T19:15:09Z,OpenStreetMap (ODbL)
node/8648260901,Alt de la Malladeta,,,459,459.0,38.98575,-0.4147822,ES-V,Valencia/València,1,1,2021-04-20T17:47:16Z,OpenStreetMap (ODbL)
node/8648260902,Alt de la Corsa,,,433,433.0,38.9955525,-0.4120141,ES-V,Valencia/València,1,1,2021-04-20T17:47:16Z,OpenStreetMap (ODbL)
node/8653221603,Castell de Quirella,Castell de Quirella,,295,295.0,39.0013161,-0.3939843,ES-V,Valencia/València,1,2,2022-11-10T02:24:42Z,OpenStreetMap (ODbL)
node/8653221604,Castellet de Virella,,,365,365.0,38.9987335,-0.3966907,ES-V,Valencia/València,1,1,2021-04-21T19:35:15Z,OpenStreetMap (ODbL)
node/8695312147,Penya Massanet,,,723,723.0,38.7723338,-0.1982544,ES-A,Alicante/Alacant,1,6,2026-05-17T19:09:46Z,OpenStreetMap (ODbL)
node/8706681389,Tossal de la Ràpita,Tossal de la Ràpita,,233,233.0,38.688085,0.0286747,ES-A,Alicante/Alacant,1,2,2022-11-21T03:36:04Z,OpenStreetMap (ODbL)
node/8713465988,Tossal Roig,Tossal Roig,,466,466.0,40.0595808,-0.0243663,ES-CS,Castellón/Castelló,1,2,2022-11-21T03:37:34Z,OpenStreetMap (ODbL)
node/8718930944,lo Molló,,,627,627.0,40.4115748,0.2001722,ES-CS,Castellón/Castelló,1,3,2022-10-03T23:01:17Z,OpenStreetMap (ODbL)
node/8719784118,El Turio,,,655,655.0,40.0088373,-0.3431079,ES-CS,Castellón/Castelló,1,1,2021-05-10T21:44:16Z,OpenStreetMap (ODbL)
node/8740035343,Tossal del Maset,Tossal del Maset,,1151,1151.0,40.6689394,0.0407655,ES-CS,Castellón/Castelló,1,2,2022-11-21T03:39:30Z,OpenStreetMap (ODbL)
node/8804420457,,,,329,329.0,38.8208697,-0.2266954,ES-A,Alicante/Alacant,1,2,2023-10-04T17:56:01Z,OpenStreetMap (ODbL)
node/8815875391,Alt de Ponce,Alt de Ponce,,927,927.0,38.515421,-0.6921279,ES-A,Alicante/Alacant,1,2,2022-12-26T22:16:52Z,OpenStreetMap (ODbL)
node/8815875392,Alt de Cascales,Alt de Cascales,,923,923.0,38.51791,-0.6942952,ES-A,Alicante/Alacant,1,2,2022-12-26T22:16:52Z,OpenStreetMap (ODbL)
node/8833484853,Peña de la Hiedra,,,951,951.0,40.0053638,-0.4680713,ES-CS,Castellón/Castelló,1,2,2023-08-27T08:05:19Z,OpenStreetMap (ODbL)
node/8849221929,el Puntal,el Puntal,,693,693.0,39.8648471,-0.2378102,ES-CS,Castellón/Castelló,1,2,2022-12-10T14:18:28Z,OpenStreetMap (ODbL)
node/8853813296,la Picossa,la Picossa,,1205,1205.0,40.1802048,-0.3101446,ES-CS,Castellón/Castelló,1,3,2023-10-19T23:09:45Z,OpenStreetMap (ODbL)
node/8856286202,la Talaia Grossa,la Talaia Grossa,,636,636.0,40.397263,0.2173112,ES-CS,Castellón/Castelló,1,3,2026-05-17T19:09:46Z,OpenStreetMap (ODbL)
node/8856315656,la Bastida,la Bastida,,598,598.0,40.4396159,0.1994972,ES-CS,Castellón/Castelló,1,4,2024-08-22T17:23:33Z,OpenStreetMap (ODbL)
node/8858077259,Pico de La Justa,,,431,431.0,38.4576327,-0.5396243,ES-A,Alicante/Alacant,1,7,2026-03-10T13:21:57Z,OpenStreetMap (ODbL)
node/8887862252,Tossal del Senyal,Tossal del Senyal,,441,441.0,38.5708741,-0.1590627,ES-A,Alicante/Alacant,1,3,2024-02-24T19:12:10Z,OpenStreetMap (ODbL)
node/8896000444,Reconco,,,1205,1205.0,38.6297143,-0.7192447,ES-A,Alicante/Alacant,1,2,2025-01-07T11:17:24Z,OpenStreetMap (ODbL)
node/8913141725,Alto de Lorenza,,,972,972.0,39.9363266,-0.4229992,ES-CS,Castellón/Castelló,1,1,2021-07-12T08:09:32Z,OpenStreetMap (ODbL)
node/8954995094,Cabeç dels Nanos,Cabeç dels Nanos,,582,582.0,38.5462324,-0.5090343,ES-A,Alicante/Alacant,1,3,2026-05-17T19:09:46Z,OpenStreetMap (ODbL)
node/8981426576,,,,394,394.0,38.4519915,-0.5852893,ES-A,Alicante/Alacant,1,1,2021-08-04T22:42:35Z,OpenStreetMap (ODbL)
node/8981426577,Altet dels Talls,Altet dels Talls,,426,426.0,38.4522312,-0.5908189,ES-A,Alicante/Alacant,1,2,2022-11-26T10:01:02Z,OpenStreetMap (ODbL)
node/8981426579,Lloma de la Canyaeta Blanca,,,475,475.0,38.4573148,-0.6411383,ES-A,Alicante/Alacant,1,1,2021-08-04T22:42:35Z,OpenStreetMap (ODbL)
node/8982267849,Alto de la Capilla del Fraile,,,1238,1238.0,38.4967331,-1.0136732,ES-A,Alicante/Alacant,1,2,2023-07-20T18:16:57Z,OpenStreetMap (ODbL)
node/8990644666,Puntal dels Talls,,,382,382.0,38.4303639,-0.6016575,ES-A,Alicante/Alacant,1,2,2023-07-23T13:55:49Z,OpenStreetMap (ODbL)
node/8998639638,el Cormet de Pelabous,el Cormet de Pelabous,,523,523.0,40.0738698,-0.0960694,ES-CS,Castellón/Castelló,1,2,2023-10-09T23:26:31Z,OpenStreetMap (ODbL)
node/9009820428,Tossal de les Forques,Tossal de les Forques,,848,848.0,40.2644824,-0.1990262,ES-CS,Castellón/Castelló,1,3,2023-07-19T17:37:17Z,OpenStreetMap (ODbL)
node/9018444422,la Pedrissa de Baix,la Pedrissa de Baix,,276,276.0,40.0179286,-0.1887879,ES-CS,Castellón/Castelló,1,3,2024-09-22T23:16:22Z,OpenStreetMap (ODbL)
node/9020781574,Tossal de les Calçades,Tossal de les Calçades,,934,934.0,40.2044714,-0.2552484,ES-CS,Castellón/Castelló,1,3,2024-01-04T22:06:39Z,OpenStreetMap (ODbL)
node/9021071206,,,,,,38.3427434,-0.5554727,ES-A,Alicante/Alacant,1,1,2021-08-19T19:34:59Z,OpenStreetMap (ODbL)
node/9026202551,Coll d'en Berri,Coll d'en Berri,,256,256.0,40.3300456,0.3501123,ES-CS,Castellón/Castelló,1,5,2025-11-11T12:59:56Z,OpenStreetMap (ODbL)
node/9026515494,sa Mallada Gran,,,1002,1002.0,38.7234825,-0.1155558,ES-A,Alicante/Alacant,1,4,2023-07-17T05:27:03Z,OpenStreetMap (ODbL)
node/9026520312,Cocoll,,,1048,1048.0,38.7362211,-0.1492696,ES-A,Alicante/Alacant,1,1,2021-08-22T15:14:30Z,OpenStreetMap (ODbL)
node/9029617748,la Vella,la Vella,,838,838.0,38.2779066,-0.8586096,ES-A,Alicante/Alacant,1,2,2023-10-09T23:24:47Z,OpenStreetMap (ODbL)
node/9066646975,,,,1221,1221.0,40.6492669,0.0799336,ES-CS,Castellón/Castelló,1,1,2021-09-06T12:13:07Z,OpenStreetMap (ODbL)
node/9067812314,,,,,,40.6371002,0.1624633,ES-CS,Castellón/Castelló,1,1,2021-09-06T19:51:19Z,OpenStreetMap (ODbL)
node/9067812733,Tossal del Mas Roig,Tossal del Mas Roig,,1081,1081.0,40.6403983,0.0833775,ES-CS,Castellón/Castelló,1,3,2025-04-22T23:20:39Z,OpenStreetMap (ODbL)
node/9077779526,Moleta del Forat,Moleta del Forat,,1064,1064.0,40.6989431,0.1936934,ES-CS,Castellón/Castelló,1,4,2025-09-23T18:06:49Z,OpenStreetMap (ODbL)
node/9077779527,Tossal del Portell,Tossal del Portell,,1026,1026.0,40.7001606,0.1973015,ES-CS,Castellón/Castelló,1,3,2025-09-23T18:06:49Z,OpenStreetMap (ODbL)
node/9077779533,Morral del Crebalòs,,,1042,1042.0,40.7020229,0.2053853,ES-CS,Castellón/Castelló,1,1,2021-09-09T20:26:56Z,OpenStreetMap (ODbL)
node/9081105506,la Punta del Serrall,la Punta del Serrall,,1129,1129.0,40.7038474,0.1758803,ES-CS,Castellón/Castelló,1,2,2022-12-10T15:05:36Z,OpenStreetMap (ODbL)
node/9084459687,Puntal d'Artana,,,449,449.0,39.8894228,-0.2802936,ES-CS,Castellón/Castelló,1,2,2025-06-02T17:28:07Z,OpenStreetMap (ODbL)
node/9100160654,el Gaidó,el Gaidó,,477,477.0,40.1425065,0.0168964,ES-CS,Castellón/Castelló,1,3,2023-09-23T22:32:31Z,OpenStreetMap (ODbL)
node/9143970466,Penya del Migdia,Penya del Migdia,,841,841.0,40.658557,0.2315232,ES-CS,Castellón/Castelló,1,2,2022-11-26T11:36:22Z,OpenStreetMap (ODbL)
node/9144052776,,,,695,695.0,40.6357995,0.2168505,ES-CS,Castellón/Castelló,1,2,2025-12-27T15:31:22Z,OpenStreetMap (ODbL)
node/9144052798,Mola dels Teixets,Mola dels Teixets,,946,946.0,40.6534344,0.2040452,ES-CS,Castellón/Castelló,1,2,2023-10-09T23:26:04Z,OpenStreetMap (ODbL)
node/9144052799,Mola de la Font Morta,Mola de la Font Morta,,966,966.0,40.6504034,0.1904069,ES-CS,Castellón/Castelló,1,3,2026-05-17T14:07:49Z,OpenStreetMap (ODbL)
node/9159548019,el Palmeral,el Palmeral,,201,201.0,39.1324779,-0.3263712,ES-V,Valencia/València,1,3,2023-10-20T00:03:55Z,OpenStreetMap (ODbL)
node/9159548020,la Simeta,la Simeta,,210,210.0,39.1340425,-0.3301692,ES-V,Valencia/València,1,3,2023-10-20T00:03:55Z,OpenStreetMap (ODbL)
node/9162278091,,,,350,350.0,39.0685186,-0.6773127,ES-V,Valencia/València,1,1,2021-10-10T11:58:47Z,OpenStreetMap (ODbL)
node/9162752427,Pic del Flare,Pic del Flare,,284,284.0,40.0070962,-0.2284942,ES-CS,Castellón/Castelló,1,3,2023-10-19T23:09:47Z,OpenStreetMap (ODbL)
node/9173446120,Tossal del Puig,Tossal del Puig,,622,622.0,38.8164496,-0.1548423,ES-A,Alicante/Alacant,1,3,2023-12-20T22:53:01Z,OpenStreetMap (ODbL)
node/9173515349,el Xillibre,el Xillibre,El Miserat,757,757.0,38.8304629,-0.1772744,ES-A,Alicante/Alacant,1,8,2023-11-12T17:34:46Z,OpenStreetMap (ODbL)
node/9175240278,Lloma Redona,Lloma Redona,,984,984.0,38.7469054,-0.3602484,ES-A,Alicante/Alacant,1,4,2023-01-18T22:21:13Z,OpenStreetMap (ODbL)
node/9180672227,Morrón de Ventura,,,859,859.0,39.9591807,-0.4677403,ES-CS,Castellón/Castelló,1,2,2024-04-26T09:47:51Z,OpenStreetMap (ODbL)
node/9211322173,Alt del Cavall,Alt del Cavall,,708,708.0,38.8080505,-0.0926073,ES-A,Alicante/Alacant,1,3,2023-10-07T23:50:10Z,OpenStreetMap (ODbL)
node/9211322174,Penya del Migdia,Penya del Migdia,,696,696.0,38.8021869,-0.1101166,ES-A,Alicante/Alacant,1,5,2024-10-28T23:27:11Z,OpenStreetMap (ODbL)
node/9230052760,Tossal de la Creu,Tossal de la Creu,,153,153.0,38.9156695,-0.12764,ES-V,Valencia/València,1,5,2026-05-17T19:09:46Z,OpenStreetMap (ODbL)
node/9230637906,Morrón Royo,,,533.55,533.55,40.0799386,-0.3838612,ES-CS,Castellón/Castelló,1,2,2022-08-10T01:17:20Z,OpenStreetMap (ODbL)
node/9238638637,Tossal Gros,Tossal Gros,,518,518.0,38.7597441,-0.0504292,ES-A,Alicante/Alacant,1,3,2022-11-21T03:59:03Z,OpenStreetMap (ODbL)
node/9238956226,Alt de l'Hedra,Alt de l'Hedra,,678,678.0,39.0027442,-0.3484135,ES-V,Valencia/València,1,2,2023-01-08T14:30:28Z,OpenStreetMap (ODbL)
node/9258375595,l'Espino,,,672,672.0,39.9259037,-0.2908264,ES-CS,Castellón/Castelló,1,2,2024-09-26T17:03:55Z,OpenStreetMap (ODbL)
node/9262004860,Alt de Sant Jaume,,,957,957.0,38.7505183,-0.6021346,ES-V,Valencia/València,1,1,2021-11-17T23:33:48Z,OpenStreetMap (ODbL)
node/9262004884,Pic de la Creu,,,960,960.0,38.7248458,-0.6466075,ES-A,Alicante/Alacant,1,1,2021-11-17T23:33:48Z,OpenStreetMap (ODbL)
node/9294500880,Peñaescabia,,,1319,1319.0,39.9265099,-0.7457521,ES-CS,Castellón/Castelló,1,2,2022-07-03T18:00:14Z,OpenStreetMap (ODbL)
node/9294783348,Tossal del Perro,Tossal del Perro,,857,857.0,40.1109276,-0.2819464,ES-CS,Castellón/Castelló,1,4,2026-05-17T19:09:46Z,OpenStreetMap (ODbL)
node/9297576044,Peña Escabia,,,1331,1331.0,39.9232635,-0.7483209,ES-CS,Castellón/Castelló,1,3,2025-05-04T14:32:25Z,OpenStreetMap (ODbL)
node/9325753170,Cabeço de Sant Just,Cabeço de Sant Just,,792,792.0,40.0978842,-0.281009,ES-CS,Castellón/Castelló,1,3,2026-04-12T21:53:54Z,OpenStreetMap (ODbL)
node/9331632649,Pico Castro,,,897,897.0,40.0702745,-1.2810934,ES-V,Valencia/València,1,1,2021-12-12T10:03:55Z,OpenStreetMap (ODbL)
node/9363591373,,,,,,38.6005161,-0.2944631,ES-A,Alicante/Alacant,1,1,2021-12-24T11:03:06Z,OpenStreetMap (ODbL)
node/9373379192,Alt de les Olles,Alt de les Olles,,673,673.0,38.8024914,-0.580967,ES-V,Valencia/València,1,3,2023-01-08T14:27:26Z,OpenStreetMap (ODbL)
node/9384166780,Pico del Águila,,,573,573.0,40.0260124,-0.3662024,ES-CS,Castellón/Castelló,1,1,2022-01-01T19:04:56Z,OpenStreetMap (ODbL)
node/9391392313,Cabeç Bord,Cabeç Bord,Cabeç Bord,238,238.0,39.6249243,-0.3785071,ES-V,Valencia/València,1,5,2026-05-17T19:09:46Z,OpenStreetMap (ODbL)
node/9393091558,Montaña del Churro,,,549,549.0,40.0404174,-0.3323617,ES-CS,Castellón/Castelló,1,4,2023-12-17T14:31:53Z,OpenStreetMap (ODbL)
node/9393145588,Tossal de Benages,Tossal de Benages,,1455,1455.0,40.2425445,-0.3369356,ES-CS,Castellón/Castelló,1,4,2023-07-20T22:39:45Z,OpenStreetMap (ODbL)
node/9395580329,Tossal Gros,Tossal Gros,,107,107.0,40.0677166,0.1215017,ES-CS,Castellón/Castelló,1,3,2025-12-21T16:58:20Z,OpenStreetMap (ODbL)
node/9395633886,Alto del Sapo,,,827,827.0,39.7149871,-0.4608195,ES-V,Valencia/València,1,1,2022-01-06T00:18:43Z,OpenStreetMap (ODbL)
node/9395633887,Alto del Hombre Muerto,,,816,816.0,39.7169249,-0.4627235,ES-V,Valencia/València,1,1,2022-01-06T00:18:43Z,OpenStreetMap (ODbL)
node/9401025628,Tossal de Peret,Tossal de Peret,,945,945.0,40.1928411,-0.295162,ES-CS,Castellón/Castelló,1,4,2024-05-19T11:55:16Z,OpenStreetMap (ODbL)
node/9413053558,,,,200,200.0,38.826357,-0.0267399,ES-A,Alicante/Alacant,1,2,2023-09-16T06:25:04Z,OpenStreetMap (ODbL)
node/9426710946,Tossal de la Bassa,Tossal de la Bassa,,1041,1041.0,40.2989234,0.0037368,ES-CS,Castellón/Castelló,1,4,2025-12-23T19:04:21Z,OpenStreetMap (ODbL)
node/9437298769,Aliagar,,,506,506.0,39.5861647,-0.7720014,ES-V,Valencia/València,1,1,2022-01-21T15:46:24Z,OpenStreetMap (ODbL)
node/9438242384,Alto del Baste,,,569,569.0,39.5532451,-0.7851051,ES-V,Valencia/València,1,1,2022-01-21T23:11:59Z,OpenStreetMap (ODbL)
node/9438264064,Cerrito Royo,,,264,264.0,39.5651134,-0.7387798,ES-V,Valencia/València,1,1,2022-01-21T23:15:24Z,OpenStreetMap (ODbL)
node/9441809635,el Morronet Roig,,,1506,1506.0,40.2402014,-0.361806,ES-CS,Castellón/Castelló,1,2,2024-02-10T00:31:48Z,OpenStreetMap (ODbL)
node/9446046087,Tossal del Coix,Tossal del Coix,,978,978.0,40.2842851,-0.0072309,ES-CS,Castellón/Castelló,1,3,2025-10-19T22:30:46Z,OpenStreetMap (ODbL)
node/9447691604,la Copa,,,846.48,846.48,40.0827533,-0.5235124,ES-CS,Castellón/Castelló,1,2,2026-03-17T17:49:40Z,OpenStreetMap (ODbL)
node/9450236214,,,,705,705.0,40.0579114,-0.520975,ES-CS,Castellón/Castelló,1,1,2022-01-26T14:12:23Z,OpenStreetMap (ODbL)
node/9453571026,Monte del Estrecho,,,647,647.0,39.8797395,-0.3866191,ES-CS,Castellón/Castelló,1,1,2022-01-27T18:02:33Z,OpenStreetMap (ODbL)
node/9453770448,El Hocino,,,504,504.0,39.5824712,-0.7752067,ES-V,Valencia/València,1,1,2022-01-27T19:44:39Z,OpenStreetMap (ODbL)
node/9472075713,Tossal del Turco,Tossal del Turco,Tosal del Turco,1190,1190.0,40.3853839,-0.2605636,ES-CS,Castellón/Castelló,1,2,2022-05-21T15:01:01Z,OpenStreetMap (ODbL)
node/9472547065,Cap del Tossal,,,1046,1046.0,40.3743509,-0.2638463,ES-CS,Castellón/Castelló,1,2,2024-01-09T20:15:23Z,OpenStreetMap (ODbL)
node/9486218717,,,,1351,1351.0,38.710375,-0.2919497,ES-A,Alicante/Alacant,1,5,2024-02-24T20:17:52Z,OpenStreetMap (ODbL)
node/9487693310,El Pino Negro,,,682,682.0,39.981203,-0.3564872,ES-CS,Castellón/Castelló,1,1,2022-02-07T19:47:34Z,OpenStreetMap (ODbL)
node/9487715155,Alto de la Carrasqueta,,,671.5,671.5,39.9711941,-0.3668586,ES-CS,Castellón/Castelló,1,1,2022-02-07T19:50:31Z,OpenStreetMap (ODbL)
node/9490418955,Sierra del Fraile,,,1043,1043.0,38.6119202,-0.7783334,ES-A,Alicante/Alacant,1,1,2022-02-08T17:47:16Z,OpenStreetMap (ODbL)
node/9490457905,Peña Rubia,,,893,893.0,38.5875418,-0.8214121,ES-A,Alicante/Alacant,1,2,2026-01-13T00:28:47Z,OpenStreetMap (ODbL)
node/9497967740,Pic de la Coma,Pic de la Coma,,337,337.0,38.8375468,-0.1413086,ES-A,Alicante/Alacant,1,3,2023-07-23T09:06:44Z,OpenStreetMap (ODbL)
node/9522857268,Peña de María,,,361,361.0,39.5994132,-0.8551674,ES-V,Valencia/València,1,1,2022-02-20T22:42:20Z,OpenStreetMap (ODbL)
node/9536461673,Tossal del Morquí,Tossal del Morquí,,456,456.0,38.9020031,-0.3020199,ES-V,Valencia/València,1,4,2026-05-17T19:09:46Z,OpenStreetMap (ODbL)
node/9559188358,El Castillico,,,791,791.0,39.7357516,-0.5015285,ES-V,Valencia/València,1,1,2022-03-06T21:30:38Z,OpenStreetMap (ODbL)
node/9559188451,Alto del Rodeno del Collado de la Moneda,,,845,845.0,39.7408166,-0.506619,ES-V,Valencia/València,1,1,2022-03-06T21:30:38Z,OpenStreetMap (ODbL)
node/9561030247,Alto del Vizcaíno,,,664,664.0,39.8216177,-0.5294678,ES-CS,Castellón/Castelló,1,2,2025-01-28T18:55:25Z,OpenStreetMap (ODbL)
node/9572834145,Muntanyeta Solina,Muntanyeta Solina,,303,303.0,39.9001773,-0.2559469,ES-CS,Castellón/Castelló,1,4,2023-10-09T23:22:15Z,OpenStreetMap (ODbL)
node/9572899748,la Ferreria,la Ferreria,,345,345.0,39.9138226,-0.2529567,ES-CS,Castellón/Castelló,1,3,2022-12-10T14:18:33Z,OpenStreetMap (ODbL)
node/9572944633,el Pinet,el Pinet,,465,465.0,39.9293473,-0.2811361,ES-CS,Castellón/Castelló,1,2,2022-12-10T15:42:09Z,OpenStreetMap (ODbL)
node/9581601733,Tossal de la Creueta,Tossal de la Creueta,,408,408.0,38.8910319,-0.3472056,ES-V,Valencia/València,1,3,2023-07-21T14:47:13Z,OpenStreetMap (ODbL)
node/9586244048,Xautena,Xautena,,371,371.0,39.9171008,-0.2742871,ES-CS,Castellón/Castelló,1,2,2023-10-09T23:22:15Z,OpenStreetMap (ODbL)
node/9605716517,la Buitrera,,,786.09,786.09,39.7722546,-0.5107276,ES-V,Valencia/València,1,1,2022-03-25T12:05:21Z,OpenStreetMap (ODbL)
node/9623451473,Tossal del Mas de Ximet,,,650.95,650.95,40.2997707,-0.0306183,ES-CS,Castellón/Castelló,1,1,2022-03-30T09:54:23Z,OpenStreetMap (ODbL)
node/9671287357,Pico de los Ajos,,,1082,1082.0,39.513949,-0.870291,ES-V,Valencia/València,1,1,2022-04-17T01:34:21Z,OpenStreetMap (ODbL)
node/9672060363,Alts del Sastre,Alts del Sastre,,419,419.0,39.2627807,-0.6622087,ES-V,Valencia/València,1,3,2023-01-11T05:37:55Z,OpenStreetMap (ODbL)
node/9672060364,El diente de la Vieja,,,756,756.0,39.2721859,-0.698989,ES-V,Valencia/València,1,1,2022-04-17T14:52:26Z,OpenStreetMap (ODbL)
node/9672896013,Sima del Cuscurrús,,,812,812.0,39.5299548,-0.8238754,ES-V,Valencia/València,1,1,2022-04-17T21:19:18Z,OpenStreetMap (ODbL)
node/9684862445,Llomet Pelat,,,568,568.0,39.8749287,-0.2695885,ES-CS,Castellón/Castelló,1,1,2022-04-22T08:21:38Z,OpenStreetMap (ODbL)
node/9714053647,Tossal de l'Assut,Tossal de l'Assut,,294.16,294.16,40.0535424,-0.0389569,ES-CS,Castellón/Castelló,1,3,2022-11-21T03:37:32Z,OpenStreetMap (ODbL)
node/9750361372,,,,284,284.0,40.0616909,0.0364932,ES-CS,Castellón/Castelló,1,1,2022-05-17T23:26:52Z,OpenStreetMap (ODbL)
node/9764853027,Morro de Pinareta,,,1112,1112.0,38.670974,-0.2531648,ES-A,Alicante/Alacant,1,3,2023-09-16T13:55:52Z,OpenStreetMap (ODbL)
node/9765689859,Altet de Nono,,,1161,1161.0,38.6259051,-0.2531437,ES-A,Alicante/Alacant,1,1,2022-05-23T23:51:57Z,OpenStreetMap (ODbL)
node/9765689860,Alt de la Penya de Sella,Alt de la Penya de Sella,,1107,1107.0,38.6239936,-0.25819,ES-A,Alicante/Alacant,1,2,2023-10-09T23:26:37Z,OpenStreetMap (ODbL)
node/9776371609,el Portell de Just d'Alfafara,,,1087,1087.0,38.7636621,-0.5422889,ES-A,Alicante/Alacant,1,4,2023-10-16T16:37:27Z,OpenStreetMap (ODbL)
node/9841398635,Coll de Cabres,Coll de Cabres,,766,766.0,40.4213262,0.0454509,ES-CS,Castellón/Castelló,1,2,2022-11-19T06:18:46Z,OpenStreetMap (ODbL)
node/9864410603,Puntal de la Alameda,,,740,740.0,39.7795333,-0.5389769,ES-V,Valencia/València,1,1,2022-07-03T19:33:19Z,OpenStreetMap (ODbL)
node/9914225111,,,,1218,1218.0,40.6631853,0.1093476,ES-CS,Castellón/Castelló,1,1,2022-07-27T09:47:04Z,OpenStreetMap (ODbL)
node/9914225318,Punta del Mas Nou,Punta del Mas Nou,,1236,1236.0,40.6894027,0.1590383,ES-CS,Castellón/Castelló,1,4,2025-05-19T18:00:40Z,OpenStreetMap (ODbL)
node/9938953895,,,,356,356.0,39.0014958,-0.23648,ES-V,Valencia/València,1,3,2023-12-23T21:30:54Z,OpenStreetMap (ODbL)
node/9938953896,Penya Roja,Penya Roja,,235,235.0,39.0020042,-0.2259681,ES-V,Valencia/València,1,3,2024-12-31T13:20:09Z,OpenStreetMap (ODbL)
node/9947090506,El Murtadell,,,448,448.0,38.904036,-0.2720789,ES-V,Valencia/València,1,2,2026-05-17T19:09:46Z,OpenStreetMap (ODbL)
node/9947090508,Penya Negra,Penya Negra,,455,455.0,38.8980058,-0.2689204,ES-V,Valencia/València,1,3,2026-05-17T19:09:46Z,OpenStreetMap (ODbL)
node/9951229503,El Alto,,,664,664.0,39.8596443,-0.3248138,ES-CS,Castellón/Castelló,1,1,2022-08-13T16:51:53Z,OpenStreetMap (ODbL)
node/9951237880,Alto del Pinaret,,,719,719.0,39.8640351,-0.3255426,ES-CS,Castellón/Castelló,1,1,2022-08-13T16:50:40Z,OpenStreetMap (ODbL)
node/9952573615,Penya Blanca dels Hedrers,,,906,906.0,38.7831166,-0.1605698,ES-A,Alicante/Alacant,1,3,2026-05-17T19:09:46Z,OpenStreetMap (ODbL)
node/9952574747,Tossal dels Endrets,Tossal dels Endrets,,804,804.0,38.7919342,-0.1494817,ES-A,Alicante/Alacant,1,3,2023-05-24T18:53:05Z,OpenStreetMap (ODbL)
node/9952637917,Penya Blanca de la Mallada de Figuera,Penya Blanca de la Mallada de Figuera,,954,954.0,38.7782028,-0.1678315,ES-A,Alicante/Alacant,1,4,2022-12-28T22:19:36Z,OpenStreetMap (ODbL)
node/9953114873,Coll de Pau,Coll de Pau,,511,511.0,40.1410007,-0.1799877,ES-CS,Castellón/Castelló,1,3,2025-05-22T23:33:45Z,OpenStreetMap (ODbL)
node/9954458074,Tossal Redó,,,799,799.0,40.1620238,-0.2167038,ES-CS,Castellón/Castelló,1,4,2026-05-17T19:09:46Z,OpenStreetMap (ODbL)
node/9954733610,Tossal del Castellet,,,779,779.0,40.1551046,-0.2068748,ES-CS,Castellón/Castelló,1,3,2025-06-24T12:05:59Z,OpenStreetMap (ODbL)
node/9955981575,la Rodana,la Rodana,,191,191.0,39.6903248,-0.3393841,ES-V,Valencia/València,1,3,2024-04-30T19:58:17Z,OpenStreetMap (ODbL)
node/9959035591,la Balona,la Balona,,452,452.0,39.8211276,-0.2621993,ES-CS,Castellón/Castelló,1,4,2026-05-17T19:09:46Z,OpenStreetMap (ODbL)
node/9963865087,Tossal Redó,Tossal Redó,,530,530.0,39.021745,-0.2706061,ES-V,Valencia/València,1,3,2026-05-17T19:09:46Z,OpenStreetMap (ODbL)
node/9963918996,el Piló,,,348,348.0,39.0364312,-0.245169,ES-V,Valencia/València,1,3,2025-01-17T14:14:19Z,OpenStreetMap (ODbL)
node/9983079634,Pico del Tío Gaspar,,,1154,1154.0,39.5905832,-1.00091,ES-V,Valencia/València,1,1,2022-08-28T09:37:40Z,OpenStreetMap (ODbL)
node/9983079636,Pico Ropé,,,1140,1140.0,39.6212422,-0.9796231,ES-V,Valencia/València,1,1,2022-08-28T09:37:40Z,OpenStreetMap (ODbL)
node/9984145406,Los Altos,,,1288,1288.0,39.8486721,-0.882412,ES-V,Valencia/València,1,1,2022-08-28T21:55:30Z,OpenStreetMap (ODbL)
node/9984152640,l'Ouet,l'Ouet,,528,528.0,39.1117048,-0.324592,ES-V,Valencia/València,1,3,2023-10-20T00:03:55Z,OpenStreetMap (ODbL)
node/9984188405,Cerro de Simón,,,1222,1222.0,39.8158766,-0.8412267,ES-V,Valencia/València,1,3,2024-01-28T10:43:06Z,OpenStreetMap (ODbL)
node/9984197250,Peñas de Dios,,,1167,1167.0,39.8048277,-0.8760802,ES-V,Valencia/València,1,1,2022-08-28T22:14:04Z,OpenStreetMap (ODbL)
node/9984216631,Azagadores,,,1132,1132.0,39.8001608,-0.9014838,ES-V,Valencia/València,1,2,2022-11-12T19:18:11Z,OpenStreetMap (ODbL)
node/9984223523,Alto del Alamín,,,1182,1182.0,39.8425477,-0.9333355,ES-V,Valencia/València,1,8,2024-02-27T19:03:05Z,OpenStreetMap (ODbL)
node/9984232657,Nevera,,,1247,1247.0,39.8493477,-0.895596,ES-V,Valencia/València,1,3,2022-11-12T19:13:25Z,OpenStreetMap (ODbL)
node/9984274002,el Mirador,el Mirador,,575,575.0,39.0302946,-0.3188403,ES-V,Valencia/València,1,3,2025-12-30T00:10:05Z,OpenStreetMap (ODbL)
node/9984283030,,,,605,605.0,39.025106,-0.3261154,ES-V,Valencia/València,1,3,2025-12-30T00:10:05Z,OpenStreetMap (ODbL)
node/9984327946,Puntal dels Germanells,Puntal dels Germanells,,594,594.0,39.0991374,-0.3046319,ES-V,Valencia/València,1,2,2023-10-09T23:24:58Z,OpenStreetMap (ODbL)
node/9984350859,Les Orelles d'Ase,,,548,548.0,39.1210715,-0.3429638,ES-V,Valencia/València,1,2,2022-08-29T00:44:55Z,OpenStreetMap (ODbL)
node/9984371833,Castellano,,,1055,1055.0,39.7581661,-0.9156074,ES-V,Valencia/València,1,1,2022-08-29T01:08:16Z,OpenStreetMap (ODbL)
node/9984403318,Peñaparda,,,1312,1312.0,39.8348947,-0.7794269,ES-V,Valencia/València,1,1,2022-08-29T01:15:23Z,OpenStreetMap (ODbL)
node/9985088885,Mojon Blanco,,,1529,1529.0,39.9730056,-0.9660059,ES-V,Valencia/València,1,1,2022-08-29T08:41:19Z,OpenStreetMap (ODbL)
node/9985206657,Sancho,,,1522,1522.0,39.9553192,-0.932704,ES-V,Valencia/València,1,1,2022-08-29T08:30:45Z,OpenStreetMap (ODbL)
node/9991715845,Pic dels Francesos,,,234,234.0,39.1760926,-0.2510293,ES-V,Valencia/València,1,3,2024-11-04T16:09:37Z,OpenStreetMap (ODbL)
node/9991741039,El Remedio,,,1306,1306.0,39.6299669,-1.1311564,ES-V,Valencia/València,1,1,2022-09-01T00:03:09Z,OpenStreetMap (ODbL)
node/9991755797,Peña del Aguila,,,1304,1304.0,39.6480558,-1.1538716,ES-V,Valencia/València,1,1,2022-09-01T00:13:36Z,OpenStreetMap (ODbL)
node/9991793045,Picarcho,,,1302,1302.0,39.8333999,-1.210552,ES-V,Valencia/València,1,1,2022-09-01T01:33:14Z,OpenStreetMap (ODbL)
node/9993761305,Negrete,,,1293,1293.0,39.6352107,-1.1421171,ES-V,Valencia/València,1,1,2022-09-01T22:42:58Z,OpenStreetMap (ODbL)
node/9993773479,Cabezo,,,1298,1298.0,39.8665555,-0.9855183,ES-V,Valencia/València,1,1,2022-09-01T22:50:47Z,OpenStreetMap (ODbL)
node/9993775209,Marisancho,,,1291,1291.0,39.6553277,-1.1630231,ES-V,Valencia/València,1,1,2022-09-01T22:47:06Z,OpenStreetMap (ODbL)
node/9993814511,Morro Blau,,,1125,1125.0,38.6868496,-0.153761,ES-A,Alicante/Alacant,1,2,2023-09-16T13:55:52Z,OpenStreetMap (ODbL)
node/10008213164,Alto de la Yerba,,,1041,1041.0,39.5406353,-0.8347982,ES-V,Valencia/València,1,1,2022-09-08T07:05:26Z,OpenStreetMap (ODbL)
node/10008232193,Peña Roya,,,951,951.0,39.560719,-0.8631557,ES-V,Valencia/València,1,2,2023-09-03T17:11:47Z,OpenStreetMap (ODbL)
node/10008237466,Alto de Morros,,,997,997.0,39.5541955,-0.8546171,ES-V,Valencia/València,1,1,2022-09-08T07:11:29Z,OpenStreetMap (ODbL)
node/10008253791,El Remedio,,,1053,1053.0,39.7776122,-0.9924811,ES-V,Valencia/València,1,1,2022-09-08T07:17:51Z,OpenStreetMap (ODbL)
node/10008262915,El Resinero,,,1498,1498.0,39.8807956,-0.7955175,ES-V,Valencia/València,1,3,2023-06-15T17:15:52Z,OpenStreetMap (ODbL)
node/10008283244,Tortajada,,,1517,1517.0,40.0122931,-1.1679653,ES-V,Valencia/València,1,1,2022-09-08T07:41:11Z,OpenStreetMap (ODbL)
node/10009945467,Tossal del Corral,Tossal del Corral,,1172,1172.0,40.5795768,0.0060512,ES-CS,Castellón/Castelló,1,3,2023-08-28T12:36:57Z,OpenStreetMap (ODbL)
node/10011070472,Peña del Diablo,,,1466,1466.0,39.8842332,-0.7888739,ES-CS,Castellón/Castelló,1,1,2022-09-09T10:31:56Z,OpenStreetMap (ODbL)
node/10011642461,la Puntassa,la Puntassa,,1334,1334.0,40.7084931,0.0774358,ES-CS,Castellón/Castelló,1,2,2023-10-09T23:26:04Z,OpenStreetMap (ODbL)
node/10018843514,Cerro de la Vihuela,,,1274,1274.0,39.8674799,-0.7797829,ES-V,Valencia/València,1,1,2022-09-12T16:36:09Z,OpenStreetMap (ODbL)
node/10018856534,Cinglos de los Tarragones,,,1446,1446.0,39.8752442,-0.800715,ES-V,Valencia/València,1,1,2022-09-12T16:41:36Z,OpenStreetMap (ODbL)
node/10018904048,Picarazos,,,1133,1133.0,39.8101299,-0.8893991,ES-V,Valencia/València,1,2,2022-11-12T19:13:58Z,OpenStreetMap (ODbL)
node/10019945077,el Montnegrell,el Montnegrell,,916,916.0,40.7681915,-0.1438804,ES-CS,Castellón/Castelló,1,2,2023-10-09T23:26:44Z,OpenStreetMap (ODbL)
node/10030171972,Alto de la Sima,,,986,986.0,39.5433158,-0.8379545,ES-V,Valencia/València,1,2,2023-09-03T17:11:47Z,OpenStreetMap (ODbL)
node/10030184557,Cerro del Morro,,,964,964.0,39.5472486,-0.845516,ES-V,Valencia/València,1,1,2022-09-16T18:42:43Z,OpenStreetMap (ODbL)
node/10034231766,La Muela,,,1123,1123.0,39.8276693,-0.8804382,ES-V,Valencia/València,1,3,2022-10-12T08:28:03Z,OpenStreetMap (ODbL)
node/10053730605,Pico Martés,,,1080,1080.0,39.3246405,-0.9461454,ES-V,Valencia/València,1,3,2023-01-08T22:18:44Z,OpenStreetMap (ODbL)
node/10056739129,Lausilla,,,1299,1299.0,39.8760535,-0.756059,ES-CS,Castellón/Castelló,1,1,2022-09-27T17:55:46Z,OpenStreetMap (ODbL)
node/10056741332,Cerro de los Majanos,,,1280,1280.0,39.8621385,-0.7484775,ES-CS,Castellón/Castelló,1,1,2022-09-27T17:50:32Z,OpenStreetMap (ODbL)
node/10058844960,Pico de los Ajos,,,1060,1060.0,39.3234896,-0.9386563,ES-V,Valencia/València,1,1,2022-09-28T15:15:23Z,OpenStreetMap (ODbL)
node/10059768708,Morro del Serrellat,Morro del Serrellat,,598,598.0,38.4667764,-0.7530919,ES-A,Alicante/Alacant,1,3,2023-10-20T00:04:34Z,OpenStreetMap (ODbL)
node/10066912990,,,,1289,1289.0,38.7104141,-0.3009069,ES-A,Alicante/Alacant,1,3,2023-01-30T22:58:33Z,OpenStreetMap (ODbL)
node/10075583136,Collet de la Torre d'Ametla,Collet de la Torre d'Ametla,,803,803.0,40.674888,-0.1805223,ES-CS,Castellón/Castelló,1,3,2025-04-21T23:47:18Z,OpenStreetMap (ODbL)
node/10076898291,Pinarejos,,,934,934.0,39.7895805,-0.8358493,ES-V,Valencia/València,1,1,2022-10-05T12:21:07Z,OpenStreetMap (ODbL)
node/10087984459,el Campanaret,,,359,359.0,40.0454786,-0.0942111,ES-CS,Castellón/Castelló,1,1,2022-10-09T22:39:20Z,OpenStreetMap (ODbL)
node/10113611099,Alto del Viso,,,1507,1507.0,39.9815899,-1.0021837,ES-V,Valencia/València,1,1,2022-10-19T09:24:32Z,OpenStreetMap (ODbL)
node/10113612579,Alto de la Zorra,,,1463,1463.0,39.9457966,-0.9194033,ES-V,Valencia/València,1,1,2022-10-19T09:28:02Z,OpenStreetMap (ODbL)
node/10123399502,la Mola,,,885,885.0,40.2692929,-0.0077601,ES-CS,Castellón/Castelló,1,5,2026-05-17T19:09:46Z,OpenStreetMap (ODbL)
node/10129075771,el Picaio,el Picaio,,1304,1304.0,40.389101,-0.2411876,ES-CS,Castellón/Castelló,1,2,2023-10-09T23:22:54Z,OpenStreetMap (ODbL)
node/10158127371,,,,842,842.0,38.4533934,-0.7075372,ES-A,Alicante/Alacant,1,1,2022-11-04T22:53:57Z,OpenStreetMap (ODbL)
node/10162797635,La Villa,,,1215,1215.0,39.8215033,-0.8568306,ES-V,Valencia/València,1,1,2022-11-06T19:21:17Z,OpenStreetMap (ODbL)
node/10178739842,Pinocha,,,1156,1156.0,39.8477121,-0.8630266,ES-V,Valencia/València,1,1,2022-11-12T19:17:38Z,OpenStreetMap (ODbL)
node/10178741717,Mataja,,,1019,1019.0,39.7803605,-0.9257567,ES-V,Valencia/València,1,1,2022-11-12T19:11:06Z,OpenStreetMap (ODbL)
node/10178751261,Bellida,,,1323,1323.0,39.8485969,-0.7401262,ES-CS,Castellón/Castelló,1,2,2023-06-15T09:50:33Z,OpenStreetMap (ODbL)
node/10180744463,Alt de l'Almuixic,Alt de l'Almuixic,,209,209.0,38.8973312,-0.1255094,ES-V,Valencia/València,1,2,2023-10-09T23:25:43Z,OpenStreetMap (ODbL)
node/10201934647,Alt de Fontcalent,,,446,446.0,38.3523044,-0.5903489,ES-A,Alicante/Alacant,1,1,2022-11-19T13:35:51Z,OpenStreetMap (ODbL)
node/10212207689,Alto Molinero,,,1423,1423.0,39.9160275,-0.9159201,ES-V,Valencia/València,1,1,2022-11-23T15:29:15Z,OpenStreetMap (ODbL)
node/10225167663,Coll dels Navarros,,,206,206.0,40.4233335,0.3528518,ES-CS,Castellón/Castelló,1,2,2025-08-04T12:16:48Z,OpenStreetMap (ODbL)
node/10225433026,Torda,,,1238,1238.0,39.8366184,-0.867308,ES-V,Valencia/València,1,1,2022-11-29T11:21:27Z,OpenStreetMap (ODbL)
node/10227861245,Puntal de la Sarnosa,,,921,921.0,39.4923793,-0.8600192,ES-V,Valencia/València,1,1,2022-11-30T09:07:27Z,OpenStreetMap (ODbL)
node/10238853488,Mola Redona,Mola Redona,,693,693.0,40.5488252,0.1788354,ES-CS,Castellón/Castelló,1,3,2023-10-19T23:09:59Z,OpenStreetMap (ODbL)
node/10238853490,Mola Llarga,Mola Llarga,,687,687.0,40.5530146,0.1789317,ES-CS,Castellón/Castelló,1,3,2023-10-19T23:09:59Z,OpenStreetMap (ODbL)
node/10242532497,El Pedregal,,,566,566.0,39.7401405,-0.5369854,ES-V,Valencia/València,1,1,2022-12-06T14:42:31Z,OpenStreetMap (ODbL)
node/10266499001,Peña del Rayo,,,697,697.0,39.7381955,-0.5243786,ES-V,Valencia/València,1,3,2026-04-03T12:53:07Z,OpenStreetMap (ODbL)
node/10287165757,Mont del Sardo,,,454,454.0,39.9357964,-0.2562641,ES-CS,Castellón/Castelló,1,4,2025-12-16T21:14:18Z,OpenStreetMap (ODbL)
node/10287165758,Tossal del Fideuer,,,501,501.0,39.9329043,-0.2556604,ES-CS,Castellón/Castelló,1,2,2024-01-21T11:19:11Z,OpenStreetMap (ODbL)
node/10292178708,Penyes Altes,Penyes Altes,,765,765.0,38.8597778,-0.3517777,ES-V,Valencia/València,1,5,2023-12-23T22:38:53Z,OpenStreetMap (ODbL)
node/10292198735,els Crestalls de Montnegre,els Crestalls de Montnegre,,649,649.0,38.8116643,-0.1222203,ES-A,Alicante/Alacant,1,4,2026-01-02T14:50:02Z,OpenStreetMap (ODbL)
node/10292214751,Alt de Senabre,Alt de Senabre,Alt de Senabre,429,429.0,38.8197025,-0.3482793,ES-A,Alicante/Alacant,1,4,2025-05-06T00:13:33Z,OpenStreetMap (ODbL)
node/10292215742,Tossal Negre,Tossal Negre,,698,698.0,38.8257028,-0.4080464,ES-A,Alicante/Alacant,1,4,2023-01-15T19:41:05Z,OpenStreetMap (ODbL)
node/10292215743,Tossal Blanc,Tossal Blanc,,690,690.0,38.8266329,-0.4036819,ES-A,Alicante/Alacant,1,4,2023-01-15T19:41:04Z,OpenStreetMap (ODbL)
node/10292239839,,,,474,474.0,38.8380164,-0.183166,ES-A,Alicante/Alacant,1,2,2023-01-01T23:57:35Z,OpenStreetMap (ODbL)
node/10294301775,Tossal de la Nevera,Tossal de la Nevera,,1286,1286.0,40.4677938,-0.0299841,ES-CS,Castellón/Castelló,1,1,2022-12-30T01:05:18Z,OpenStreetMap (ODbL)
node/10297500986,,,,,,38.3192531,-0.7630584,ES-A,Alicante/Alacant,1,1,2022-12-31T21:56:26Z,OpenStreetMap (ODbL)
node/10300301814,el Molló,el Molló,,776,776.0,40.4462023,0.0612844,ES-CS,Castellón/Castelló,1,2,2023-01-15T19:42:34Z,OpenStreetMap (ODbL)
node/10300301818,Tossalet de na Molinos,Tossalet de na Molinos,,632,632.0,40.4374061,0.0571039,ES-CS,Castellón/Castelló,1,3,2025-02-17T18:52:06Z,OpenStreetMap (ODbL)
node/10300928972,Alto Bellota,,,1052,1052.0,40.0143048,-0.5508949,ES-CS,Castellón/Castelló,1,1,2023-01-02T17:48:41Z,OpenStreetMap (ODbL)
node/10301086862,Cerro de la Silla,,,785,785.0,40.0357303,-0.5383569,ES-CS,Castellón/Castelló,1,2,2023-03-08T16:28:16Z,OpenStreetMap (ODbL)
node/10301091357,Rosada I,,,950,950.0,40.0542155,-0.5622844,ES-CS,Castellón/Castelló,1,1,2023-01-02T19:41:29Z,OpenStreetMap (ODbL)
node/10301094849,Alto Pino Rey,,,1118,1118.0,40.0285659,-0.6017343,ES-CS,Castellón/Castelló,1,1,2023-01-02T19:28:03Z,OpenStreetMap (ODbL)
node/10301095330,Peña Agujereada,,,1052,1052.0,40.0123511,-0.54875,ES-CS,Castellón/Castelló,1,2,2023-01-02T19:24:18Z,OpenStreetMap (ODbL)
node/10301105175,Monte Calvario,,,687,687.0,40.0340371,-0.5588364,ES-CS,Castellón/Castelló,1,1,2023-01-02T19:36:06Z,OpenStreetMap (ODbL)
node/10301106746,,,,934,934.0,40.0200708,-0.5506758,ES-CS,Castellón/Castelló,1,1,2023-01-02T19:33:08Z,OpenStreetMap (ODbL)
node/10301111334,,,,946,946.0,40.018029,-0.5507241,ES-CS,Castellón/Castelló,1,1,2023-01-02T19:31:33Z,OpenStreetMap (ODbL)
node/10301138492,Peña Redonda,,,905,905.0,40.1015283,-0.5536745,ES-CS,Castellón/Castelló,1,2,2024-06-24T16:01:28Z,OpenStreetMap (ODbL)
node/10310601046,Monte de Elvira,,,1028,1028.0,40.0040711,-0.5223325,ES-CS,Castellón/Castelló,1,2,2023-03-08T16:40:07Z,OpenStreetMap (ODbL)
node/10311387942,Penya Alta,Penya Alta,,806,806.0,38.7056185,-0.0563046,ES-A,Alicante/Alacant,1,2,2023-01-15T19:42:31Z,OpenStreetMap (ODbL)
node/10311387993,Penyes de s'Ombria,,,898,898.0,38.6998673,-0.0584959,ES-A,Alicante/Alacant,1,5,2023-11-29T20:03:46Z,OpenStreetMap (ODbL)
node/10312843456,Coll Redó,Coll Redó,,601,601.0,40.4900736,0.1389223,ES-CS,Castellón/Castelló,1,2,2023-01-15T19:43:03Z,OpenStreetMap (ODbL)
node/10313908316,Coll de la Creu,Coll de la Creu,,566,566.0,40.5643597,0.1836428,ES-CS,Castellón/Castelló,1,2,2023-01-15T19:40:32Z,OpenStreetMap (ODbL)
node/10313908476,Collet Gros,Collet Gros,,485,485.0,40.5352277,0.2676018,ES-CS,Castellón/Castelló,1,3,2026-05-17T19:09:46Z,OpenStreetMap (ODbL)
node/10572869973,el Tossal,el Tossal,,773,773.0,38.7335263,-0.2832026,ES-A,Alicante/Alacant,1,3,2024-02-16T22:56:55Z,OpenStreetMap (ODbL)
node/10580190819,Alt dels Canyarets,Alt dels Canyarets,,874,874.0,38.5876244,-0.4524483,ES-A,Alicante/Alacant,1,2,2023-10-09T23:27:26Z,OpenStreetMap (ODbL)
node/10592148103,Alt de Carraposa,,,250,250.0,39.0096441,-0.5842879,ES-V,Valencia/València,1,2,2024-12-12T14:45:14Z,OpenStreetMap (ODbL)
node/10595159060,,,,654,654.0,38.7247342,-0.3183128,ES-A,Alicante/Alacant,1,2,2024-02-27T23:53:08Z,OpenStreetMap (ODbL)
node/10597393378,Lloma de l'Ull del Moro,Lloma de l'Ull del Moro,,908,908.0,38.6869217,-0.4500054,ES-A,Alicante/Alacant,1,1,2023-01-31T23:21:45Z,OpenStreetMap (ODbL)
node/10597393394,El Capenal,,,808,808.0,38.7298304,-0.4751013,ES-A,Alicante/Alacant,1,2,2023-02-27T10:10:08Z,OpenStreetMap (ODbL)
node/10597434680,Alto de la Covalta,,,882,882.0,38.8058723,-0.4988844,ES-A,Alicante/Alacant,1,1,2023-01-31T23:49:04Z,OpenStreetMap (ODbL)
node/10597438452,la Lloma,,,973,973.0,38.7716438,-0.4796348,ES-A,Alicante/Alacant,1,3,2024-12-11T00:00:22Z,OpenStreetMap (ODbL)
node/10597438453,,,,1257,1257.0,38.7678482,-0.5072278,ES-A,Alicante/Alacant,1,3,2024-10-19T10:52:06Z,OpenStreetMap (ODbL)
node/10602799154,,,,837,837.0,38.5274175,-0.522611,ES-A,Alicante/Alacant,1,2,2023-10-15T17:58:31Z,OpenStreetMap (ODbL)
node/10602801039,els Almadens,els Almadens,,696,696.0,38.5321155,-0.4766178,ES-A,Alicante/Alacant,1,3,2023-10-09T23:27:26Z,OpenStreetMap (ODbL)
node/10602802110,Grana,,,1095,1095.0,38.5878153,-0.3858177,ES-A,Alicante/Alacant,1,1,2023-02-02T23:42:08Z,OpenStreetMap (ODbL)
node/10602819956,Aitana Oriental,,,1549,1549.0,38.650336,-0.2598497,ES-A,Alicante/Alacant,1,3,2023-11-01T09:58:38Z,OpenStreetMap (ODbL)
node/10604590689,Alt del Molló,Alt del Molló,,1140,1140.0,38.5228603,-0.6843189,ES-A,Alicante/Alacant,1,5,2024-06-25T22:27:22Z,OpenStreetMap (ODbL)
node/10604619510,Alt de la Martina,Alt de la Martina,,1093,1093.0,38.5827883,-0.5404035,ES-A,Alicante/Alacant,1,2,2023-10-09T23:27:26Z,OpenStreetMap (ODbL)
node/10609142497,Tossal de la Mamelleta,Tossal de la Mamelleta,,537,537.0,38.5822635,-0.1692487,ES-A,Alicante/Alacant,1,3,2023-10-19T23:09:40Z,OpenStreetMap (ODbL)
node/10609142499,el Castellet,el Castellet,,564,564.0,38.6277204,-0.1571585,ES-A,Alicante/Alacant,1,3,2023-10-20T00:04:42Z,OpenStreetMap (ODbL)
node/10609166972,L'Almèdia,,,686,686.0,38.6659168,-0.1378129,ES-A,Alicante/Alacant,1,2,2023-02-27T10:07:37Z,OpenStreetMap (ODbL)
node/10609178613,Panxa Blanca,,,987,987.0,38.6571712,-0.0356255,ES-A,Alicante/Alacant,1,4,2023-03-20T19:37:25Z,OpenStreetMap (ODbL)
node/10609183875,,,,1102,1102.0,38.6629756,-0.0513926,ES-A,Alicante/Alacant,1,3,2023-10-08T22:27:05Z,OpenStreetMap (ODbL)
node/10609184085,Tossal de Marraix,Tossal de Marraix,,551,551.0,38.5775948,-0.1676876,ES-A,Alicante/Alacant,1,2,2023-10-19T23:09:40Z,OpenStreetMap (ODbL)
node/10609194782,Penya de la Xata,Penya de la Xata,,817,817.0,38.6089553,-0.2084567,ES-A,Alicante/Alacant,1,2,2023-10-19T23:09:40Z,OpenStreetMap (ODbL)
node/10609195560,Penya de l'Or,Penya de l'Or,,661,661.0,38.6794409,-0.1250103,ES-A,Alicante/Alacant,1,2,2023-10-09T23:24:19Z,OpenStreetMap (ODbL)
node/10609196160,Tossal de Navarro,Tossal de Navarro,,686,686.0,38.6993828,-0.0039798,ES-A,Alicante/Alacant,1,4,2023-10-09T23:25:15Z,OpenStreetMap (ODbL)
node/10609210633,la Campana,la Campana,,803,803.0,38.6606787,-0.0791286,ES-A,Alicante/Alacant,1,4,2023-10-20T00:03:04Z,OpenStreetMap (ODbL)
node/10612718658,L' Ascensió,,,1012,1012.0,38.7355939,-0.7563172,ES-A,Alicante/Alacant,1,1,2023-02-06T21:05:18Z,OpenStreetMap (ODbL)
node/10612720351,Cabeç Gordo,,,1062,1062.0,38.6640674,-0.7271477,ES-A,Alicante/Alacant,1,4,2026-09-09T00:37:48Z,OpenStreetMap (ODbL)
node/10612720403,Fernoveta,Fernoveta,,995,995.0,38.63792,-0.5851327,ES-A,Alicante/Alacant,1,2,2023-10-09T23:25:13Z,OpenStreetMap (ODbL)
node/10612846578,,,,1335,1335.0,38.7117805,-0.2946114,ES-A,Alicante/Alacant,1,3,2024-02-13T00:27:56Z,OpenStreetMap (ODbL)
node/10612846579,Mela,Mela,,1123,1123.0,38.7009274,-0.2765329,ES-A,Alicante/Alacant,1,3,2023-10-19T23:09:34Z,OpenStreetMap (ODbL)
node/10618479130,Morral del Sereno,Morral del Sereno,,760,760.0,40.3327113,-0.1954187,ES-CS,Castellón/Castelló,1,6,2026-05-17T19:09:46Z,OpenStreetMap (ODbL)
node/10650267887,Safra,Safra,,852,852.0,38.3989122,-0.8796931,ES-A,Alicante/Alacant,1,2,2025-03-01T12:03:28Z,OpenStreetMap (ODbL)
node/10650275252,Algarejo,,,1043,1043.0,38.3683165,-0.9680424,ES-A,Alicante/Alacant,1,1,2023-02-11T20:59:33Z,OpenStreetMap (ODbL)
node/10650275257,Cruz de la Muela,,,463,463.0,38.1020354,-0.9515658,ES-A,Alicante/Alacant,1,2,2024-12-12T23:09:06Z,OpenStreetMap (ODbL)
node/10650275258,Peña de Orihuela,,,634,634.0,38.099027,-0.9992364,ES-A,Alicante/Alacant,1,1,2023-02-11T21:16:06Z,OpenStreetMap (ODbL)
node/10652722292,el Castellet,,,1140,1140.0,40.3049286,-0.3689652,ES-CS,Castellón/Castelló,1,5,2026-08-10T18:36:48Z,OpenStreetMap (ODbL)
node/10665671539,Torre del Aguiló,,,147,147.0,38.5191666,-0.1721136,ES-A,Alicante/Alacant,1,2,2023-02-27T10:10:08Z,OpenStreetMap (ODbL)
node/10665686441,Mascarat,,,417,417.0,38.6383917,0.0008484,ES-A,Alicante/Alacant,1,2,2023-02-27T10:05:59Z,OpenStreetMap (ODbL)
node/10665717191,Castellet de Calp,,,254,254.0,38.6380512,0.0090066,ES-A,Alicante/Alacant,1,4,2025-12-20T07:58:46Z,OpenStreetMap (ODbL)
node/10665733873,Cap d'Or,Cap d'Or,,165,165.0,38.6843107,0.1513213,ES-A,Alicante/Alacant,1,2,2023-10-09T23:26:50Z,OpenStreetMap (ODbL)
node/10665751491,,,,829,829.0,38.7683435,-0.139186,ES-A,Alicante/Alacant,1,6,2023-12-24T23:04:20Z,OpenStreetMap (ODbL)
node/10665751492,Tossal del Port,Tossal del Port,,421,421.0,38.7740289,-0.0778032,ES-A,Alicante/Alacant,1,3,2023-10-09T23:25:36Z,OpenStreetMap (ODbL)
node/10665752234,Penya de la Terra Nova,,,1296,1296.0,38.7202123,-0.258619,ES-A,Alicante/Alacant,1,5,2024-02-26T22:39:00Z,OpenStreetMap (ODbL)
node/10665760138,el Somo d'Aialt,,,884,884.0,38.7148863,-0.1506989,ES-A,Alicante/Alacant,1,4,2023-10-15T16:02:29Z,OpenStreetMap (ODbL)
node/10665760139,es Crestall,es Crestall,,984,984.0,38.7240511,-0.1435784,ES-A,Alicante/Alacant,1,3,2023-10-09T23:26:48Z,OpenStreetMap (ODbL)
node/10665767537,,,,1261,1261.0,38.7191945,-0.2439348,ES-A,Alicante/Alacant,1,4,2024-07-29T10:29:36Z,OpenStreetMap (ODbL)
node/10665770048,,,,1305,1305.0,38.7157143,-0.2363436,ES-A,Alicante/Alacant,1,3,2024-02-24T00:20:55Z,OpenStreetMap (ODbL)
node/10665771555,Tossal Blanc,Tossal Blanc,,972,972.0,38.7647348,-0.3088717,ES-A,Alicante/Alacant,1,3,2023-10-09T23:24:11Z,OpenStreetMap (ODbL)
node/10665771556,Penya del Castellet,Penya del Castellet,,558,558.0,38.6808365,-0.2036874,ES-A,Alicante/Alacant,1,3,2023-10-09T23:24:10Z,OpenStreetMap (ODbL)
node/10675045996,Tossal de la Costa,,,773,773.0,40.2606206,-0.2005486,ES-CS,Castellón/Castelló,1,2,2023-07-19T17:37:17Z,OpenStreetMap (ODbL)
node/10679397991,Mont de Ripoll,,,220,220.0,38.3218329,-0.6284052,ES-A,Alicante/Alacant,1,2,2026-05-17T19:09:46Z,OpenStreetMap (ODbL)
node/10679414435,Alt del Sanxo,,,228.6,228.6,38.3154541,-0.5826403,ES-A,Alicante/Alacant,1,2,2023-11-05T17:06:02Z,OpenStreetMap (ODbL)
node/10687104980,Alt del Realet,,,697,697.0,38.591901,-0.2402869,ES-A,Alicante/Alacant,1,1,2023-02-22T23:36:28Z,OpenStreetMap (ODbL)
node/10692138701,Tossal del Segall,Tossal del Segall,,338,338.0,40.1255441,-0.1234574,ES-CS,Castellón/Castelló,1,2,2023-10-09T23:27:11Z,OpenStreetMap (ODbL)
node/10719842704,Los Torrojones,,,1532,1532.0,40.252104,-0.4054545,ES-CS,Castellón/Castelló,1,1,2023-03-07T20:26:04Z,OpenStreetMap (ODbL)
node/10719853905,Tozal de Maluendas,,,1533,1533.0,40.2561099,-0.3866796,ES-CS,Castellón/Castelló,1,1,2023-03-07T20:26:04Z,OpenStreetMap (ODbL)
node/10719853906,el Xaparral,el Xaparral,El Chaparral,1594,1594.0,40.2741846,-0.3844238,ES-CS,Castellón/Castelló,1,4,2026-08-01T00:43:01Z,OpenStreetMap (ODbL)
node/10719853907,Tossal del Mas de Montsó,,,1511,1511.0,40.2838934,-0.3784845,ES-CS,Castellón/Castelló,1,5,2025-05-19T13:50:03Z,OpenStreetMap (ODbL)
node/10726866303,Alto de la Mojeta,,,859,859.0,40.0793305,-0.4609993,ES-CS,Castellón/Castelló,1,1,2023-03-10T22:50:44Z,OpenStreetMap (ODbL)
node/10735280240,El Cabezo,,,746,746.0,40.0650417,-0.3131515,ES-CS,Castellón/Castelló,1,1,2023-03-14T15:50:13Z,OpenStreetMap (ODbL)
node/10736035932,Peña de las Herrerías,,,876,876.0,40.0956138,-0.3933372,ES-CS,Castellón/Castelló,1,1,2023-03-14T22:55:25Z,OpenStreetMap (ODbL)
node/10736035967,El Cabezo,,,827,827.0,40.0877913,-0.3884199,ES-CS,Castellón/Castelló,1,1,2023-03-14T22:55:25Z,OpenStreetMap (ODbL)
node/10740018510,Pico Recuén,,,657,657.0,39.8817229,-0.4441624,ES-CS,Castellón/Castelló,1,2,2025-01-28T19:08:44Z,OpenStreetMap (ODbL)
node/10751566479,Cerro de Santa Bárbara,,,788,788.0,39.922695,-0.4662336,ES-CS,Castellón/Castelló,1,1,2023-03-21T19:46:48Z,OpenStreetMap (ODbL)
node/10753792551,la Picossa,la Picossa,,989,989.0,40.317659,-0.2390362,ES-CS,Castellón/Castelló,1,6,2024-07-31T05:54:12Z,OpenStreetMap (ODbL)
node/10781722917,La Golosilla,,,1581,1581.0,40.2127971,-0.3618745,ES-CS,Castellón/Castelló,1,5,2026-04-27T07:19:50Z,OpenStreetMap (ODbL)
node/10782181131,Penya dels Arboços,Penya dels Arboços,,764,764.0,38.8089049,-0.2780353,ES-A,Alicante/Alacant,1,5,2023-10-09T23:27:05Z,OpenStreetMap (ODbL)
node/10785677329,Tossal Gran,Tossal Gran,,616,616.0,38.8404937,-0.2279533,ES-A,Alicante/Alacant,1,3,2023-10-09T23:27:05Z,OpenStreetMap (ODbL)
node/10793171979,Tossal del Frare,,,622,622.0,40.269883,-0.113377,ES-CS,Castellón/Castelló,1,1,2023-04-07T16:18:14Z,OpenStreetMap (ODbL)
node/10793171997,el Tornet,el Tornet,,1118,1118.0,40.2652004,-0.2412272,ES-CS,Castellón/Castelló,1,2,2023-10-19T23:09:31Z,OpenStreetMap (ODbL)
node/10795480659,Tossal de Marco,,,1152,1152.0,40.2721861,-0.2454216,ES-CS,Castellón/Castelló,1,1,2023-04-08T16:47:10Z,OpenStreetMap (ODbL)
node/10795497796,Tossal del Vidre,Tossal del Vidre,,1091,1091.0,40.2758087,-0.2375941,ES-CS,Castellón/Castelló,1,3,2024-01-30T19:23:35Z,OpenStreetMap (ODbL)
node/10803095171,la Creu,la Creu,,305,305.0,38.853037,-0.1493786,ES-A,Alicante/Alacant,1,2,2023-10-09T23:22:44Z,OpenStreetMap (ODbL)
node/10838102410,Mola de la Servera,Mola de la Servera,,954,954.0,40.5319614,0.0423587,ES-CS,Castellón/Castelló,1,1,2023-04-24T21:22:02Z,OpenStreetMap (ODbL)
node/10838102411,Molló de la Talaia,Molló de la Talaia,,1033,1033.0,40.5317743,0.0309108,ES-CS,Castellón/Castelló,1,1,2023-04-24T21:22:02Z,OpenStreetMap (ODbL)
node/10838102412,Molló de Jacint,Molló de Jacint,,1058,1058.0,40.5282709,-0.0037339,ES-CS,Castellón/Castelló,1,2,2023-04-25T08:31:43Z,OpenStreetMap (ODbL)
node/10838102413,Molló de Centelles,Molló de Centelles,,1009,1009.0,40.5326475,0.0103948,ES-CS,Castellón/Castelló,1,1,2023-04-24T21:22:02Z,OpenStreetMap (ODbL)
node/10838102414,la Llobatera,la Llobatera,,982,982.0,40.5313896,0.0240037,ES-CS,Castellón/Castelló,1,3,2023-10-20T00:04:16Z,OpenStreetMap (ODbL)
node/10838102415,Molló de la Coma,Molló de la Coma,,918,918.0,40.5325334,0.019216,ES-CS,Castellón/Castelló,1,2,2025-05-10T08:59:55Z,OpenStreetMap (ODbL)
node/10871546069,Alto del Collado,,,743,743.0,39.9763899,-0.3903539,ES-CS,Castellón/Castelló,1,1,2023-05-05T18:31:02Z,OpenStreetMap (ODbL)
node/10879772030,Tossalet de la Dona,Tossalet de la Dona,,668,668.0,38.795362,-0.3095013,ES-A,Alicante/Alacant,1,2,2023-10-09T23:26:02Z,OpenStreetMap (ODbL)
node/10880927893,Tossal de la Sàlvia,Tossal de la Sàlvia,,649,649.0,38.8661294,-0.2420536,ES-V,Valencia/València,1,2,2023-10-19T23:09:56Z,OpenStreetMap (ODbL)
node/10880927894,Tossal de la Mallada de les Mates,Tossal de la Mallada de les Mates,,652,652.0,38.8636988,-0.2440802,ES-V,Valencia/València,1,2,2023-10-19T23:09:56Z,OpenStreetMap (ODbL)
node/10882049663,Alt del Racó dels Castanyos,Alt del Racó dels Castanyos,,524,524.0,38.8987526,-0.6447735,ES-V,Valencia/València,1,2,2023-10-09T23:27:07Z,OpenStreetMap (ODbL)
node/10882049673,Alt de Vila,Alt de Vila,,548,548.0,38.8967737,-0.6510016,ES-V,Valencia/València,1,2,2023-10-09T23:27:07Z,OpenStreetMap (ODbL)
node/10882049674,Altet de la Dominga,,,544,544.0,38.8917656,-0.6515408,ES-V,Valencia/València,1,1,2023-05-09T21:56:45Z,OpenStreetMap (ODbL)
node/10882049675,Alt de la Barcella,Alt de la Barcella,,635,635.0,38.8884399,-0.6554595,ES-V,Valencia/València,1,2,2023-10-09T23:27:07Z,OpenStreetMap (ODbL)
node/10882049676,Altet de Pepinàsio,,,617,617.0,38.8929002,-0.6588712,ES-V,Valencia/València,1,1,2023-05-09T21:56:45Z,OpenStreetMap (ODbL)
node/10882049677,el Gurugú,el Gurugú,,653,653.0,38.8876006,-0.6696591,ES-V,Valencia/València,1,2,2023-10-09T23:27:07Z,OpenStreetMap (ODbL)
node/10891751076,Cantal del Pixador,Cantal del Pixador,,1069,1069.0,38.5043904,-0.6121404,ES-A,Alicante/Alacant,1,1,2023-05-12T20:24:29Z,OpenStreetMap (ODbL)
node/10892136954,Tossal del Pont d'Aire,Tossal del Pont d'Aire,,449,449.0,38.8290585,-0.1541412,ES-A,Alicante/Alacant,1,3,2026-05-17T19:09:46Z,OpenStreetMap (ODbL)
node/10900647029,Tossal del Ros,,,828,828.0,38.7896047,-0.2326216,ES-A,Alicante/Alacant,1,1,2023-05-15T22:58:47Z,OpenStreetMap (ODbL)
node/10900647035,Tossal de Bartolo,,,841,841.0,38.7880719,-0.2268808,ES-A,Alicante/Alacant,1,1,2023-05-15T22:58:47Z,OpenStreetMap (ODbL)
node/10900647051,Lloma del Bracet,Lloma del Bracet,,812,812.0,38.7731516,-0.2445046,ES-A,Alicante/Alacant,1,2,2023-10-19T23:09:53Z,OpenStreetMap (ODbL)
node/10911520124,Punta de Benimaquia,Punta de Benimaquia,,218.07,218.07,38.8168291,0.0721668,ES-A,Alicante/Alacant,1,3,2023-10-19T23:09:39Z,OpenStreetMap (ODbL)
node/10911520134,el Campanat,,,473,473.0,38.8106156,0.1064271,ES-A,Alicante/Alacant,1,1,2023-05-19T14:59:52Z,OpenStreetMap (ODbL)
node/10911520135,Tossal de les Mentires,,,592,592.0,38.808265,0.1131374,ES-A,Alicante/Alacant,1,3,2023-12-24T10:34:23Z,OpenStreetMap (ODbL)
node/10923744130,Tossal Redó,Tossal Redó,,800,800.0,38.764884,-0.243046,ES-A,Alicante/Alacant,1,3,2026-05-17T19:09:46Z,OpenStreetMap (ODbL)
node/10924028646,Lloma de Frau,Lloma de Frau,,928,928.0,38.75944,-0.2916231,ES-A,Alicante/Alacant,1,3,2026-05-17T19:09:46Z,OpenStreetMap (ODbL)
node/10926854339,la Mont-ravana,la Mont-ravana,,304,304.0,39.6843129,-0.6680546,ES-V,Valencia/València,1,2,2023-10-09T23:25:17Z,OpenStreetMap (ODbL)
node/10926926005,Tossal de les Forques,Tossal de les Forques,,359,359.0,38.842195,-0.1737501,ES-A,Alicante/Alacant,1,2,2023-10-09T23:27:05Z,OpenStreetMap (ODbL)
node/10940352534,Montcúdio,Montcúdio,,524,524.0,39.6722001,-0.4073471,ES-V,Valencia/València,1,4,2024-02-15T14:52:29Z,OpenStreetMap (ODbL)
node/10940352537,Puntal de la Mallada,,,551,551.0,39.6789009,-0.3967237,ES-V,Valencia/València,1,1,2023-05-30T17:51:16Z,OpenStreetMap (ODbL)
node/10961385474,les Bateries,les Bateries,,719,719.0,40.1298058,-0.2822671,ES-CS,Castellón/Castelló,1,3,2024-07-23T19:22:52Z,OpenStreetMap (ODbL)
node/10961399444,Tossal del Cabeço,Tossal del Cabeço,,1001,1001.0,40.1590927,-0.3557749,ES-CS,Castellón/Castelló,1,5,2023-11-10T19:36:56Z,OpenStreetMap (ODbL)
node/10967626083,el Mallol,el Mallol,,718,718.0,39.9043127,-0.3226161,ES-CS,Castellón/Castelló,1,1,2023-06-10T11:29:44Z,OpenStreetMap (ODbL)
node/10969425736,les Sendes,les Sendes,,521,521.0,39.8786832,-0.2398096,ES-CS,Castellón/Castelló,1,3,2024-10-22T10:36:28Z,OpenStreetMap (ODbL)
node/11012659886,la Buitrera,,,111,111.0,39.7584293,-0.2241966,ES-CS,Castellón/Castelló,1,2,2026-04-01T00:38:07Z,OpenStreetMap (ODbL)
node/11012659901,la Corona,la Corona,,101,101.0,39.7566838,-0.2317113,ES-CS,Castellón/Castelló,1,3,2024-03-09T13:52:46Z,OpenStreetMap (ODbL)
node/11035968488,el Regall,,,273,273.0,39.6626425,-0.3209344,ES-V,Valencia/València,1,1,2023-07-09T18:46:34Z,OpenStreetMap (ODbL)
node/11035968490,la Taleca,,,274,274.0,39.6650005,-0.32444,ES-V,Valencia/València,1,1,2023-07-09T18:46:34Z,OpenStreetMap (ODbL)
node/11047697275,,,,232,232.0,39.0233443,-0.6142776,ES-V,Valencia/València,1,1,2023-07-15T07:33:51Z,OpenStreetMap (ODbL)
node/11047816867,,,,311,311.0,39.0893321,-0.6467014,ES-V,Valencia/València,1,1,2023-07-15T10:32:08Z,OpenStreetMap (ODbL)
node/11048366799,Punta del Morico,Punta del Morico,,211,211.0,39.0992982,-0.6420086,ES-V,Valencia/València,1,3,2023-10-09T23:26:47Z,OpenStreetMap (ODbL)
node/11049230866,,,,546,546.0,38.7012656,-0.0236774,ES-A,Alicante/Alacant,1,1,2023-07-16T11:12:49Z,OpenStreetMap (ODbL)
node/11049255457,,,,,,38.7008515,-0.0361011,ES-A,Alicante/Alacant,1,1,2023-07-16T11:12:49Z,OpenStreetMap (ODbL)
node/11049255458,,,,490,490.0,38.6974924,-0.0385959,ES-A,Alicante/Alacant,1,1,2023-07-16T11:12:49Z,OpenStreetMap (ODbL)
node/11050349241,Penya d'en Soliveres,,,685,685.0,38.7111353,-0.1345376,ES-A,Alicante/Alacant,1,2,2023-12-24T16:02:20Z,OpenStreetMap (ODbL)
node/11050368465,,,,779,779.0,38.7230822,-0.1618953,ES-A,Alicante/Alacant,1,1,2023-07-17T05:27:03Z,OpenStreetMap (ODbL)
node/11050371522,Lloma de Sacanyada,Lloma de Sacanyada,,964,964.0,38.6998112,-0.1642348,ES-A,Alicante/Alacant,1,3,2023-08-29T06:45:32Z,OpenStreetMap (ODbL)
node/11050371805,,,,646,646.0,38.708326,-0.1291599,ES-A,Alicante/Alacant,1,1,2023-07-17T04:53:05Z,OpenStreetMap (ODbL)
node/11050371815,sa Penya des Niu,,,704,704.0,38.7053005,-0.1263575,ES-A,Alicante/Alacant,1,3,2025-05-13T16:54:21Z,OpenStreetMap (ODbL)
node/11050395497,,,,732,732.0,38.7697489,-0.2015678,ES-A,Alicante/Alacant,1,1,2023-07-17T05:28:49Z,OpenStreetMap (ODbL)
node/11050429751,,,,771,771.0,38.7693913,-0.2097839,ES-A,Alicante/Alacant,1,1,2023-07-17T06:20:01Z,OpenStreetMap (ODbL)
node/11050755141,Penya de la Cova,Penya de la Cova,,703,703.0,38.7582627,-0.2359982,ES-A,Alicante/Alacant,1,3,2023-12-24T15:15:32Z,OpenStreetMap (ODbL)
node/11050755145,,,,1125,1125.0,38.7435229,-0.2519046,ES-A,Alicante/Alacant,1,2,2023-12-24T15:09:39Z,OpenStreetMap (ODbL)
node/11050773228,,,,921,921.0,38.7619344,-0.2831242,ES-A,Alicante/Alacant,1,1,2023-07-17T10:07:48Z,OpenStreetMap (ODbL)
node/11050793917,,,,841,841.0,38.7682529,-0.2604252,ES-A,Alicante/Alacant,1,1,2023-07-17T10:22:51Z,OpenStreetMap (ODbL)
node/11050932206,,,,590,590.0,38.7832143,-0.2941625,ES-A,Alicante/Alacant,1,1,2023-07-17T11:51:58Z,OpenStreetMap (ODbL)
node/11051433450,Llometa dels Gossos,Llometa dels Gossos,,667,667.0,38.8624578,-0.2465857,ES-V,Valencia/València,1,2,2023-10-19T23:09:56Z,OpenStreetMap (ODbL)
node/11051433456,Penya Blanca,Penya Blanca,,951,951.0,38.8585617,-0.2459489,ES-A,Alicante/Alacant,1,2,2023-10-09T23:27:05Z,OpenStreetMap (ODbL)
node/11051433817,Penya de l'Heura,,,468,468.0,38.8754644,-0.3324414,ES-V,Valencia/València,1,2,2023-12-24T10:21:25Z,OpenStreetMap (ODbL)
node/11052113789,,,,297,297.0,39.0668077,-0.6287774,ES-V,Valencia/València,1,1,2023-07-18T04:45:10Z,OpenStreetMap (ODbL)
node/11052113977,,,,92,92.0,39.0680033,-0.6097652,ES-V,Valencia/València,1,1,2023-07-18T04:45:10Z,OpenStreetMap (ODbL)
node/11052134258,,,,278,278.0,39.1438654,-0.6780712,ES-V,Valencia/València,1,1,2023-07-18T05:05:36Z,OpenStreetMap (ODbL)
node/11052136850,Loma de Perez,,,291,291.0,39.137981,-0.6812935,ES-V,Valencia/València,1,1,2023-07-18T05:05:36Z,OpenStreetMap (ODbL)
node/11052416901,,,,311,311.0,39.1045215,-0.6675461,ES-V,Valencia/València,1,2,2023-12-19T20:05:06Z,OpenStreetMap (ODbL)
node/11052748549,,,,278,278.0,39.080208,-0.6296702,ES-V,Valencia/València,1,1,2023-07-18T11:54:36Z,OpenStreetMap (ODbL)
node/11052748558,,,,297,297.0,39.0746166,-0.6283142,ES-V,Valencia/València,1,1,2023-07-18T11:54:36Z,OpenStreetMap (ODbL)
node/11052748560,,,,303,303.0,39.0709317,-0.6303584,ES-V,Valencia/València,1,1,2023-07-18T11:54:36Z,OpenStreetMap (ODbL)
node/11052748564,,,,207,207.0,39.0678135,-0.6188809,ES-V,Valencia/València,1,1,2023-07-18T11:54:36Z,OpenStreetMap (ODbL)
node/11053060777,,,,560,560.0,38.837841,-0.2863211,ES-A,Alicante/Alacant,1,1,2023-07-18T14:09:29Z,OpenStreetMap (ODbL)
node/11053063971,,,,266,266.0,39.1618633,-0.6645966,ES-V,Valencia/València,1,1,2023-07-18T13:49:30Z,OpenStreetMap (ODbL)
node/11053064101,,,,307,307.0,39.1477101,-0.618822,ES-V,Valencia/València,1,2,2023-12-24T13:40:02Z,OpenStreetMap (ODbL)
node/11053064192,,,,310,310.0,39.2286355,-0.6015755,ES-V,Valencia/València,1,1,2023-07-18T13:49:30Z,OpenStreetMap (ODbL)
node/11053126173,,,,726,726.0,38.8442984,-0.254545,ES-A,Alicante/Alacant,1,1,2023-07-18T14:09:29Z,OpenStreetMap (ODbL)
node/11053126177,,,,734,734.0,38.8451805,-0.2496834,ES-A,Alicante/Alacant,1,1,2023-07-18T14:09:29Z,OpenStreetMap (ODbL)
node/11053126178,,,,733,733.0,38.8469529,-0.2478457,ES-A,Alicante/Alacant,1,1,2023-07-18T14:09:29Z,OpenStreetMap (ODbL)
node/11053126179,,,,712,712.0,38.8473369,-0.2438277,ES-A,Alicante/Alacant,1,1,2023-07-18T14:09:29Z,OpenStreetMap (ODbL)
node/11054356488,,,,414,414.0,38.8473587,-0.3030567,ES-A,Alicante/Alacant,1,1,2023-07-19T08:28:19Z,OpenStreetMap (ODbL)
node/11054597273,Cerro Chato,,,779,779.0,39.6620003,-0.9970744,ES-V,Valencia/València,1,1,2023-07-19T10:51:37Z,OpenStreetMap (ODbL)
node/11054744284,Tossal Gros,Tossal Gros,,331,331.0,38.7492112,0.1167284,ES-A,Alicante/Alacant,1,2,2023-10-19T23:09:39Z,OpenStreetMap (ODbL)
node/11055092323,,,,496,496.0,38.8647524,-0.3069272,ES-A,Alicante/Alacant,1,1,2023-07-19T15:40:47Z,OpenStreetMap (ODbL)
node/11055111303,,,,833,833.0,38.8670211,-0.319742,ES-A,Alicante/Alacant,1,1,2023-07-19T15:40:47Z,OpenStreetMap (ODbL)
node/11055111418,,,,500,500.0,38.8536721,-0.3040125,ES-A,Alicante/Alacant,1,2,2023-10-07T17:25:32Z,OpenStreetMap (ODbL)
node/11055111419,el Carrascar,,,469,469.0,38.8544918,-0.3005914,ES-A,Alicante/Alacant,1,2,2023-12-24T11:48:38Z,OpenStreetMap (ODbL)
node/11055111421,Tossal dels Diners,Tossal dels Diners,,479,479.0,38.8523092,-0.2989165,ES-A,Alicante/Alacant,1,3,2023-12-15T08:42:42Z,OpenStreetMap (ODbL)
node/11055111422,,,,508,508.0,38.8511908,-0.2949421,ES-A,Alicante/Alacant,1,1,2023-07-19T15:40:47Z,OpenStreetMap (ODbL)
node/11055111424,el Senyal de la Bala,,,534,534.0,38.8547382,-0.2903469,ES-A,Alicante/Alacant,1,3,2026-05-17T19:09:46Z,OpenStreetMap (ODbL)
node/11055111482,,,,563,563.0,38.8628071,-0.2890483,ES-A,Alicante/Alacant,1,1,2023-07-19T15:40:47Z,OpenStreetMap (ODbL)
node/11055111483,,,,582,582.0,38.8623097,-0.287932,ES-A,Alicante/Alacant,1,1,2023-07-19T15:40:47Z,OpenStreetMap (ODbL)
node/11055111748,,,,382,382.0,38.8716361,-0.274934,ES-V,Valencia/València,1,1,2023-07-19T15:40:47Z,OpenStreetMap (ODbL)
node/11055805246,Tossal del Calvari,Tossal del Calvari,,1309,1309.0,40.2919642,-0.2969445,ES-CS,Castellón/Castelló,1,2,2023-10-19T23:09:58Z,OpenStreetMap (ODbL)
node/11057263915,,,,568,568.0,38.8250941,-0.1973967,ES-A,Alicante/Alacant,1,1,2023-07-20T18:17:34Z,OpenStreetMap (ODbL)
node/11057263916,,,,570,570.0,38.8272236,-0.1934546,ES-A,Alicante/Alacant,1,1,2023-07-20T18:17:34Z,OpenStreetMap (ODbL)
node/11057263917,,,,630,630.0,38.8271521,-0.1915129,ES-A,Alicante/Alacant,1,1,2023-07-20T18:17:34Z,OpenStreetMap (ODbL)
node/11057941899,,,,490,490.0,38.8063339,-0.1804538,ES-A,Alicante/Alacant,1,1,2023-07-21T04:33:19Z,OpenStreetMap (ODbL)
node/11057941902,els Penyals,els Penyals,,519,519.0,38.804345,-0.1803692,ES-A,Alicante/Alacant,1,6,2026-01-20T23:05:16Z,OpenStreetMap (ODbL)
node/11057962129,Penya de la Cova Roja,Penya de la Cova Roja,,526,526.0,38.801826,-0.1822833,ES-A,Alicante/Alacant,1,2,2023-10-09T23:27:04Z,OpenStreetMap (ODbL)
node/11057962206,,,,518,518.0,38.8008856,-0.1754232,ES-A,Alicante/Alacant,1,1,2023-07-21T04:33:19Z,OpenStreetMap (ODbL)
node/11057978615,,,,616,616.0,38.810316,-0.20458,ES-A,Alicante/Alacant,1,1,2023-07-21T05:09:31Z,OpenStreetMap (ODbL)
node/11057991287,,,,324,324.0,38.8435931,-0.1838696,ES-A,Alicante/Alacant,1,1,2023-07-21T05:50:00Z,OpenStreetMap (ODbL)
node/11057991288,,,,346,346.0,38.8411666,-0.1852456,ES-A,Alicante/Alacant,1,1,2023-07-21T05:50:00Z,OpenStreetMap (ODbL)
node/11059341342,,,,181,181.0,38.8134065,0.0736246,ES-A,Alicante/Alacant,1,1,2023-07-21T12:01:50Z,OpenStreetMap (ODbL)
node/11059341360,,,,219,219.0,38.8113325,0.0827252,ES-A,Alicante/Alacant,1,1,2023-07-21T12:01:50Z,OpenStreetMap (ODbL)
node/11059341400,,,,712,712.0,38.806559,0.1246318,ES-A,Alicante/Alacant,1,3,2023-12-24T10:34:23Z,OpenStreetMap (ODbL)
node/11059652573,,,,496,496.0,38.8736208,-0.3383393,ES-V,Valencia/València,1,3,2023-12-24T10:21:25Z,OpenStreetMap (ODbL)
node/11059652628,Penyes Albes,Penyes Albes,,663,663.0,38.8776128,-0.3210503,ES-V,Valencia/València,1,2,2023-10-09T23:25:33Z,OpenStreetMap (ODbL)
node/11059652676,,,,699,699.0,38.8628711,-0.3387103,ES-V,Valencia/València,1,1,2023-07-21T14:47:13Z,OpenStreetMap (ODbL)
node/11059728165,,,,461,461.0,38.8571765,-0.3995239,ES-V,Valencia/València,1,1,2023-07-21T15:28:03Z,OpenStreetMap (ODbL)
node/11059840560,,,,642,642.0,38.9910212,-0.2876962,ES-V,Valencia/València,1,1,2023-07-21T17:11:27Z,OpenStreetMap (ODbL)
node/11059840564,,,,429,429.0,38.9853856,-0.2858724,ES-V,Valencia/València,1,1,2023-07-21T17:11:27Z,OpenStreetMap (ODbL)
node/11059840566,,,,471,471.0,38.9901036,-0.275784,ES-V,Valencia/València,1,1,2023-07-21T17:11:27Z,OpenStreetMap (ODbL)
node/11059840567,,,,484,484.0,38.9899981,-0.2771223,ES-V,Valencia/València,1,1,2023-07-21T17:11:27Z,OpenStreetMap (ODbL)
node/11059840578,,,,685,685.0,38.9870832,-0.2962361,ES-V,Valencia/València,1,2,2023-12-23T22:16:52Z,OpenStreetMap (ODbL)
node/11059840580,Lloma Rasa,Lloma Rasa,,630,630.0,38.9830297,-0.3126832,ES-V,Valencia/València,1,2,2023-10-09T23:26:01Z,OpenStreetMap (ODbL)
node/11059840585,Alt de las Raconades,,,461,461.0,38.9814405,-0.3227438,ES-V,Valencia/València,1,1,2023-07-21T17:11:27Z,OpenStreetMap (ODbL)
node/11059840586,Penya Llarga,Penya Llarga,,466,466.0,38.9623702,-0.333286,ES-V,Valencia/València,1,2,2023-10-09T23:26:01Z,OpenStreetMap (ODbL)
node/11059840590,Tossal de la Creu,,,564,564.0,38.9796705,-0.3513062,ES-V,Valencia/València,1,1,2023-07-21T17:11:27Z,OpenStreetMap (ODbL)
node/11059840595,Alt de la Carrasca,Alt de la Carrasca,,561,561.0,38.9970543,-0.3371205,ES-V,Valencia/València,1,2,2023-07-22T06:19:55Z,OpenStreetMap (ODbL)
node/11059960898,,,,415,415.0,39.0027184,-0.2741574,ES-V,Valencia/València,1,1,2023-07-21T17:49:10Z,OpenStreetMap (ODbL)
node/11060934093,,,,706,706.0,38.9962766,-0.3126245,ES-V,Valencia/València,1,1,2023-07-22T04:15:19Z,OpenStreetMap (ODbL)
node/11061038509,,,,558,558.0,38.990205,-0.3280964,ES-V,Valencia/València,1,1,2023-07-22T04:15:19Z,OpenStreetMap (ODbL)
node/11061038587,,,,738,738.0,38.995845,-0.3018838,ES-V,Valencia/València,1,1,2023-07-22T04:15:19Z,OpenStreetMap (ODbL)
node/11061038588,,,,713,713.0,38.9915022,-0.2993196,ES-V,Valencia/València,1,1,2023-07-22T04:15:19Z,OpenStreetMap (ODbL)
node/11061071366,,,,583,583.0,39.0244741,-0.3393965,ES-V,Valencia/València,1,2,2023-12-23T21:21:36Z,OpenStreetMap (ODbL)
node/11061129069,,,,120,120.0,39.069056,-0.3271102,ES-V,Valencia/València,1,1,2023-07-22T04:47:47Z,OpenStreetMap (ODbL)
node/11061143769,,,,569,569.0,39.0295753,-0.3420199,ES-V,Valencia/València,1,2,2023-12-23T21:21:36Z,OpenStreetMap (ODbL)
node/11061160499,,,,685,685.0,38.9986897,-0.3100138,ES-V,Valencia/València,1,1,2023-07-22T06:14:09Z,OpenStreetMap (ODbL)
node/11061185756,Aldaia,,,751,751.0,39.0004607,-0.2968731,ES-V,Valencia/València,1,3,2024-07-14T17:00:34Z,OpenStreetMap (ODbL)
node/11061186169,,,,702,702.0,38.9944768,-0.3113651,ES-V,Valencia/València,1,1,2023-07-22T06:14:09Z,OpenStreetMap (ODbL)
node/11061186171,,,,595,595.0,38.9966102,-0.3311566,ES-V,Valencia/València,1,1,2023-07-22T06:14:09Z,OpenStreetMap (ODbL)
node/11061357556,,,,682,682.0,39.0189505,-0.2955511,ES-V,Valencia/València,1,1,2023-07-22T09:29:07Z,OpenStreetMap (ODbL)
node/11061489936,,,,303,303.0,38.9985726,-0.2380852,ES-V,Valencia/València,1,1,2023-07-22T11:56:33Z,OpenStreetMap (ODbL)
node/11061490014,Penya Roja,Penya Roja,,219,219.0,38.9878756,-0.2301137,ES-V,Valencia/València,1,2,2023-10-09T23:25:06Z,OpenStreetMap (ODbL)
node/11061574533,,,,179,179.0,39.0363297,-0.4167398,ES-V,Valencia/València,1,1,2023-07-22T12:55:37Z,OpenStreetMap (ODbL)
node/11061574534,el Raboser,el Raboser,,192,192.0,39.0338942,-0.416713,ES-V,Valencia/València,1,3,2023-10-20T00:02:39Z,OpenStreetMap (ODbL)
node/11061574541,,,,232,232.0,39.0336924,-0.4228308,ES-V,Valencia/València,1,1,2023-07-22T12:55:37Z,OpenStreetMap (ODbL)
node/11061574558,,,,132,132.0,39.0237457,-0.4677328,ES-V,Valencia/València,1,1,2023-07-22T12:55:37Z,OpenStreetMap (ODbL)
node/11061833026,,,,93,93.0,39.0778477,-0.6158031,ES-V,Valencia/València,1,1,2023-07-22T15:55:41Z,OpenStreetMap (ODbL)
node/11062698815,Lloma Llarga,Lloma Llarga,,258,258.0,39.1113121,-0.6187099,ES-V,Valencia/València,1,2,2023-10-09T23:22:14Z,OpenStreetMap (ODbL)
node/11062713821,,,,540,540.0,38.8208119,-0.1567237,ES-A,Alicante/Alacant,1,1,2023-07-23T03:48:58Z,OpenStreetMap (ODbL)
node/11062713823,,,,537,537.0,38.8202848,-0.1492164,ES-A,Alicante/Alacant,1,1,2023-07-23T03:48:58Z,OpenStreetMap (ODbL)
node/11062739417,,,,621,621.0,38.81476,-0.1522882,ES-A,Alicante/Alacant,1,1,2023-07-23T07:02:39Z,OpenStreetMap (ODbL)
node/11062881775,Penya Roja,Penya Roja,,352,352.0,38.8361149,-0.1649969,ES-A,Alicante/Alacant,1,2,2023-10-09T23:22:44Z,OpenStreetMap (ODbL)
node/11062907915,Tossal dels Coloms,,,501,501.0,38.8111003,-0.1805426,ES-A,Alicante/Alacant,1,2,2023-12-20T20:59:32Z,OpenStreetMap (ODbL)
node/11063248718,Lloma de la Cervera,Lloma de la Cervera,,514,514.0,38.4725173,-0.6541503,ES-A,Alicante/Alacant,1,2,2023-10-09T23:18:45Z,OpenStreetMap (ODbL)
node/11063248719,Cabeç de Mahoma,,,809,809.0,38.4903104,-0.6237286,ES-A,Alicante/Alacant,1,1,2023-07-23T13:55:49Z,OpenStreetMap (ODbL)
node/11064285720,,,,276,276.0,39.0976285,-0.3842957,ES-V,Valencia/València,1,5,2026-02-20T18:09:39Z,OpenStreetMap (ODbL)
node/11064675972,,,,275,275.0,39.1224263,-0.5991592,ES-V,Valencia/València,1,1,2023-07-24T10:45:35Z,OpenStreetMap (ODbL)
node/11064675976,,,,275,275.0,39.1258205,-0.6024957,ES-V,Valencia/València,1,1,2023-07-24T10:45:35Z,OpenStreetMap (ODbL)
node/11064675978,,,,276,276.0,39.1276199,-0.6048996,ES-V,Valencia/València,1,1,2023-07-24T10:45:35Z,OpenStreetMap (ODbL)
node/11064675979,,,,274,274.0,39.1292224,-0.6079846,ES-V,Valencia/València,1,1,2023-07-24T10:45:35Z,OpenStreetMap (ODbL)
node/11065224389,,,,204,204.0,39.0857355,-0.6297691,ES-V,Valencia/València,1,2,2023-12-19T19:49:35Z,OpenStreetMap (ODbL)
node/11065224393,,,,224,224.0,39.0827714,-0.6316935,ES-V,Valencia/València,1,1,2023-07-24T15:35:25Z,OpenStreetMap (ODbL)
node/11066117084,,,,649,649.0,38.7101482,0.0058593,ES-A,Alicante/Alacant,1,1,2023-07-25T03:41:21Z,OpenStreetMap (ODbL)
node/11066434772,,,,369,369.0,38.7378175,0.0345694,ES-A,Alicante/Alacant,1,1,2023-07-25T08:04:40Z,OpenStreetMap (ODbL)
node/11066434788,,,,385,385.0,38.7428902,0.0421091,ES-A,Alicante/Alacant,1,1,2023-07-25T08:04:40Z,OpenStreetMap (ODbL)
node/11066474945,Muntanya dels Surdos,,,255,255.0,38.7540022,0.0418984,ES-A,Alicante/Alacant,1,2,2023-12-19T19:35:59Z,OpenStreetMap (ODbL)
node/11066474947,,,,368,368.0,38.74814,0.0438387,ES-A,Alicante/Alacant,1,1,2023-07-25T08:04:40Z,OpenStreetMap (ODbL)
node/11066475030,Tossal de Llacinta,,,387,387.0,38.749437,0.0469545,ES-A,Alicante/Alacant,1,5,2023-12-05T16:41:47Z,OpenStreetMap (ODbL)
node/11067389582,Tossalet de l'Ullastre,Tossalet de l'Ullastre,,101,101.0,38.7671839,0.1174183,ES-A,Alicante/Alacant,1,3,2026-05-17T19:09:46Z,OpenStreetMap (ODbL)
node/11068901037,,,,320,320.0,38.7395486,0.0683554,ES-A,Alicante/Alacant,1,1,2023-07-26T11:26:46Z,OpenStreetMap (ODbL)
node/11069024001,Alto de la Zorra,,,252,252.0,39.127721,-0.6952256,ES-V,Valencia/València,1,1,2023-07-26T13:07:59Z,OpenStreetMap (ODbL)
node/11069094171,La Garita,,,290,290.0,39.1507465,-0.6823134,ES-V,Valencia/València,1,2,2023-12-18T23:04:10Z,OpenStreetMap (ODbL)
node/11069291158,Alto de Tous,,,323,323.0,39.1110408,-0.6699759,ES-V,Valencia/València,1,3,2024-10-10T04:49:47Z,OpenStreetMap (ODbL)
node/11070524951,,,,1161,1161.0,38.6950052,-0.1671859,ES-A,Alicante/Alacant,1,1,2023-07-27T06:17:19Z,OpenStreetMap (ODbL)
node/11070524953,,,,1211,1211.0,38.6949148,-0.1637656,ES-A,Alicante/Alacant,1,1,2023-07-27T06:17:19Z,OpenStreetMap (ODbL)
node/11070524954,,,,1211,1211.0,38.6953014,-0.1646884,ES-A,Alicante/Alacant,1,1,2023-07-27T06:17:19Z,OpenStreetMap (ODbL)
node/11070524958,,,,1143,1143.0,38.6918686,-0.1592041,ES-A,Alicante/Alacant,1,1,2023-07-27T06:17:19Z,OpenStreetMap (ODbL)
node/11070524960,Cerro dels Parats,,,1147,1147.0,38.6914682,-0.1573975,ES-A,Alicante/Alacant,1,1,2023-07-27T06:17:19Z,OpenStreetMap (ODbL)
node/11070524961,,,,1152,1152.0,38.6932882,-0.1615931,ES-A,Alicante/Alacant,1,1,2023-07-27T06:17:19Z,OpenStreetMap (ODbL)
node/11070524963,,,,1132,1132.0,38.6926495,-0.1663346,ES-A,Alicante/Alacant,1,1,2023-07-27T06:17:19Z,OpenStreetMap (ODbL)
node/11070524992,Morro de les Mentires,,,956,956.0,38.6989501,-0.1648887,ES-A,Alicante/Alacant,1,2,2023-09-05T15:17:31Z,OpenStreetMap (ODbL)
node/11070524995,,,,1141,1141.0,38.6988175,-0.1787399,ES-A,Alicante/Alacant,1,1,2023-07-27T06:17:19Z,OpenStreetMap (ODbL)
node/11070524996,,,,1131,1131.0,38.698802,-0.1794953,ES-A,Alicante/Alacant,1,1,2023-07-27T06:17:19Z,OpenStreetMap (ODbL)
node/11070729736,,,,1049,1049.0,38.6980737,-0.1834558,ES-A,Alicante/Alacant,1,1,2023-07-27T08:18:52Z,OpenStreetMap (ODbL)
node/11070729737,,,,1036,1036.0,38.6984947,-0.1826114,ES-A,Alicante/Alacant,1,1,2023-07-27T08:18:52Z,OpenStreetMap (ODbL)
node/11070729738,,,,932,932.0,38.699076,-0.1911881,ES-A,Alicante/Alacant,1,1,2023-07-27T08:18:52Z,OpenStreetMap (ODbL)
node/11070729743,Peya de Migjom,,,1001,1001.0,38.6964755,-0.1889578,ES-A,Alicante/Alacant,1,2,2026-05-17T19:09:46Z,OpenStreetMap (ODbL)
node/11070729756,,,,1095,1095.0,38.694111,-0.1777421,ES-A,Alicante/Alacant,1,1,2023-07-27T08:18:52Z,OpenStreetMap (ODbL)
node/11070729757,,,,1090,1090.0,38.6938009,-0.175849,ES-A,Alicante/Alacant,1,1,2023-07-27T08:18:52Z,OpenStreetMap (ODbL)
node/11070729758,,,,1096,1096.0,38.6931893,-0.1742504,ES-A,Alicante/Alacant,1,1,2023-07-27T08:18:52Z,OpenStreetMap (ODbL)
node/11070729761,,,,1080,1080.0,38.6899676,-0.1719588,ES-A,Alicante/Alacant,1,1,2023-07-27T08:18:52Z,OpenStreetMap (ODbL)
node/11070729763,,,,1080,1080.0,38.6906892,-0.1699043,ES-A,Alicante/Alacant,1,1,2023-07-27T08:18:52Z,OpenStreetMap (ODbL)
node/11070729764,,,,1155,1155.0,38.6900966,-0.1641466,ES-A,Alicante/Alacant,1,1,2023-07-27T08:18:52Z,OpenStreetMap (ODbL)
node/11070739726,,,,735,735.0,38.6805301,-0.1700872,ES-A,Alicante/Alacant,1,1,2023-07-27T08:18:52Z,OpenStreetMap (ODbL)
node/11070739735,,,,671,671.0,38.6782033,-0.1660605,ES-A,Alicante/Alacant,1,1,2023-07-27T08:18:52Z,OpenStreetMap (ODbL)
node/11070739737,,,,659,659.0,38.6765558,-0.1632675,ES-A,Alicante/Alacant,1,1,2023-07-27T08:18:52Z,OpenStreetMap (ODbL)
node/11070739739,,,,646,646.0,38.6760147,-0.161988,ES-A,Alicante/Alacant,1,1,2023-07-27T08:18:52Z,OpenStreetMap (ODbL)
node/11070739741,,,,645,645.0,38.6753854,-0.1612091,ES-A,Alicante/Alacant,1,1,2023-07-27T08:18:52Z,OpenStreetMap (ODbL)
node/11070794822,Tossal Redó,,,633,633.0,38.6726597,-0.1515614,ES-A,Alicante/Alacant,1,1,2023-07-27T08:49:14Z,OpenStreetMap (ODbL)
node/11070794827,Penyó de l'Ombria,,,394,394.0,38.6576259,-0.1525531,ES-A,Alicante/Alacant,1,1,2023-07-27T08:49:14Z,OpenStreetMap (ODbL)
node/11070796293,,,,392,392.0,38.6565193,-0.1515088,ES-A,Alicante/Alacant,1,2,2023-09-29T16:54:36Z,OpenStreetMap (ODbL)
node/11071202638,Tossal de Menga,Tossal de Menga,,375,375.0,38.6491815,-0.1501779,ES-A,Alicante/Alacant,1,2,2023-10-09T23:24:25Z,OpenStreetMap (ODbL)
node/11071202853,,,,318,318.0,38.6370117,-0.1380375,ES-A,Alicante/Alacant,1,1,2023-07-27T12:53:11Z,OpenStreetMap (ODbL)
node/11071202954,,,,216,216.0,38.6453827,-0.1282958,ES-A,Alicante/Alacant,1,1,2023-07-27T12:53:11Z,OpenStreetMap (ODbL)
node/11071202955,,,,211,211.0,38.6460863,-0.1289413,ES-A,Alicante/Alacant,1,1,2023-07-27T12:53:11Z,OpenStreetMap (ODbL)
node/11071202956,,,,214,214.0,38.64669,-0.128365,ES-A,Alicante/Alacant,1,1,2023-07-27T12:53:11Z,OpenStreetMap (ODbL)
node/11071203105,Peya Molla,,,370,370.0,38.6413014,-0.151802,ES-A,Alicante/Alacant,1,1,2023-07-27T12:53:11Z,OpenStreetMap (ODbL)
node/11071203106,,,,392,392.0,38.6504187,-0.153784,ES-A,Alicante/Alacant,1,1,2023-07-27T12:53:11Z,OpenStreetMap (ODbL)
node/11071249395,,,,1051,1051.0,38.6387571,-0.1836989,ES-A,Alicante/Alacant,1,1,2023-07-27T13:36:20Z,OpenStreetMap (ODbL)
node/11071249396,,,,983,983.0,38.6368035,-0.1832643,ES-A,Alicante/Alacant,1,1,2023-07-27T13:36:20Z,OpenStreetMap (ODbL)
node/11071249399,Morro de la Molinera,,,1056,1056.0,38.6458372,-0.18732,ES-A,Alicante/Alacant,1,1,2023-07-27T13:36:20Z,OpenStreetMap (ODbL)
node/11071282032,,,,1275,1275.0,38.6504686,-0.2144571,ES-A,Alicante/Alacant,1,2,2025-03-16T06:27:32Z,OpenStreetMap (ODbL)
node/11071282091,,,,954,954.0,38.6535005,-0.2084301,ES-A,Alicante/Alacant,1,1,2023-07-27T13:36:20Z,OpenStreetMap (ODbL)
node/11071282094,,,,1030,1030.0,38.6593915,-0.2275764,ES-A,Alicante/Alacant,1,2,2025-03-16T06:27:32Z,OpenStreetMap (ODbL)
node/11071793011,,,,398,398.0,38.4810117,-0.5314205,ES-A,Alicante/Alacant,1,1,2023-07-27T18:52:44Z,OpenStreetMap (ODbL)
node/11072918053,,,,506,506.0,38.6514917,-0.1639802,ES-A,Alicante/Alacant,1,1,2023-07-28T09:46:08Z,OpenStreetMap (ODbL)
node/11072918098,,,,374,374.0,38.6426356,-0.1470349,ES-A,Alicante/Alacant,1,1,2023-07-28T09:46:08Z,OpenStreetMap (ODbL)
node/11073167399,,,,1056,1056.0,38.6152988,-0.1668355,ES-A,Alicante/Alacant,1,2,2023-09-29T14:17:14Z,OpenStreetMap (ODbL)
node/11073196343,,,,554,554.0,38.62452,-0.1607407,ES-A,Alicante/Alacant,1,1,2023-07-28T11:25:35Z,OpenStreetMap (ODbL)
node/11073196763,,,,504,504.0,38.6077721,-0.1499175,ES-A,Alicante/Alacant,1,1,2023-07-28T11:25:35Z,OpenStreetMap (ODbL)
node/11073214114,,,,1182,1182.0,38.6124227,-0.1768772,ES-A,Alicante/Alacant,1,1,2023-07-28T11:39:12Z,OpenStreetMap (ODbL)
node/11074458368,,,,194,194.0,38.7253217,0.1060505,ES-A,Alicante/Alacant,1,1,2023-07-29T04:30:55Z,OpenStreetMap (ODbL)
node/11074580347,,,,203,203.0,38.726548,0.1825575,ES-A,Alicante/Alacant,1,1,2023-07-29T07:12:05Z,OpenStreetMap (ODbL)
node/11074580348,,,,202,202.0,38.7267506,0.1859759,ES-A,Alicante/Alacant,1,1,2023-07-29T07:12:05Z,OpenStreetMap (ODbL)
node/11074580370,,,,205,205.0,38.7271399,0.1891802,ES-A,Alicante/Alacant,1,2,2023-09-29T17:11:42Z,OpenStreetMap (ODbL)
node/11074665376,,,,207,207.0,38.7237654,0.0874409,ES-A,Alicante/Alacant,1,1,2023-07-29T09:01:58Z,OpenStreetMap (ODbL)
node/11074665377,,,,196,196.0,38.7217417,0.0876947,ES-A,Alicante/Alacant,1,1,2023-07-29T09:01:58Z,OpenStreetMap (ODbL)
node/11074665380,,,,226,226.0,38.7134925,0.0853804,ES-A,Alicante/Alacant,1,1,2023-07-29T09:01:58Z,OpenStreetMap (ODbL)
node/11074665398,,,,279,279.0,38.6954542,0.0788186,ES-A,Alicante/Alacant,1,1,2023-07-29T09:01:58Z,OpenStreetMap (ODbL)
node/11074681554,,,,155,155.0,38.7096246,0.1097819,ES-A,Alicante/Alacant,1,1,2023-07-29T09:07:45Z,OpenStreetMap (ODbL)
node/11074835734,Morro Panxut,Morro Panxut,,137,137.0,38.7661147,0.0754316,ES-A,Alicante/Alacant,1,2,2023-10-09T23:25:07Z,OpenStreetMap (ODbL)
node/11074835799,,,,401,401.0,38.7485438,0.0974199,ES-A,Alicante/Alacant,1,1,2023-07-29T11:13:35Z,OpenStreetMap (ODbL)
node/11074835800,,,,128,128.0,38.7460155,0.0990384,ES-A,Alicante/Alacant,1,1,2023-07-29T11:13:35Z,OpenStreetMap (ODbL)
node/11074847920,,,,377,377.0,38.7465202,0.0839893,ES-A,Alicante/Alacant,1,1,2023-07-29T11:13:35Z,OpenStreetMap (ODbL)
node/11074847922,Tossal Aspre,Tossal Aspre,,378,378.0,38.7527507,0.0828136,ES-A,Alicante/Alacant,1,2,2023-10-09T23:25:07Z,OpenStreetMap (ODbL)
node/11074847928,,,,142,142.0,38.7680723,0.0639325,ES-A,Alicante/Alacant,1,1,2023-07-29T11:13:35Z,OpenStreetMap (ODbL)
node/11074847929,,,,143,143.0,38.7670701,0.0646224,ES-A,Alicante/Alacant,1,2,2024-06-15T17:47:56Z,OpenStreetMap (ODbL)
node/11074847985,,,,144,144.0,38.7672788,0.0536678,ES-A,Alicante/Alacant,1,1,2023-07-29T11:13:35Z,OpenStreetMap (ODbL)
node/11074847986,,,,234,234.0,38.7664185,0.0377673,ES-A,Alicante/Alacant,1,1,2023-07-29T11:13:35Z,OpenStreetMap (ODbL)
node/11074847987,,,,218,218.0,38.7676629,0.0382106,ES-A,Alicante/Alacant,1,1,2023-07-29T11:13:35Z,OpenStreetMap (ODbL)
node/11074847988,,,,229,229.0,38.7685432,0.0385616,ES-A,Alicante/Alacant,1,1,2023-07-29T11:13:35Z,OpenStreetMap (ODbL)
node/11074848053,,,,328,328.0,38.7719867,0.0292143,ES-A,Alicante/Alacant,1,1,2023-07-29T11:13:35Z,OpenStreetMap (ODbL)
node/11074848056,,,,307,307.0,38.7627862,0.0214403,ES-A,Alicante/Alacant,1,1,2023-07-29T11:13:35Z,OpenStreetMap (ODbL)
node/11074848123,,,,338,338.0,38.7596963,0.0229221,ES-A,Alicante/Alacant,1,1,2023-07-29T11:13:35Z,OpenStreetMap (ODbL)
node/11074848124,el Penyot,el Penyot,,245,245.0,38.761105,0.0299095,ES-A,Alicante/Alacant,1,3,2023-10-20T00:03:55Z,OpenStreetMap (ODbL)
node/11074866163,,,,381,381.0,38.8801298,-0.1898149,ES-V,Valencia/València,1,1,2023-07-29T11:38:39Z,OpenStreetMap (ODbL)
node/11074866165,,,,373,373.0,38.8781224,-0.1853575,ES-V,Valencia/València,1,1,2023-07-29T11:38:39Z,OpenStreetMap (ODbL)
node/11074866166,,,,350,350.0,38.8772502,-0.1888092,ES-V,Valencia/València,1,1,2023-07-29T11:38:39Z,OpenStreetMap (ODbL)
node/11074866167,,,,339,339.0,38.8759332,-0.1769142,ES-A,Alicante/Alacant,1,1,2023-07-29T11:38:39Z,OpenStreetMap (ODbL)
node/11074866168,Penya de l'Eixam,Penya de l'Eixam,,287,287.0,38.8736423,-0.1860132,ES-A,Alicante/Alacant,1,2,2023-10-09T23:22:44Z,OpenStreetMap (ODbL)
node/11074866172,,,,343,343.0,38.8791281,-0.1778559,ES-V,Valencia/València,1,1,2023-07-29T11:38:39Z,OpenStreetMap (ODbL)
node/11074876972,,,,286,286.0,38.8864757,-0.1857724,ES-V,Valencia/València,1,1,2023-07-29T11:38:39Z,OpenStreetMap (ODbL)
node/11074876975,,,,134,134.0,38.8919824,-0.1911042,ES-V,Valencia/València,1,1,2023-07-29T11:38:39Z,OpenStreetMap (ODbL)
node/11076305462,,,,181,181.0,38.8805621,-0.2050048,ES-V,Valencia/València,1,1,2023-07-30T02:57:01Z,OpenStreetMap (ODbL)
node/11076305463,,,,189,189.0,38.8803823,-0.2044265,ES-V,Valencia/València,1,1,2023-07-30T02:57:01Z,OpenStreetMap (ODbL)
node/11076305487,,,,625,625.0,38.8522328,-0.1997426,ES-A,Alicante/Alacant,1,1,2023-07-30T02:57:01Z,OpenStreetMap (ODbL)
node/11076310582,,,,912,912.0,38.8045993,-0.2789791,ES-A,Alicante/Alacant,1,1,2023-07-30T04:09:44Z,OpenStreetMap (ODbL)
node/11076310591,,,,843,843.0,38.808479,-0.2603228,ES-A,Alicante/Alacant,1,1,2023-07-30T04:09:44Z,OpenStreetMap (ODbL)
node/11076310592,,,,821,821.0,38.8100584,-0.2577695,ES-A,Alicante/Alacant,1,5,2023-12-15T19:49:36Z,OpenStreetMap (ODbL)
node/11076360965,,,,643,643.0,38.8115074,-0.2260022,ES-A,Alicante/Alacant,1,1,2023-07-30T04:09:44Z,OpenStreetMap (ODbL)
node/11076360966,,,,640,640.0,38.8118526,-0.2240362,ES-A,Alicante/Alacant,1,1,2023-07-30T04:09:44Z,OpenStreetMap (ODbL)
node/11076398949,,,,529,529.0,38.866782,-0.199038,ES-V,Valencia/València,1,1,2023-07-30T05:55:46Z,OpenStreetMap (ODbL)
node/11076398966,,,,536,536.0,38.8544156,-0.1891035,ES-A,Alicante/Alacant,1,1,2023-07-30T05:55:46Z,OpenStreetMap (ODbL)
node/11076398970,Penya del Racó del Roc,Penya del Racó del Roc,,408,408.0,38.8549976,-0.1739917,ES-A,Alicante/Alacant,1,3,2023-11-07T21:46:12Z,OpenStreetMap (ODbL)
node/11076399212,Tossal Redó,Tossal Redó,,518,518.0,38.8734627,-0.2290617,ES-V,Valencia/València,1,2,2023-10-19T23:09:56Z,OpenStreetMap (ODbL)
node/11076399270,Tossalet de l'Alcúdia,Tossalet de l'Alcúdia,,158,158.0,38.8834346,-0.2137682,ES-V,Valencia/València,1,2,2023-10-19T23:09:56Z,OpenStreetMap (ODbL)
node/11076399389,Tossal de Venturo,,,417,417.0,38.8683225,-0.1947598,ES-A,Alicante/Alacant,1,1,2023-07-30T05:24:26Z,OpenStreetMap (ODbL)
node/11076399390,,,,415,415.0,38.8686462,-0.1947478,ES-V,Valencia/València,1,1,2023-07-30T05:24:26Z,OpenStreetMap (ODbL)
node/11076430483,Tossalet del Llamp,,,740,740.0,38.8487096,-0.2361893,ES-A,Alicante/Alacant,1,1,2023-07-30T06:15:42Z,OpenStreetMap (ODbL)
node/11076586065,,,,841,841.0,38.7677367,-0.1334895,ES-A,Alicante/Alacant,1,1,2023-07-30T09:31:50Z,OpenStreetMap (ODbL)
node/11076586067,,,,794,794.0,38.7665069,-0.127248,ES-A,Alicante/Alacant,1,1,2023-07-30T09:31:50Z,OpenStreetMap (ODbL)
node/11076586069,,,,788,788.0,38.7663069,-0.123764,ES-A,Alicante/Alacant,1,1,2023-07-30T09:31:50Z,OpenStreetMap (ODbL)
node/11076586070,,,,743,743.0,38.7660127,-0.1150342,ES-A,Alicante/Alacant,1,1,2023-07-30T09:31:50Z,OpenStreetMap (ODbL)
node/11076586071,,,,746,746.0,38.7659714,-0.1138313,ES-A,Alicante/Alacant,1,1,2023-07-30T09:31:50Z,OpenStreetMap (ODbL)
node/11076586074,,,,734,734.0,38.7659439,-0.1126061,ES-A,Alicante/Alacant,1,1,2023-07-30T09:31:50Z,OpenStreetMap (ODbL)
node/11076586076,,,,740,740.0,38.7659154,-0.1118449,ES-A,Alicante/Alacant,1,1,2023-07-30T09:31:50Z,OpenStreetMap (ODbL)
node/11076586077,,,,741,741.0,38.765776,-0.1106012,ES-A,Alicante/Alacant,1,1,2023-07-30T09:31:50Z,OpenStreetMap (ODbL)
node/11076586078,,,,743,743.0,38.7654516,-0.1085874,ES-A,Alicante/Alacant,1,1,2023-07-30T09:31:50Z,OpenStreetMap (ODbL)
node/11076586079,,,,742,742.0,38.7650835,-0.1065607,ES-A,Alicante/Alacant,1,1,2023-07-30T09:31:50Z,OpenStreetMap (ODbL)
node/11076586080,,,,740,740.0,38.7650382,-0.1059227,ES-A,Alicante/Alacant,1,1,2023-07-30T09:31:50Z,OpenStreetMap (ODbL)
node/11076586081,,,,741,741.0,38.7648448,-0.1042759,ES-A,Alicante/Alacant,1,1,2023-07-30T09:31:50Z,OpenStreetMap (ODbL)
node/11076586085,Pinyons de Laguart,,,766,766.0,38.7654484,-0.0963192,ES-A,Alicante/Alacant,1,3,2025-02-23T14:21:29Z,OpenStreetMap (ODbL)
node/11076586087,Penya del Migdia,,,617,617.0,38.7648803,-0.0921027,ES-A,Alicante/Alacant,1,2,2023-10-08T22:05:05Z,OpenStreetMap (ODbL)
node/11076586103,,,,781,781.0,38.7685083,-0.1527656,ES-A,Alicante/Alacant,1,3,2023-12-24T23:04:20Z,OpenStreetMap (ODbL)
node/11076586104,,,,801,801.0,38.7687596,-0.1551788,ES-A,Alicante/Alacant,1,1,2023-07-30T09:31:50Z,OpenStreetMap (ODbL)
node/11076594605,,,,801,801.0,38.7681695,-0.1564859,ES-A,Alicante/Alacant,1,1,2023-07-30T09:31:50Z,OpenStreetMap (ODbL)
node/11076594607,,,,805,805.0,38.7678865,-0.1587405,ES-A,Alicante/Alacant,1,1,2023-07-30T09:31:50Z,OpenStreetMap (ODbL)
node/11076594609,Penya Roja,Penya Roja,,782,782.0,38.7658889,-0.1611789,ES-A,Alicante/Alacant,1,4,2023-12-24T15:47:48Z,OpenStreetMap (ODbL)
node/11076594610,,,,798,798.0,38.7654751,-0.1631681,ES-A,Alicante/Alacant,1,1,2023-07-30T09:31:50Z,OpenStreetMap (ODbL)
node/11076594611,Penyetes de Moll,Penyetes de Moll,,775,775.0,38.7649937,-0.164975,ES-A,Alicante/Alacant,1,4,2023-12-24T15:47:48Z,OpenStreetMap (ODbL)
node/11076594632,,,,800,800.0,38.7714058,-0.1671614,ES-A,Alicante/Alacant,1,1,2023-07-30T09:31:50Z,OpenStreetMap (ODbL)
node/11076594633,el Cocó d'en Campús,el Cocó d'en Campús,,800,800.0,38.7721099,-0.1662774,ES-A,Alicante/Alacant,1,3,2023-10-20T00:05:26Z,OpenStreetMap (ODbL)
node/11077201918,,,,702,702.0,38.8049362,-0.1012961,ES-A,Alicante/Alacant,1,2,2023-10-09T22:14:21Z,OpenStreetMap (ODbL)
node/11077201921,,,,652,652.0,38.8067605,-0.0960374,ES-A,Alicante/Alacant,1,2,2023-10-09T22:14:21Z,OpenStreetMap (ODbL)
node/11077201925,,,,654,654.0,38.8070053,-0.0867901,ES-A,Alicante/Alacant,1,1,2023-07-30T15:46:52Z,OpenStreetMap (ODbL)
node/11077201929,els Pilars,,,341,341.0,38.8032348,-0.0786053,ES-A,Alicante/Alacant,1,2,2023-10-07T23:50:10Z,OpenStreetMap (ODbL)
node/11077202005,,,,315,315.0,38.7978162,-0.0850168,ES-A,Alicante/Alacant,1,1,2023-07-30T15:46:52Z,OpenStreetMap (ODbL)
node/11077202077,Puntal de Tano,Puntal de Tano,,236,236.0,38.7913573,-0.0886934,ES-A,Alicante/Alacant,1,2,2023-10-19T23:09:48Z,OpenStreetMap (ODbL)
node/11077202088,,,,592,592.0,38.7909784,-0.1147705,ES-A,Alicante/Alacant,1,1,2023-07-30T15:46:52Z,OpenStreetMap (ODbL)
node/11077308946,Lloma de Peres,Lloma de Peres,,348,348.0,38.8253149,-0.1324812,ES-A,Alicante/Alacant,1,2,2023-10-09T23:25:56Z,OpenStreetMap (ODbL)
node/11077339091,,,,444,444.0,38.8244064,-0.1411652,ES-A,Alicante/Alacant,1,1,2023-07-30T17:35:22Z,OpenStreetMap (ODbL)
node/11077339092,,,,439,439.0,38.8240381,-0.1418199,ES-A,Alicante/Alacant,1,1,2023-07-30T17:35:22Z,OpenStreetMap (ODbL)
node/11078022516,,,,281,281.0,38.8385767,-0.1492477,ES-A,Alicante/Alacant,1,1,2023-07-31T05:01:47Z,OpenStreetMap (ODbL)
node/11078022610,la Muntanyeta,,,497,497.0,38.8069794,-0.1739726,ES-A,Alicante/Alacant,1,3,2023-12-20T20:59:32Z,OpenStreetMap (ODbL)
node/11078022649,,,,567,567.0,38.8041715,-0.1983401,ES-A,Alicante/Alacant,1,1,2023-07-31T05:01:47Z,OpenStreetMap (ODbL)
node/11078022651,,,,602,602.0,38.800722,-0.2062084,ES-A,Alicante/Alacant,1,1,2023-07-31T05:01:47Z,OpenStreetMap (ODbL)
node/11078022699,Penya de l'Aguila,,,707,707.0,38.7960104,-0.2105341,ES-A,Alicante/Alacant,1,1,2023-07-31T05:01:47Z,OpenStreetMap (ODbL)
node/11078022703,,,,820,820.0,38.7905935,-0.2106847,ES-A,Alicante/Alacant,1,1,2023-07-31T05:01:47Z,OpenStreetMap (ODbL)
node/11078022705,Lloma Negra,Lloma Negra,,805,805.0,38.7873733,-0.2096491,ES-A,Alicante/Alacant,1,2,2023-10-09T23:27:04Z,OpenStreetMap (ODbL)
node/11078022707,,,,815,815.0,38.7848996,-0.2109622,ES-A,Alicante/Alacant,1,1,2023-07-31T05:01:47Z,OpenStreetMap (ODbL)
node/11078022709,Morro de la Codalla,,,841,841.0,38.7797188,-0.2073807,ES-A,Alicante/Alacant,1,2,2023-11-19T22:13:02Z,OpenStreetMap (ODbL)
node/11078022710,,,,850,850.0,38.781527,-0.2121805,ES-A,Alicante/Alacant,1,1,2023-07-31T05:01:47Z,OpenStreetMap (ODbL)
node/11078022783,Pic de Bartolo,Pic de Bartolo,,811,811.0,38.7887354,-0.2197955,ES-A,Alicante/Alacant,1,2,2023-10-09T23:27:02Z,OpenStreetMap (ODbL)
node/11081985708,Cabezo la Cruz,,,1708,1708.0,40.2441754,-0.5478208,ES-CS,Castellón/Castelló,1,4,2026-05-17T19:09:46Z,OpenStreetMap (ODbL)
node/11100329204,Alto de Ramos,,,1217,1217.0,40.2143103,-0.3900146,ES-CS,Castellón/Castelló,1,1,2023-08-09T00:12:41Z,OpenStreetMap (ODbL)
node/11100334093,Alto de Borrás,,,1064,1064.0,40.2078295,-0.3960349,ES-CS,Castellón/Castelló,1,1,2023-08-09T00:13:29Z,OpenStreetMap (ODbL)
node/11112629921,Altico del Palomo,,,333,333.0,39.6122959,-0.7776585,ES-V,Valencia/València,1,1,2023-08-13T19:12:53Z,OpenStreetMap (ODbL)
node/11112639783,Peña Roya,,,356,356.0,39.6141391,-0.7740327,ES-V,Valencia/València,1,1,2023-08-13T19:22:19Z,OpenStreetMap (ODbL)
node/11140049996,la Cantera,la Cantera,,894,894.0,40.1177518,-0.3214228,ES-CS,Castellón/Castelló,1,3,2026-04-12T21:53:54Z,OpenStreetMap (ODbL)
node/11140084428,Tossal de la Palmereta,Tossal de la Palmereta,,747,747.0,40.1002647,-0.2689073,ES-CS,Castellón/Castelló,1,2,2023-10-19T23:09:45Z,OpenStreetMap (ODbL)
node/11140084500,Guardamar,Guardamar,,761,761.0,40.1166331,-0.2682126,ES-CS,Castellón/Castelló,1,2,2023-10-19T23:09:45Z,OpenStreetMap (ODbL)
node/11140084501,Tossal del Monte,Tossal del Monte,,791,791.0,40.1074906,-0.266725,ES-CS,Castellón/Castelló,1,2,2023-10-19T23:09:45Z,OpenStreetMap (ODbL)
node/11140084502,Tossal del Moliner,Tossal del Moliner,,751,751.0,40.1038307,-0.2669603,ES-CS,Castellón/Castelló,1,2,2023-10-19T23:09:45Z,OpenStreetMap (ODbL)
node/11147134130,el Castellet,el Castellet,,902,902.0,38.6375815,-0.5783272,ES-A,Alicante/Alacant,1,3,2023-10-20T00:03:53Z,OpenStreetMap (ODbL)
node/11150283706,Tossal Gros,Tossal Gros,,1254,1254.0,40.5840622,0.0008224,ES-CS,Castellón/Castelló,1,3,2024-10-19T18:59:37Z,OpenStreetMap (ODbL)
node/11150283708,Tossal de les Hedreretes,,,1174,1174.0,40.5763147,0.0007939,ES-CS,Castellón/Castelló,1,1,2023-08-28T12:36:57Z,OpenStreetMap (ODbL)
node/11154781356,Puntal de l'Alcoraia,,,484,484.0,38.3781084,-0.6510972,ES-A,Alicante/Alacant,1,1,2023-08-29T22:27:39Z,OpenStreetMap (ODbL)
node/11154781357,Serra de la Venta,Serra de la Venta,,515,515.0,38.3909134,-0.638064,ES-A,Alicante/Alacant,1,2,2023-10-19T23:08:43Z,OpenStreetMap (ODbL)
node/11154781358,Tossal del Capellà,Tossal del Capellà,,298,298.0,38.3915614,-0.6220144,ES-A,Alicante/Alacant,1,2,2023-10-19T23:08:43Z,OpenStreetMap (ODbL)
node/11164086786,Curulló,,,689,689.0,40.3068039,0.0456282,ES-CS,Castellón/Castelló,1,1,2023-09-02T23:50:45Z,OpenStreetMap (ODbL)
node/11165420821,Alto de la Cazoleta,,,991,991.0,39.5512518,-0.8500943,ES-V,Valencia/València,1,2,2025-12-22T18:28:38Z,OpenStreetMap (ODbL)
node/11170670466,Tossal de Pastadura,,,1000,1000.0,40.3024985,0.0111683,ES-CS,Castellón/Castelló,1,4,2026-05-17T19:09:46Z,OpenStreetMap (ODbL)
node/11184422688,Morral Roig,,,972,972.0,40.3053118,0.0177348,ES-CS,Castellón/Castelló,1,1,2023-09-11T20:54:28Z,OpenStreetMap (ODbL)
node/11184422932,la Lloma,,,824,824.0,40.3005195,0.0313129,ES-CS,Castellón/Castelló,1,1,2023-09-11T20:54:28Z,OpenStreetMap (ODbL)
node/11184423062,la Talaia,la Talaia,,874,874.0,40.3068443,0.0277178,ES-CS,Castellón/Castelló,1,2,2023-10-09T23:26:41Z,OpenStreetMap (ODbL)
node/11184546235,Morral de la Tia Elisa,,,778,778.0,40.2951163,0.0236463,ES-CS,Castellón/Castelló,1,1,2023-09-11T21:59:05Z,OpenStreetMap (ODbL)
node/11196005856,,,,1312,1312.0,38.7069359,-0.2986841,ES-A,Alicante/Alacant,1,1,2023-09-16T13:55:52Z,OpenStreetMap (ODbL)
node/11196005859,,,,1225,1225.0,38.7010308,-0.303811,ES-A,Alicante/Alacant,1,1,2023-09-16T13:55:52Z,OpenStreetMap (ODbL)
node/11196005861,,,,1029,1029.0,38.6890501,-0.2927483,ES-A,Alicante/Alacant,1,2,2023-09-29T14:13:26Z,OpenStreetMap (ODbL)
node/11196005863,,,,1008,1008.0,38.6811062,-0.276604,ES-A,Alicante/Alacant,1,2,2023-12-25T00:11:25Z,OpenStreetMap (ODbL)
node/11196005993,Morro de la Molinera,,,857,857.0,38.6759636,-0.2413857,ES-A,Alicante/Alacant,1,1,2023-09-16T13:55:52Z,OpenStreetMap (ODbL)
node/11196005994,Penyó de Torre,,,879,879.0,38.6795778,-0.2439592,ES-A,Alicante/Alacant,1,1,2023-09-16T13:55:52Z,OpenStreetMap (ODbL)
node/11196006001,,,,878,878.0,38.7006373,-0.1443573,ES-A,Alicante/Alacant,1,1,2023-09-16T13:55:52Z,OpenStreetMap (ODbL)
node/11196006002,Altet d'en Calafat,Altet d'en Calafat,,962,962.0,38.7218185,-0.1097779,ES-A,Alicante/Alacant,1,2,2023-10-09T23:26:48Z,OpenStreetMap (ODbL)
node/11203196544,la Serra,la Serra,La Sierra,484,484.0,40.0448335,-0.2954502,ES-CS,Castellón/Castelló,1,1,2023-09-19T17:43:32Z,OpenStreetMap (ODbL)
node/11206372300,Tossal Cremat,,,912,912.0,40.2901624,-0.0248818,ES-CS,Castellón/Castelló,1,1,2023-09-20T22:24:33Z,OpenStreetMap (ODbL)
node/11206399511,la Bastida,la Bastida,,938,938.0,40.3206081,0.0234422,ES-CS,Castellón/Castelló,1,2,2023-10-09T23:26:41Z,OpenStreetMap (ODbL)
node/11218613120,el Denàs,el Denàs,,691,691.0,39.8558503,-0.275818,ES-CS,Castellón/Castelló,1,2,2023-10-09T23:21:13Z,OpenStreetMap (ODbL)
node/11218674995,,,,535,535.0,39.8427291,-0.2772961,ES-CS,Castellón/Castelló,1,2,2023-09-26T19:29:51Z,OpenStreetMap (ODbL)
node/11228213899,Puntal de Pere,,,420,420.0,39.7073003,-0.3689462,ES-V,Valencia/València,1,1,2023-09-30T00:06:16Z,OpenStreetMap (ODbL)
node/11228230443,el Picaio,el Picaio,,389,389.0,39.7827767,-0.3236509,ES-V,Valencia/València,1,3,2024-03-08T16:07:03Z,OpenStreetMap (ODbL)
node/11232465595,Puntal de las Palomas,,,1065,1065.0,39.4265133,-0.9059951,ES-V,Valencia/València,1,1,2023-10-01T19:50:02Z,OpenStreetMap (ODbL)
node/11237223609,el Savinar,el Savinar,El Sabinar,469,469.0,38.4598923,-0.5456317,ES-A,Alicante/Alacant,1,8,2024-12-14T13:44:27Z,OpenStreetMap (ODbL)
node/11265114809,Alt de la Grana,,,849,849.0,38.5620745,-0.4384146,ES-A,Alicante/Alacant,1,1,2023-10-15T18:16:20Z,OpenStreetMap (ODbL)
node/11266664360,,,,716,716.0,38.8363953,-0.7451841,ES-V,Valencia/València,1,2,2023-10-16T22:12:52Z,OpenStreetMap (ODbL)
node/11266664364,Altet dels Matadors,,,813,813.0,38.8326827,-0.7357136,ES-V,Valencia/València,1,1,2023-10-16T11:44:34Z,OpenStreetMap (ODbL)
node/11266684878,els Cabeços,,,642,642.0,38.806371,-0.7119921,ES-V,Valencia/València,1,2,2023-10-16T22:17:27Z,OpenStreetMap (ODbL)
node/11267222325,Alt dels Carlistes,,,709,709.0,38.7841959,-0.6395378,ES-V,Valencia/València,1,1,2023-10-16T15:52:59Z,OpenStreetMap (ODbL)
node/11267222326,Alt de l'Àguila,,,709,709.0,38.781106,-0.6289553,ES-V,Valencia/València,1,2,2023-10-16T22:07:55Z,OpenStreetMap (ODbL)
node/11267225797,,,,892,892.0,38.738133,-0.6222372,ES-V,Valencia/València,1,1,2023-10-16T15:56:37Z,OpenStreetMap (ODbL)
node/11267286357,Alt de la Cava,,,1127,1127.0,38.7667803,-0.5226887,ES-A,Alicante/Alacant,1,3,2024-10-19T10:52:06Z,OpenStreetMap (ODbL)
node/11267286385,Penya del Sombrero,,,1009,1009.0,38.7814398,-0.4806898,ES-A,Alicante/Alacant,1,3,2024-09-12T16:11:35Z,OpenStreetMap (ODbL)
node/11267286386,Penya dels Peons,,,899,899.0,38.7825643,-0.4901908,ES-A,Alicante/Alacant,1,1,2023-10-16T16:37:27Z,OpenStreetMap (ODbL)
node/11267318270,Tossalet del Tio Eduard,,,1049,1049.0,38.7654046,-0.541671,ES-A,Alicante/Alacant,1,4,2024-09-11T23:41:24Z,OpenStreetMap (ODbL)
node/11268062005,el Cuquello,,,741,741.0,38.8322485,-0.7504622,ES-V,Valencia/València,1,1,2023-10-16T22:12:52Z,OpenStreetMap (ODbL)
node/11268062006,Alt del Xocolater,,,774,774.0,38.8247474,-0.7670553,ES-V,Valencia/València,1,1,2023-10-16T22:12:52Z,OpenStreetMap (ODbL)
node/11270618273,les Serretes,,,197,197.0,40.0401572,-0.000807,ES-CS,Castellón/Castelló,1,2,2026-08-24T17:37:59Z,OpenStreetMap (ODbL)
node/11270637139,Tossal de Mercades,,,1013,1013.0,40.3204649,-0.1566617,ES-CS,Castellón/Castelló,1,1,2023-10-17T23:35:31Z,OpenStreetMap (ODbL)
node/11278474406,,,,705,705.0,39.2008014,-1.1719423,ES-V,Valencia/València,1,1,2023-10-20T22:53:53Z,OpenStreetMap (ODbL)
node/11281522579,Salagardos,Salagardos,,569,569.0,39.6907142,-0.7582817,ES-V,Valencia/València,1,3,2026-05-17T19:09:46Z,OpenStreetMap (ODbL)
node/11294378448,Lloma Llarga,,,669,669.0,38.8381116,-0.2566582,ES-A,Alicante/Alacant,1,1,2023-10-27T22:40:21Z,OpenStreetMap (ODbL)
node/11294378450,Tossal del Martí,,,368,368.0,38.8550248,-0.3152909,ES-A,Alicante/Alacant,1,1,2023-10-27T22:40:21Z,OpenStreetMap (ODbL)
node/11294396791,,,,377,377.0,38.8185671,-0.1075116,ES-A,Alicante/Alacant,1,3,2023-12-24T23:34:40Z,OpenStreetMap (ODbL)
node/11328061001,el Tossal,,,89,89.0,38.3533867,-0.4931295,ES-A,Alicante/Alacant,1,5,2025-02-25T22:01:46Z,OpenStreetMap (ODbL)
node/11331812275,,,,,,39.8667168,-0.4130119,ES-CS,Castellón/Castelló,1,2,2023-11-08T10:44:23Z,OpenStreetMap (ODbL)
node/11335354741,,,,1010,1010.0,38.6485781,-0.3589522,ES-A,Alicante/Alacant,1,1,2023-11-09T07:48:45Z,OpenStreetMap (ODbL)
node/11337422606,,,,893,893.0,38.67587,-0.3470485,ES-A,Alicante/Alacant,1,1,2023-11-10T06:59:53Z,OpenStreetMap (ODbL)
node/11346489930,Montote,,,963,963.0,39.4508599,-1.0362233,ES-V,Valencia/València,1,3,2026-05-17T19:09:46Z,OpenStreetMap (ODbL)
node/11357051190,Cim del Buixcarró,,,580,580.0,39.0044067,-0.3653188,ES-V,Valencia/València,1,3,2026-05-17T19:09:46Z,OpenStreetMap (ODbL)
node/11362117989,Monte San Antonio,,,268,268.0,38.438623,-0.5453622,ES-A,Alicante/Alacant,1,3,2024-11-30T13:36:23Z,OpenStreetMap (ODbL)
node/11367360121,Alt de la Mitja Taronja,,,533,533.0,38.3252845,-0.8467645,ES-A,Alicante/Alacant,1,1,2023-11-21T20:46:17Z,OpenStreetMap (ODbL)
node/11377514873,Tossal de la Solana,,,725,725.0,40.3252972,-0.1016343,ES-CS,Castellón/Castelló,1,2,2025-05-28T22:58:47Z,OpenStreetMap (ODbL)
node/11377618752,el Cardanxar,,,737,737.0,40.3319845,-0.0542194,ES-CS,Castellón/Castelló,1,1,2023-11-26T12:47:15Z,OpenStreetMap (ODbL)
node/11377618753,Tossal de la Torreta de Folch,,,596,596.0,40.3328192,-0.0430325,ES-CS,Castellón/Castelló,1,1,2023-11-26T12:47:15Z,OpenStreetMap (ODbL)
node/11380521804,El Pinet,El Pinet,,533,533.0,39.9180726,-0.3625172,ES-CS,Castellón/Castelló,1,3,2025-01-31T17:48:02Z,OpenStreetMap (ODbL)
node/11380558908,,,,871,871.0,39.9186751,-0.3910553,ES-CS,Castellón/Castelló,1,1,2023-11-28T00:29:24Z,OpenStreetMap (ODbL)
node/11380558911,La Loma,,,801,801.0,39.9306774,-0.3895855,ES-CS,Castellón/Castelló,1,1,2023-11-28T00:29:24Z,OpenStreetMap (ODbL)
node/11382340848,Pico de las Esparragueras,,,301,301.0,38.1279839,-0.9175213,ES-A,Alicante/Alacant,1,1,2023-11-28T20:15:52Z,OpenStreetMap (ODbL)
node/11382340849,Peñón de la Lobera,,,327,327.0,38.1326836,-0.9215285,ES-A,Alicante/Alacant,1,1,2023-11-28T20:15:52Z,OpenStreetMap (ODbL)
node/11382651045,la Lloma,,,555,555.0,39.9311722,-0.3279597,ES-CS,Castellón/Castelló,1,1,2023-11-29T00:25:23Z,OpenStreetMap (ODbL)
node/11389686558,la Campanilla,,,337,337.0,40.0135235,-0.2852905,ES-CS,Castellón/Castelló,1,1,2023-12-02T11:51:31Z,OpenStreetMap (ODbL)
node/11389686561,,,,449,449.0,40.0211445,-0.3010243,ES-CS,Castellón/Castelló,1,1,2023-12-02T11:51:31Z,OpenStreetMap (ODbL)
node/11389686670,Loma del Petillo,,,359,359.0,40.0052237,-0.3148699,ES-CS,Castellón/Castelló,1,1,2023-12-02T11:51:31Z,OpenStreetMap (ODbL)
node/11389686729,El Puntal,,,435,435.0,39.9987352,-0.2886164,ES-CS,Castellón/Castelló,1,1,2023-12-02T11:51:31Z,OpenStreetMap (ODbL)
node/11392417563,Cormo del Portell,,,557,557.0,40.0706939,-0.0821165,ES-CS,Castellón/Castelló,1,3,2024-05-19T16:18:01Z,OpenStreetMap (ODbL)
node/11392480297,el Tossalet,,,1258,1258.0,40.2867345,-0.3130917,ES-CS,Castellón/Castelló,1,2,2026-07-30T23:47:33Z,OpenStreetMap (ODbL)
node/11392871229,Alto del Palomar,,,669,669.0,40.0199326,-0.4131889,ES-CS,Castellón/Castelló,1,1,2023-12-03T20:53:09Z,OpenStreetMap (ODbL)
node/11392871406,Peña de Esteban,,,954,954.0,40.0128579,-0.4616404,ES-CS,Castellón/Castelló,1,1,2023-12-03T20:53:09Z,OpenStreetMap (ODbL)
node/11397067231,Peña Blanca,,,672,672.0,40.0390247,-0.3873056,ES-CS,Castellón/Castelló,1,1,2023-12-06T00:14:15Z,OpenStreetMap (ODbL)
node/11397067337,Alto del Melic,,,806,806.0,40.0227022,-0.3933088,ES-CS,Castellón/Castelló,1,1,2023-12-06T00:14:15Z,OpenStreetMap (ODbL)
node/11398685088,El Cabezo,,,632,632.0,39.9616056,-0.3963306,ES-CS,Castellón/Castelló,1,2,2024-12-12T17:34:15Z,OpenStreetMap (ODbL)
node/11401773382,Alto de Pepe el Mingo,,,641,641.0,40.031893,-0.3776605,ES-CS,Castellón/Castelló,1,2,2023-12-08T07:43:17Z,OpenStreetMap (ODbL)
node/11406410808,La Nevera,,,896,896.0,39.9395179,-0.4036403,ES-CS,Castellón/Castelló,1,1,2023-12-09T23:27:03Z,OpenStreetMap (ODbL)
node/11415079064,,,,583,583.0,38.6458089,-0.8923663,ES-A,Alicante/Alacant,1,1,2023-12-13T15:48:39Z,OpenStreetMap (ODbL)
node/11415079066,,,,577,577.0,38.6439308,-0.8954873,ES-A,Alicante/Alacant,1,1,2023-12-13T15:48:39Z,OpenStreetMap (ODbL)
node/11415079067,,,,574,574.0,38.6485167,-0.8982173,ES-A,Alicante/Alacant,1,1,2023-12-13T15:48:39Z,OpenStreetMap (ODbL)
node/11415098694,,,,713,713.0,38.6002936,-0.9342295,ES-A,Alicante/Alacant,1,1,2023-12-13T15:51:44Z,OpenStreetMap (ODbL)
node/11415111067,Cabezo Redondo,,,566,566.0,38.6457451,-0.8941908,ES-A,Alicante/Alacant,1,1,2023-12-13T15:48:39Z,OpenStreetMap (ODbL)
node/11415135378,,,,723,723.0,38.6001069,-0.9490429,ES-A,Alicante/Alacant,1,1,2023-12-13T16:01:20Z,OpenStreetMap (ODbL)
node/11415135380,,,,722,722.0,38.5984888,-0.9527989,ES-A,Alicante/Alacant,1,1,2023-12-13T16:01:20Z,OpenStreetMap (ODbL)
node/11415135381,El Castellar,,,737,737.0,38.6094723,-0.9460816,ES-A,Alicante/Alacant,1,1,2023-12-13T16:01:20Z,OpenStreetMap (ODbL)
node/11415305274,,,,674,674.0,38.6509438,-0.8269589,ES-A,Alicante/Alacant,1,1,2023-12-13T17:40:42Z,OpenStreetMap (ODbL)
node/11415323363,Pic del Besori,Pic del Besori,Pico del Besori,361,361.0,39.3030162,-0.5291488,ES-V,Valencia/València,1,1,2023-12-13T17:51:10Z,OpenStreetMap (ODbL)
node/11415327681,Alteró d'Estral,Alteró d'Estral,Alterón de Estral,257,257.0,39.2989891,-0.5527874,ES-V,Valencia/València,1,1,2023-12-13T17:51:10Z,OpenStreetMap (ODbL)
node/11415327682,Alteró de Catiti,Alteró de Catiti,Alterón de Catiti,254,254.0,39.3033705,-0.5583842,ES-V,Valencia/València,1,1,2023-12-13T17:51:10Z,OpenStreetMap (ODbL)
node/11415327684,el Puntal,,,257,257.0,39.2957291,-0.5431491,ES-V,Valencia/València,1,1,2023-12-13T17:51:10Z,OpenStreetMap (ODbL)
node/11415327685,Lloma del Barranc dels Aspres,,,306,306.0,39.3165131,-0.5274019,ES-V,Valencia/València,1,1,2023-12-13T17:51:10Z,OpenStreetMap (ODbL)
node/11415327686,Lloma del Tío Pons,,,257,257.0,39.311154,-0.5128481,ES-V,Valencia/València,1,1,2023-12-13T17:51:10Z,OpenStreetMap (ODbL)
node/11415327687,Molló de l'Almud,,,251,251.0,39.3161927,-0.5103251,ES-V,Valencia/València,1,1,2023-12-13T17:51:10Z,OpenStreetMap (ODbL)
node/11415327688,Alts de la Guatleta,,,308,308.0,39.3215019,-0.544636,ES-V,Valencia/València,1,1,2023-12-13T17:51:10Z,OpenStreetMap (ODbL)
node/11415327689,Lloma del Tramussar,,,267,267.0,39.3207529,-0.5515188,ES-V,Valencia/València,1,1,2023-12-13T17:51:10Z,OpenStreetMap (ODbL)
node/11415327690,Lloma de la Contrampa,,,278,278.0,39.3137017,-0.5454748,ES-V,Valencia/València,1,1,2023-12-13T17:51:10Z,OpenStreetMap (ODbL)
node/11415327691,el Pallús,,,248,248.0,39.3357868,-0.5461075,ES-V,Valencia/València,1,1,2023-12-13T17:51:10Z,OpenStreetMap (ODbL)
node/11415327692,el Puntal,,,290,290.0,39.3369652,-0.5547705,ES-V,Valencia/València,1,1,2023-12-13T17:51:10Z,OpenStreetMap (ODbL)
node/11415327693,la Garnatxa,,,214,214.0,39.3387947,-0.5445246,ES-V,Valencia/València,1,1,2023-12-13T17:51:10Z,OpenStreetMap (ODbL)
node/11415327694,el Cim,,,221,221.0,39.3364594,-0.5700932,ES-V,Valencia/València,1,1,2023-12-13T17:51:10Z,OpenStreetMap (ODbL)
node/11415327699,Lloma dels Castellets,,,158,158.0,39.2963197,-0.4916989,ES-V,Valencia/València,1,1,2023-12-13T17:51:10Z,OpenStreetMap (ODbL)
node/11415327700,Penyal de Real,Penyal de Real,Peñasco de Real,198,198.0,39.3189087,-0.6014128,ES-V,Valencia/València,1,1,2023-12-13T17:51:10Z,OpenStreetMap (ODbL)
node/11415327701,Lloma de la Paella,,,230,230.0,39.3240196,-0.5902054,ES-V,Valencia/València,1,1,2023-12-13T17:51:10Z,OpenStreetMap (ODbL)
node/11415327702,Lloma de la Formiga,,,245,245.0,39.3114049,-0.5895812,ES-V,Valencia/València,1,1,2023-12-13T17:51:10Z,OpenStreetMap (ODbL)
node/11415327703,Alt de Sogrony,,,233,233.0,39.3114283,-0.5992022,ES-V,Valencia/València,1,1,2023-12-13T17:51:10Z,OpenStreetMap (ODbL)
node/11415327704,el Cerro,,,289,289.0,39.3002804,-0.5912667,ES-V,Valencia/València,1,1,2023-12-13T17:51:10Z,OpenStreetMap (ODbL)
node/11415327705,el Piquet de la Talaia,,,278,278.0,39.2951437,-0.602351,ES-V,Valencia/València,1,2,2026-05-26T22:16:50Z,OpenStreetMap (ODbL)
node/11415327706,Lloma del Cotelló,,,179,179.0,39.2911014,-0.5920416,ES-V,Valencia/València,1,1,2023-12-13T17:51:10Z,OpenStreetMap (ODbL)
node/11415367018,Roca Roja,,,723,723.0,38.6520219,-1.0059891,ES-A,Alicante/Alacant,1,1,2023-12-13T18:15:17Z,OpenStreetMap (ODbL)
node/11419879688,,,,614,614.0,38.8022376,-0.2353585,ES-A,Alicante/Alacant,1,1,2023-12-15T09:06:56Z,OpenStreetMap (ODbL)
node/11423075398,Monte de los Arenales,,,765,765.0,38.5670384,-0.9886938,ES-A,Alicante/Alacant,1,1,2023-12-16T16:25:54Z,OpenStreetMap (ODbL)
node/11423075456,Loma de la Cruz,,,701,701.0,38.5616637,-1.004826,ES-A,Alicante/Alacant,1,1,2023-12-16T16:25:54Z,OpenStreetMap (ODbL)
node/11423075457,Monte de los Secos,,,731,731.0,38.5563133,-1.0060776,ES-A,Alicante/Alacant,1,1,2023-12-16T16:25:54Z,OpenStreetMap (ODbL)
node/11423075458,Monte de la Casa de Luna,,,740,740.0,38.5600845,-0.9934897,ES-A,Alicante/Alacant,1,2,2026-05-17T19:09:46Z,OpenStreetMap (ODbL)
node/11423075459,,,,645,645.0,38.5586503,-0.9853572,ES-A,Alicante/Alacant,1,1,2023-12-16T16:25:54Z,OpenStreetMap (ODbL)
node/11429157025,Cormo de la Bandereta,,,570,570.0,40.0580713,-0.0995545,ES-CS,Castellón/Castelló,1,1,2023-12-18T15:21:02Z,OpenStreetMap (ODbL)
node/11430079541,Alto de Charcum,,,482,482.0,39.1723007,-0.714111,ES-V,Valencia/València,1,1,2023-12-18T23:04:10Z,OpenStreetMap (ODbL)
node/11430083670,Los Alterones,,,539,539.0,39.1864549,-0.7085,ES-V,Valencia/València,1,1,2023-12-18T23:04:10Z,OpenStreetMap (ODbL)
node/11431963800,Alto del Mosco,,,1085,1085.0,40.0017752,-0.5462084,ES-CS,Castellón/Castelló,1,1,2023-12-19T11:32:18Z,OpenStreetMap (ODbL)
node/11435729331,Alt del Collado,,,657,657.0,39.9624513,-0.3693026,ES-CS,Castellón/Castelló,1,1,2023-12-20T20:24:43Z,OpenStreetMap (ODbL)
node/11447443632,Alt del Barranc Verd,,,662,662.0,38.9692115,-0.2956999,ES-V,Valencia/València,1,1,2023-12-23T22:10:55Z,OpenStreetMap (ODbL)
node/11447458892,Puntal dels Tramussos,,,559,559.0,38.9958225,-0.2737765,ES-V,Valencia/València,1,1,2023-12-23T22:23:12Z,OpenStreetMap (ODbL)
node/11447490173,,,,505,505.0,38.8538793,-0.4008635,ES-V,Valencia/València,1,1,2023-12-23T22:30:28Z,OpenStreetMap (ODbL)
node/11450626922,Portell d'Alfafara,,,1087,1087.0,38.7637821,-0.5419759,ES-A,Alicante/Alacant,1,3,2024-09-11T23:41:24Z,OpenStreetMap (ODbL)
node/11457089829,Pico de Pron,,,869,869.0,39.1742735,-0.9040981,ES-V,Valencia/València,1,1,2023-12-26T19:14:30Z,OpenStreetMap (ODbL)
node/11457488957,Moleta del Mas de Llorenç,,,908,908.0,40.6572101,-0.2174885,ES-CS,Castellón/Castelló,1,2,2026-05-17T19:09:46Z,OpenStreetMap (ODbL)
node/11463304182,Serreta Pastora,,,65,65.0,39.0532845,-0.4975251,ES-V,Valencia/València,1,1,2023-12-28T17:19:50Z,OpenStreetMap (ODbL)
node/11463537420,Puntal de la Zarza,,,983,983.0,39.1123659,-0.9265307,ES-V,Valencia/València,1,1,2023-12-28T19:22:14Z,OpenStreetMap (ODbL)
node/11463637036,la Moleta,,,1171,1171.0,40.3590433,-0.2403881,ES-CS,Castellón/Castelló,1,1,2023-12-28T20:35:01Z,OpenStreetMap (ODbL)
node/11465371619,Tossal de la Nevereta,,,1086,1086.0,40.4239246,-0.157869,ES-CS,Castellón/Castelló,1,2,2025-08-12T14:19:37Z,OpenStreetMap (ODbL)
node/11484243396,Tossal del Fustero,,,612,612.0,40.2352384,-0.1972818,ES-CS,Castellón/Castelló,1,1,2024-01-04T00:23:36Z,OpenStreetMap (ODbL)
node/11486613046,Cap dels Mollons,Cap dels Mollons,,1043,1043.0,40.5488636,0.0840406,ES-CS,Castellón/Castelló,1,1,2024-01-04T13:14:11Z,OpenStreetMap (ODbL)
node/11486613048,Lloma del Fenassar,Lloma del Fenassar,,1025,1025.0,40.5022118,0.0068917,ES-CS,Castellón/Castelló,1,3,2024-09-14T16:47:19Z,OpenStreetMap (ODbL)
node/11486613049,El Marro,El Marro,,877,877.0,40.4928665,0.0106055,ES-CS,Castellón/Castelló,1,2,2024-01-20T07:12:39Z,OpenStreetMap (ODbL)
node/11486613050,El Blaio,El Blaio,,1024,1024.0,40.4816919,-0.0060693,ES-CS,Castellón/Castelló,1,3,2024-09-18T10:18:01Z,OpenStreetMap (ODbL)
node/11486613051,Tossal de la Fontanella,Tossal de la Fontanella,,902,902.0,40.4762166,-0.0008031,ES-CS,Castellón/Castelló,1,2,2024-01-09T18:00:23Z,OpenStreetMap (ODbL)
node/11486613052,Tossal de Calduc,Tossal de Calduc,,1146,1146.0,40.4503708,-0.0403932,ES-CS,Castellón/Castelló,1,1,2024-01-04T13:14:11Z,OpenStreetMap (ODbL)
node/11486613053,Cap del Llop,Cap del Llop,,1044,1044.0,40.4319255,-0.0370341,ES-CS,Castellón/Castelló,1,2,2024-01-20T07:31:39Z,OpenStreetMap (ODbL)
node/11486613054,Tossal de la Font de Moltó,Tossal de la Font de Moltó,,1125,1125.0,40.4443055,-0.0390272,ES-CS,Castellón/Castelló,1,3,2024-02-16T23:42:01Z,OpenStreetMap (ODbL)
node/11486613055,Moleta Redona,Moleta Redona,,1077,1077.0,40.4351299,-0.0395014,ES-CS,Castellón/Castelló,1,2,2024-01-04T18:00:05Z,OpenStreetMap (ODbL)
node/11486613056,Tossal del mas de Racó,Tossal del mas de Racó,,1039,1039.0,40.4306723,-0.0406995,ES-CS,Castellón/Castelló,1,1,2024-01-04T13:14:11Z,OpenStreetMap (ODbL)
node/11486613057,Tossal del mas de Matxa,Tossal del mas de Matxa,,853,853.0,40.3862976,-0.0361594,ES-CS,Castellón/Castelló,1,2,2024-01-09T18:34:32Z,OpenStreetMap (ODbL)
node/11486613058,Tossal de Na Rabades,Tossal de Na Rabades,,912,912.0,40.3957196,-0.018378,ES-CS,Castellón/Castelló,1,2,2024-01-20T07:31:39Z,OpenStreetMap (ODbL)
node/11486613059,Tossal dels Povets,Tossal dels Povets,,879,879.0,40.4158098,-0.003451,ES-CS,Castellón/Castelló,1,3,2024-01-20T07:31:39Z,OpenStreetMap (ODbL)
node/11486613060,,,,911,911.0,40.4267669,0.0044413,ES-CS,Castellón/Castelló,1,2,2025-09-23T17:45:24Z,OpenStreetMap (ODbL)
node/11486613061,El Curulló,El Curulló,,675,675.0,40.5141179,0.0649353,ES-CS,Castellón/Castelló,1,1,2024-01-04T13:14:11Z,OpenStreetMap (ODbL)
node/11486613062,Tossal de la Cugullada,Tossal de la Cugullada,,746,746.0,40.5040355,0.0606133,ES-CS,Castellón/Castelló,1,2,2024-01-04T18:09:51Z,OpenStreetMap (ODbL)
node/11486613063,Tossal de la Deveseta,Tossal de la Deveseta,,758,758.0,40.5079469,0.0618504,ES-CS,Castellón/Castelló,1,2,2024-01-04T18:08:54Z,OpenStreetMap (ODbL)
node/11486613064,Tossal del Clapissar,Tossal del Clapissar,,692,692.0,40.5041041,0.0799822,ES-CS,Castellón/Castelló,1,1,2024-01-04T13:14:11Z,OpenStreetMap (ODbL)
node/11486613065,Puig Cabrer,,,864,864.0,40.4772974,0.0849165,ES-CS,Castellón/Castelló,1,3,2026-01-12T00:43:48Z,OpenStreetMap (ODbL)
node/11489095120,Tossal del Carrasco,,,683,683.0,40.2181019,-0.2213144,ES-CS,Castellón/Castelló,1,1,2024-01-04T22:06:39Z,OpenStreetMap (ODbL)
node/11489738952,Tossal de les Vilaretes,,,881,881.0,40.1335482,-0.3166401,ES-CS,Castellón/Castelló,1,1,2024-01-05T01:16:41Z,OpenStreetMap (ODbL)
node/11489740392,Tossal del Mas de Montoliu,,,1353,1353.0,40.216701,-0.3200519,ES-CS,Castellón/Castelló,1,1,2024-01-05T01:16:41Z,OpenStreetMap (ODbL)
node/11493989421,Lomas Peladas,,,673,673.0,39.7165712,-0.4939781,ES-V,Valencia/València,1,1,2024-01-06T08:27:25Z,OpenStreetMap (ODbL)
node/11496681298,Penya del Cavall,,,800,800.0,39.7460696,-0.5089036,ES-V,Valencia/València,1,3,2026-05-17T19:09:46Z,OpenStreetMap (ODbL)
node/11500435482,Pico del Nabo,,,407,407.0,39.8624408,-0.485499,ES-CS,Castellón/Castelló,1,1,2024-01-08T15:57:17Z,OpenStreetMap (ODbL)
node/11500703808,Tossal d'Esclaramunda,,,1288,1288.0,40.3364084,-0.2656284,ES-CS,Castellón/Castelló,1,4,2026-08-11T13:37:58Z,OpenStreetMap (ODbL)
node/11500703809,Serra Negra,,,1279,1279.0,40.3478524,-0.2594984,ES-CS,Castellón/Castelló,1,2,2024-10-17T12:53:41Z,OpenStreetMap (ODbL)
node/11500703811,Capdamunt de les Llometes,,,,,40.3443936,-0.2645731,ES-CS,Castellón/Castelló,1,3,2026-08-17T23:11:15Z,OpenStreetMap (ODbL)
node/11500703895,el Rotxero,,,1232,1232.0,40.3295422,-0.2695781,ES-CS,Castellón/Castelló,1,1,2024-01-08T18:09:17Z,OpenStreetMap (ODbL)
node/11500832112,Tossal del Mas de Folc,,,1288,1288.0,40.3443374,-0.3128117,ES-CS,Castellón/Castelló,1,1,2024-01-08T19:26:03Z,OpenStreetMap (ODbL)
node/11500832113,Tossal del Mas de Leandro,,,1301,1301.0,40.3407535,-0.3173679,ES-CS,Castellón/Castelló,1,1,2024-01-08T19:26:03Z,OpenStreetMap (ODbL)
node/11500838558,la Lloma,,,1238,1238.0,40.3250012,-0.3272931,ES-CS,Castellón/Castelló,1,2,2024-01-17T19:11:42Z,OpenStreetMap (ODbL)
node/11503641472,Cerro de los Calderones,,,759,759.0,39.217733,-0.871978,ES-V,Valencia/València,1,2,2024-03-30T19:30:54Z,OpenStreetMap (ODbL)
node/11503795100,El Miñon,,,1006,1006.0,39.159361,-0.930185,ES-V,Valencia/València,1,1,2024-01-09T17:53:19Z,OpenStreetMap (ODbL)
node/11503795140,Puntal del Corzo,,,813,813.0,39.1216036,-0.9020509,ES-V,Valencia/València,1,1,2024-01-09T17:53:19Z,OpenStreetMap (ODbL)
node/11503795147,Puntal del Toro,,,892,892.0,39.1134701,-0.8933375,ES-V,Valencia/València,1,1,2024-01-09T17:53:19Z,OpenStreetMap (ODbL)
node/11503797177,Puntal de las Quebradas,,,837,837.0,39.1084193,-0.881661,ES-V,Valencia/València,1,1,2024-01-09T17:53:19Z,OpenStreetMap (ODbL)
node/11503797245,La Fresquita,,,839,839.0,39.0955278,-0.8856003,ES-V,Valencia/València,1,1,2024-01-09T17:53:19Z,OpenStreetMap (ODbL)
node/11503843165,Alto de Santís,,,945,945.0,39.0958512,-0.9035413,ES-V,Valencia/València,1,1,2024-01-09T18:53:42Z,OpenStreetMap (ODbL)
node/11503924341,Pico del Puerto Pelegrín,,,1001,1001.0,39.0022978,-0.9479189,ES-V,Valencia/València,1,1,2024-01-09T18:53:42Z,OpenStreetMap (ODbL)
node/11503924349,Alto del Buitre,,,1097,1097.0,38.9885966,-0.9376391,ES-V,Valencia/València,1,2,2024-11-07T08:10:52Z,OpenStreetMap (ODbL)
node/11503987732,Alto de la Sima de Quesa,,,1014,1014.0,39.0225528,-0.888238,ES-V,Valencia/València,1,1,2024-01-09T19:12:51Z,OpenStreetMap (ODbL)
node/11504212147,,,,1036,1036.0,40.361498,-0.2635217,ES-CS,Castellón/Castelló,1,1,2024-01-09T20:15:23Z,OpenStreetMap (ODbL)
node/11504212148,,,,1038,1038.0,40.3601573,-0.2607,ES-CS,Castellón/Castelló,1,1,2024-01-09T20:15:23Z,OpenStreetMap (ODbL)
node/11504219302,la Bargida,,,1009,1009.0,40.3685201,-0.2510414,ES-CS,Castellón/Castelló,1,1,2024-01-09T20:15:23Z,OpenStreetMap (ODbL)
node/11504305662,el Cabeço,,,1033,1033.0,40.332462,-0.2415276,ES-CS,Castellón/Castelló,1,1,2024-01-09T20:59:21Z,OpenStreetMap (ODbL)
node/11504314214,la Corona,,,1243,1243.0,40.3407137,-0.2468598,ES-CS,Castellón/Castelló,1,1,2024-01-09T20:59:21Z,OpenStreetMap (ODbL)
node/11504314215,Tossal de Sant Bertomeu,,,1143,1143.0,40.3361505,-0.2453953,ES-CS,Castellón/Castelló,1,1,2024-01-09T20:59:21Z,OpenStreetMap (ODbL)
node/11506723769,el Puntal,,,935,935.0,40.3216184,-0.2270114,ES-CS,Castellón/Castelló,1,2,2026-08-04T15:29:31Z,OpenStreetMap (ODbL)
node/11508171904,Puntal del Midí,,,548,548.0,39.1816808,-0.8156557,ES-V,Valencia/València,1,1,2024-01-11T09:40:07Z,OpenStreetMap (ODbL)
node/11517341435,Tossal del Mas de l'Hostal,,,1309,1309.0,40.3027322,-0.2936074,ES-CS,Castellón/Castelló,1,3,2026-07-17T00:16:19Z,OpenStreetMap (ODbL)
node/11519800986,Alto de la Casmilla,,,1006,1006.0,39.1497141,-0.9131495,ES-V,Valencia/València,1,1,2024-01-15T19:35:49Z,OpenStreetMap (ODbL)
node/11522446729,El Casalet,,,753,753.0,39.9321333,-0.3536718,ES-CS,Castellón/Castelló,1,1,2024-01-16T17:12:09Z,OpenStreetMap (ODbL)
node/11522453052,Les Naves,,,524,524.0,39.9208644,-0.3290492,ES-CS,Castellón/Castelló,1,1,2024-01-16T17:12:09Z,OpenStreetMap (ODbL)
node/11522453159,Barberán,,,923,923.0,39.9043597,-0.3734205,ES-CS,Castellón/Castelló,1,1,2024-01-16T17:12:09Z,OpenStreetMap (ODbL)
node/11525092533,Alto del Erizo,,,958,958.0,39.8952439,-0.3944276,ES-CS,Castellón/Castelló,1,2,2025-12-22T00:49:12Z,OpenStreetMap (ODbL)
node/11525278344,les Pedrisses,les Pedrisses,,1201,1201.0,40.3119974,-0.2898594,ES-CS,Castellón/Castelló,1,4,2026-07-17T00:16:19Z,OpenStreetMap (ODbL)
node/11527519115,Loma de la Casa Blanca,,,746,746.0,39.4644953,-0.8662215,ES-V,Valencia/València,1,1,2024-01-18T09:08:37Z,OpenStreetMap (ODbL)
node/11527532502,,,,744,744.0,39.4685918,-0.8550191,ES-V,Valencia/València,1,1,2024-01-18T09:08:37Z,OpenStreetMap (ODbL)
node/11527532503,,,,762,762.0,39.4677527,-0.8509622,ES-V,Valencia/València,1,1,2024-01-18T09:08:37Z,OpenStreetMap (ODbL)
node/11527532504,,,,750,750.0,39.4718839,-0.8632161,ES-V,Valencia/València,1,1,2024-01-18T09:08:37Z,OpenStreetMap (ODbL)
node/11527532505,,,,753,753.0,39.472532,-0.8662899,ES-V,Valencia/València,1,1,2024-01-18T09:08:37Z,OpenStreetMap (ODbL)
node/11527532506,,,,775,775.0,39.473936,-0.8697616,ES-V,Valencia/València,1,1,2024-01-18T09:08:37Z,OpenStreetMap (ODbL)
node/11527532507,,,,771,771.0,39.4757268,-0.8696894,ES-V,Valencia/València,1,1,2024-01-18T09:08:37Z,OpenStreetMap (ODbL)
node/11527553540,,,,,,39.4684389,-0.8598973,ES-V,Valencia/València,1,1,2024-01-18T09:49:37Z,OpenStreetMap (ODbL)
node/11527553542,Cima del Asno,,,870,870.0,39.4841442,-0.8486751,ES-V,Valencia/València,1,1,2024-01-18T09:49:37Z,OpenStreetMap (ODbL)
node/11527553543,Los Parapetos,,,898,898.0,39.488064,-0.8501504,ES-V,Valencia/València,1,1,2024-01-18T09:49:37Z,OpenStreetMap (ODbL)
node/11527553545,,,,880,880.0,39.4857899,-0.8587702,ES-V,Valencia/València,1,1,2024-01-18T09:49:37Z,OpenStreetMap (ODbL)
node/11527553547,Puntal del Modroño,,,890,890.0,39.489674,-0.8583549,ES-V,Valencia/València,1,1,2024-01-18T09:49:37Z,OpenStreetMap (ODbL)
node/11527553555,,,,854,854.0,39.489652,-0.845423,ES-V,Valencia/València,1,1,2024-01-18T09:49:37Z,OpenStreetMap (ODbL)
node/11527553556,,,,851,851.0,39.4895879,-0.843713,ES-V,Valencia/València,1,1,2024-01-18T09:49:37Z,OpenStreetMap (ODbL)
node/11527553557,,,,886,886.0,39.4837048,-0.8426734,ES-V,Valencia/València,1,1,2024-01-18T09:49:37Z,OpenStreetMap (ODbL)
node/11527553558,,,,857,857.0,39.4775798,-0.8364292,ES-V,Valencia/València,1,1,2024-01-18T09:49:37Z,OpenStreetMap (ODbL)
node/11529309081,,,,1082,1082.0,40.2776554,-0.2886057,ES-CS,Castellón/Castelló,1,1,2024-01-18T23:15:35Z,OpenStreetMap (ODbL)
node/11532242595,Tossal del Mas d'en Figuera,Tossal del Mas d'en Figuera,,738,738.0,40.4928733,0.0496808,ES-CS,Castellón/Castelló,1,3,2026-05-17T19:09:46Z,OpenStreetMap (ODbL)
node/11532633204,Tossalet de Mançanares,,,1304,1304.0,40.2792024,-0.3178847,ES-CS,Castellón/Castelló,1,2,2026-07-31T14:57:43Z,OpenStreetMap (ODbL)
node/11533218753,Tossal del Rei,Tossal del Rei,,736,736.0,40.4644178,0.0071457,ES-CS,Castellón/Castelló,1,2,2025-10-29T20:50:47Z,OpenStreetMap (ODbL)
node/11533218754,Tossal del Mas d'en Ferre,Tossal del Mas d'en Ferre,,828,828.0,40.4714319,-0.0008281,ES-CS,Castellón/Castelló,1,2,2026-05-17T19:09:46Z,OpenStreetMap (ODbL)
node/11533218755,Tossal del Mas de Blai,Tossal del Mas de Blai,,928,928.0,40.4990824,0.0125344,ES-CS,Castellón/Castelló,1,3,2026-05-17T19:09:46Z,OpenStreetMap (ODbL)
node/11533218756,Tossal de la Creu,Tossal de la Creu,,969,969.0,40.5378435,0.0727564,ES-CS,Castellón/Castelló,1,2,2025-02-23T02:00:26Z,OpenStreetMap (ODbL)
node/11533259771,Tossal del Mas del Rei,Tossal del Mas del Rei,,1131,1131.0,40.4483289,-0.0395391,ES-CS,Castellón/Castelló,1,2,2026-05-17T19:09:46Z,OpenStreetMap (ODbL)
node/11533259773,Tossal d'en Rabassa,Tossal d'en Rabassa,,839,839.0,40.4452852,0.0092579,ES-CS,Castellón/Castelló,1,2,2026-05-17T19:09:46Z,OpenStreetMap (ODbL)
node/11533259774,Tossal de la Pedrafita,Tossal de la Pedrafita,,851,851.0,40.4413417,0.0079538,ES-CS,Castellón/Castelló,1,2,2026-05-17T19:09:46Z,OpenStreetMap (ODbL)
node/11533310666,Tossaló de l'Espino,,,1302,1302.0,40.2610684,-0.3287932,ES-CS,Castellón/Castelló,1,2,2024-02-11T13:35:13Z,OpenStreetMap (ODbL)
node/11535278683,Collet de les Solanes,,,1287,1287.0,40.2910176,-0.3051931,ES-CS,Castellón/Castelló,1,2,2024-07-26T11:18:03Z,OpenStreetMap (ODbL)
node/11535280757,Collet Roig,,,1598,1598.0,40.2685836,-0.3844835,ES-CS,Castellón/Castelló,1,2,2024-07-18T23:35:14Z,OpenStreetMap (ODbL)
node/11535280765,Collet del Corral Sec,,,1599,1599.0,40.261972,-0.3727418,ES-CS,Castellón/Castelló,1,3,2026-08-05T00:37:47Z,OpenStreetMap (ODbL)
node/11536572099,Pic de Sales,,,471,471.0,39.9298423,-0.2550573,ES-CS,Castellón/Castelló,1,4,2025-12-16T21:10:19Z,OpenStreetMap (ODbL)
node/11538238151,Penya de la Veja,,,1184,1184.0,40.3075617,-0.3806779,ES-CS,Castellón/Castelló,1,2,2024-10-19T22:07:24Z,OpenStreetMap (ODbL)
node/11544247970,Cap de l'Ombria Roja,,,1017,1017.0,40.3159801,-0.260067,ES-CS,Castellón/Castelló,1,1,2024-01-23T21:04:22Z,OpenStreetMap (ODbL)
node/11544247971,Cap del Molló,,,986,986.0,40.3148675,-0.257138,ES-CS,Castellón/Castelló,1,1,2024-01-23T21:04:22Z,OpenStreetMap (ODbL)
node/11548222941,Tossal de l'Algepsar,,,955,955.0,40.2860243,-0.2563012,ES-CS,Castellón/Castelló,1,2,2024-01-30T19:23:35Z,OpenStreetMap (ODbL)
node/11548222943,Collet dels Nius,,,1005,1005.0,40.2863107,-0.2704418,ES-CS,Castellón/Castelló,1,1,2024-01-25T00:16:19Z,OpenStreetMap (ODbL)
node/11557003645,el Pirineu,,,798,798.0,40.0776513,-0.3210986,ES-CS,Castellón/Castelló,1,2,2026-04-21T23:07:09Z,OpenStreetMap (ODbL)
node/11557003646,Loma del Mesón,,,800,800.0,40.0781814,-0.3235351,ES-CS,Castellón/Castelló,1,2,2026-04-21T23:07:09Z,OpenStreetMap (ODbL)
node/11561118876,Lloma de les Ferreries,,,938,938.0,40.3732571,-0.2152793,ES-CS,Castellón/Castelló,1,1,2024-01-28T20:46:24Z,OpenStreetMap (ODbL)
node/11561164246,Collet de la Solana del Barranc Pardo,,,1022,1022.0,40.2771483,-0.279136,ES-CS,Castellón/Castelló,1,1,2024-01-28T21:22:08Z,OpenStreetMap (ODbL)
node/11561164247,Collet del Molí Més Alt,,,1016,1016.0,40.277812,-0.2759788,ES-CS,Castellón/Castelló,1,1,2024-01-28T21:22:08Z,OpenStreetMap (ODbL)
node/11561164248,Collet de la Teuleria,,,1002,1002.0,40.2800547,-0.272619,ES-CS,Castellón/Castelló,1,1,2024-01-28T21:22:08Z,OpenStreetMap (ODbL)
node/11561164250,Tossal del Molí Pasqual,,,978,978.0,40.2805982,-0.2684043,ES-CS,Castellón/Castelló,1,1,2024-01-28T21:22:08Z,OpenStreetMap (ODbL)
node/11561357373,Tossal de la Moixa,,,532,532.0,40.0708771,-0.2907283,ES-CS,Castellón/Castelló,1,1,2024-01-28T22:08:51Z,OpenStreetMap (ODbL)
node/11565578481,la Rodana,,,198,198.0,39.7194332,-0.2745956,ES-V,Valencia/València,1,2,2024-01-29T23:43:41Z,OpenStreetMap (ODbL)
node/11565578482,Pic del Cuquello,,,286,286.0,39.7187515,-0.2831811,ES-V,Valencia/València,1,3,2024-03-07T17:30:04Z,OpenStreetMap (ODbL)
node/11565578483,Muntanya de Romeu,,,332,332.0,39.7144804,-0.2797694,ES-V,Valencia/València,1,1,2024-01-29T23:06:33Z,OpenStreetMap (ODbL)
node/11565578484,l'Aixeve,,,278,278.0,39.710245,-0.2736158,ES-V,Valencia/València,1,3,2025-01-27T23:53:11Z,OpenStreetMap (ODbL)
node/11565578485,Pic dels Corbs,,,240,240.0,39.7085818,-0.2706452,ES-V,Valencia/València,1,1,2024-01-29T23:06:33Z,OpenStreetMap (ODbL)
node/11570547196,Tossal del Regolfo,,,1063,1063.0,40.2806838,-0.2424073,ES-CS,Castellón/Castelló,1,1,2024-01-30T19:23:35Z,OpenStreetMap (ODbL)
node/11570547351,Tossal del Mas de Clèric,,,967,967.0,40.2815719,-0.251956,ES-CS,Castellón/Castelló,1,1,2024-01-30T19:23:35Z,OpenStreetMap (ODbL)
node/11570654523,Tossal Gros,,,1108,1108.0,40.2630373,-0.2719324,ES-CS,Castellón/Castelló,1,1,2024-01-30T20:21:43Z,OpenStreetMap (ODbL)
node/11584125651,el Colladar,,,1240,1240.0,40.3005289,-0.3396414,ES-CS,Castellón/Castelló,1,2,2026-07-22T17:35:35Z,OpenStreetMap (ODbL)
node/11592749850,el Castellet,,,1203,1203.0,40.2985859,-0.3938073,ES-CS,Castellón/Castelló,1,1,2024-02-06T20:01:14Z,OpenStreetMap (ODbL)
node/11592757320,Penya la Veja,,,1162,1162.0,40.3069595,-0.3735124,ES-CS,Castellón/Castelló,1,1,2024-02-06T20:05:09Z,OpenStreetMap (ODbL)
node/11603326488,el Cabeçolo,,,499,499.0,40.2817847,-0.1712322,ES-CS,Castellón/Castelló,1,1,2024-02-09T18:46:44Z,OpenStreetMap (ODbL)
node/11608468445,Capoll de la Lloma,,,1352,1352.0,40.2512118,-0.3330284,ES-CS,Castellón/Castelló,1,1,2024-02-10T19:42:22Z,OpenStreetMap (ODbL)
node/11608520477,Moleta de Mor,,,1441,1441.0,40.2491586,-0.3264892,ES-CS,Castellón/Castelló,1,1,2024-02-10T19:42:22Z,OpenStreetMap (ODbL)
node/11609874109,la Mallada del Llop,,,1361,1361.0,38.7151868,-0.2435105,ES-A,Alicante/Alacant,1,1,2024-02-11T10:19:56Z,OpenStreetMap (ODbL)
node/11610006533,Moleta del Jauguet,,,1401,1401.0,40.2575421,-0.321544,ES-CS,Castellón/Castelló,1,2,2024-02-11T14:06:20Z,OpenStreetMap (ODbL)
node/11610476645,Tossal del Mas del Surdo,,,1380,1380.0,40.2656594,-0.3175625,ES-CS,Castellón/Castelló,1,1,2024-02-11T14:39:53Z,OpenStreetMap (ODbL)
node/11635402566,Alt del Pouet de la Rabosa,,,730,730.0,38.8809281,-0.6451465,ES-V,Valencia/València,1,1,2024-02-17T18:23:55Z,OpenStreetMap (ODbL)
node/11635402567,Punta del Bessó,,,712,712.0,38.8787791,-0.6428932,ES-V,Valencia/València,1,1,2024-02-17T18:23:55Z,OpenStreetMap (ODbL)
node/11635586233,la Picossa,,,1064,1064.0,40.3158527,-0.1890533,ES-CS,Castellón/Castelló,1,2,2025-07-07T23:31:44Z,OpenStreetMap (ODbL)
node/11635586245,els Castellets,els Castellets,,804,804.0,40.3294913,-0.1978285,ES-CS,Castellón/Castelló,1,3,2025-07-07T23:43:50Z,OpenStreetMap (ODbL)
node/11638899762,la Rodaneta Blanca,,,244,244.0,39.548778,-0.6199014,ES-V,Valencia/València,1,2,2026-06-25T23:25:37Z,OpenStreetMap (ODbL)
node/11649396337,Penya de la Boda,,,561,561.0,39.878668,-0.3142922,ES-CS,Castellón/Castelló,1,2,2025-05-01T14:04:46Z,OpenStreetMap (ODbL)
node/11659134903,,,,849,849.0,38.6168922,-0.320831,ES-A,Alicante/Alacant,1,1,2024-02-24T07:29:56Z,OpenStreetMap (ODbL)
node/11659134916,Penya Costa,,,525,525.0,38.5852336,-0.2708806,ES-A,Alicante/Alacant,1,1,2024-02-24T07:29:56Z,OpenStreetMap (ODbL)
node/11659218651,Tossal de Bosuna,,,478,478.0,38.5810407,-0.1749965,ES-A,Alicante/Alacant,1,1,2024-02-24T08:55:26Z,OpenStreetMap (ODbL)
node/11663045952,Cerritico Redondo,,,238,238.0,39.6053092,-0.6977478,ES-V,Valencia/València,1,2,2026-05-17T19:09:46Z,OpenStreetMap (ODbL)
node/11700944536,Muntanyeta de l'Aigua Fresca o de la Somnàmbula,,,71,71.0,39.6891311,-0.2679619,ES-V,Valencia/València,1,3,2025-01-28T17:33:05Z,OpenStreetMap (ODbL)
node/11700959771,Lloma de Caguetes,,,232,232.0,39.7186913,-0.294496,ES-V,Valencia/València,1,1,2024-03-07T14:16:09Z,OpenStreetMap (ODbL)
node/11700960169,Pic del Tabalet,,,304,304.0,39.7276274,-0.2866104,ES-V,Valencia/València,1,1,2024-03-07T14:16:09Z,OpenStreetMap (ODbL)
node/11700960170,Muntanyeta Blanca,,,242,242.0,39.7258229,-0.2857063,ES-V,Valencia/València,1,1,2024-03-07T14:16:09Z,OpenStreetMap (ODbL)
node/11700960171,El Portell,,,337,337.0,39.7264237,-0.2916218,ES-V,Valencia/València,1,1,2024-03-07T14:16:09Z,OpenStreetMap (ODbL)
node/11700960172,Muntanya de la Caseta del Retor,,,163,163.0,39.7346979,-0.2828236,ES-V,Valencia/València,1,1,2024-03-07T14:16:09Z,OpenStreetMap (ODbL)
node/11704425642,Muntanyeta de Piquer,,,59,59.0,39.7140683,-0.2631777,ES-V,Valencia/València,1,1,2024-03-08T16:07:03Z,OpenStreetMap (ODbL)
node/11704487931,Muntanya de Bolinxes,,,317,317.0,39.8001144,-0.349956,ES-V,Valencia/València,1,1,2024-03-08T16:07:03Z,OpenStreetMap (ODbL)
node/11704487938,Muntanyeta del Pare Ramon,,,299,299.0,39.7994369,-0.3394949,ES-V,Valencia/València,1,1,2024-03-08T16:07:03Z,OpenStreetMap (ODbL)
node/11704487940,El Bonellet,,,296,296.0,39.7878536,-0.3161241,ES-V,Valencia/València,1,1,2024-03-08T16:07:03Z,OpenStreetMap (ODbL)
node/11704487960,Muntanya de l'Hostalera,,,357,357.0,39.7753484,-0.3134706,ES-V,Valencia/València,1,1,2024-03-08T16:07:03Z,OpenStreetMap (ODbL)
node/11708195584,Muntanya de la Mina,,,491,491.0,39.7975674,-0.3081836,ES-CS,Castellón/Castelló,1,2,2024-12-17T19:45:49Z,OpenStreetMap (ODbL)
node/11708195585,Lloma dels Tres Termes,,,478,478.0,39.7985514,-0.3060392,ES-CS,Castellón/Castelló,1,1,2024-03-09T12:27:27Z,OpenStreetMap (ODbL)
node/11708195662,Puntal de Melengue,,,357,357.0,39.7874935,-0.3369998,ES-V,Valencia/València,1,1,2024-03-09T12:27:27Z,OpenStreetMap (ODbL)
node/11708195663,Montcavall,,,418,418.0,39.7889348,-0.3462052,ES-V,Valencia/València,1,2,2026-05-17T19:09:46Z,OpenStreetMap (ODbL)
node/11708358100,Muntanyeta de l'Assestador,,,269,269.0,39.7953132,-0.2934143,ES-CS,Castellón/Castelló,1,1,2024-03-09T13:38:58Z,OpenStreetMap (ODbL)
node/11708358113,Muntanya d'Escales,,,322,322.0,39.799867,-0.3258775,ES-V,Valencia/València,1,1,2024-03-09T13:38:58Z,OpenStreetMap (ODbL)
node/11708358114,la Centella,,,347,347.0,39.8050003,-0.3383565,ES-CS,Castellón/Castelló,1,1,2024-03-09T13:38:58Z,OpenStreetMap (ODbL)
node/11708376297,el Salt del Cavall,,,335,335.0,39.7695008,-0.2715241,ES-CS,Castellón/Castelló,1,1,2024-03-09T13:38:58Z,OpenStreetMap (ODbL)
node/11708376299,Muntanya de la Ratlla,,,298,298.0,39.7741028,-0.2801129,ES-CS,Castellón/Castelló,1,1,2024-03-09T13:38:58Z,OpenStreetMap (ODbL)
node/11708376304,Muntanyeta de Garcia,,,219,219.0,39.7798163,-0.2786735,ES-CS,Castellón/Castelló,1,1,2024-03-09T13:38:58Z,OpenStreetMap (ODbL)
node/11708376307,Muntanyeta de Cable,,,202,202.0,39.7751864,-0.2691326,ES-CS,Castellón/Castelló,1,1,2024-03-09T13:38:58Z,OpenStreetMap (ODbL)
node/11711595850,Pico de la Sima,,,931,931.0,39.1061532,-1.1319652,ES-V,Valencia/València,1,1,2024-03-10T16:53:10Z,OpenStreetMap (ODbL)
node/11711595859,Pico de la Mina,,,937,937.0,39.1061805,-1.1196991,ES-V,Valencia/València,1,1,2024-03-10T16:53:10Z,OpenStreetMap (ODbL)
node/11711595860,Cerro de las Pedrizas,,,903,903.0,39.1042351,-1.1526004,ES-V,Valencia/València,1,1,2024-03-10T16:53:10Z,OpenStreetMap (ODbL)
node/11723846389,Alto de la Losilla,,,1003,1003.0,39.0318658,-1.1335151,ES-V,Valencia/València,1,1,2024-03-12T10:36:01Z,OpenStreetMap (ODbL)
node/11726830851,Muela de la Tortosilla,,,1206,1206.0,39.0269587,-1.2280804,ES-V,Valencia/València,1,1,2024-03-13T09:19:16Z,OpenStreetMap (ODbL)
node/11726879906,Cerro de los Caracoles,,,861,861.0,39.0797949,-1.1376857,ES-V,Valencia/València,1,2,2025-12-31T06:14:17Z,OpenStreetMap (ODbL)
node/11726894237,Cerro Gordo,,,823,823.0,39.0651064,-1.1021051,ES-V,Valencia/València,1,2,2024-04-22T17:08:06Z,OpenStreetMap (ODbL)
node/11731187456,Alto de la Pedriza,,,995,995.0,39.1283558,-0.9928829,ES-V,Valencia/València,1,1,2024-03-14T16:54:22Z,OpenStreetMap (ODbL)
node/11731187457,Alto de la Tona,,,1051,1051.0,39.1193014,-0.9562607,ES-V,Valencia/València,1,1,2024-03-14T16:54:22Z,OpenStreetMap (ODbL)
node/11731187458,Cerro de la Cueva Negra,,,902,902.0,39.1221046,-1.009442,ES-V,Valencia/València,1,1,2024-03-14T16:54:22Z,OpenStreetMap (ODbL)
node/11731273731,Cintos del Tollo,,,603,603.0,39.0986788,-1.0205393,ES-V,Valencia/València,1,1,2024-03-14T17:47:17Z,OpenStreetMap (ODbL)
node/11731273732,Peña Teresa de Cofrentes,,,916,916.0,39.1276604,-1.0094151,ES-V,Valencia/València,1,1,2024-03-14T17:47:17Z,OpenStreetMap (ODbL)
node/11736624478,Cerro de Parras,,,525,525.0,39.1185262,-1.04931,ES-V,Valencia/València,1,1,2024-03-16T11:33:04Z,OpenStreetMap (ODbL)
node/11738754103,Peñas de Sala,,,547,547.0,39.1289122,-1.0473058,ES-V,Valencia/València,1,1,2024-03-17T12:04:09Z,OpenStreetMap (ODbL)
node/11738831008,Alto de la Majada Hueca,,,865,865.0,39.1419189,-1.0129036,ES-V,Valencia/València,1,1,2024-03-17T12:39:19Z,OpenStreetMap (ODbL)
node/11740632168,El Sapo y la Sapa,,,579,579.0,39.2008322,-1.1233458,ES-V,Valencia/València,1,2,2024-11-02T19:30:19Z,OpenStreetMap (ODbL)
node/11740699681,Cinto de Pedro,,,617,617.0,39.1888034,-1.0896434,ES-V,Valencia/València,1,2,2024-03-25T19:11:52Z,OpenStreetMap (ODbL)
node/11741091910,Puntal del Puente,,,485,485.0,39.201193,-1.0781749,ES-V,Valencia/València,1,2,2024-11-03T20:29:56Z,OpenStreetMap (ODbL)
node/11742747775,Tossalet del Calvari,,,1308,1308.0,40.2904295,-0.2983473,ES-CS,Castellón/Castelló,1,2,2026-08-06T00:13:52Z,OpenStreetMap (ODbL)
node/11744828572,Puntal de las Carboneras,,,873,873.0,39.0870625,-1.0035429,ES-V,Valencia/València,1,1,2024-03-19T10:24:58Z,OpenStreetMap (ODbL)
node/11744828573,Puntal del Enebral,,,831,831.0,39.0920727,-1.005492,ES-V,Valencia/València,1,1,2024-03-19T10:24:58Z,OpenStreetMap (ODbL)
node/11746068928,El Castillico,,,978,978.0,39.0888709,-0.9409427,ES-V,Valencia/València,1,1,2024-03-19T18:32:06Z,OpenStreetMap (ODbL)
node/11746068929,El Promontorio,,,965,965.0,39.0873826,-0.9434497,ES-V,Valencia/València,1,1,2024-03-19T18:32:06Z,OpenStreetMap (ODbL)
node/11746068978,Las Cruces,,,1079,1079.0,39.1002329,-0.9291071,ES-V,Valencia/València,1,1,2024-03-19T18:32:06Z,OpenStreetMap (ODbL)
node/11746400242,Morra de la Casa de Máximo,,,1001,1001.0,39.0986369,-0.9432988,ES-V,Valencia/València,1,1,2024-03-19T19:04:35Z,OpenStreetMap (ODbL)
node/11748538403,Puntal de los Pajaritos,,,1011,1011.0,39.0733688,-0.9473732,ES-V,Valencia/València,1,1,2024-03-20T17:28:45Z,OpenStreetMap (ODbL)
node/11748538404,Cerro de Cabeza Pinosa,,,902,902.0,39.0755117,-0.9669144,ES-V,Valencia/València,1,2,2026-05-17T19:09:46Z,OpenStreetMap (ODbL)
node/11748538850,Loma del Pelotín,,,881,881.0,39.0773615,-0.9703378,ES-V,Valencia/València,1,1,2024-03-20T17:28:45Z,OpenStreetMap (ODbL)
node/11749004676,Moleta del Pont,,,1045,1045.0,40.3264327,-0.3480991,ES-CS,Castellón/Castelló,1,1,2024-03-20T21:17:17Z,OpenStreetMap (ODbL)
node/11751168594,Alto de Isidro,,,974,974.0,39.1252917,-0.9443872,ES-V,Valencia/València,1,1,2024-03-21T19:07:31Z,OpenStreetMap (ODbL)
node/11751182098,Pico del Fraile,,,931,931.0,39.1308945,-0.9722412,ES-V,Valencia/València,1,1,2024-03-21T19:13:01Z,OpenStreetMap (ODbL)
node/11751182099,El Muletón del Choto,,,908,908.0,39.1344359,-0.9660834,ES-V,Valencia/València,1,1,2024-03-21T19:13:01Z,OpenStreetMap (ODbL)
node/11752771550,Cerro del Miñon,,,704,704.0,39.1451452,-0.9708295,ES-V,Valencia/València,1,1,2024-03-22T12:55:12Z,OpenStreetMap (ODbL)
node/11752795215,Cerro de los Corderos,,,753,753.0,39.1450518,-0.9801388,ES-V,Valencia/València,1,1,2024-03-22T12:55:12Z,OpenStreetMap (ODbL)
node/11753502244,Cerro Tarrán,,,715,715.0,39.1644545,-0.9677332,ES-V,Valencia/València,1,1,2024-03-22T17:58:44Z,OpenStreetMap (ODbL)
node/11753626622,La Jordana,,,943,943.0,39.1830506,-0.9719666,ES-V,Valencia/València,1,2,2024-04-16T11:42:14Z,OpenStreetMap (ODbL)
node/11754186744,,,,671,671.0,39.0029271,-0.301507,ES-V,Valencia/València,1,1,2024-03-23T00:51:12Z,OpenStreetMap (ODbL)
node/11754194768,Tossalet de Sico,,,291,291.0,38.8547492,-0.1520786,ES-A,Alicante/Alacant,1,1,2024-03-23T00:42:00Z,OpenStreetMap (ODbL)
node/11755821738,Penya de l'Herba,,,725,725.0,38.727409,-0.0888746,ES-A,Alicante/Alacant,1,1,2024-03-23T16:34:19Z,OpenStreetMap (ODbL)
node/11755821740,,,,984,984.0,38.7233654,-0.0851759,ES-A,Alicante/Alacant,1,1,2024-03-23T16:34:19Z,OpenStreetMap (ODbL)
node/11756955220,,,,321,321.0,38.784009,0.0326485,ES-A,Alicante/Alacant,1,1,2024-03-24T01:43:39Z,OpenStreetMap (ODbL)
node/11756955221,,,,325,325.0,38.7814408,0.026363,ES-A,Alicante/Alacant,1,1,2024-03-24T01:43:39Z,OpenStreetMap (ODbL)
node/11756962652,Els Castellets,,,160,160.0,38.8152178,0.167148,ES-A,Alicante/Alacant,1,1,2024-03-24T01:28:29Z,OpenStreetMap (ODbL)
node/11757249646,,,,513,513.0,38.7676639,0.0006977,ES-A,Alicante/Alacant,1,1,2024-03-24T06:52:39Z,OpenStreetMap (ODbL)
node/11761876970,Puntal de la Cruz,,,969,969.0,39.1454899,-1.1173681,ES-V,Valencia/València,1,1,2024-03-25T19:11:52Z,OpenStreetMap (ODbL)
node/11761876971,La Muela,,,961,961.0,39.1528828,-1.1156693,ES-V,Valencia/València,1,1,2024-03-25T19:11:52Z,OpenStreetMap (ODbL)
node/11766746851,Lomas de Santiago,,,828,828.0,39.2262577,-0.9802866,ES-V,Valencia/València,1,2,2024-03-28T08:56:57Z,OpenStreetMap (ODbL)
node/11766746852,Puntal de la Fuente Sácaras,,,807,807.0,39.2150076,-0.9902251,ES-V,Valencia/València,1,1,2024-03-27T18:38:57Z,OpenStreetMap (ODbL)
node/11766876281,Lomas de Alcola,,,774,774.0,39.1924665,-1.0172372,ES-V,Valencia/València,1,1,2024-03-27T19:17:55Z,OpenStreetMap (ODbL)
node/11768655354,Alto de Alcola,,,851,851.0,39.2166057,-1.021597,ES-V,Valencia/València,1,1,2024-03-28T10:58:09Z,OpenStreetMap (ODbL)
node/11768686996,Alto de Ayora,,,840,840.0,39.2293562,-0.9707383,ES-V,Valencia/València,1,1,2024-03-28T10:58:09Z,OpenStreetMap (ODbL)
node/11772943929,Penya la Macaroba,,,564,564.0,38.5550554,-0.309884,ES-A,Alicante/Alacant,1,1,2024-03-30T03:59:11Z,OpenStreetMap (ODbL)
node/11772943990,,,,531,531.0,38.548461,-0.2907606,ES-A,Alicante/Alacant,1,1,2024-03-30T03:59:11Z,OpenStreetMap (ODbL)
node/11774142606,Los Atascadores,,,647,647.0,39.2411368,-0.9545326,ES-V,Valencia/València,1,1,2024-03-30T19:30:54Z,OpenStreetMap (ODbL)
node/11774142607,Mojón de Cofrentes,,,552,552.0,39.2394334,-1.0048636,ES-V,Valencia/València,1,1,2024-03-30T19:30:54Z,OpenStreetMap (ODbL)
node/11787660857,Altos de la Moliqueta,,,415,415.0,40.1112907,-0.1272923,ES-CS,Castellón/Castelló,1,1,2024-04-04T19:22:35Z,OpenStreetMap (ODbL)
node/11787810589,Collet de Sant Pere,,,1152,1152.0,40.6363141,-0.0925457,ES-CS,Castellón/Castelló,1,1,2024-04-04T20:05:22Z,OpenStreetMap (ODbL)
node/11796147924,Tossal de la Balaguera,,,501,501.0,40.1149513,-0.0150744,ES-CS,Castellón/Castelló,1,1,2024-04-06T22:24:41Z,OpenStreetMap (ODbL)
node/11800100084,Alt del Pipa,,,589,589.0,39.8226181,-0.2707846,ES-CS,Castellón/Castelló,1,2,2026-05-17T19:09:46Z,OpenStreetMap (ODbL)
node/11807709926,Alto de los Zailes,,,826,826.0,40.0305397,-0.4344986,ES-CS,Castellón/Castelló,1,1,2024-04-10T18:19:58Z,OpenStreetMap (ODbL)
node/11807709927,Loma de Molletes,,,771,771.0,40.0378015,-0.4292632,ES-CS,Castellón/Castelló,1,1,2024-04-10T18:19:58Z,OpenStreetMap (ODbL)
node/11807709928,Alto de la Loma,,,837,837.0,40.0420582,-0.4348136,ES-CS,Castellón/Castelló,1,1,2024-04-10T18:19:58Z,OpenStreetMap (ODbL)
node/11807709929,Peña Blanca,,,768,768.0,40.0459048,-0.4272677,ES-CS,Castellón/Castelló,1,1,2024-04-10T18:19:58Z,OpenStreetMap (ODbL)
node/11812361746,Cabezo Royo,,,869,869.0,40.0431243,-0.5008757,ES-CS,Castellón/Castelló,1,1,2024-04-12T18:08:30Z,OpenStreetMap (ODbL)
node/11813906642,Peñas Altas,,,778,778.0,40.0689182,-0.399703,ES-CS,Castellón/Castelló,1,1,2024-04-13T15:54:54Z,OpenStreetMap (ODbL)
node/11813906643,El Morrón,,,770,770.0,40.0653406,-0.400181,ES-CS,Castellón/Castelló,1,1,2024-04-13T15:54:54Z,OpenStreetMap (ODbL)
node/11814032666,El Cerro,,,495,495.0,40.0671312,-0.4293944,ES-CS,Castellón/Castelló,1,1,2024-04-13T16:17:16Z,OpenStreetMap (ODbL)
node/11814032667,La Lometa,,,505,505.0,40.0650331,-0.4291361,ES-CS,Castellón/Castelló,1,1,2024-04-13T16:17:16Z,OpenStreetMap (ODbL)
node/11814032668,El Peirón,,,549,549.0,40.0666033,-0.4429912,ES-CS,Castellón/Castelló,1,1,2024-04-13T16:17:16Z,OpenStreetMap (ODbL)
node/11816275019,Cerro de Tabarla,,,683,683.0,39.3621417,-0.9437483,ES-V,Valencia/València,1,1,2024-04-14T09:31:57Z,OpenStreetMap (ODbL)
node/11816996378,Pico la Muralla,,,542,542.0,39.2676771,-0.9030401,ES-V,Valencia/València,1,1,2024-04-14T17:37:07Z,OpenStreetMap (ODbL)
node/11819741246,Los Colmeneros,,,863,863.0,39.1999254,-0.9021219,ES-V,Valencia/València,1,1,2024-04-15T17:45:55Z,OpenStreetMap (ODbL)
node/11819741247,Loma Catalina,,,832,832.0,39.193606,-0.8886749,ES-V,Valencia/València,1,1,2024-04-15T17:45:55Z,OpenStreetMap (ODbL)
node/11819741248,El Montón de Trigo,,,832,832.0,39.1897671,-0.8877451,ES-V,Valencia/València,1,1,2024-04-15T17:45:55Z,OpenStreetMap (ODbL)
node/11819741249,El Pino Carnicero,,,568,568.0,39.2523762,-0.8181781,ES-V,Valencia/València,1,1,2024-04-15T17:45:55Z,OpenStreetMap (ODbL)
node/11819741250,Puntal de la Partición,,,452,452.0,39.2617623,-0.8161951,ES-V,Valencia/València,1,1,2024-04-15T17:45:55Z,OpenStreetMap (ODbL)
node/11819741251,El Padre Santo,,,549,549.0,39.2808249,-0.8248736,ES-V,Valencia/València,1,1,2024-04-15T17:45:55Z,OpenStreetMap (ODbL)
node/11819741252,Alto de la Solsida,,,807,807.0,39.2795779,-0.7495709,ES-V,Valencia/València,1,1,2024-04-15T17:45:55Z,OpenStreetMap (ODbL)
node/11819741254,Alto de la Fontalba,,,767,767.0,39.2567518,-0.7053292,ES-V,Valencia/València,1,1,2024-04-15T17:45:55Z,OpenStreetMap (ODbL)
node/11819811735,El Pino Viejo,,,751,751.0,39.1568604,-0.8625453,ES-V,Valencia/València,1,1,2024-04-15T18:15:46Z,OpenStreetMap (ODbL)
node/11819811740,Alto del Cámaro,,,640,640.0,39.2102554,-0.7265488,ES-V,Valencia/València,1,1,2024-04-15T18:15:46Z,OpenStreetMap (ODbL)
node/11819811741,Rincón del Cámaro,,,614,614.0,39.2085789,-0.7232497,ES-V,Valencia/València,1,1,2024-04-15T18:15:46Z,OpenStreetMap (ODbL)
node/11821427351,Alto de las Minas,,,385,385.0,39.136089,-0.7415716,ES-V,Valencia/València,1,1,2024-04-16T08:52:35Z,OpenStreetMap (ODbL)
node/11821427352,La Caseta,,,382,382.0,39.1394759,-0.7424151,ES-V,Valencia/València,1,1,2024-04-16T08:52:35Z,OpenStreetMap (ODbL)
node/11827211386,Penya de l'Agulla,,,172,172.0,38.9081909,-0.1382538,ES-V,Valencia/València,1,1,2024-04-18T09:21:33Z,OpenStreetMap (ODbL)
node/11844818148,Cabeç de Romero,Cabeç de Romero,,377.03,377.03,38.5144209,-0.4554488,ES-A,Alicante/Alacant,1,1,2024-04-24T16:16:18Z,OpenStreetMap (ODbL)
node/11845048844,Peña de San Juan,,,1065,1065.0,39.9850078,-0.5595419,ES-CS,Castellón/Castelló,1,1,2024-04-24T18:02:22Z,OpenStreetMap (ODbL)
node/11845308348,Monte Redondo,,,1052,1052.0,39.9995342,-0.539136,ES-CS,Castellón/Castelló,1,1,2024-04-24T19:19:43Z,OpenStreetMap (ODbL)
node/11845308349,Monte Sabio,,,1008,1008.0,39.9901702,-0.5343822,ES-CS,Castellón/Castelló,1,1,2024-04-24T19:19:43Z,OpenStreetMap (ODbL)
node/11845308350,Cabecico Serrano,,,1008,1008.0,40.0009918,-0.5333894,ES-CS,Castellón/Castelló,1,1,2024-04-24T19:19:43Z,OpenStreetMap (ODbL)
node/11845308360,Peñas del Bolo,,,952,952.0,39.9957699,-0.5285813,ES-CS,Castellón/Castelló,1,1,2024-04-24T19:19:43Z,OpenStreetMap (ODbL)
node/11845308361,El Rodeno Alto,,,1020,1020.0,40.005519,-0.5133091,ES-CS,Castellón/Castelló,1,1,2024-04-24T19:19:43Z,OpenStreetMap (ODbL)
node/11845315491,Alto de la Pedriza,,,988,988.0,39.995517,-0.4803382,ES-CS,Castellón/Castelló,1,1,2024-04-24T19:19:43Z,OpenStreetMap (ODbL)
node/11845315492,Alto de Bernabia,,,953,953.0,39.9985775,-0.4815295,ES-CS,Castellón/Castelló,1,1,2024-04-24T19:19:43Z,OpenStreetMap (ODbL)
node/11845315493,Pico de las Balsillas,,,945,945.0,39.9918679,-0.4854439,ES-CS,Castellón/Castelló,1,1,2024-04-24T19:19:43Z,OpenStreetMap (ODbL)
node/11847090055,Cerro Mojón,,,1055,1055.0,39.9771218,-0.5730435,ES-CS,Castellón/Castelló,1,1,2024-04-25T12:07:26Z,OpenStreetMap (ODbL)
node/11847142272,El Alcornaco,,,981,981.0,39.9830401,-0.5353188,ES-CS,Castellón/Castelló,1,1,2024-04-25T12:07:26Z,OpenStreetMap (ODbL)
node/11847142273,La Loma Ancha,,,733,733.0,39.9658117,-0.5427244,ES-CS,Castellón/Castelló,1,1,2024-04-25T12:07:26Z,OpenStreetMap (ODbL)
node/11848029166,La Grana,,,882,882.0,39.9680956,-0.4804435,ES-CS,Castellón/Castelló,1,1,2024-04-25T18:23:18Z,OpenStreetMap (ODbL)
node/11848029167,La Loma,,,881,881.0,39.9693015,-0.4864695,ES-CS,Castellón/Castelló,1,1,2024-04-25T18:23:18Z,OpenStreetMap (ODbL)
node/11848029168,Peña de la Huesa,,,875,875.0,39.9731934,-0.4946771,ES-CS,Castellón/Castelló,1,1,2024-04-25T18:23:18Z,OpenStreetMap (ODbL)
node/11848065069,Peña del Morrón Royo,,,881,881.0,39.9614263,-0.4762139,ES-CS,Castellón/Castelló,1,3,2026-05-17T19:09:46Z,OpenStreetMap (ODbL)
node/11848065070,Peña Morrón,,,915,915.0,39.9746394,-0.4694768,ES-CS,Castellón/Castelló,1,1,2024-04-25T18:23:18Z,OpenStreetMap (ODbL)
node/11848407103,Tossal de la Cova,,,1063,1063.0,40.6846003,0.0182497,ES-CS,Castellón/Castelló,1,1,2024-04-25T20:53:44Z,OpenStreetMap (ODbL)
node/11849893049,Monte de Peras,,,827,827.0,39.961769,-0.4580586,ES-CS,Castellón/Castelló,1,1,2024-04-26T09:47:51Z,OpenStreetMap (ODbL)
node/11849958557,Mojón de Hilario,,,876,876.0,39.9552001,-0.439905,ES-CS,Castellón/Castelló,1,1,2024-04-26T10:12:01Z,OpenStreetMap (ODbL)
node/11852983902,Cabeç Redó,Cabeç Redó,,1069.79,1069.79,38.5322373,-0.5419419,ES-A,Alicante/Alacant,1,1,2024-04-27T01:49:18Z,OpenStreetMap (ODbL)
node/11854286522,el Gitano,,,389,389.0,39.6660762,-0.3717592,ES-V,Valencia/València,1,1,2024-04-27T12:39:44Z,OpenStreetMap (ODbL)
node/11854286523,l'Espartal,,,344,344.0,39.6647675,-0.3752014,ES-V,Valencia/València,1,1,2024-04-27T12:39:44Z,OpenStreetMap (ODbL)
node/11854286549,Lloma del Saler,,,287,287.0,39.6567849,-0.3868409,ES-V,Valencia/València,1,1,2024-04-27T12:39:44Z,OpenStreetMap (ODbL)
node/11854286559,el Xocainet,,,249,249.0,39.6554308,-0.3748088,ES-V,Valencia/València,1,1,2024-04-27T12:39:44Z,OpenStreetMap (ODbL)
node/11854286560,l'Ereta,,,299,299.0,39.65811,-0.3745876,ES-V,Valencia/València,1,1,2024-04-27T12:39:44Z,OpenStreetMap (ODbL)
node/11860480437,la Buitrera,,,177,177.0,39.6937017,-0.3410559,ES-V,Valencia/València,1,1,2024-04-27T18:42:46Z,OpenStreetMap (ODbL)
node/11860487711,el Rodeno de l'Aljub,,,511,511.0,39.6783219,-0.387448,ES-V,Valencia/València,1,1,2024-04-27T18:42:46Z,OpenStreetMap (ODbL)
node/11860487712,Puntal del Flare,,,394,394.0,39.6712941,-0.386295,ES-V,Valencia/València,1,1,2024-04-27T18:42:46Z,OpenStreetMap (ODbL)
node/11860487863,Muntanya del Cavall,,,240,240.0,39.6440928,-0.3633782,ES-V,Valencia/València,1,2,2025-10-08T16:04:34Z,OpenStreetMap (ODbL)
node/11862705747,Cerro Pelado,,,758,758.0,39.9564271,-0.5020977,ES-CS,Castellón/Castelló,1,2,2024-04-28T17:52:04Z,OpenStreetMap (ODbL)
node/11862892793,La Crez,,,804,804.0,39.9462187,-0.4291488,ES-CS,Castellón/Castelló,1,1,2024-04-28T18:41:21Z,OpenStreetMap (ODbL)
node/11862962357,Penya de l'Home,Penya de l'Home,,1138,1138.0,38.5403512,-0.4000259,ES-A,Alicante/Alacant,1,2,2026-05-17T19:09:46Z,OpenStreetMap (ODbL)
node/11863022084,Peña del Lentiscar,,,807,807.0,39.9575429,-0.4720428,ES-CS,Castellón/Castelló,1,1,2024-04-28T19:30:22Z,OpenStreetMap (ODbL)
node/11867072548,Cerro las Simas,,,641,641.0,39.9467699,-0.4894584,ES-CS,Castellón/Castelló,1,1,2024-04-29T18:29:06Z,OpenStreetMap (ODbL)
node/11867086962,Peña Alta,,,821,821.0,39.9580639,-0.4896144,ES-CS,Castellón/Castelló,1,1,2024-04-29T18:29:06Z,OpenStreetMap (ODbL)
node/11867086963,Peña de la Cueva Agujereada,,,856,856.0,39.9609543,-0.4938059,ES-CS,Castellón/Castelló,1,1,2024-04-29T18:29:06Z,OpenStreetMap (ODbL)
node/11867086964,El Pilón de las Almas,,,878,878.0,39.9659954,-0.4869997,ES-CS,Castellón/Castelló,1,1,2024-04-29T18:29:06Z,OpenStreetMap (ODbL)
node/11868571593,Loma de la Barcella,,,736,736.0,39.9271302,-0.4644591,ES-CS,Castellón/Castelló,1,1,2024-04-30T09:30:57Z,OpenStreetMap (ODbL)
node/11868571639,Alto de la Cueva Roya,,,936,936.0,39.9401526,-0.4339237,ES-CS,Castellón/Castelló,1,1,2024-04-30T09:30:57Z,OpenStreetMap (ODbL)
node/11868571640,Alto de la Cerretilla,,,903,903.0,39.9457519,-0.4193212,ES-CS,Castellón/Castelló,1,1,2024-04-30T09:30:57Z,OpenStreetMap (ODbL)
node/11868896070,Peña Ajambre,,,758,758.0,39.9108974,-0.4773397,ES-CS,Castellón/Castelló,1,1,2024-04-30T12:03:31Z,OpenStreetMap (ODbL)
node/11869553560,Alto de Culla,,,728,728.0,39.910245,-0.4725243,ES-CS,Castellón/Castelló,1,1,2024-04-30T17:05:27Z,OpenStreetMap (ODbL)
node/11869872566,Puntal de Marina,,,458,458.0,39.7054637,-0.3777392,ES-V,Valencia/València,1,1,2024-04-30T19:58:17Z,OpenStreetMap (ODbL)
node/11869873039,Muntanyeta Negra,,,424,424.0,39.7187591,-0.4007195,ES-V,Valencia/València,1,1,2024-04-30T19:58:17Z,OpenStreetMap (ODbL)
node/11877293365,Muntanyeta de la Massa,,,184,184.0,39.7224727,-0.3395274,ES-V,Valencia/València,1,1,2024-05-03T19:58:52Z,OpenStreetMap (ODbL)
node/11877293374,Muntanya del Raboser,,,188,188.0,39.7374265,-0.3386103,ES-V,Valencia/València,1,1,2024-05-03T19:58:52Z,OpenStreetMap (ODbL)
node/11877293379,Muntanya de la Séquia,,,193,193.0,39.731508,-0.3399262,ES-V,Valencia/València,1,1,2024-05-03T19:58:52Z,OpenStreetMap (ODbL)
node/11879477380,la Campana,,,342,342.0,39.7731439,-0.3802827,ES-V,Valencia/València,1,1,2024-05-04T17:59:22Z,OpenStreetMap (ODbL)
node/11879477713,Penya de l'Àguila,,,279,279.0,39.7884957,-0.3894843,ES-V,Valencia/València,1,1,2024-05-04T17:59:22Z,OpenStreetMap (ODbL)
node/11879477715,Serrabogar,,,398,398.0,39.7992794,-0.3844658,ES-CS,Castellón/Castelló,1,1,2024-05-04T17:59:22Z,OpenStreetMap (ODbL)
node/11879477716,Peña del Rayo,Penya del Rayo,,375,375.0,39.795985,-0.3845185,ES-CS,Castellón/Castelló,1,1,2024-05-04T17:59:22Z,OpenStreetMap (ODbL)
node/11879477745,Alto del Azud,,,349,349.0,39.8148538,-0.4079777,ES-CS,Castellón/Castelló,1,1,2024-05-04T17:59:22Z,OpenStreetMap (ODbL)
node/11879477750,Alto de los Moros,,,279,279.0,39.7928546,-0.3950256,ES-CS,Castellón/Castelló,1,1,2024-05-04T17:59:22Z,OpenStreetMap (ODbL)
node/11879477751,Monte de la Rochina,,,246,246.0,39.7938747,-0.3924357,ES-CS,Castellón/Castelló,1,1,2024-05-04T17:59:22Z,OpenStreetMap (ODbL)
node/11879477754,Montecico de las Rocheras,,,248,248.0,39.7979911,-0.4004209,ES-CS,Castellón/Castelló,1,1,2024-05-04T17:59:22Z,OpenStreetMap (ODbL)
node/11879478398,Muntanyeta de Piquer,,,193,193.0,39.7550835,-0.3434381,ES-V,Valencia/València,1,2,2025-03-29T00:05:51Z,OpenStreetMap (ODbL)
node/11909686549,Las Tollos,,,482,482.0,39.1405638,-0.8071503,ES-V,Valencia/València,1,1,2024-05-16T11:48:40Z,OpenStreetMap (ODbL)
node/11909867312,Alto de Jacinto,,,469,469.0,39.1086765,-0.7739021,ES-V,Valencia/València,1,1,2024-05-16T13:04:00Z,OpenStreetMap (ODbL)
node/11915058735,Los Corzos,,,681,681.0,39.050252,-0.8313105,ES-V,Valencia/València,1,1,2024-05-18T06:54:27Z,OpenStreetMap (ODbL)
node/11917962658,Montí Menor,,,575,575.0,39.9439798,-0.2862649,ES-CS,Castellón/Castelló,1,2,2026-04-26T18:39:39Z,OpenStreetMap (ODbL)
node/11918063052,Cormo de la Serra,,,586,586.0,40.0604558,-0.072826,ES-CS,Castellón/Castelló,1,1,2024-05-19T16:18:01Z,OpenStreetMap (ODbL)
node/11918064303,Cormo de Sula,,,594,594.0,40.0620138,-0.0926282,ES-CS,Castellón/Castelló,1,1,2024-05-19T16:18:01Z,OpenStreetMap (ODbL)
node/11943613546,Alt de Tafarmaig,,,708,708.0,38.6154286,-0.2373577,ES-A,Alicante/Alacant,1,1,2024-05-30T01:49:18Z,OpenStreetMap (ODbL)
node/11943613547,,,,584,584.0,38.6105059,-0.2483297,ES-A,Alicante/Alacant,1,2,2024-05-30T12:54:47Z,OpenStreetMap (ODbL)
node/11948347767,,,,753,753.0,38.6073925,-0.2247538,ES-A,Alicante/Alacant,1,2,2024-05-31T18:30:44Z,OpenStreetMap (ODbL)
node/11952203603,el Cabecet,,,642,642.0,40.1784553,-0.2154029,ES-CS,Castellón/Castelló,1,1,2024-06-02T17:07:07Z,OpenStreetMap (ODbL)
node/11952203604,Capoll del Donatiu,,,685,685.0,40.1782462,-0.2313727,ES-CS,Castellón/Castelló,1,1,2024-06-02T17:07:07Z,OpenStreetMap (ODbL)
node/11952203637,Tossalet de l'Amassadora,,,685,685.0,40.1844636,-0.2265823,ES-CS,Castellón/Castelló,1,1,2024-06-02T17:07:07Z,OpenStreetMap (ODbL)
node/11952203705,Tossal de l'Agüelo Pere,,,815,815.0,40.1808488,-0.2485657,ES-CS,Castellón/Castelló,1,1,2024-06-02T17:07:07Z,OpenStreetMap (ODbL)
node/11952203801,Tossal del Cabeço,,,825,825.0,40.1771068,-0.2562153,ES-CS,Castellón/Castelló,1,1,2024-06-02T17:07:07Z,OpenStreetMap (ODbL)
node/11952203839,Tossal de Borràs,,,852,852.0,40.1879552,-0.2573848,ES-CS,Castellón/Castelló,1,1,2024-06-02T17:07:07Z,OpenStreetMap (ODbL)
node/11952203840,Tossal del Collado,,,853,853.0,40.1855947,-0.2595627,ES-CS,Castellón/Castelló,1,1,2024-06-02T17:07:07Z,OpenStreetMap (ODbL)
node/11952203991,la Talaia,,,1012,1012.0,40.1798324,-0.2764928,ES-CS,Castellón/Castelló,1,1,2024-06-02T17:07:07Z,OpenStreetMap (ODbL)
node/11952204371,Tossal de la Lloma Fría,,,1045,1045.0,40.1771876,-0.3571751,ES-CS,Castellón/Castelló,1,1,2024-06-02T17:07:07Z,OpenStreetMap (ODbL)
node/11959590951,la Sima,,,383,383.0,38.5826486,-0.2489338,ES-A,Alicante/Alacant,1,3,2024-06-06T17:45:35Z,OpenStreetMap (ODbL)
node/11970156115,Pico de Caroche,el Caroig,Pico de Caroche,1126,1126.0,39.0896288,-0.9141714,ES-V,Valencia/València,1,2,2024-06-10T22:14:33Z,OpenStreetMap (ODbL)
node/11975759400,Cabecet de l'Ull de la Font,,,626,626.0,38.5350483,-0.5688538,ES-A,Alicante/Alacant,1,2,2024-06-12T17:22:39Z,OpenStreetMap (ODbL)
node/11975940627,els Picaios,,,676,676.0,38.5358346,-0.5646577,ES-A,Alicante/Alacant,1,1,2024-06-12T17:22:39Z,OpenStreetMap (ODbL)
node/11975940642,Penya Migjorn,Penya Migjorn,Peña Migjorn,1226,1226.0,38.5346195,-0.5408061,ES-A,Alicante/Alacant,1,1,2024-06-12T17:22:39Z,OpenStreetMap (ODbL)
node/11980906469,,,,524,524.0,38.5242631,-0.5790392,ES-A,Alicante/Alacant,1,1,2024-06-14T13:32:33Z,OpenStreetMap (ODbL)
node/11982733038,,,,850,850.0,38.5008521,-0.7023538,ES-A,Alicante/Alacant,1,1,2024-06-15T11:21:05Z,OpenStreetMap (ODbL)
node/11982893522,,,,609,609.0,38.458371,-0.6971683,ES-A,Alicante/Alacant,1,1,2024-06-15T13:09:14Z,OpenStreetMap (ODbL)
node/11985862610,Alt del Colomar,,,390,390.0,38.4908088,-0.5552389,ES-A,Alicante/Alacant,1,1,2024-06-16T17:57:22Z,OpenStreetMap (ODbL)
node/11985862611,Cabecó Togarit,,,507,507.0,38.4958702,-0.5619056,ES-A,Alicante/Alacant,1,1,2024-06-16T17:57:22Z,OpenStreetMap (ODbL)
node/11985862753,la Cresta,,,525,525.0,38.500118,-0.5609978,ES-A,Alicante/Alacant,1,2,2024-06-16T20:01:29Z,OpenStreetMap (ODbL)
node/11989567870,,,,1216,1216.0,38.5378985,-0.5380243,ES-A,Alicante/Alacant,1,3,2024-07-24T13:32:50Z,OpenStreetMap (ODbL)
node/12001172953,Morrón de Cirés,,,855,855.0,40.0848451,-0.4263208,ES-CS,Castellón/Castelló,1,1,2024-06-22T18:30:41Z,OpenStreetMap (ODbL)
node/12001172954,Gacelda,,,853,853.0,40.0846947,-0.4242465,ES-CS,Castellón/Castelló,1,1,2024-06-22T18:30:41Z,OpenStreetMap (ODbL)
node/12001172955,El Cabecico,,,873,873.0,40.0837527,-0.4329965,ES-CS,Castellón/Castelló,1,1,2024-06-22T18:30:41Z,OpenStreetMap (ODbL)
node/12009748378,,,,,,39.832754,-0.3623231,ES-CS,Castellón/Castelló,1,2,2024-12-17T22:34:43Z,OpenStreetMap (ODbL)
node/12030079767,Mola del Ferro,,,898,898.0,40.6569913,0.2283787,ES-CS,Castellón/Castelló,1,1,2024-07-02T23:27:28Z,OpenStreetMap (ODbL)
node/12030090575,Castell de l'Ullastre,,,743,743.0,40.6522511,0.2376045,ES-CS,Castellón/Castelló,1,1,2024-07-02T23:40:56Z,OpenStreetMap (ODbL)
node/12030963693,Roca del Migdia,,,891,891.0,40.6549041,0.2229891,ES-CS,Castellón/Castelló,1,1,2024-07-03T10:29:25Z,OpenStreetMap (ODbL)
node/12031641108,Alt del Palomaret,,,1092,1092.0,38.6487268,-0.610808,ES-A,Alicante/Alacant,1,2,2024-07-28T15:08:30Z,OpenStreetMap (ODbL)
node/12044855746,el Cabeço,,,248,248.0,38.9084235,-0.2276568,ES-V,Valencia/València,1,1,2024-07-10T01:30:36Z,OpenStreetMap (ODbL)
node/12067712166,,,,841,841.0,38.6990864,-0.2606233,ES-A,Alicante/Alacant,1,1,2024-07-22T08:42:24Z,OpenStreetMap (ODbL)
node/12067735538,,,,981,981.0,38.7054172,-0.2342696,ES-A,Alicante/Alacant,1,1,2024-07-22T08:55:24Z,OpenStreetMap (ODbL)
node/12071404923,La Coronica,,,1231,1231.0,40.2468096,-0.3844333,ES-CS,Castellón/Castelló,1,2,2026-08-01T00:43:01Z,OpenStreetMap (ODbL)
node/12071549686,Roques de Marcén,,,1593,1593.0,40.2383037,-0.3721319,ES-CS,Castellón/Castelló,1,1,2024-07-24T12:08:12Z,OpenStreetMap (ODbL)
node/12071672921,,,,752,752.0,38.5314641,-0.5298556,ES-A,Alicante/Alacant,1,1,2024-07-24T13:30:49Z,OpenStreetMap (ODbL)
node/12071678478,Puntal de Llusa,,,881,881.0,38.5472477,-0.5648697,ES-A,Alicante/Alacant,1,1,2024-07-24T13:37:37Z,OpenStreetMap (ODbL)
node/12073062069,les Forques,,,1259,1259.0,40.2903375,-0.2882409,ES-CS,Castellón/Castelló,1,1,2024-07-25T07:49:45Z,OpenStreetMap (ODbL)
node/12073062070,les Campanetes,,,1212,1212.0,40.287186,-0.2853279,ES-CS,Castellón/Castelló,1,1,2024-07-25T07:49:45Z,OpenStreetMap (ODbL)
node/12078790182,Piedra de Ladín,,,1074,1074.0,40.0384772,-0.6119557,ES-CS,Castellón/Castelló,1,1,2024-07-28T17:36:28Z,OpenStreetMap (ODbL)
node/12078823475,Alto del Hoyazán,,,910,910.0,40.0582316,-0.5827999,ES-CS,Castellón/Castelló,1,1,2024-07-28T18:03:54Z,OpenStreetMap (ODbL)
node/12078823476,Peña Roya,,,884,884.0,40.0531229,-0.5727293,ES-CS,Castellón/Castelló,1,1,2024-07-28T18:03:54Z,OpenStreetMap (ODbL)
node/12078823478,Morrón Pardo,,,803,803.0,40.0639158,-0.5773313,ES-CS,Castellón/Castelló,1,1,2024-07-28T18:03:54Z,OpenStreetMap (ODbL)
node/12078823578,La Atalaya,,,1043,1043.0,40.0243987,-0.5851165,ES-CS,Castellón/Castelló,1,1,2024-07-28T18:03:54Z,OpenStreetMap (ODbL)
node/12078823579,El Rastrillador,,,1105,1105.0,40.0253515,-0.5944506,ES-CS,Castellón/Castelló,1,1,2024-07-28T18:03:54Z,OpenStreetMap (ODbL)
node/12079785395,,,,981,981.0,38.7251522,-0.2601147,ES-A,Alicante/Alacant,1,1,2024-07-29T09:28:53Z,OpenStreetMap (ODbL)
node/12081092717,Alto del Pino del Rey,,,1241,1241.0,40.0290271,-0.6133343,ES-CS,Castellón/Castelló,1,1,2024-07-29T17:01:31Z,OpenStreetMap (ODbL)
node/12083682248,El Cremadal,,,1216,1216.0,40.20448,-0.5378645,ES-CS,Castellón/Castelló,1,1,2024-07-30T17:30:12Z,OpenStreetMap (ODbL)
node/12083688586,Alto de la Fuente de la Hoya,,,1315,1315.0,40.2123921,-0.5246279,ES-CS,Castellón/Castelló,1,1,2024-07-30T17:30:12Z,OpenStreetMap (ODbL)
node/12083688587,Alto del Contador,,,1344,1344.0,40.212389,-0.508805,ES-CS,Castellón/Castelló,1,1,2024-07-30T17:30:12Z,OpenStreetMap (ODbL)
node/12083688712,Cabezo de los Vasos,,,864,864.0,40.1458209,-0.5122359,ES-CS,Castellón/Castelló,1,1,2024-07-30T17:30:12Z,OpenStreetMap (ODbL)
node/12084065532,Lloma de la Pena-roja,,,1079,1079.0,40.3015094,-0.2281412,ES-CS,Castellón/Castelló,1,1,2024-07-30T22:51:16Z,OpenStreetMap (ODbL)
node/12084142876,Tossal del Muro,,,1225,1225.0,40.2941212,-0.282101,ES-CS,Castellón/Castelló,1,1,2024-07-31T00:21:57Z,OpenStreetMap (ODbL)
node/12087156195,Muntanyeta de Matoses,,,74,74.0,39.6735899,-0.3034268,ES-V,Valencia/València,1,1,2024-08-01T12:31:42Z,OpenStreetMap (ODbL)
node/12087156269,Muntanya del Polvorí,,,114,114.0,39.6680981,-0.2922816,ES-V,Valencia/València,1,1,2024-08-01T12:31:42Z,OpenStreetMap (ODbL)
node/12089748936,Tossal de Plàcido,,,1152,1152.0,40.2927514,-0.2754629,ES-CS,Castellón/Castelló,1,1,2024-08-02T23:49:10Z,OpenStreetMap (ODbL)
node/12093980892,Peñón de la Peñarrubia,,,929,929.0,38.5944471,-0.8149678,ES-A,Alicante/Alacant,1,1,2024-08-05T19:12:25Z,OpenStreetMap (ODbL)
node/12095249950,Penyes Roges,,,889,889.0,38.6438214,-0.6570876,ES-A,Alicante/Alacant,1,1,2024-08-06T13:05:43Z,OpenStreetMap (ODbL)
node/12096748558,,,,832,832.0,38.6993308,-0.140456,ES-A,Alicante/Alacant,1,1,2024-08-07T09:15:57Z,OpenStreetMap (ODbL)
node/12096760949,Penya de Tàrbena,,,632,632.0,38.6906342,-0.1071432,ES-A,Alicante/Alacant,1,1,2024-08-07T09:15:57Z,OpenStreetMap (ODbL)
node/12101691330,Morro de Moraga,,,1253,1253.0,38.660493,-0.2730654,ES-A,Alicante/Alacant,1,3,2025-11-16T23:54:10Z,OpenStreetMap (ODbL)
node/12109967992,Muntanyeta de Sant Joan,,,337,337.0,40.4691682,0.1852173,ES-CS,Castellón/Castelló,1,1,2024-08-14T10:11:21Z,OpenStreetMap (ODbL)
node/12109967993,la Mola,,,743,743.0,40.473485,0.1000894,ES-CS,Castellón/Castelló,1,2,2024-08-22T16:51:35Z,OpenStreetMap (ODbL)
node/12109975789,Monte Blanco,,,617,617.0,40.4764342,0.1267038,ES-CS,Castellón/Castelló,1,1,2024-08-14T09:48:27Z,OpenStreetMap (ODbL)
node/12109976401,Coll de Calito,,,431,431.0,40.4592382,0.2061134,ES-CS,Castellón/Castelló,1,1,2024-08-14T09:24:41Z,OpenStreetMap (ODbL)
node/12109976402,les Solsides,,,404,404.0,40.4575632,0.2158426,ES-CS,Castellón/Castelló,1,2,2024-08-22T17:24:18Z,OpenStreetMap (ODbL)
node/12109976403,Tossal de Carruana,,,402,402.0,40.4653822,0.2146561,ES-CS,Castellón/Castelló,1,3,2024-10-07T09:10:05Z,OpenStreetMap (ODbL)
node/12109976404,Muntanya de la Mare de Déu,,,415,415.0,40.4562793,0.2037592,ES-CS,Castellón/Castelló,1,1,2024-08-14T09:24:41Z,OpenStreetMap (ODbL)
node/12109976405,Muntanya de Sant Cristòfol,,,490,490.0,40.4515099,0.203111,ES-CS,Castellón/Castelló,1,1,2024-08-14T09:24:41Z,OpenStreetMap (ODbL)
node/12109976406,la Gaita,,,557,557.0,40.4463648,0.2035717,ES-CS,Castellón/Castelló,1,2,2024-08-22T17:24:46Z,OpenStreetMap (ODbL)
node/12109976407,el Bovalar,,,572,572.0,40.4296461,0.1996425,ES-CS,Castellón/Castelló,1,2,2024-08-22T17:25:07Z,OpenStreetMap (ODbL)
node/12115491763,Penyes del Gorrit,Penyes del Gorrit,Peñas del Gorrit,904,904.0,38.5140223,-0.7471038,ES-A,Alicante/Alacant,1,1,2024-08-16T17:47:58Z,OpenStreetMap (ODbL)
node/12115508550,Alt de Càrdenes,Alt de Càrdenes,Alto de Cárdenes,890,890.0,38.5165019,-0.7425883,ES-A,Alicante/Alacant,1,1,2024-08-16T17:55:29Z,OpenStreetMap (ODbL)
node/12128110223,Collet dels Pinarets,,,1296,1296.0,40.2896366,-0.309791,ES-CS,Castellón/Castelló,1,2,2026-07-27T23:54:12Z,OpenStreetMap (ODbL)
node/12128162102,Tossal de la Torre,,,516,516.0,40.4984521,0.156629,ES-CS,Castellón/Castelló,1,2,2026-05-17T19:09:46Z,OpenStreetMap (ODbL)
node/12147715129,Alt del Tomello,,,674,674.0,38.347598,-0.9838902,ES-A,Alicante/Alacant,1,3,2026-05-17T19:09:46Z,OpenStreetMap (ODbL)
node/12147725641,Sereta d'Esteve,,,658,658.0,38.3547796,-1.0373188,ES-A,Alicante/Alacant,1,3,2024-11-04T17:03:02Z,OpenStreetMap (ODbL)
node/12160635588,Cinto de la Ventolera,,,920,920.0,39.3198104,-0.9268827,ES-V,Valencia/València,1,1,2024-09-06T18:54:37Z,OpenStreetMap (ODbL)
node/12162179573,Loma de la Cañadica,,,511,511.0,39.2812262,-0.9178982,ES-V,Valencia/València,1,1,2024-09-07T17:11:20Z,OpenStreetMap (ODbL)
node/12168591016,La Matrona,,,397,397.0,39.2814404,-0.8706196,ES-V,Valencia/València,1,1,2024-09-10T18:14:50Z,OpenStreetMap (ODbL)
node/12170378046,El Rodenal,,,441,441.0,39.2891381,-0.8237798,ES-V,Valencia/València,1,1,2024-09-11T17:17:12Z,OpenStreetMap (ODbL)
node/12170801113,Roca del Migdia,,,1477,1477.0,40.2297367,-0.3352081,ES-CS,Castellón/Castelló,1,1,2024-09-11T21:25:09Z,OpenStreetMap (ODbL)
node/12172066223,Cerro de la Porra,,,1193,1193.0,39.9929192,-0.6177485,ES-CS,Castellón/Castelló,1,1,2024-09-12T11:02:42Z,OpenStreetMap (ODbL)
node/12172066224,Cerro de la Cerdaña,,,1192,1192.0,39.9967275,-0.6131351,ES-CS,Castellón/Castelló,1,1,2024-09-12T11:02:42Z,OpenStreetMap (ODbL)
node/12172066225,Alto del Mas del Bravo,,,996,996.0,39.9970086,-0.59212,ES-CS,Castellón/Castelló,1,1,2024-09-12T11:02:42Z,OpenStreetMap (ODbL)
node/12173320411,Los Pinos Rodenos,,,741,741.0,39.2386869,-0.8322196,ES-V,Valencia/València,1,1,2024-09-12T18:07:35Z,OpenStreetMap (ODbL)
node/12173320412,Marrada de Gayarre,,,720,720.0,39.2462591,-0.8173176,ES-V,Valencia/València,1,1,2024-09-12T18:07:35Z,OpenStreetMap (ODbL)
node/12173320413,Marrada de Cavas,,,726,726.0,39.2467204,-0.8133944,ES-V,Valencia/València,1,1,2024-09-12T18:07:35Z,OpenStreetMap (ODbL)
node/12174680821,Alto de la Canal,,,589,589.0,39.2703438,-0.7772478,ES-V,Valencia/València,1,1,2024-09-13T11:10:53Z,OpenStreetMap (ODbL)
node/12174717724,Puntal Redondo,,,579,579.0,39.2723575,-0.7678568,ES-V,Valencia/València,1,1,2024-09-13T11:41:11Z,OpenStreetMap (ODbL)
node/12174717796,Alto de la Ceja,,,564,564.0,39.2578072,-0.7534265,ES-V,Valencia/València,1,1,2024-09-13T11:41:11Z,OpenStreetMap (ODbL)
node/12174765243,La Sima,,,676,676.0,39.2777015,-0.7333127,ES-V,Valencia/València,1,1,2024-09-13T12:12:21Z,OpenStreetMap (ODbL)
node/12174765244,Cresta de la Plata,,,673,673.0,39.2805613,-0.7840561,ES-V,Valencia/València,1,1,2024-09-13T12:12:21Z,OpenStreetMap (ODbL)
node/12175091676,Pico Colaita,,,828,828.0,39.266053,-0.7008486,ES-V,Valencia/València,1,1,2024-09-13T15:37:06Z,OpenStreetMap (ODbL)
node/12177128140,Peñarrubia,,,831,831.0,39.9943489,-0.470629,ES-CS,Castellón/Castelló,1,1,2024-09-14T17:53:39Z,OpenStreetMap (ODbL)
node/12178639992,Alto de Benatares,,,929,929.0,39.9954676,-0.4190887,ES-CS,Castellón/Castelló,1,1,2024-09-15T16:57:37Z,OpenStreetMap (ODbL)
node/12188644850,Penya Blanca,,,700,700.0,38.8091709,-0.2735035,ES-A,Alicante/Alacant,1,1,2024-09-20T17:12:34Z,OpenStreetMap (ODbL)
node/12188649318,,,,510,510.0,38.8472074,-0.1914596,ES-A,Alicante/Alacant,1,1,2024-09-20T16:59:40Z,OpenStreetMap (ODbL)
node/12188649319,,,,601,601.0,38.8491311,-0.2065617,ES-A,Alicante/Alacant,1,1,2024-09-20T16:59:40Z,OpenStreetMap (ODbL)
node/12188649341,,,,621,621.0,38.8375199,-0.235381,ES-A,Alicante/Alacant,1,1,2024-09-20T16:59:40Z,OpenStreetMap (ODbL)
node/12193241025,La Peraleja,,,532,532.0,39.2241251,-0.6923211,ES-V,Valencia/València,1,1,2024-09-22T19:12:17Z,OpenStreetMap (ODbL)
node/12193241026,Loma del Pajarito,,,436,436.0,39.2094414,-0.6921816,ES-V,Valencia/València,1,1,2024-09-22T19:12:17Z,OpenStreetMap (ODbL)
node/12193241027,Loma del Pimpollo,,,478,478.0,39.1942392,-0.662739,ES-V,Valencia/València,1,1,2024-09-22T19:12:17Z,OpenStreetMap (ODbL)
node/12193241028,Puntal de Guijas,,,511,511.0,39.1992031,-0.6571412,ES-V,Valencia/València,1,1,2024-09-22T19:12:17Z,OpenStreetMap (ODbL)
node/12193241029,Puntal de Penya-roja,,,471,471.0,39.1995533,-0.6455353,ES-V,Valencia/València,1,1,2024-09-22T19:12:17Z,OpenStreetMap (ODbL)
node/12193241030,Puntal de la Cueva Palera,,,562,562.0,39.2189344,-0.6568301,ES-V,Valencia/València,1,1,2024-09-22T19:12:17Z,OpenStreetMap (ODbL)
node/12193241150,Alto de las Palas,,,484,484.0,39.2120185,-0.6674677,ES-V,Valencia/València,1,1,2024-09-22T19:12:17Z,OpenStreetMap (ODbL)
node/12193579427,la Pedrissa,,,319,319.0,40.0092833,-0.214845,ES-CS,Castellón/Castelló,1,1,2024-09-22T23:16:22Z,OpenStreetMap (ODbL)
node/12193579545,el Tossal del Negre,,,287,287.0,40.0209185,-0.2579856,ES-CS,Castellón/Castelló,1,1,2024-09-22T23:16:22Z,OpenStreetMap (ODbL)
node/12199872221,Penya del Cèntim,Penya del Cèntim,,773,773.0,38.4969714,-0.7186979,ES-A,Alicante/Alacant,1,1,2024-09-25T19:00:42Z,OpenStreetMap (ODbL)
node/12199872222,Els Esclafats,Els Esclafats,,755,755.0,38.4973915,-0.7337991,ES-A,Alicante/Alacant,1,2,2025-04-13T21:12:31Z,OpenStreetMap (ODbL)
node/12199872223,Puntals del Figueralet,Puntals del Figueralet,,738,738.0,38.495779,-0.7363093,ES-A,Alicante/Alacant,1,1,2024-09-25T19:00:42Z,OpenStreetMap (ODbL)
node/12212595395,Santa Bàrbera,,,447,447.0,39.9466534,-0.2793185,ES-CS,Castellón/Castelló,1,2,2024-12-11T09:15:50Z,OpenStreetMap (ODbL)
node/12212595399,Tossal de Beniparrell,,,398,398.0,39.9838046,-0.2903987,ES-CS,Castellón/Castelló,1,1,2024-09-30T20:05:46Z,OpenStreetMap (ODbL)
node/12212697176,Tossal del Mançanar,,,888,888.0,40.3739414,-0.1638654,ES-CS,Castellón/Castelló,1,1,2024-09-30T21:43:58Z,OpenStreetMap (ODbL)
node/12234812443,El Pulpitillo,,,629,629.0,39.3463294,-0.9259961,ES-V,Valencia/València,1,1,2024-10-08T11:20:44Z,OpenStreetMap (ODbL)
node/12234860845,La Hormilla,,,624,624.0,39.3299774,-0.9082615,ES-V,Valencia/València,1,1,2024-10-08T11:43:27Z,OpenStreetMap (ODbL)
node/12234860846,Loma de Cantalobos,,,716,716.0,39.3372042,-0.9211863,ES-V,Valencia/València,1,1,2024-10-08T11:43:27Z,OpenStreetMap (ODbL)
node/12234860847,Puntal Redondo,,,809,809.0,39.331077,-0.9324737,ES-V,Valencia/València,1,1,2024-10-08T11:43:27Z,OpenStreetMap (ODbL)
node/12239991469,Tossal del Mas de Menente,,,930,930.0,38.705346,-0.5440577,ES-A,Alicante/Alacant,1,2,2026-05-17T19:09:46Z,OpenStreetMap (ODbL)
node/12239992511,Tossal del Mas de Miró,,,914,914.0,38.705227,-0.540955,ES-A,Alicante/Alacant,1,2,2026-05-17T19:09:46Z,OpenStreetMap (ODbL)
node/12243851730,Pico del Rebollo,,,751,751.0,39.3635726,-1.0460777,ES-V,Valencia/València,1,1,2024-10-11T10:07:33Z,OpenStreetMap (ODbL)
node/12243926883,Puntal del Collado de Flez,,,592,592.0,39.3626278,-0.9239799,ES-V,Valencia/València,1,1,2024-10-11T11:12:01Z,OpenStreetMap (ODbL)
node/12243926884,Puntal del Lucero,,,581,581.0,39.3602568,-0.9072924,ES-V,Valencia/València,1,1,2024-10-11T11:12:01Z,OpenStreetMap (ODbL)
node/12247797807,Alt de la Font Freda,,,802,802.0,38.8270046,-0.4582741,ES-V,Valencia/València,1,1,2024-10-13T08:02:35Z,OpenStreetMap (ODbL)
node/12247797811,Tossal d'Otos,,,663,663.0,38.8343315,-0.4410872,ES-V,Valencia/València,1,1,2024-10-13T08:02:35Z,OpenStreetMap (ODbL)
node/12248073121,la Corralissa,,,195,195.0,39.7497802,-0.2963519,ES-V,Valencia/València,1,2,2025-02-24T19:44:03Z,OpenStreetMap (ODbL)
node/12250272238,Loma de la Laborcilla,,,484,484.0,39.3790873,-0.8328246,ES-V,Valencia/València,1,1,2024-10-14T11:03:12Z,OpenStreetMap (ODbL)
node/12250330852,Puntal de los Chapas,,,464,464.0,39.3465988,-0.8870801,ES-V,Valencia/València,1,1,2024-10-14T11:45:16Z,OpenStreetMap (ODbL)
node/12251296648,Mola de Xert,,,808,808.0,40.5381605,0.16841,ES-CS,Castellón/Castelló,1,1,2024-10-14T20:44:45Z,OpenStreetMap (ODbL)
node/12253346370,Alt de la Coca,,,654,654.0,38.7983106,-0.5825564,ES-A,Alicante/Alacant,1,1,2024-10-15T16:22:51Z,OpenStreetMap (ODbL)
node/12253346371,Alt del Costellar,,,655,655.0,38.7927779,-0.6023771,ES-V,Valencia/València,1,1,2024-10-15T16:22:51Z,OpenStreetMap (ODbL)
node/12253352777,Peña Lisa,,,814,814.0,39.3970712,-0.9279654,ES-V,Valencia/València,1,1,2024-10-15T16:22:52Z,OpenStreetMap (ODbL)
node/12253410762,Las Tetas,,,956,956.0,39.4114146,-0.9400912,ES-V,Valencia/València,1,1,2024-10-15T16:58:17Z,OpenStreetMap (ODbL)
node/12253410763,El Pintado,,,942,942.0,39.4102758,-0.9267965,ES-V,Valencia/València,1,1,2024-10-15T16:58:17Z,OpenStreetMap (ODbL)
node/12253565001,Cerro de Oriente,,,861,861.0,39.418859,-0.9911178,ES-V,Valencia/València,1,1,2024-10-15T18:12:02Z,OpenStreetMap (ODbL)
node/12253578250,Cerro del Pichón,,,814,814.0,39.4046014,-0.9986996,ES-V,Valencia/València,1,1,2024-10-15T18:22:01Z,OpenStreetMap (ODbL)
node/12269321407,Alto de Contreras,,,752,752.0,39.5127703,-1.5005036,ES-V,Valencia/València,1,2,2024-10-19T16:14:49Z,OpenStreetMap (ODbL)
node/12269321408,Torre de la Moneda,,,727,727.0,39.5129831,-1.4999848,ES-V,Valencia/València,1,1,2024-10-19T15:53:58Z,OpenStreetMap (ODbL)
node/12278421721,Llomet de Pau,,,401,401.0,39.8807114,-0.2450529,ES-CS,Castellón/Castelló,1,1,2024-10-22T10:36:28Z,OpenStreetMap (ODbL)
node/12287422934,la Simeta,,,681,681.0,38.8081862,-0.5402883,ES-A,Alicante/Alacant,1,2,2024-10-25T16:49:05Z,OpenStreetMap (ODbL)
node/12292175567,El Horcajo,,,432,432.0,39.2805352,-0.9054292,ES-V,Valencia/València,1,1,2024-10-27T17:40:33Z,OpenStreetMap (ODbL)
node/12292257963,Peña de Perico,,,382,382.0,39.2628257,-0.9725805,ES-V,Valencia/València,1,1,2024-10-27T18:27:35Z,OpenStreetMap (ODbL)
node/12292257964,,,,,,39.260389,-0.9513553,ES-V,Valencia/València,1,1,2024-10-27T18:27:35Z,OpenStreetMap (ODbL)
node/12292258147,El Almagrero,,,438,438.0,39.2493003,-0.9665499,ES-V,Valencia/València,1,1,2024-10-27T18:27:35Z,OpenStreetMap (ODbL)
node/12292275553,El Peñoncico,,,471,471.0,39.2620271,-0.9579422,ES-V,Valencia/València,1,1,2024-10-27T19:02:07Z,OpenStreetMap (ODbL)
node/12292275575,Puntal de los Amoladeros,,,425,425.0,39.2683324,-0.9588823,ES-V,Valencia/València,1,2,2026-05-17T19:09:46Z,OpenStreetMap (ODbL)
node/12292311334,Loma de las Eras,,,378,378.0,39.2662389,-0.985993,ES-V,Valencia/València,1,1,2024-10-27T19:02:07Z,OpenStreetMap (ODbL)
node/12292311500,Alto del Rodenal,,,836,836.0,39.2809436,-1.0004803,ES-V,Valencia/València,1,1,2024-10-27T19:02:07Z,OpenStreetMap (ODbL)
node/12292311699,El Peñón,,,484,484.0,39.2589473,-0.9912811,ES-V,Valencia/València,1,1,2024-10-27T19:02:07Z,OpenStreetMap (ODbL)
node/12294424809,Cerro de Viñuelas,,,753,753.0,39.3193495,-1.0033712,ES-V,Valencia/València,1,2,2024-10-28T19:09:14Z,OpenStreetMap (ODbL)
node/12296377919,Puntal de la Cueva Hermosa,,,715,715.0,39.2625512,-1.0207907,ES-V,Valencia/València,1,1,2024-10-29T11:49:03Z,OpenStreetMap (ODbL)
node/12296463907,Alto de Sotos,,,584,584.0,39.2548442,-1.0475333,ES-V,Valencia/València,1,1,2024-10-29T12:34:12Z,OpenStreetMap (ODbL)
node/12302201518,Atalaya de Urrea,,,427,427.0,39.5121116,-0.7618571,ES-V,Valencia/València,1,1,2024-10-31T18:58:06Z,OpenStreetMap (ODbL)
node/12302240149,Alto de la Cárcama,,,499,499.0,39.5127975,-0.7714667,ES-V,Valencia/València,1,1,2024-10-31T19:06:37Z,OpenStreetMap (ODbL)
node/12302822795,Pico del Gallo,,,706,706.0,39.45764,-0.818754,ES-V,Valencia/València,1,1,2024-10-31T21:31:13Z,OpenStreetMap (ODbL)
node/12304315139,Alto Perra,,,611,611.0,39.4665057,-0.7701623,ES-V,Valencia/València,1,1,2024-11-01T12:12:22Z,OpenStreetMap (ODbL)
node/12304315140,El Castillejo de la Contienda,,,477,477.0,39.4543113,-0.7631226,ES-V,Valencia/València,1,1,2024-11-01T12:12:22Z,OpenStreetMap (ODbL)
node/12304315431,Alto del Cañarejo,,,678,678.0,39.4664752,-0.7899566,ES-V,Valencia/València,1,1,2024-11-01T12:12:22Z,OpenStreetMap (ODbL)
node/12304366758,Puntal de Almadí,,,705,705.0,39.4644898,-0.8061777,ES-V,Valencia/València,1,1,2024-11-01T12:50:12Z,OpenStreetMap (ODbL)
node/12304977650,Puntal del Sabinar,,,973,973.0,39.1538553,-1.1526674,ES-V,Valencia/València,1,1,2024-11-01T18:10:55Z,OpenStreetMap (ODbL)
node/12305102235,Pico de la Teja,,,993,993.0,39.170985,-1.1465967,ES-V,Valencia/València,1,1,2024-11-01T19:31:57Z,OpenStreetMap (ODbL)
node/12307419300,Camiseta,,,1207,1207.0,40.7243683,-0.0301775,ES-CS,Castellón/Castelló,1,1,2024-11-02T16:27:23Z,OpenStreetMap (ODbL)
node/12310319889,Pico de la Muela,,,553,553.0,39.2188913,-1.0696982,ES-V,Valencia/València,1,1,2024-11-03T20:29:56Z,OpenStreetMap (ODbL)
node/12312315773,la Campana,,,832,832.0,38.3510059,-0.9773584,ES-A,Alicante/Alacant,1,1,2024-11-04T15:57:03Z,OpenStreetMap (ODbL)
node/12312445568,Alt de la Puput,,,631,631.0,38.3517197,-0.9986991,ES-A,Alicante/Alacant,1,1,2024-11-04T17:03:02Z,OpenStreetMap (ODbL)
node/12312567710,La Morrota,,,517,517.0,39.2279017,-1.0871322,ES-V,Valencia/València,1,1,2024-11-04T18:26:06Z,OpenStreetMap (ODbL)
node/12312567980,Cerro del Puzol,,,812,812.0,39.2244589,-1.1273065,ES-V,Valencia/València,1,1,2024-11-04T18:26:06Z,OpenStreetMap (ODbL)
node/12312703429,Alto de la Morena,,,778,778.0,39.2561477,-1.1381579,ES-V,Valencia/València,1,1,2024-11-04T19:42:11Z,OpenStreetMap (ODbL)
node/12324451891,Puntal del Campo,,,1050,1050.0,39.1427008,-1.1442523,ES-V,Valencia/València,1,1,2024-11-08T20:17:02Z,OpenStreetMap (ODbL)
node/12329145734,El Morenillo,,,726,726.0,39.1473341,-0.9551781,ES-V,Valencia/València,1,1,2024-11-10T19:08:50Z,OpenStreetMap (ODbL)
node/12344891327,El Cigarrón,,,710,710.0,38.5372512,-0.8707148,ES-A,Alicante/Alacant,1,2,2024-11-16T08:15:29Z,OpenStreetMap (ODbL)
node/12352510419,el Cogulló,,,687,687.0,40.2538646,0.0027334,ES-CS,Castellón/Castelló,1,2,2025-03-02T19:41:25Z,OpenStreetMap (ODbL)
node/12379355225,Tossal del Corb,,,292,292.0,40.0075593,-0.1960828,ES-CS,Castellón/Castelló,1,1,2024-11-27T18:14:40Z,OpenStreetMap (ODbL)
node/12380668481,Tossal de Bonet,,,334,334.0,39.9656104,-0.2933916,ES-CS,Castellón/Castelló,1,2,2026-05-17T19:09:46Z,OpenStreetMap (ODbL)
node/12385397809,Tossal dels Boters,,,713,713.0,38.8070504,-0.2540803,ES-A,Alicante/Alacant,1,1,2024-11-29T22:37:55Z,OpenStreetMap (ODbL)
node/12385397881,Penya Llarga,,,817,817.0,38.7868881,-0.2334005,ES-A,Alicante/Alacant,1,1,2024-11-29T22:37:55Z,OpenStreetMap (ODbL)
node/12385397884,Tossal de Manuel,,,835,835.0,38.7858616,-0.2297258,ES-A,Alicante/Alacant,1,1,2024-11-29T22:37:55Z,OpenStreetMap (ODbL)
node/12388455535,Altet dels Alcavons,,,509,509.0,38.7654644,-0.3791294,ES-A,Alicante/Alacant,1,2,2026-05-17T19:09:46Z,OpenStreetMap (ODbL)
node/12388613016,el Corralet,,,319,319.0,40.0347028,-0.283493,ES-CS,Castellón/Castelló,1,1,2024-12-01T18:04:10Z,OpenStreetMap (ODbL)
node/12391002893,Alt del Carregador de Fondo,,,618,618.0,38.8633704,-0.6179424,ES-V,Valencia/València,1,2,2024-12-02T19:24:13Z,OpenStreetMap (ODbL)
node/12391002895,Alt del Caldero,,,568,568.0,38.8600096,-0.6165147,ES-V,Valencia/València,1,1,2024-12-02T17:12:15Z,OpenStreetMap (ODbL)
node/12391002896,Alt del Corral Nou,,,510,510.0,38.8603758,-0.6127102,ES-V,Valencia/València,1,2,2024-12-02T19:24:13Z,OpenStreetMap (ODbL)
node/12391002897,Alt Redó,,,613,613.0,38.8594486,-0.6203431,ES-V,Valencia/València,1,1,2024-12-02T17:12:15Z,OpenStreetMap (ODbL)
node/12391002898,Alt de la Savina,,,661,661.0,38.8614768,-0.6233455,ES-V,Valencia/València,1,2,2024-12-02T19:13:19Z,OpenStreetMap (ODbL)
node/12392099200,Piló del Palmeral,,,335,335.0,40.0306631,-0.2769954,ES-CS,Castellón/Castelló,1,2,2025-02-07T06:51:25Z,OpenStreetMap (ODbL)
node/12405075943,Roca de l'Àguila,,,1475,1475.0,40.2365976,-0.3246234,ES-CS,Castellón/Castelló,1,2,2024-12-10T10:29:59Z,OpenStreetMap (ODbL)
node/12407200199,Penya Alta,,,394,394.0,38.9687323,-0.5511102,ES-V,Valencia/València,1,1,2024-12-09T13:33:46Z,OpenStreetMap (ODbL)
node/12407285540,Collet de la Saranyana,,,1109,1109.0,40.6231802,-0.2222007,ES-CS,Castellón/Castelló,1,1,2024-12-09T14:46:11Z,OpenStreetMap (ODbL)
node/12407325307,Serreta d'Annauir,,,279,279.0,38.9670937,-0.5602767,ES-V,Valencia/València,1,1,2024-12-09T14:52:38Z,OpenStreetMap (ODbL)
node/12407650419,Morral de la Buitrera,,,928,928.0,40.2835074,-0.2028583,ES-CS,Castellón/Castelló,1,1,2024-12-09T17:30:55Z,OpenStreetMap (ODbL)
node/12410414590,Cabeço del Cuquello,,,669,669.0,40.1143702,-0.2627569,ES-CS,Castellón/Castelló,1,2,2026-04-12T21:53:54Z,OpenStreetMap (ODbL)
node/12410473836,el Puntal,,,765,765.0,40.0748282,-0.3201203,ES-CS,Castellón/Castelló,1,3,2026-05-17T19:09:46Z,OpenStreetMap (ODbL)
node/12416478530,la Gorreta,,,261,261.0,39.9053914,-0.2161074,ES-CS,Castellón/Castelló,1,1,2024-12-12T16:10:54Z,OpenStreetMap (ODbL)
node/12416478537,la Colera,,,253,253.0,39.9284451,-0.2284333,ES-CS,Castellón/Castelló,1,1,2024-12-12T16:10:54Z,OpenStreetMap (ODbL)
node/12416523711,Monte de la Rápita,,,402,402.0,39.8532736,-0.4513232,ES-CS,Castellón/Castelló,1,2,2025-03-24T14:01:02Z,OpenStreetMap (ODbL)
node/12416523724,Alto del Azut,,,324,324.0,39.8118603,-0.4057983,ES-CS,Castellón/Castelló,1,1,2024-12-12T16:35:03Z,OpenStreetMap (ODbL)
node/12417547513,La Copa de la Maceta,,,446,446.0,38.1026062,-0.9482226,ES-A,Alicante/Alacant,1,1,2024-12-12T23:09:06Z,OpenStreetMap (ODbL)
node/12419260646,Penya Miró,,,553,553.0,39.894495,-0.3276515,ES-CS,Castellón/Castelló,1,1,2024-12-13T09:21:09Z,OpenStreetMap (ODbL)
node/12420503268,la Nevera,,,853,853.0,39.8595669,-0.2908767,ES-CS,Castellón/Castelló,1,1,2024-12-13T16:15:09Z,OpenStreetMap (ODbL)
node/12423406920,Tossal del Mas de Gaspar,,,624,624.0,40.2443638,-0.0137721,ES-CS,Castellón/Castelló,1,2,2025-03-03T18:36:17Z,OpenStreetMap (ODbL)
node/12426945735,el Maquial,,,241,241.0,39.7981754,-0.2584899,ES-CS,Castellón/Castelló,1,1,2024-12-17T19:45:49Z,OpenStreetMap (ODbL)
node/12426945751,el Calderer,,,247,247.0,39.8039329,-0.2540803,ES-CS,Castellón/Castelló,1,1,2024-12-17T19:45:49Z,OpenStreetMap (ODbL)
node/12426945811,el Carrascalet,,,386,386.0,39.8111239,-0.2705383,ES-CS,Castellón/Castelló,1,1,2024-12-17T19:45:49Z,OpenStreetMap (ODbL)
node/12426945812,Recingle de la Güenya,,,324,324.0,39.8086267,-0.2567518,ES-CS,Castellón/Castelló,1,1,2024-12-17T19:45:49Z,OpenStreetMap (ODbL)
node/12426949714,Els Picatxos,,,1018,1018.0,38.6835375,-0.7029212,ES-A,Alicante/Alacant,1,1,2024-12-17T19:47:58Z,OpenStreetMap (ODbL)
node/12426949715,Penyes del Barranc de Sanxet,,,977,977.0,38.6814102,-0.7058984,ES-A,Alicante/Alacant,1,1,2024-12-17T19:47:58Z,OpenStreetMap (ODbL)
node/12431612205,el Búnquer,,,582.81,582.81,40.0600406,-0.0783841,ES-CS,Castellón/Castelló,1,2,2024-12-21T19:02:12Z,OpenStreetMap (ODbL)
node/12435545017,Muntanyes del Senyor,,,286,286.0,40.0802151,0.0962623,ES-CS,Castellón/Castelló,1,1,2024-12-20T10:29:27Z,OpenStreetMap (ODbL)
node/12435555682,Almenaria,,,715,715.0,39.9147619,-0.3957904,ES-CS,Castellón/Castelló,1,1,2024-12-20T10:50:52Z,OpenStreetMap (ODbL)
node/12435555684,la Nevera,,,891,891.0,39.9218389,-0.4017844,ES-CS,Castellón/Castelló,1,1,2024-12-20T10:50:52Z,OpenStreetMap (ODbL)
node/12436949810,la Jabonera,,,876,876.0,39.747212,-0.4983281,ES-V,Valencia/València,1,1,2024-12-20T14:15:47Z,OpenStreetMap (ODbL)
node/12436949811,Peña Caballo,,,604,604.0,39.7456304,-0.5157454,ES-V,Valencia/València,1,1,2024-12-20T14:15:47Z,OpenStreetMap (ODbL)
node/12436949860,els Rebalsadors,,,801,801.0,39.6985336,-0.4497772,ES-V,Valencia/València,1,2,2025-12-27T22:28:42Z,OpenStreetMap (ODbL)
node/12438615839,Cerro Peña,,,1407,1407.0,39.9732174,-0.8166226,ES-CS,Castellón/Castelló,1,1,2024-12-21T13:03:09Z,OpenStreetMap (ODbL)
node/12438897746,Alto de los Cubos,,,1038,1038.0,39.9246148,-0.4081577,ES-CS,Castellón/Castelló,1,1,2024-12-21T16:53:58Z,OpenStreetMap (ODbL)
node/12438934234,Cormo de la Botalària,,,598.29,598.29,40.0576016,-0.080031,ES-CS,Castellón/Castelló,1,1,2024-12-21T17:11:06Z,OpenStreetMap (ODbL)
node/12439068522,Puntal de Calero,,,1428,1428.0,39.9799089,-0.8268868,ES-CS,Castellón/Castelló,1,1,2024-12-21T19:05:21Z,OpenStreetMap (ODbL)
node/12439461917,Morrón del Navajo de los Centos,,,1458,1458.0,39.944351,-0.813306,ES-CS,Castellón/Castelló,1,1,2024-12-21T20:03:16Z,OpenStreetMap (ODbL)
node/12439467086,Tossal del Moro,,,285.95,285.95,40.3022849,0.1553032,ES-CS,Castellón/Castelló,1,1,2024-12-21T19:36:04Z,OpenStreetMap (ODbL)
node/12440072519,Tossal de la Covassa,,,875,875.0,40.2622121,-0.0353623,ES-CS,Castellón/Castelló,1,1,2024-12-22T01:33:04Z,OpenStreetMap (ODbL)
node/12440072641,el Capitell,,,947,947.0,40.2694082,-0.0349546,ES-CS,Castellón/Castelló,1,1,2024-12-22T01:33:04Z,OpenStreetMap (ODbL)
node/12440073360,Coll del Mas del Vent,,,713,713.0,40.2440865,-0.0568137,ES-CS,Castellón/Castelló,1,2,2026-05-17T19:09:46Z,OpenStreetMap (ODbL)
node/12440073699,Collet de la Palomita,,,609,609.0,40.2273015,-0.0572276,ES-CS,Castellón/Castelló,1,1,2024-12-22T01:33:04Z,OpenStreetMap (ODbL)
node/12441129613,Tossalet del Castellet,,,471.65,471.65,40.0613774,-0.0859188,ES-CS,Castellón/Castelló,1,5,2025-03-27T19:30:14Z,OpenStreetMap (ODbL)
node/12442002730,Alto de la Cuchara,,,1533,1533.0,39.9097387,-0.8289739,ES-CS,Castellón/Castelló,1,1,2024-12-22T18:20:19Z,OpenStreetMap (ODbL)
node/12442110267,Cerro del Pino,,,1421,1421.0,39.9290136,-0.7880467,ES-CS,Castellón/Castelló,1,1,2024-12-22T19:29:11Z,OpenStreetMap (ODbL)
node/12442165410,Cerro Negro,,,1572,1572.0,39.9021671,-0.8168578,ES-CS,Castellón/Castelló,1,1,2024-12-22T19:29:11Z,OpenStreetMap (ODbL)
node/12442399590,Morrón Royo,,,985.65,985.65,40.1540893,-0.4014513,ES-CS,Castellón/Castelló,1,1,2024-12-22T22:31:05Z,OpenStreetMap (ODbL)
node/12442422927,Roca Alta,,,711.52,711.52,40.1134997,-0.2941924,ES-CS,Castellón/Castelló,1,1,2024-12-22T22:17:13Z,OpenStreetMap (ODbL)
node/12442434966,Peña Roya,,,1011.64,1011.64,40.1565617,-0.3983547,ES-CS,Castellón/Castelló,1,1,2024-12-22T22:29:30Z,OpenStreetMap (ODbL)
node/12442437374,el Morrón,,,697.54,697.54,40.1482876,-0.3830165,ES-CS,Castellón/Castelló,1,1,2024-12-22T22:25:29Z,OpenStreetMap (ODbL)
node/12442449304,Tossal dels Fossinos,,,836.25,836.25,40.1105493,-0.2783489,ES-CS,Castellón/Castelló,1,1,2024-12-22T22:14:19Z,OpenStreetMap (ODbL)
node/12442449390,el Cabeço,,,804,804.0,40.1161408,-0.2977376,ES-CS,Castellón/Castelló,1,4,2026-05-17T19:09:46Z,OpenStreetMap (ODbL)
node/12442470877,la Picossa de la Mançanera,,,1055.41,1055.41,40.1512675,-0.3514998,ES-CS,Castellón/Castelló,1,1,2024-12-22T23:21:03Z,OpenStreetMap (ODbL)
node/12442509575,Capollet de Buenos Aires,,,954.56,954.56,40.1669428,-0.3304779,ES-CS,Castellón/Castelló,1,2,2025-06-23T11:07:09Z,OpenStreetMap (ODbL)
node/12444674530,Muntanya de la Mineta,,,150.20,150.2,39.802914,-0.2006824,ES-CS,Castellón/Castelló,1,1,2024-12-23T17:13:45Z,OpenStreetMap (ODbL)
node/12444759013,Montalar,,,177.21,177.21,39.8007523,-0.231073,ES-CS,Castellón/Castelló,1,2,2024-12-23T17:37:37Z,OpenStreetMap (ODbL)
node/12444894041,Cerro de la Cruz,,,1352,1352.0,39.9219138,-0.754386,ES-CS,Castellón/Castelló,1,1,2024-12-23T18:36:48Z,OpenStreetMap (ODbL)
node/12444915221,La Muela,,,1261,1261.0,39.9153694,-0.7641897,ES-CS,Castellón/Castelló,1,1,2024-12-23T18:36:48Z,OpenStreetMap (ODbL)
node/12444915222,Loma de las Herradillas,,,1287,1287.0,39.9063857,-0.7687937,ES-CS,Castellón/Castelló,1,1,2024-12-23T18:36:48Z,OpenStreetMap (ODbL)
node/12444915223,La Tarihuela,,,1256,1256.0,39.9049866,-0.7644485,ES-CS,Castellón/Castelló,1,1,2024-12-23T18:36:48Z,OpenStreetMap (ODbL)
node/12445317714,Lomica de en Medio,,,1276,1276.0,39.842421,-0.7364966,ES-CS,Castellón/Castelló,1,1,2024-12-23T20:16:33Z,OpenStreetMap (ODbL)
node/12445317715,El Morrón,,,1255,1255.0,39.84417,-0.7642595,ES-V,Valencia/València,1,1,2024-12-23T20:16:33Z,OpenStreetMap (ODbL)
node/12445317716,Peña del Reloj,,,1322,1322.0,39.8386664,-0.7844785,ES-V,Valencia/València,1,1,2024-12-23T20:16:33Z,OpenStreetMap (ODbL)
node/12445317719,La Celestina,,,1279,1279.0,39.8802993,-0.7533015,ES-CS,Castellón/Castelló,1,1,2024-12-23T20:16:33Z,OpenStreetMap (ODbL)
node/12445317720,Puntal de la Montera,,,1218,1218.0,39.8890106,-0.7720531,ES-CS,Castellón/Castelló,1,1,2024-12-23T20:16:33Z,OpenStreetMap (ODbL)
node/12446034613,Tossal de l'Om,,,880,880.0,40.2774364,-0.016965,ES-CS,Castellón/Castelló,1,1,2024-12-24T00:15:58Z,OpenStreetMap (ODbL)
node/12453452112,Alto de la Barraca,,,1125,1125.0,39.94382,-0.7169486,ES-CS,Castellón/Castelló,1,1,2024-12-26T17:41:43Z,OpenStreetMap (ODbL)
node/12453452113,Alto del Pepino,,,1136,1136.0,39.9413508,-0.7193434,ES-CS,Castellón/Castelló,1,1,2024-12-26T17:41:43Z,OpenStreetMap (ODbL)
node/12453452114,Alto de Capilla,,,981,981.0,39.9445443,-0.6977297,ES-CS,Castellón/Castelló,1,1,2024-12-26T17:41:43Z,OpenStreetMap (ODbL)
node/12453565781,Lomas del Murciénago,,,1104,1104.0,39.8896034,-0.7628938,ES-CS,Castellón/Castelló,1,1,2024-12-26T18:57:34Z,OpenStreetMap (ODbL)
node/12453619512,Cerrito Güeña,,,1102,1102.0,39.898613,-0.7645256,ES-CS,Castellón/Castelló,1,1,2024-12-26T19:40:12Z,OpenStreetMap (ODbL)
node/12453681571,Alto del Pino,,,1067,1067.0,39.8991871,-0.737447,ES-CS,Castellón/Castelló,1,1,2024-12-26T20:19:06Z,OpenStreetMap (ODbL)
node/12453681572,Peña Roya,,,1122,1122.0,39.8934331,-0.7234367,ES-CS,Castellón/Castelló,1,1,2024-12-26T20:19:06Z,OpenStreetMap (ODbL)
node/12453681573,Las Longanillas,,,1143,1143.0,39.8860814,-0.7283948,ES-CS,Castellón/Castelló,1,1,2024-12-26T20:19:06Z,OpenStreetMap (ODbL)
node/12453681574,La Serrecica,,,1167,1167.0,39.8804149,-0.7242285,ES-CS,Castellón/Castelló,1,1,2024-12-26T20:19:06Z,OpenStreetMap (ODbL)
node/12457352916,,,,714,714.0,38.492908,-0.8614193,ES-A,Alicante/Alacant,1,2,2025-01-11T23:42:14Z,OpenStreetMap (ODbL)
node/12457460630,Cabezo del Pueblo,,,546,546.0,38.5357783,-0.841845,ES-A,Alicante/Alacant,1,1,2024-12-28T00:29:50Z,OpenStreetMap (ODbL)
node/12459424275,Collet del Mas Nou,,,1172,1172.0,40.4728979,-0.1697074,ES-CS,Castellón/Castelló,1,2,2026-05-17T19:09:46Z,OpenStreetMap (ODbL)
node/12459425027,Collet del Mas de Folch,,,1307,1307.0,40.4896532,-0.1763827,ES-CS,Castellón/Castelló,1,2,2026-05-17T19:09:46Z,OpenStreetMap (ODbL)
node/12459436935,Tossalet del Pou de la Vila,,,1218,1218.0,40.4627876,-0.2558324,ES-CS,Castellón/Castelló,1,1,2024-12-28T19:31:35Z,OpenStreetMap (ODbL)
node/12459847943,Tossal del Mas dels Pilars,,,1123,1123.0,40.4790314,-0.155737,ES-CS,Castellón/Castelló,1,1,2024-12-29T01:21:09Z,OpenStreetMap (ODbL)
node/12462861392,Tossal Gros,,,1103,1103.0,40.6714678,0.0007081,ES-CS,Castellón/Castelló,1,1,2024-12-30T11:49:54Z,OpenStreetMap (ODbL)
node/12462893249,el Moletó,,,1295,1295.0,40.5333862,-0.0683712,ES-CS,Castellón/Castelló,1,1,2024-12-30T11:58:51Z,OpenStreetMap (ODbL)
node/12462894081,Colle Redó,,,1123,1123.0,40.6766105,-0.02738,ES-CS,Castellón/Castelló,1,1,2024-12-30T11:49:54Z,OpenStreetMap (ODbL)
node/12463195433,Collet del Conill,,,1213,1213.0,40.4937578,-0.1504925,ES-CS,Castellón/Castelló,1,1,2024-12-30T14:42:05Z,OpenStreetMap (ODbL)
node/12465110990,Tossal de l'Ombieta,,,1009,1009.0,40.643167,-0.2712175,ES-CS,Castellón/Castelló,1,1,2024-12-31T10:42:29Z,OpenStreetMap (ODbL)
node/12465225534,el Piló de la Bassa d'Horta,,,89,89.0,39.0056232,-0.2266715,ES-V,Valencia/València,1,1,2024-12-31T12:22:16Z,OpenStreetMap (ODbL)
node/12465473904,Lloma del Mas de les Ombries,,,999,999.0,40.635035,-0.2938628,ES-CS,Castellón/Castelló,1,1,2024-12-31T15:03:23Z,OpenStreetMap (ODbL)
node/12471576770,Peña de Carrera,,,525,525.0,40.0207958,-0.3446309,ES-CS,Castellón/Castelló,1,1,2025-01-03T16:11:09Z,OpenStreetMap (ODbL)
node/12474015296,Pic del Flare,,,916,916.0,38.6175055,-0.7662964,ES-A,Alicante/Alacant,1,1,2025-01-04T18:12:15Z,OpenStreetMap (ODbL)
node/12474420409,la Barcella,,,199,199.0,39.0253787,-0.2287897,ES-V,Valencia/València,1,2,2025-01-12T16:42:03Z,OpenStreetMap (ODbL)
node/12474420411,,,,221,221.0,39.020473,-0.2422964,ES-V,Valencia/València,1,1,2025-01-04T22:23:08Z,OpenStreetMap (ODbL)
node/12474420412,,,,146,146.0,39.0159473,-0.2355991,ES-V,Valencia/València,1,1,2025-01-04T22:23:08Z,OpenStreetMap (ODbL)
node/12474498302,Penya de la Sima,Penya de la Sima,Penña de la Sima,857,857.0,38.6330192,-0.6827362,ES-A,Alicante/Alacant,1,1,2025-01-04T23:17:33Z,OpenStreetMap (ODbL)
node/12475299568,la Tossa,,,797,797.0,40.6631198,0.2551431,ES-CS,Castellón/Castelló,1,1,2025-01-05T09:08:56Z,OpenStreetMap (ODbL)
node/12476079602,Cerro Martina,,,383,383.0,39.6563761,-0.8687011,ES-V,Valencia/València,1,2,2026-05-19T21:36:38Z,OpenStreetMap (ODbL)
node/12478291617,Tossal de la Llebre,,,409,409.0,39.9604404,-0.3479233,ES-CS,Castellón/Castelló,1,1,2025-01-06T11:25:53Z,OpenStreetMap (ODbL)
node/12478366780,el Cabeço,,,496,496.0,40.1080454,-0.2258527,ES-CS,Castellón/Castelló,1,1,2025-01-06T12:17:56Z,OpenStreetMap (ODbL)
node/12478366790,Tossal de les Tigres,,,667,667.0,40.0975577,-0.2436733,ES-CS,Castellón/Castelló,1,1,2025-01-06T12:17:56Z,OpenStreetMap (ODbL)
node/12478473153,Canto de la Corona,,,1442,1442.0,40.4146642,-0.3004611,ES-CS,Castellón/Castelló,1,1,2025-01-06T13:22:30Z,OpenStreetMap (ODbL)
node/12486276460,,,,661,661.0,40.1122565,-0.5984397,ES-CS,Castellón/Castelló,1,3,2026-03-09T15:14:20Z,OpenStreetMap (ODbL)
node/12488110290,Moleta de les Pallisses,,,992,992.0,40.4334302,-0.1291203,ES-CS,Castellón/Castelló,1,1,2025-01-10T10:58:29Z,OpenStreetMap (ODbL)
node/12488148978,la Moleta,,,1156,1156.0,40.4264931,-0.0956307,ES-CS,Castellón/Castelló,1,1,2025-01-10T10:58:29Z,OpenStreetMap (ODbL)
node/12492815322,Tossal de la Sobalma,,,755,755.0,40.3193398,-0.0534118,ES-CS,Castellón/Castelló,1,1,2025-01-11T18:19:59Z,OpenStreetMap (ODbL)
node/12501374895,Collet del Tio Andreu,,,1096,1096.0,40.2491524,-0.2766323,ES-CS,Castellón/Castelló,1,1,2025-01-14T18:49:17Z,OpenStreetMap (ODbL)
node/12501374896,Collet del Masico,,,1097,1097.0,40.2513388,-0.2793467,ES-CS,Castellón/Castelló,1,1,2025-01-14T18:49:17Z,OpenStreetMap (ODbL)
node/12501671014,Capitell de les Malladaes,,,1462,1462.0,40.2348854,-0.3260865,ES-CS,Castellón/Castelló,1,1,2025-01-14T19:37:19Z,OpenStreetMap (ODbL)
node/12501671031,Collet Roig,,,1244,1244.0,40.2289656,-0.3250197,ES-CS,Castellón/Castelló,1,1,2025-01-14T19:37:19Z,OpenStreetMap (ODbL)
node/12505275498,Roca del Tossal,,,837,837.0,40.2303199,-0.2487856,ES-CS,Castellón/Castelló,1,1,2025-01-15T19:50:56Z,OpenStreetMap (ODbL)
node/12505346329,el Tossalet,,,757,757.0,40.2336986,-0.2395964,ES-CS,Castellón/Castelló,1,2,2026-01-03T15:46:01Z,OpenStreetMap (ODbL)
node/12509465757,Alt de Padur,Alt de Padur,,382,382.0,39.0506432,-0.2639032,ES-V,Valencia/València,1,1,2025-01-17T14:14:19Z,OpenStreetMap (ODbL)
node/12509465758,Puntal del Raboser,Puntal del Raboser,,258,258.0,39.053768,-0.2729856,ES-V,Valencia/València,1,1,2025-01-17T14:14:19Z,OpenStreetMap (ODbL)
node/12509891580,Peña Bruñilo,,,843,843.0,39.8780407,-0.6920024,ES-CS,Castellón/Castelló,1,1,2025-01-17T18:10:17Z,OpenStreetMap (ODbL)
node/12509891581,Alto de Pipa,,,972,972.0,39.8674283,-0.6836972,ES-CS,Castellón/Castelló,1,1,2025-01-17T18:10:17Z,OpenStreetMap (ODbL)
node/12510216527,Peña de la Dueña,,,868,868.0,39.8777867,-0.6988519,ES-CS,Castellón/Castelló,1,1,2025-01-17T19:32:17Z,OpenStreetMap (ODbL)
node/12510216584,Alto del Losar,,,912,912.0,39.8758258,-0.7059138,ES-CS,Castellón/Castelló,1,1,2025-01-17T19:32:17Z,OpenStreetMap (ODbL)
node/12510223731,Puntal del Turco,,,898,898.0,39.882808,-0.7099962,ES-CS,Castellón/Castelló,1,1,2025-01-17T19:32:17Z,OpenStreetMap (ODbL)
node/12510224160,Alto de la Pastora,,,844,844.0,39.874146,-0.673974,ES-CS,Castellón/Castelló,1,1,2025-01-17T19:32:17Z,OpenStreetMap (ODbL)
node/12510224161,Altico de Colás,,,785,785.0,39.8847936,-0.6793153,ES-CS,Castellón/Castelló,1,1,2025-01-17T19:32:17Z,OpenStreetMap (ODbL)
node/12512098959,Penya de Migdia,,,191,191.0,39.0602099,-0.242473,ES-V,Valencia/València,1,1,2025-01-18T12:06:58Z,OpenStreetMap (ODbL)
node/12512099066,la Palma,,,353,353.0,39.0549536,-0.2480369,ES-V,Valencia/València,1,1,2025-01-18T12:06:58Z,OpenStreetMap (ODbL)
node/12513989382,Alto del Garroso,,,707,707.0,39.920605,-0.6711619,ES-CS,Castellón/Castelló,1,1,2025-01-19T10:55:47Z,OpenStreetMap (ODbL)
node/12513989589,Cerro de la Hinojosa,,,765,765.0,39.9230926,-0.6632522,ES-CS,Castellón/Castelló,1,1,2025-01-19T10:55:47Z,OpenStreetMap (ODbL)
node/12514010829,Alto del Torrejón,,,701,701.0,39.9037169,-0.6404688,ES-CS,Castellón/Castelló,1,1,2025-01-19T11:14:44Z,OpenStreetMap (ODbL)
node/12514010830,Cerro de la Vegatilla,,,701,701.0,39.9042914,-0.5892081,ES-CS,Castellón/Castelló,1,1,2025-01-19T11:14:44Z,OpenStreetMap (ODbL)
node/12514311609,Tossal de Toni la Quita,,,372,372.0,38.5854499,-0.2296965,ES-A,Alicante/Alacant,1,2,2026-05-17T19:09:46Z,OpenStreetMap (ODbL)
node/12514311619,Penya dels Castellets,,,650,650.0,38.5887568,-0.2419096,ES-A,Alicante/Alacant,1,2,2026-05-17T19:09:46Z,OpenStreetMap (ODbL)
node/12518849664,,,,571,571.0,39.9085478,-0.5738018,ES-CS,Castellón/Castelló,1,2,2025-04-13T11:13:20Z,OpenStreetMap (ODbL)
node/12520999174,Tossal del Xorrador,,,679,679.0,40.0894862,-0.2581391,ES-CS,Castellón/Castelló,1,1,2025-01-21T17:54:10Z,OpenStreetMap (ODbL)
node/12521054037,Tossal de Roc,,,696,696.0,40.0927283,-0.2602613,ES-CS,Castellón/Castelló,1,1,2025-01-21T17:54:10Z,OpenStreetMap (ODbL)
node/12521183872,la Lloma del Castell,,,350,350.0,39.0429731,-0.2684804,ES-V,Valencia/València,1,1,2025-01-21T19:08:56Z,OpenStreetMap (ODbL)
node/12526343854,Cerro de la Fuente,,,1123,1123.0,40.0087486,-0.6499858,ES-CS,Castellón/Castelló,1,1,2025-01-23T12:54:23Z,OpenStreetMap (ODbL)
node/12526344028,El Picacho,,,1146,1146.0,40.0114502,-0.6228156,ES-CS,Castellón/Castelló,1,1,2025-01-23T12:54:23Z,OpenStreetMap (ODbL)
node/12526591870,Moles de Sant Domingo,,,1038,1038.0,40.6218099,0.1265061,ES-CS,Castellón/Castelló,1,2,2025-01-23T17:28:59Z,OpenStreetMap (ODbL)
node/12526617327,els Cabeçols,,,225,225.0,39.1778151,-0.2496952,ES-V,Valencia/València,1,1,2025-01-23T15:22:31Z,OpenStreetMap (ODbL)
node/12526741976,Mola Closa,,,946,946.0,40.6156762,0.131533,ES-CS,Castellón/Castelló,1,1,2025-01-23T17:28:59Z,OpenStreetMap (ODbL)
node/12529677672,,,,231,231.0,39.0006374,-0.2235223,ES-V,Valencia/València,1,1,2025-01-24T16:47:29Z,OpenStreetMap (ODbL)
node/12529677673,,,,227,227.0,39.0011824,-0.2123541,ES-V,Valencia/València,1,1,2025-01-24T16:47:29Z,OpenStreetMap (ODbL)
node/12529677674,,,,209,209.0,38.9984597,-0.2219063,ES-V,Valencia/València,1,1,2025-01-24T16:47:29Z,OpenStreetMap (ODbL)
node/12529677675,,,,234,234.0,38.9949028,-0.2028361,ES-V,Valencia/València,1,1,2025-01-24T16:47:29Z,OpenStreetMap (ODbL)
node/12529677676,Alt del Pla Gran,,,241,241.0,38.9958176,-0.1995012,ES-V,Valencia/València,1,1,2025-01-24T16:47:29Z,OpenStreetMap (ODbL)
node/12529677677,,,,226,226.0,39.0029238,-0.2067914,ES-V,Valencia/València,1,1,2025-01-24T16:47:29Z,OpenStreetMap (ODbL)
node/12529677678,,,,202,202.0,38.9982345,-0.2101688,ES-V,Valencia/València,1,1,2025-01-24T16:47:29Z,OpenStreetMap (ODbL)
node/12529677679,,,,220,220.0,38.9974586,-0.2154781,ES-V,Valencia/València,1,1,2025-01-24T16:47:29Z,OpenStreetMap (ODbL)
node/12529677680,,,,203,203.0,38.994947,-0.2139526,ES-V,Valencia/València,1,1,2025-01-24T16:47:29Z,OpenStreetMap (ODbL)
node/12529677682,,,,124,124.0,38.9843809,-0.1970178,ES-V,Valencia/València,1,1,2025-01-24T16:47:29Z,OpenStreetMap (ODbL)
node/12529677683,,,,164,164.0,38.9867881,-0.2043743,ES-V,Valencia/València,1,1,2025-01-24T16:47:29Z,OpenStreetMap (ODbL)
node/12529677684,,,,148,148.0,38.9849518,-0.2081142,ES-V,Valencia/València,1,1,2025-01-24T16:47:29Z,OpenStreetMap (ODbL)
node/12529677685,,,,213,213.0,38.9917862,-0.1991976,ES-V,Valencia/València,1,1,2025-01-24T16:47:29Z,OpenStreetMap (ODbL)
node/12529677686,,,,224,224.0,38.9980226,-0.2056419,ES-V,Valencia/València,1,1,2025-01-24T16:47:29Z,OpenStreetMap (ODbL)
node/12529677690,,,,145,145.0,38.9862965,-0.2076469,ES-V,Valencia/València,1,1,2025-01-24T16:47:29Z,OpenStreetMap (ODbL)
node/12529677691,,,,222,222.0,38.9967567,-0.2294335,ES-V,Valencia/València,1,1,2025-01-24T16:47:29Z,OpenStreetMap (ODbL)
node/12529677692,,,,162,162.0,38.9917382,-0.2252534,ES-V,Valencia/València,1,1,2025-01-24T16:47:29Z,OpenStreetMap (ODbL)
node/12529677693,,,,188,188.0,38.9950812,-0.2263099,ES-V,Valencia/València,1,1,2025-01-24T16:47:29Z,OpenStreetMap (ODbL)
node/12529677694,,,,161,161.0,38.992938,-0.1959128,ES-V,Valencia/València,1,1,2025-01-24T16:47:29Z,OpenStreetMap (ODbL)
node/12529677695,,,,156,156.0,38.993077,-0.193581,ES-V,Valencia/València,1,1,2025-01-24T16:47:29Z,OpenStreetMap (ODbL)
node/12529677696,,,,169,169.0,38.9963124,-0.1939744,ES-V,Valencia/València,1,1,2025-01-24T16:47:29Z,OpenStreetMap (ODbL)
node/12529677698,,,,196,196.0,38.9925081,-0.2041111,ES-V,Valencia/València,1,1,2025-01-24T16:47:29Z,OpenStreetMap (ODbL)
node/12534457280,Alto del Rojel,,,783,783.0,39.8213503,-0.5603205,ES-CS,Castellón/Castelló,1,1,2025-01-26T17:30:58Z,OpenStreetMap (ODbL)
node/12534457281,Peña del Perdigón,,,666,666.0,39.8222314,-0.5484245,ES-CS,Castellón/Castelló,1,1,2025-01-26T17:30:58Z,OpenStreetMap (ODbL)
node/12534575295,Alto de Bellón,,,736,736.0,39.8096424,-0.5777536,ES-CS,Castellón/Castelló,1,1,2025-01-26T18:00:22Z,OpenStreetMap (ODbL)
node/12534620675,Peña de los Coranos,,,712,712.0,39.8104809,-0.5699759,ES-CS,Castellón/Castelló,1,2,2026-05-17T19:09:46Z,OpenStreetMap (ODbL)
node/12536015940,Altos de la Diabla,,,560,560.0,39.8485436,-0.5591935,ES-CS,Castellón/Castelló,1,1,2025-01-27T10:50:35Z,OpenStreetMap (ODbL)
node/12536057817,El Contador,,,904,904.0,39.8414565,-0.6443396,ES-CS,Castellón/Castelló,1,1,2025-01-27T11:14:36Z,OpenStreetMap (ODbL)
node/12537479436,Muntanya de Ponera,,,228,228.0,39.6881718,-0.2992579,ES-V,Valencia/València,1,1,2025-01-27T23:53:11Z,OpenStreetMap (ODbL)
node/12537479440,Alt de la Ponera,,,253,253.0,39.6926758,-0.3084936,ES-V,Valencia/València,1,1,2025-01-27T23:53:11Z,OpenStreetMap (ODbL)
node/12537479441,Muntanyeta de Casques,,,144,144.0,39.6982766,-0.3033921,ES-V,Valencia/València,1,1,2025-01-27T23:53:11Z,OpenStreetMap (ODbL)
node/12539010751,Las Aliagas Royas,,,899,899.0,39.8360399,-0.6561416,ES-CS,Castellón/Castelló,1,1,2025-01-28T12:16:55Z,OpenStreetMap (ODbL)
node/12539625766,El Descansador,,,886,886.0,39.8231098,-0.6526442,ES-V,Valencia/València,1,1,2025-01-28T18:16:17Z,OpenStreetMap (ODbL)
node/12543613363,El Puntalico,,,443,443.0,39.8536776,-0.3720367,ES-CS,Castellón/Castelló,1,1,2025-01-30T12:22:26Z,OpenStreetMap (ODbL)
node/12543685210,El Rodeno,,,524,524.0,39.853181,-0.3814951,ES-CS,Castellón/Castelló,1,1,2025-01-30T13:11:12Z,OpenStreetMap (ODbL)
node/12543685211,La Torreta,,,549,549.0,39.8578587,-0.3986577,ES-CS,Castellón/Castelló,1,1,2025-01-30T13:11:12Z,OpenStreetMap (ODbL)
node/12546626246,el Morral,,,714,714.0,40.2762731,0.0070489,ES-CS,Castellón/Castelló,1,1,2025-01-31T15:38:01Z,OpenStreetMap (ODbL)
node/12560028737,Muntanya de l'Ombria,,,167,167.0,39.7433218,-0.2997693,ES-V,Valencia/València,1,1,2025-02-05T21:18:17Z,OpenStreetMap (ODbL)
node/12567675178,Puntal del Musgany,,,395,395.0,39.7194428,-0.537799,ES-V,Valencia/València,1,2,2026-05-17T19:09:46Z,OpenStreetMap (ODbL)
node/12571887082,Montcúdio,,,520,520.0,39.6735239,-0.404376,ES-V,Valencia/València,1,1,2025-02-09T18:44:14Z,OpenStreetMap (ODbL)
node/12572022060,Cerro de la Piedra,,,885,885.0,39.813842,-0.6440075,ES-CS,Castellón/Castelló,1,1,2025-02-09T19:07:51Z,OpenStreetMap (ODbL)
node/12572035642,Cerro del Pino,,,904,904.0,39.8142344,-0.6161334,ES-CS,Castellón/Castelló,1,1,2025-02-09T19:00:41Z,OpenStreetMap (ODbL)
node/12576893829,el Collado,,,270,270.0,40.0233189,-0.2675093,ES-CS,Castellón/Castelló,1,1,2025-02-10T21:30:37Z,OpenStreetMap (ODbL)
node/12579596352,Puntal de la Culebra,,,679,679.0,39.758049,-0.5589016,ES-V,Valencia/València,1,1,2025-02-11T18:49:39Z,OpenStreetMap (ODbL)
node/12579596353,La Garita Alta,,,769,769.0,39.7564605,-0.5548438,ES-V,Valencia/València,1,2,2026-05-17T19:09:46Z,OpenStreetMap (ODbL)
node/12579596354,La Garita Baja,,,688,688.0,39.7539862,-0.562202,ES-V,Valencia/València,1,1,2025-02-11T18:49:39Z,OpenStreetMap (ODbL)
node/12585922281,El Rodano,,,1090,1090.0,39.8551281,-0.7910487,ES-V,Valencia/València,1,1,2025-02-13T19:31:46Z,OpenStreetMap (ODbL)
node/12595811989,Cerro Carnoso,,,1194,1194.0,39.8114982,-0.8356775,ES-V,Valencia/València,1,1,2025-02-17T13:43:50Z,OpenStreetMap (ODbL)
node/12595812146,Alto de la Cruz,,,989,989.0,39.8026038,-0.8154733,ES-V,Valencia/València,1,1,2025-02-17T13:43:50Z,OpenStreetMap (ODbL)
node/12596116195,Tossal de la Paredada,,,546,546.0,40.1025897,-0.0306507,ES-CS,Castellón/Castelló,1,1,2025-02-17T16:43:39Z,OpenStreetMap (ODbL)
node/12596458789,La Rosa,,,1154,1154.0,39.805468,-0.8717543,ES-V,Valencia/València,1,1,2025-02-17T19:59:09Z,OpenStreetMap (ODbL)
node/12596458790,Peña de en Medio,,,1166,1166.0,39.8048895,-0.8763811,ES-V,Valencia/València,1,1,2025-02-17T19:59:09Z,OpenStreetMap (ODbL)
node/12596458791,La Miquela,,,1135,1135.0,39.8041257,-0.8817352,ES-V,Valencia/València,1,1,2025-02-17T19:59:09Z,OpenStreetMap (ODbL)
node/12600564081,Peña del Águila,,,967,967.0,39.7828961,-0.8831675,ES-V,Valencia/València,1,1,2025-02-19T12:00:45Z,OpenStreetMap (ODbL)
node/12600564082,Puntal de las Estacas,,,882,882.0,39.7849779,-0.8773739,ES-V,Valencia/València,1,1,2025-02-19T12:00:45Z,OpenStreetMap (ODbL)
node/12600667601,Los Corcheteros,,,923,923.0,39.7714657,-0.896176,ES-V,Valencia/València,1,1,2025-02-19T12:54:41Z,OpenStreetMap (ODbL)
node/12600667862,Puntal de los Morros,,,844,844.0,39.7575016,-0.8897929,ES-V,Valencia/València,1,1,2025-02-19T12:54:41Z,OpenStreetMap (ODbL)
node/12601503696,Puntal del Chaval,,,1276,1276.0,39.8484684,-0.8860679,ES-V,Valencia/València,1,1,2025-02-19T17:56:55Z,OpenStreetMap (ODbL)
node/12610338144,Coll de les Argiles,,,512,512.0,40.5154998,0.1702597,ES-CS,Castellón/Castelló,1,1,2025-02-22T18:53:28Z,OpenStreetMap (ODbL)
node/12610338145,Coll de les Ortins,,,507,507.0,40.5150418,0.1739157,ES-CS,Castellón/Castelló,1,1,2025-02-22T18:53:28Z,OpenStreetMap (ODbL)
node/12611191320,Coll de la Gralla,,,1047,1047.0,40.5514364,0.084411,ES-CS,Castellón/Castelló,1,1,2025-02-23T02:00:26Z,OpenStreetMap (ODbL)
node/12616489858,Muntanya del Coronat,,,186,186.0,39.7535313,-0.2864221,ES-V,Valencia/València,1,1,2025-02-24T19:44:03Z,OpenStreetMap (ODbL)
node/12616489859,la Retoressa,,,188,188.0,39.751152,-0.2944251,ES-V,Valencia/València,1,1,2025-02-24T19:44:03Z,OpenStreetMap (ODbL)
node/12616966867,la Torrassa,,,1165,1165.0,40.5674667,0.0791424,ES-CS,Castellón/Castelló,1,1,2025-02-25T00:28:07Z,OpenStreetMap (ODbL)
node/12628089096,Tossal de na Miqueleta,,,,,40.2797317,-0.0059733,ES-CS,Castellón/Castelló,1,1,2025-03-01T10:11:43Z,OpenStreetMap (ODbL)
node/12631220935,Tossal dels Pous,,,728,728.0,40.2553629,-0.0068016,ES-CS,Castellón/Castelló,1,1,2025-03-02T19:41:40Z,OpenStreetMap (ODbL)
node/12633843405,el Dorontó,,,582,582.0,40.2412908,-0.0145805,ES-CS,Castellón/Castelló,1,1,2025-03-03T18:36:17Z,OpenStreetMap (ODbL)
node/12633843696,Tossal Redó,,,479,479.0,40.2433791,-9.66e-05,ES-CS,Castellón/Castelló,1,1,2025-03-03T18:36:17Z,OpenStreetMap (ODbL)
node/12636366745,Alto de los Enebrales,,,1158,1158.0,39.8692291,-0.9193601,ES-V,Valencia/València,1,1,2025-03-04T17:50:03Z,OpenStreetMap (ODbL)
node/12636372289,Loma del Mas de Aliaga,,,1047,1047.0,39.8305757,-0.935922,ES-V,Valencia/València,1,2,2026-05-17T19:09:46Z,OpenStreetMap (ODbL)
node/12636572974,Alto de la Cruz,,,915,915.0,39.8128521,-0.9258865,ES-V,Valencia/València,1,1,2025-03-04T18:26:18Z,OpenStreetMap (ODbL)
node/12636601538,Lomas del Zahorí,,,1013,1013.0,39.8097435,-0.9421095,ES-V,Valencia/València,1,2,2026-05-17T19:09:46Z,OpenStreetMap (ODbL)
node/12641309362,Puntal de las Grajas,,,868,868.0,39.7738206,-0.9295483,ES-V,Valencia/València,1,1,2025-03-06T18:22:23Z,OpenStreetMap (ODbL)
node/12641313911,La Garroferilla,,,845,845.0,39.780006,-0.9536774,ES-V,Valencia/València,1,1,2025-03-06T18:22:23Z,OpenStreetMap (ODbL)
node/12641314142,Puntal de la Fuente de la Plata,,,681,681.0,39.7697668,-0.956762,ES-V,Valencia/València,1,1,2025-03-06T18:22:23Z,OpenStreetMap (ODbL)
node/12641373616,Alto de las Lomas,,,911,911.0,39.7796582,-0.9790766,ES-V,Valencia/València,1,2,2026-05-17T19:09:46Z,OpenStreetMap (ODbL)
node/12641373690,Cerro de Bercutilla,,,754,754.0,39.7683103,-0.9746881,ES-V,Valencia/València,1,1,2025-03-06T18:55:45Z,OpenStreetMap (ODbL)
node/12641465715,Torre de Castro,,,604,604.0,39.742906,-0.9643091,ES-V,Valencia/València,1,1,2025-03-06T19:40:40Z,OpenStreetMap (ODbL)
node/12641465744,Alto de Barrera,,,597,597.0,39.748814,-0.9735255,ES-V,Valencia/València,1,1,2025-03-06T19:40:40Z,OpenStreetMap (ODbL)
node/12641465745,Alto del Bollo,,,581,581.0,39.7549775,-0.9785224,ES-V,Valencia/València,1,1,2025-03-06T19:40:40Z,OpenStreetMap (ODbL)
node/12641465747,Lomas de la Cueva del Gato,,,709,709.0,39.7615556,-0.9634144,ES-V,Valencia/València,1,1,2025-03-06T19:40:40Z,OpenStreetMap (ODbL)
node/12644450320,el Terrer,,,196,196.0,39.8295782,-0.2220386,ES-CS,Castellón/Castelló,1,1,2025-03-08T00:39:20Z,OpenStreetMap (ODbL)
node/12644450321,Muntanyeta de les Mines de Campoi,,,161,161.0,39.8280498,-0.2151668,ES-CS,Castellón/Castelló,1,1,2025-03-08T00:39:20Z,OpenStreetMap (ODbL)
node/12650594309,Alto de la Virgen,,,1507,1507.0,39.9514645,-0.9406728,ES-V,Valencia/València,1,1,2025-03-10T19:40:16Z,OpenStreetMap (ODbL)
node/12650624494,Cerro del Poyo,,,1460,1460.0,39.9499566,-1.0482406,ES-V,Valencia/València,1,1,2025-03-10T20:02:22Z,OpenStreetMap (ODbL)
node/12650624495,Puntal de los Romeros,,,1327,1327.0,39.9489944,-1.0430776,ES-V,Valencia/València,1,1,2025-03-10T20:02:22Z,OpenStreetMap (ODbL)
node/12650954416,Serra dels Colmenars,,,102,102.0,38.3049116,-0.5456297,ES-A,Alicante/Alacant,1,1,2025-03-11T00:36:32Z,OpenStreetMap (ODbL)
node/12652915571,El Picarcho,,,1361,1361.0,39.930309,-1.0342807,ES-V,Valencia/València,1,1,2025-03-11T18:51:57Z,OpenStreetMap (ODbL)
node/12658406753,Puntal del Morrut,,,660,660.0,38.802764,-0.0971834,ES-A,Alicante/Alacant,1,1,2025-03-13T11:43:41Z,OpenStreetMap (ODbL)
node/12662570278,Peña Sombrero,,,1224,1224.0,39.9274727,-1.0208441,ES-V,Valencia/València,1,1,2025-03-14T11:35:45Z,OpenStreetMap (ODbL)
node/12662570279,Cabezo de la Potra,,,1207,1207.0,39.9256691,-1.0248803,ES-V,Valencia/València,1,1,2025-03-14T11:35:45Z,OpenStreetMap (ODbL)
node/12662610983,Cerro de la Moratilla,,,1085,1085.0,39.8943458,-1.0663832,ES-V,Valencia/València,1,1,2025-03-14T12:02:48Z,OpenStreetMap (ODbL)
node/12669549087,el Puigpedró,,,322,322.0,40.2498989,0.0847252,ES-CS,Castellón/Castelló,1,2,2026-05-17T19:09:46Z,OpenStreetMap (ODbL)
node/12670586097,la Pedrera d'Aigualit,,,283,283.0,39.8325895,-0.2397573,ES-CS,Castellón/Castelló,1,1,2025-03-16T18:57:18Z,OpenStreetMap (ODbL)
node/12681620369,Cerro de los Atajos,,,905,905.0,39.8533558,-1.0090455,ES-V,Valencia/València,1,1,2025-03-19T18:17:22Z,OpenStreetMap (ODbL)
node/12681696483,Puntal de Asensio,,,977,977.0,39.8495631,-0.9769469,ES-V,Valencia/València,1,1,2025-03-19T18:17:22Z,OpenStreetMap (ODbL)
node/12681696484,Cerrito Royo,,,948,948.0,39.8459526,-0.9834379,ES-V,Valencia/València,1,1,2025-03-19T18:17:22Z,OpenStreetMap (ODbL)
node/12681942969,El Castellar,,,765,765.0,39.8100227,-1.0223418,ES-V,Valencia/València,1,1,2025-03-19T18:46:41Z,OpenStreetMap (ODbL)
node/12682113690,El Hostal,,,1331,1331.0,39.9187644,-0.9326308,ES-V,Valencia/València,1,1,2025-03-19T19:38:12Z,OpenStreetMap (ODbL)
node/12684444493,El Castellar,,,1077,1077.0,39.8751221,-0.9580802,ES-V,Valencia/València,1,1,2025-03-20T12:00:49Z,OpenStreetMap (ODbL)
node/12685359252,La Buena Leche,,,1021,1021.0,39.8101629,-1.0663746,ES-V,Valencia/València,1,1,2025-03-20T18:33:05Z,OpenStreetMap (ODbL)
node/12685469905,Alto de Andariel,,,850,850.0,39.7829999,-1.0249845,ES-V,Valencia/València,1,1,2025-03-20T19:12:11Z,OpenStreetMap (ODbL)
node/12690630567,,,,934,934.0,38.5290252,-0.5387935,ES-A,Alicante/Alacant,1,2,2025-11-15T17:07:57Z,OpenStreetMap (ODbL)
node/12691805294,Pico de la Oliva,,,756,756.0,39.7621407,-1.026985,ES-V,Valencia/València,1,1,2025-03-22T20:30:18Z,OpenStreetMap (ODbL)
node/12692809657,Puntal de Esteban,,,956,956.0,39.8410623,-1.1046742,ES-V,Valencia/València,1,1,2025-03-23T10:48:51Z,OpenStreetMap (ODbL)
node/12697265192,La Moratilla del Herrero,,,1356,1356.0,39.9266681,-1.044754,ES-V,Valencia/València,1,1,2025-03-24T18:52:09Z,OpenStreetMap (ODbL)
node/12698813455,Puntal de la Comina,,,876,876.0,39.8368127,-1.1058056,ES-V,Valencia/València,1,1,2025-03-25T12:45:45Z,OpenStreetMap (ODbL)
node/12698820428,Loma de las Cortaderas,,,445,445.0,39.3182466,-1.2225938,ES-V,Valencia/València,1,1,2025-03-25T12:59:56Z,OpenStreetMap (ODbL)
node/12698924526,El Castillico,,,478,478.0,40.0621886,-0.4273778,ES-CS,Castellón/Castelló,1,1,2025-03-25T13:47:05Z,OpenStreetMap (ODbL)
node/12700391087,Penyes Altes,,,373,373.0,39.9215188,-0.2443089,ES-CS,Castellón/Castelló,1,2,2026-04-05T23:43:20Z,OpenStreetMap (ODbL)
node/12704662822,Puntal del Corral de la Peña,,,772,772.0,39.9169032,-1.1944161,ES-V,Valencia/València,1,1,2025-03-27T12:16:42Z,OpenStreetMap (ODbL)
node/12704662823,Puntal del Machorro,,,740,740.0,39.9213055,-1.1978851,ES-V,Valencia/València,1,1,2025-03-27T12:16:42Z,OpenStreetMap (ODbL)
node/12704662824,Puntal de las Risclas,,,836,836.0,39.9170808,-1.1868508,ES-V,Valencia/València,1,1,2025-03-27T12:16:42Z,OpenStreetMap (ODbL)
node/12704731489,Puntal de la Abeja,,,808,808.0,39.9115904,-1.1842987,ES-V,Valencia/València,1,1,2025-03-27T13:13:16Z,OpenStreetMap (ODbL)
node/12704731490,Puntal del Fraile,,,887,887.0,39.9076936,-1.1779172,ES-V,Valencia/València,1,1,2025-03-27T13:13:16Z,OpenStreetMap (ODbL)
node/12704731491,Loma de las Espantosas,,,975,975.0,39.9120033,-1.1694879,ES-V,Valencia/València,1,1,2025-03-27T13:13:16Z,OpenStreetMap (ODbL)
node/12704755490,Puntal del Tío Pascual,,,783,783.0,39.9039629,-1.1887565,ES-V,Valencia/València,1,1,2025-03-27T13:13:16Z,OpenStreetMap (ODbL)
node/12704755634,Puntal del Salto,,,657,657.0,39.8944018,-1.1732522,ES-V,Valencia/València,1,1,2025-03-27T13:13:16Z,OpenStreetMap (ODbL)
node/12704784080,Alto de los Cubos,,,771,771.0,39.8764228,-1.165991,ES-V,Valencia/València,1,1,2025-03-27T13:31:59Z,OpenStreetMap (ODbL)
node/12704784081,La Matrera,,,784,784.0,39.8710945,-1.1618036,ES-V,Valencia/València,1,1,2025-03-27T13:31:59Z,OpenStreetMap (ODbL)
node/12704784082,Peña del Águila,,,961,961.0,39.8973853,-1.1555821,ES-V,Valencia/València,1,2,2025-03-27T18:37:48Z,OpenStreetMap (ODbL)
node/12704784083,Loma Batana,,,1053,1053.0,39.9106858,-1.1543372,ES-V,Valencia/València,1,1,2025-03-27T13:31:59Z,OpenStreetMap (ODbL)
node/12704784084,Alto de la Sarteneja,,,1049,1049.0,39.9136072,-1.1453071,ES-V,Valencia/València,1,1,2025-03-27T13:31:59Z,OpenStreetMap (ODbL)
node/12704784085,Puntal de Valdelobos,,,1014,1014.0,39.9037833,-1.160955,ES-V,Valencia/València,1,1,2025-03-27T13:31:59Z,OpenStreetMap (ODbL)
node/12705529761,Puntal del Conquetillo,,,722,722.0,39.8638608,-1.1542914,ES-V,Valencia/València,1,1,2025-03-27T18:38:35Z,OpenStreetMap (ODbL)
node/12705529762,Puntal del Quemado,,,643,643.0,39.8652745,-1.1518774,ES-V,Valencia/València,1,1,2025-03-27T18:38:35Z,OpenStreetMap (ODbL)
node/12705529763,Puntal del Cándalo,,,748,748.0,39.8608794,-1.1578759,ES-V,Valencia/València,1,1,2025-03-27T18:38:35Z,OpenStreetMap (ODbL)
node/12705529977,Los Bartolos,,,812,812.0,39.8655522,-1.138828,ES-V,Valencia/València,1,1,2025-03-27T18:38:35Z,OpenStreetMap (ODbL)
node/12705530135,Puntal de la Umbría Negra,,,881,881.0,39.8547717,-1.1361281,ES-V,Valencia/València,1,1,2025-03-27T18:38:35Z,OpenStreetMap (ODbL)
node/12705700350,,,,,,40.0541164,-0.0863671,ES-CS,Castellón/Castelló,1,1,2025-03-27T19:30:14Z,OpenStreetMap (ODbL)
node/12708710835,la Creu de Quart,,,347,347.0,39.7307305,-0.2881341,ES-V,Valencia/València,1,1,2025-03-29T00:05:51Z,OpenStreetMap (ODbL)
node/12713974740,Alto Barrera,,,555,555.0,39.7467243,-0.9679358,ES-V,Valencia/València,1,1,2025-03-30T15:43:27Z,OpenStreetMap (ODbL)
node/12713974783,Puntal del Medio,,,648,648.0,39.3497884,-0.946252,ES-V,Valencia/València,1,1,2025-03-30T15:43:27Z,OpenStreetMap (ODbL)
node/12734154620,Picaio Redó,,,346,346.0,39.7543189,-0.3748253,ES-V,Valencia/València,1,1,2025-04-06T14:34:02Z,OpenStreetMap (ODbL)
node/12741385176,Alto de Tarramau,,,753,753.0,39.9192461,-0.6787911,ES-CS,Castellón/Castelló,1,2,2026-05-17T19:09:46Z,OpenStreetMap (ODbL)
node/12748788306,Muntanya de la Forca,,,234,234.0,39.7394218,-0.3632116,ES-V,Valencia/València,1,2,2026-05-17T19:09:46Z,OpenStreetMap (ODbL)
node/12748801719,Muntanyeta de Polo,,,203,203.0,39.7324371,-0.3704173,ES-V,Valencia/València,1,2,2026-05-17T19:09:46Z,OpenStreetMap (ODbL)
node/12748806404,Lloma de la Fontanella,,,846,846.0,40.3131803,-0.1050189,ES-CS,Castellón/Castelló,1,3,2025-08-01T22:54:49Z,OpenStreetMap (ODbL)
node/12748898364,Penyes de la Coixa,Penyes de la Coixa,,814,814.0,38.4995536,-0.7221908,ES-A,Alicante/Alacant,1,2,2025-04-11T22:22:19Z,OpenStreetMap (ODbL)
node/12748898365,,,,812,812.0,38.4994164,-0.7237009,ES-A,Alicante/Alacant,1,1,2025-04-11T21:47:51Z,OpenStreetMap (ODbL)
node/12748898366,Puntals del Perrió,Puntals del Perrió,,777,777.0,38.4997171,-0.7257769,ES-A,Alicante/Alacant,1,2,2025-04-11T22:22:19Z,OpenStreetMap (ODbL)
node/12748980626,Penyes de la Coixa,,,848,848.0,38.4995041,-0.7137827,ES-A,Alicante/Alacant,1,2,2026-05-17T19:09:46Z,OpenStreetMap (ODbL)
node/12749083785,Tossal de la Serrada,,,1088,1088.0,40.3350427,-0.1628054,ES-CS,Castellón/Castelló,1,2,2025-07-08T11:17:06Z,OpenStreetMap (ODbL)
node/12749130571,Tossal del Coscollar,,,751,751.0,40.2957844,-0.1221726,ES-CS,Castellón/Castelló,1,2,2026-05-17T19:09:46Z,OpenStreetMap (ODbL)
node/12749136694,Tossal del Castellar,,,1045,1045.0,40.3255955,-0.1589501,ES-CS,Castellón/Castelló,1,3,2025-08-08T23:55:02Z,OpenStreetMap (ODbL)
node/12750294020,Alto de la Serratilla,,,1019,1019.0,40.1836038,-0.3703782,ES-CS,Castellón/Castelló,1,2,2026-05-17T19:09:46Z,OpenStreetMap (ODbL)
node/12752774254,Puntal de la Contienda,,,1102,1102.0,40.0372475,-0.7460223,ES-CS,Castellón/Castelló,1,1,2025-04-13T17:54:36Z,OpenStreetMap (ODbL)
node/12752774255,Alto del Aliaguero,,,1098,1098.0,40.0160499,-0.7641031,ES-CS,Castellón/Castelló,1,1,2025-04-13T17:54:36Z,OpenStreetMap (ODbL)
node/12752774256,Alto de las Losas,,,1146,1146.0,40.0094093,-0.767374,ES-CS,Castellón/Castelló,1,1,2025-04-13T17:54:36Z,OpenStreetMap (ODbL)
node/12752774257,Alto de Jacobo,,,1196,1196.0,40.0032961,-0.7751935,ES-CS,Castellón/Castelló,1,1,2025-04-13T17:54:36Z,OpenStreetMap (ODbL)
node/12752935794,,,,772,772.0,38.4973986,-0.7290217,ES-A,Alicante/Alacant,1,1,2025-04-13T20:50:31Z,OpenStreetMap (ODbL)
node/12757022666,Pacaire,,,831,831.0,40.0261886,-0.5657264,ES-CS,Castellón/Castelló,1,1,2025-04-15T09:15:55Z,OpenStreetMap (ODbL)
node/12757022679,Alto de la Torralbilla,,,937,937.0,40.048087,-0.5833532,ES-CS,Castellón/Castelló,1,1,2025-04-15T09:15:55Z,OpenStreetMap (ODbL)
node/12757022680,Peña de la Cabilla,,,957,957.0,40.0461692,-0.6017261,ES-CS,Castellón/Castelló,1,1,2025-04-15T09:15:55Z,OpenStreetMap (ODbL)
node/12757244574,Cerro de Aguavientos,,,1116,1116.0,39.8042112,-0.8927439,ES-V,Valencia/València,1,2,2026-05-17T19:09:46Z,OpenStreetMap (ODbL)
node/12757244575,Peñarroya,,,1018,1018.0,39.7907999,-0.9173401,ES-V,Valencia/València,1,1,2025-04-15T11:21:44Z,OpenStreetMap (ODbL)
node/12757244577,Alto de la Hoya Redonda,,,1025,1025.0,39.8089235,-0.9022407,ES-V,Valencia/València,1,1,2025-04-15T11:21:44Z,OpenStreetMap (ODbL)
node/12757244578,La Muela,,,1029,1029.0,39.8107779,-0.9058885,ES-V,Valencia/València,1,1,2025-04-15T11:21:44Z,OpenStreetMap (ODbL)
node/12757244579,Puntal de las Cruces,,,911,911.0,39.7868839,-0.9157723,ES-V,Valencia/València,1,1,2025-04-15T11:21:44Z,OpenStreetMap (ODbL)
node/12757244580,Cerro de Palacio,,,1238,1238.0,39.9239585,-0.955311,ES-V,Valencia/València,1,2,2026-05-17T19:09:46Z,OpenStreetMap (ODbL)
node/12757244582,Alto del Rincón del Tío Blas,,,1527,1527.0,39.9680634,-0.9559306,ES-V,Valencia/València,1,1,2025-04-15T11:21:44Z,OpenStreetMap (ODbL)
node/12757254891,Puntal del Barracón,,,789,789.0,39.8705403,-1.1425236,ES-V,Valencia/València,1,1,2025-04-15T11:21:44Z,OpenStreetMap (ODbL)
node/12757254892,Puntal de la Balsa de Miguela,,,932,932.0,39.8732047,-1.1312957,ES-V,Valencia/València,1,1,2025-04-15T11:21:44Z,OpenStreetMap (ODbL)
node/12757254893,Puntal de la Majada,,,934,934.0,39.8784756,-1.133897,ES-V,Valencia/València,1,1,2025-04-15T11:21:44Z,OpenStreetMap (ODbL)
node/12757254894,Alto del Manzano,,,953,953.0,39.8747817,-1.1217929,ES-V,Valencia/València,1,1,2025-04-15T11:21:44Z,OpenStreetMap (ODbL)
node/12757336675,Alto de Titaguas,,,985,985.0,39.8624801,-1.1267839,ES-V,Valencia/València,1,1,2025-04-15T12:13:09Z,OpenStreetMap (ODbL)
node/12757336676,Alto de Calcina,,,961,961.0,39.8507595,-1.1248273,ES-V,Valencia/València,1,1,2025-04-15T12:13:09Z,OpenStreetMap (ODbL)
node/12757336677,Puntal del Maestro,,,938,938.0,39.8483647,-1.1201475,ES-V,Valencia/València,1,1,2025-04-15T12:13:09Z,OpenStreetMap (ODbL)
node/12757336678,Puntal del Zaragozano,,,899,899.0,39.8439081,-1.1213222,ES-V,Valencia/València,1,1,2025-04-15T12:13:09Z,OpenStreetMap (ODbL)
node/12757336679,Puntal de Torrijos,,,945,945.0,39.8430998,-1.128757,ES-V,Valencia/València,1,1,2025-04-15T12:13:09Z,OpenStreetMap (ODbL)
node/12757336680,Cerro de Somillas,,,948,948.0,39.8377588,-1.1256099,ES-V,Valencia/València,1,1,2025-04-15T12:13:09Z,OpenStreetMap (ODbL)
node/12757336681,Puntal del Caracol,,,903,903.0,39.8387474,-1.1211574,ES-V,Valencia/València,1,1,2025-04-15T12:13:09Z,OpenStreetMap (ODbL)
node/12757336682,Cerro de los Patos,,,847,847.0,39.8143457,-1.1269741,ES-V,Valencia/València,1,2,2026-04-02T10:19:11Z,OpenStreetMap (ODbL)
node/12757336683,Cerro del Olmo,,,871,871.0,39.8087787,-1.1255625,ES-V,Valencia/València,1,1,2025-04-15T12:13:09Z,OpenStreetMap (ODbL)
node/12758194590,Muntanya de la Sima,,,303,303.0,39.7621358,-0.3873217,ES-V,Valencia/València,1,1,2025-04-15T18:35:10Z,OpenStreetMap (ODbL)
node/12771802633,Cabeço de Palanques,,,825,825.0,40.7282282,-0.1889493,ES-CS,Castellón/Castelló,1,2,2026-05-17T19:09:46Z,OpenStreetMap (ODbL)
node/12771945910,Mola de Sant Cristòfol,,,1126,1126.0,40.6332519,-0.0682032,ES-CS,Castellón/Castelló,1,1,2025-04-21T11:03:23Z,OpenStreetMap (ODbL)
node/12771945969,Mola de la Pedrera,,,1146,1146.0,40.6352222,-0.0818342,ES-CS,Castellón/Castelló,1,1,2025-04-21T11:03:23Z,OpenStreetMap (ODbL)
node/12771946313,Tossal de Barra,,,1115,1115.0,40.6397652,-0.1036057,ES-CS,Castellón/Castelló,1,1,2025-04-21T11:03:23Z,OpenStreetMap (ODbL)
node/12771946596,Collet de la Querola,,,1024,1024.0,40.6280978,-0.0939739,ES-CS,Castellón/Castelló,1,1,2025-04-21T11:03:23Z,OpenStreetMap (ODbL)
node/12773263098,Collet de Santa Creu,,,1148,1148.0,40.6797837,-0.1423073,ES-CS,Castellón/Castelló,1,1,2025-04-21T23:47:18Z,OpenStreetMap (ODbL)
node/12773263407,Collet del Maset de Marc,,,872,872.0,40.6696993,-0.1598191,ES-CS,Castellón/Castelló,1,2,2026-05-17T19:09:46Z,OpenStreetMap (ODbL)
node/12773263525,el Castell,,,1003,1003.0,40.6556632,-0.1243901,ES-CS,Castellón/Castelló,1,1,2025-04-21T23:47:18Z,OpenStreetMap (ODbL)
node/12773263551,Collet de Mejora,,,1063,1063.0,40.6551829,-0.1038981,ES-CS,Castellón/Castelló,1,1,2025-04-21T23:47:18Z,OpenStreetMap (ODbL)
node/12776140750,el Tossal,,,1230,1230.0,40.6980067,0.0239897,ES-CS,Castellón/Castelló,1,1,2025-04-22T13:18:49Z,OpenStreetMap (ODbL)
node/12776140950,la Tossa,,,1189,1189.0,40.7226404,-0.0302607,ES-CS,Castellón/Castelló,1,2,2025-11-23T23:01:37Z,OpenStreetMap (ODbL)
node/12776141102,Collet del Mas d'Antolí,,,937,937.0,40.7359803,-0.1044452,ES-CS,Castellón/Castelló,1,2,2025-04-22T15:32:09Z,OpenStreetMap (ODbL)
node/12776141129,Collet del Fossar,,,971,971.0,40.7307711,-0.0872791,ES-CS,Castellón/Castelló,1,1,2025-04-22T13:18:49Z,OpenStreetMap (ODbL)
node/12776141239,Colletàs de Segurano,,,1024,1024.0,40.7188838,-0.086689,ES-CS,Castellón/Castelló,1,1,2025-04-22T13:18:49Z,OpenStreetMap (ODbL)
node/12776141296,Collet de Sant Bernabé,,,1011,1011.0,40.7220241,-0.0996032,ES-CS,Castellón/Castelló,1,2,2026-05-17T19:09:46Z,OpenStreetMap (ODbL)
node/12776141299,Collet de Panelles,,,1003,1003.0,40.7242362,-0.1025462,ES-CS,Castellón/Castelló,1,1,2025-04-22T13:18:49Z,OpenStreetMap (ODbL)
node/12776141500,Collet de les Canalisses,,,922,922.0,40.7564106,-0.139271,ES-CS,Castellón/Castelló,1,1,2025-04-22T13:18:49Z,OpenStreetMap (ODbL)
node/12776141869,Collet dels Campets,,,731,731.0,40.7367221,-0.1593018,ES-CS,Castellón/Castelló,1,1,2025-04-22T13:18:49Z,OpenStreetMap (ODbL)
node/12776478997,lo Cogulló,,,926,926.0,40.6699392,0.1509092,ES-CS,Castellón/Castelló,1,1,2025-04-22T15:03:09Z,OpenStreetMap (ODbL)
node/12776478999,la Portella,,,987,987.0,40.6757523,0.155994,ES-CS,Castellón/Castelló,1,2,2026-05-17T19:09:46Z,OpenStreetMap (ODbL)
node/12777372527,Moleta de la Carcellera,,,1020,1020.0,40.6438666,-0.0437647,ES-CS,Castellón/Castelló,1,1,2025-04-22T23:20:39Z,OpenStreetMap (ODbL)
node/12777372640,Mola d'Arrufat,,,1016,1016.0,40.6334752,-0.0274615,ES-CS,Castellón/Castelló,1,2,2026-05-17T19:09:46Z,OpenStreetMap (ODbL)
node/12777372641,Moleta Tancada,,,1010,1010.0,40.6312433,-0.0272532,ES-CS,Castellón/Castelló,1,2,2026-05-17T19:09:46Z,OpenStreetMap (ODbL)
node/12777372657,Collet del Corb,,,1012,1012.0,40.6262511,-0.0090505,ES-CS,Castellón/Castelló,1,2,2026-05-17T19:09:46Z,OpenStreetMap (ODbL)
node/12777373104,Tossal Redó,,,814,814.0,40.6638917,0.1636146,ES-CS,Castellón/Castelló,1,1,2025-04-22T23:20:39Z,OpenStreetMap (ODbL)
node/12777373109,lo Serrall,,,837,837.0,40.6628383,0.1519313,ES-CS,Castellón/Castelló,1,1,2025-04-22T23:20:39Z,OpenStreetMap (ODbL)
node/12777373117,Roques del Ballestar,,,989,989.0,40.6729168,0.1605262,ES-CS,Castellón/Castelló,1,1,2025-04-22T23:20:39Z,OpenStreetMap (ODbL)
node/12784846726,Collet de Cap de Barranc,,,1082,1082.0,40.7108696,-0.1030657,ES-CS,Castellón/Castelló,1,2,2026-05-17T19:09:46Z,OpenStreetMap (ODbL)
node/12784858102,la Tossa,,,1091,1091.0,40.6645406,-0.1232696,ES-CS,Castellón/Castelló,1,2,2026-05-17T19:09:46Z,OpenStreetMap (ODbL)
node/12790145537,la Devesa,,,1222,1222.0,40.6549068,0.100303,ES-CS,Castellón/Castelló,1,3,2025-05-19T17:56:26Z,OpenStreetMap (ODbL)
node/12794318123,Tossal del Corral de Santa Àgueda,,,1255,1255.0,40.5843091,0.0087446,ES-CS,Castellón/Castelló,1,3,2026-05-17T19:09:46Z,OpenStreetMap (ODbL)
node/12800763484,,,,571,571.0,38.8300778,-0.2988816,ES-A,Alicante/Alacant,1,1,2025-04-30T17:15:45Z,OpenStreetMap (ODbL)
node/12805087149,Tossalet de les Rotes,,,1241,1241.0,40.584982,0.0062101,ES-CS,Castellón/Castelló,1,2,2026-05-17T19:09:46Z,OpenStreetMap (ODbL)
node/12807128090,Peña Redonda,,,1079,1079.0,40.634518,-0.3415096,ES-CS,Castellón/Castelló,1,1,2025-05-03T23:43:54Z,OpenStreetMap (ODbL)
node/12810436571,Pico del Mas del Arco,,,1122,1122.0,40.6507224,-0.3227609,ES-CS,Castellón/Castelló,1,1,2025-05-04T19:58:21Z,OpenStreetMap (ODbL)
node/12810561375,Collet del Mas de Vinyals,,,1109,1109.0,40.6820008,-0.2732581,ES-CS,Castellón/Castelló,1,1,2025-05-04T21:11:24Z,OpenStreetMap (ODbL)
node/12825394769,el Quartelet,,,922,922.0,40.536275,0.0285977,ES-CS,Castellón/Castelló,1,1,2025-05-10T08:59:55Z,OpenStreetMap (ODbL)
node/12830088239,Penyes de Giner,,,233,233.0,38.8936421,-0.2255189,ES-V,Valencia/València,1,1,2025-05-12T10:43:08Z,OpenStreetMap (ODbL)
node/12838479445,Coll Gros,,,243,243.0,40.4476574,0.3127456,ES-CS,Castellón/Castelló,1,1,2025-05-14T23:08:35Z,OpenStreetMap (ODbL)
node/12838479494,Coll de la Font,,,273,273.0,40.4572012,0.2928221,ES-CS,Castellón/Castelló,1,1,2025-05-14T23:08:35Z,OpenStreetMap (ODbL)
node/12843843397,Ferradura,,,501,501.0,40.1276865,0.0891,ES-CS,Castellón/Castelló,1,1,2025-05-17T11:00:21Z,OpenStreetMap (ODbL)
node/12846468619,El Tis,,,1310,1310.0,40.1790037,-0.4278008,ES-CS,Castellón/Castelló,1,2,2025-05-19T17:26:15Z,OpenStreetMap (ODbL)
node/12846509972,Cabezo Blanco,,,1340,1340.0,40.2094378,-0.4894879,ES-CS,Castellón/Castelló,1,1,2025-05-18T07:57:39Z,OpenStreetMap (ODbL)
node/12846549953,Alt de la Figuera,,,1162,1162.0,40.5268992,-0.0499302,ES-CS,Castellón/Castelló,1,1,2025-05-18T08:36:38Z,OpenStreetMap (ODbL)
node/12847087010,Regatxol,,,1259,1259.0,40.6486641,0.0127102,ES-CS,Castellón/Castelló,1,1,2025-05-18T14:04:24Z,OpenStreetMap (ODbL)
node/12847227986,el Collado,,,1071,1071.0,40.1468252,-0.3522278,ES-CS,Castellón/Castelló,1,2,2025-06-24T12:05:59Z,OpenStreetMap (ODbL)
node/12847228680,,,,1047,1047.0,40.5457182,-0.1448586,ES-CS,Castellón/Castelló,1,2,2025-05-19T19:55:18Z,OpenStreetMap (ODbL)
node/12847277069,Alto de Yuste,,,1030,1030.0,39.8600411,-0.6730239,ES-CS,Castellón/Castelló,1,1,2025-05-18T16:15:35Z,OpenStreetMap (ODbL)
node/12848941518,Canto de Peroto,,,1381,1381.0,40.4453059,-0.3044835,ES-CS,Castellón/Castelló,1,1,2025-05-19T13:30:59Z,OpenStreetMap (ODbL)
node/12849004055,el Bovalar,,,1021,1021.0,40.3701606,-0.1441057,ES-CS,Castellón/Castelló,1,3,2025-08-12T15:57:55Z,OpenStreetMap (ODbL)
node/12849427502,Mola del Carrascal,,,1268,1268.0,40.6693745,-0.0881106,ES-CS,Castellón/Castelló,1,1,2025-05-19T17:48:42Z,OpenStreetMap (ODbL)
node/12869447970,Muntanyeta de Sant Salvador,Muntanyeta de Sant Salvador,,91,91.0,39.1525691,-0.4186231,ES-V,Valencia/València,1,3,2025-05-30T11:24:55Z,OpenStreetMap (ODbL)
node/12872059222,Tossal del Molinell,,,784,784.0,40.3368824,-0.1106143,ES-CS,Castellón/Castelló,1,1,2025-05-28T22:58:47Z,OpenStreetMap (ODbL)
node/12893846197,Alto de Zirinagre,,,801,801.0,39.9900172,-0.4182995,ES-CS,Castellón/Castelló,1,2,2026-05-17T19:09:46Z,OpenStreetMap (ODbL)
node/12946525199,el Cabeço,,,739,739.0,40.1631819,-0.3021405,ES-CS,Castellón/Castelló,1,2,2026-05-17T19:09:46Z,OpenStreetMap (ODbL)
node/12949353436,Tossal del Mas de la Parra,,,834,834.0,40.1558147,-0.2459964,ES-CS,Castellón/Castelló,1,1,2025-06-24T12:05:59Z,OpenStreetMap (ODbL)
node/12949353579,Benagualit,,,552,552.0,40.1549497,-0.2909231,ES-CS,Castellón/Castelló,1,1,2025-06-24T12:05:59Z,OpenStreetMap (ODbL)
node/12949353805,Picaio de la Crebada,,,1003,1003.0,40.1562535,-0.3428185,ES-CS,Castellón/Castelló,1,1,2025-06-24T12:05:59Z,OpenStreetMap (ODbL)
node/12949353806,la Torreta,,,1034,1034.0,40.1522846,-0.3428185,ES-CS,Castellón/Castelló,1,1,2025-06-24T12:05:59Z,OpenStreetMap (ODbL)
node/12956010515,Monte de la Cerlamena,,,541,541.0,39.8916734,-0.4658211,ES-CS,Castellón/Castelló,1,1,2025-06-27T08:03:23Z,OpenStreetMap (ODbL)
node/12968942492,Alto del Gavino,,,349,349.0,39.8232241,-0.4493643,ES-CS,Castellón/Castelló,1,3,2026-05-17T19:09:46Z,OpenStreetMap (ODbL)
node/12968942497,Monte Royo,,,388,388.0,39.8462741,-0.4649425,ES-CS,Castellón/Castelló,1,2,2026-05-17T19:09:46Z,OpenStreetMap (ODbL)
node/12969089011,Peñas Malas,,,401,401.0,39.8388568,-0.4414294,ES-CS,Castellón/Castelló,1,2,2026-05-17T19:09:46Z,OpenStreetMap (ODbL)
node/12987532435,el Mollonàs,,,1044,1044.0,40.3387266,-0.1786673,ES-CS,Castellón/Castelló,1,1,2025-07-08T11:17:06Z,OpenStreetMap (ODbL)
node/12987532799,Roca de Penyacalba,,,975,975.0,40.320737,-0.196327,ES-CS,Castellón/Castelló,1,1,2025-07-08T11:17:06Z,OpenStreetMap (ODbL)
node/12988616228,,,,1514,1514.0,40.2303158,-0.5053389,ES-CS,Castellón/Castelló,1,1,2025-07-08T23:21:39Z,OpenStreetMap (ODbL)
node/12988616229,,,,1503,1503.0,40.2317697,-0.5103332,ES-CS,Castellón/Castelló,1,1,2025-07-08T23:21:39Z,OpenStreetMap (ODbL)
node/12988616230,,,,1514,1514.0,40.2306189,-0.5074793,ES-CS,Castellón/Castelló,1,1,2025-07-08T23:21:39Z,OpenStreetMap (ODbL)
node/13005335831,Tossal de la Foieta,,,1062,1062.0,40.3462416,-0.1703417,ES-CS,Castellón/Castelló,1,1,2025-07-16T22:00:11Z,OpenStreetMap (ODbL)
node/13019193359,Tossal de la Ferritja,,,849,849.0,40.309603,-0.101425,ES-CS,Castellón/Castelló,1,2,2025-08-01T22:54:49Z,OpenStreetMap (ODbL)
node/13019193361,Tossal d'Arinesa,,,1003,1003.0,40.3165896,-0.1532775,ES-CS,Castellón/Castelló,1,1,2025-07-23T14:42:41Z,OpenStreetMap (ODbL)
node/13032428159,Tossal de la Bassa d'en Ponç,,,902,902.0,40.3469949,-0.1953258,ES-CS,Castellón/Castelló,1,2,2026-05-17T19:09:46Z,OpenStreetMap (ODbL)
node/13032531623,Tossal del Mas de l'Home,,,1003,1003.0,40.3092471,-0.172745,ES-CS,Castellón/Castelló,1,2,2025-07-29T06:33:01Z,OpenStreetMap (ODbL)
node/13037567243,el Tossal,,,968,968.0,40.3887817,-0.1427339,ES-CS,Castellón/Castelló,1,1,2025-07-30T15:39:17Z,OpenStreetMap (ODbL)
node/13037595372,Lloma de la Verola,,,925,925.0,40.3917965,-0.1266442,ES-CS,Castellón/Castelló,1,2,2025-08-03T13:14:20Z,OpenStreetMap (ODbL)
node/13042222828,el Matxorral,,,726,726.0,40.3461843,-0.0694263,ES-CS,Castellón/Castelló,1,1,2025-08-01T22:54:49Z,OpenStreetMap (ODbL)
node/13042222846,Tossal de la Fembra,,,734,734.0,40.343723,-0.0444067,ES-CS,Castellón/Castelló,1,1,2025-08-01T22:54:49Z,OpenStreetMap (ODbL)
node/13045717277,Tossal de Celades,,,868,868.0,40.3659697,-0.1855231,ES-CS,Castellón/Castelló,1,1,2025-08-03T13:14:20Z,OpenStreetMap (ODbL)
node/13045717416,Lloma del Bord,,,974,974.0,40.3638769,-0.1605249,ES-CS,Castellón/Castelló,1,1,2025-08-03T13:14:20Z,OpenStreetMap (ODbL)
node/13045717669,la Talaia,,,884,884.0,40.3969768,-0.1251626,ES-CS,Castellón/Castelló,1,1,2025-08-03T13:14:20Z,OpenStreetMap (ODbL)
node/13045717786,Tossal del Blanco,,,904,904.0,40.3920332,-0.1204044,ES-CS,Castellón/Castelló,1,1,2025-08-03T13:14:20Z,OpenStreetMap (ODbL)
node/13045717883,la Tossa,,,894,894.0,40.3814505,-0.1103246,ES-CS,Castellón/Castelló,1,1,2025-08-03T13:14:20Z,OpenStreetMap (ODbL)
node/13045843184,Tossal del Cier Bord,,,845,845.0,40.3670242,-0.1103461,ES-CS,Castellón/Castelló,1,1,2025-08-03T14:20:41Z,OpenStreetMap (ODbL)
node/13045857427,el Curulló de la Costa,,,921,921.0,40.3535044,-0.1195943,ES-CS,Castellón/Castelló,1,1,2025-08-03T14:10:38Z,OpenStreetMap (ODbL)
node/13046467679,Tossal del Mas d'Insa,,,919,919.0,40.3527317,-0.0960043,ES-CS,Castellón/Castelló,1,1,2025-08-03T18:46:23Z,OpenStreetMap (ODbL)
node/13046467680,el Prim de la Selleta,,,918,918.0,40.3569811,-0.0942206,ES-CS,Castellón/Castelló,1,1,2025-08-03T18:46:23Z,OpenStreetMap (ODbL)
node/13048178775,la Serra,,,325,325.0,40.5067127,0.302875,ES-CS,Castellón/Castelló,1,1,2025-08-04T12:16:48Z,OpenStreetMap (ODbL)
node/13057082242,Lloma del Saulonar,,,907,907.0,40.3984744,-0.1709626,ES-CS,Castellón/Castelló,1,1,2025-08-07T22:21:41Z,OpenStreetMap (ODbL)
node/13059459819,Tossal del Pedacet,,,816,816.0,40.2887578,-0.1614261,ES-CS,Castellón/Castelló,1,2,2025-09-08T23:20:47Z,OpenStreetMap (ODbL)
node/13065594957,Castell d'Àsens,,,1005,1005.0,40.3713657,-0.1422751,ES-CS,Castellón/Castelló,1,1,2025-08-12T15:57:55Z,OpenStreetMap (ODbL)
node/13084855309,Tossalet de Sant Pere,,,972.4,972.4,40.585183,-0.0750193,ES-CS,Castellón/Castelló,1,1,2025-08-20T16:28:33Z,OpenStreetMap (ODbL)
node/13084910706,el Colomar de Martí,,,958.23,958.23,40.5837549,-0.0793782,ES-CS,Castellón/Castelló,1,1,2025-08-20T16:48:03Z,OpenStreetMap (ODbL)
node/13085530046,Tossal de Tàfer,,,821,821.0,40.2826695,-0.098708,ES-CS,Castellón/Castelló,1,2,2026-05-17T19:09:46Z,OpenStreetMap (ODbL)
node/13085606693,Tossal Redó,,,698,698.0,40.3494469,-0.0517881,ES-CS,Castellón/Castelló,1,1,2025-08-20T23:43:35Z,OpenStreetMap (ODbL)
node/13085606853,els Collets,,,728,728.0,40.3565301,-0.0742307,ES-CS,Castellón/Castelló,1,2,2026-05-17T19:09:46Z,OpenStreetMap (ODbL)
node/13085620550,Tossal de l'Olivera,,,698,698.0,40.3616533,-0.054642,ES-CS,Castellón/Castelló,1,1,2025-08-21T01:08:14Z,OpenStreetMap (ODbL)
node/13085648548,el Bosquet,,,705,705.0,40.3436273,-0.0509271,ES-CS,Castellón/Castelló,1,1,2025-08-21T00:42:01Z,OpenStreetMap (ODbL)
node/13085651953,el Puig,,,830,830.0,40.3710249,-0.0184663,ES-CS,Castellón/Castelló,1,1,2025-08-21T00:42:01Z,OpenStreetMap (ODbL)
node/13089507029,Corona del Tozal,,,1099,1099.0,40.6688966,-0.359343,ES-CS,Castellón/Castelló,1,2,2025-08-22T18:51:55Z,OpenStreetMap (ODbL)
node/13096443614,Tossal del Mas de la Cova,,,833,833.0,40.3450477,-0.1265574,ES-CS,Castellón/Castelló,1,1,2025-08-25T13:33:23Z,OpenStreetMap (ODbL)
node/13097294092,Collet de la Carrera,,,513,513.0,40.2548761,-0.1234567,ES-CS,Castellón/Castelló,1,1,2025-08-25T22:57:15Z,OpenStreetMap (ODbL)
node/13104536603,Tossal del Blanco,,,618,618.0,40.2803114,-0.0823009,ES-CS,Castellón/Castelló,1,1,2025-08-28T21:17:01Z,OpenStreetMap (ODbL)
node/13128898912,Alto de la Hoya del Agua,,,1080,1080.0,39.961168,-0.6596747,ES-CS,Castellón/Castelló,1,1,2025-09-08T19:30:19Z,OpenStreetMap (ODbL)
node/13128898918,Alto Morca,,,972,972.0,39.9675072,-0.6437596,ES-CS,Castellón/Castelló,1,1,2025-09-08T19:30:19Z,OpenStreetMap (ODbL)
node/13158844713,Collet del Mas de l'Orde,,,1068,1068.0,40.4970638,-0.1274136,ES-CS,Castellón/Castelló,1,2,2025-09-20T23:32:16Z,OpenStreetMap (ODbL)
node/13160914074,Muntanya del Codoval,,,273,273.0,39.7376286,-0.2943993,ES-V,Valencia/València,1,1,2025-09-21T23:04:27Z,OpenStreetMap (ODbL)
node/13165673667,Tossal del Mas de Martí,Tossal del Mas de Martí,,875,875.0,40.4143164,0.0037977,ES-CS,Castellón/Castelló,1,1,2025-09-23T17:45:24Z,OpenStreetMap (ODbL)
node/13246888441,la Garrofera,,,515,515.0,40.4332289,0.1241863,ES-CS,Castellón/Castelló,1,1,2025-10-20T23:53:46Z,OpenStreetMap (ODbL)
node/13248894121,la Bastida,,,834,834.0,40.4808303,0.1057863,ES-CS,Castellón/Castelló,1,1,2025-10-21T23:30:08Z,OpenStreetMap (ODbL)
node/13248894168,Roca dels Ermitans,,,689,689.0,40.4661477,0.0989735,ES-CS,Castellón/Castelló,1,1,2025-10-21T23:30:08Z,OpenStreetMap (ODbL)
node/13248894169,Serreta Mitjana,,,541,541.0,40.4211416,0.2036118,ES-CS,Castellón/Castelló,1,1,2025-10-21T23:30:08Z,OpenStreetMap (ODbL)
node/13248894190,lo Tormo,,,616,616.0,40.4210242,0.2112038,ES-CS,Castellón/Castelló,1,1,2025-10-21T23:30:08Z,OpenStreetMap (ODbL)
node/13248894191,Molló dels Cinc Termes,,,824,824.0,40.481094,0.0916061,ES-CS,Castellón/Castelló,1,2,2026-01-12T00:43:48Z,OpenStreetMap (ODbL)
node/13250590911,Tossal del Cingle de Piquer,,,850,850.0,40.2772632,-0.0093044,ES-CS,Castellón/Castelló,1,2,2026-05-17T19:09:46Z,OpenStreetMap (ODbL)
node/13250590928,Tossal del Parral,,,625,625.0,40.2843301,-0.0391924,ES-CS,Castellón/Castelló,1,1,2025-10-22T19:41:42Z,OpenStreetMap (ODbL)
node/13250780587,Pico del Castellar,,,713,713.0,39.3843826,-1.0544883,ES-V,Valencia/València,1,1,2025-10-22T22:36:06Z,OpenStreetMap (ODbL)
node/13263942844,Peña del Calvo,,,1083.16,1083.16,39.9503014,-0.7405731,ES-CS,Castellón/Castelló,1,1,2025-10-27T22:22:02Z,OpenStreetMap (ODbL)
node/13278286815,Cabeza de Castellano,,,1245,1245.0,40.0735213,-1.4027913,ES-V,Valencia/València,1,1,2025-11-03T18:53:33Z,OpenStreetMap (ODbL)
node/13278286851,Cabeza de Ripol,,,1252,1252.0,40.0778647,-1.406591,ES-V,Valencia/València,1,1,2025-11-03T18:53:33Z,OpenStreetMap (ODbL)
node/13278287006,El Cabezo,,,1446,1446.0,40.1041261,-1.4019773,ES-V,Valencia/València,1,1,2025-11-03T18:53:33Z,OpenStreetMap (ODbL)
node/13281251919,Puntal de la Pieza Rasa,,,1064,1064.0,40.0448607,-1.2302457,ES-V,Valencia/València,1,1,2025-11-04T18:31:41Z,OpenStreetMap (ODbL)
node/13284899159,Cerro de la Peña,,,1258,1258.0,40.0729299,-1.1456582,ES-V,Valencia/València,1,1,2025-11-06T10:38:12Z,OpenStreetMap (ODbL)
node/13284899160,Puntal de la Canaleja,,,1392,1392.0,40.0752286,-1.1266861,ES-V,Valencia/València,1,1,2025-11-06T10:38:12Z,OpenStreetMap (ODbL)
node/13284899167,Puntal de la Hoyuela,,,1324,1324.0,40.06895,-1.1301337,ES-V,Valencia/València,1,1,2025-11-06T10:38:12Z,OpenStreetMap (ODbL)
node/13285069730,Puntal de las Setenas,,,1452,1452.0,40.0487215,-1.1218043,ES-V,Valencia/València,1,1,2025-11-06T12:03:22Z,OpenStreetMap (ODbL)
node/13285069731,Puntal de Sacristán,,,1493,1493.0,40.0477792,-1.1173921,ES-V,Valencia/València,1,1,2025-11-06T12:03:22Z,OpenStreetMap (ODbL)
node/13298104162,la Torre,,,212,212.0,40.3694424,0.307608,ES-CS,Castellón/Castelló,1,2,2025-11-11T20:36:09Z,OpenStreetMap (ODbL)
node/13298109332,,,,405,405.0,40.3873301,0.2937019,ES-CS,Castellón/Castelló,1,1,2025-11-11T19:02:58Z,OpenStreetMap (ODbL)
node/13298109333,,,,417,417.0,40.3887739,0.2882734,ES-CS,Castellón/Castelló,1,1,2025-11-11T19:02:58Z,OpenStreetMap (ODbL)
node/13298112146,,,,507,507.0,40.3307854,0.3069569,ES-CS,Castellón/Castelló,1,2,2025-11-11T20:45:20Z,OpenStreetMap (ODbL)
node/13304335244,Pico del Portillo,,,1231,1231.0,40.0298716,-1.2156011,ES-V,Valencia/València,1,1,2025-11-14T09:31:02Z,OpenStreetMap (ODbL)
node/13304335245,Alto del Gazapo,,,1226,1226.0,40.0294935,-1.2185708,ES-V,Valencia/València,1,1,2025-11-14T09:31:02Z,OpenStreetMap (ODbL)
node/13304392439,El Peñón,,,1132,1132.0,40.1802159,-1.3034012,ES-V,Valencia/València,1,2,2025-11-14T15:36:59Z,OpenStreetMap (ODbL)
node/13304801261,Puntal del Cementeri,,,439,439.0,39.7075808,-0.5332929,ES-V,Valencia/València,1,1,2025-11-14T15:12:17Z,OpenStreetMap (ODbL)
node/13305158350,Loma de las Goyosas,,,1134,1134.0,40.0934885,-1.1652656,ES-V,Valencia/València,1,1,2025-11-14T18:29:17Z,OpenStreetMap (ODbL)
node/13305199880,Puntal de los Viudos,,,1058,1058.0,40.1054978,-1.1859399,ES-V,Valencia/València,1,1,2025-11-14T18:57:27Z,OpenStreetMap (ODbL)
node/13305200181,Puntal del Toconar,,,1148,1148.0,40.1098146,-1.1525538,ES-V,Valencia/València,1,1,2025-11-14T18:57:27Z,OpenStreetMap (ODbL)
node/13307020910,Peñas de Calisto,,,1244,1244.0,40.0963367,-1.1442038,ES-V,Valencia/València,1,1,2025-11-15T19:50:42Z,OpenStreetMap (ODbL)
node/13307021085,Loma del Cuervo,,,1493,1493.0,40.0878348,-1.1111112,ES-V,Valencia/València,1,1,2025-11-15T19:50:42Z,OpenStreetMap (ODbL)
node/13307021086,Puntal del Mozo,,,1751,1751.0,40.0788695,-1.1066117,ES-V,Valencia/València,1,1,2025-11-15T19:50:42Z,OpenStreetMap (ODbL)
node/13308098701,Penya Negra,,,371,371.0,38.2733507,-0.8268838,ES-A,Alicante/Alacant,1,3,2026-02-02T20:58:57Z,OpenStreetMap (ODbL)
node/13308830594,El Romance,,,1209,1209.0,40.092799,-1.2136061,ES-V,Valencia/València,1,1,2025-11-16T19:05:38Z,OpenStreetMap (ODbL)
node/13309104149,Puntal de los Boteros,,,919,919.0,40.0916425,-1.3108834,ES-V,Valencia/València,1,1,2025-11-16T19:55:18Z,OpenStreetMap (ODbL)
node/13309104161,Puntal de Broza,,,864,864.0,40.0858108,-1.3056851,ES-V,Valencia/València,1,1,2025-11-16T19:55:18Z,OpenStreetMap (ODbL)
node/13311566595,Puntal de los Chamorros,,,1229,1229.0,40.1317904,-1.3486551,ES-V,Valencia/València,1,1,2025-11-17T19:09:10Z,OpenStreetMap (ODbL)
node/13322567189,Penya del Castellet,,,921,921.0,38.6988914,-0.1940187,ES-A,Alicante/Alacant,1,3,2026-05-17T19:09:46Z,OpenStreetMap (ODbL)
node/13324798095,Loma de la Barquilla,,,883,883.0,39.8875664,-1.1929305,ES-V,Valencia/València,1,2,2026-05-17T19:09:46Z,OpenStreetMap (ODbL)
node/13324798330,El Castillo,,,969,969.0,39.8660948,-1.1786415,ES-V,Valencia/València,1,1,2025-11-22T18:59:31Z,OpenStreetMap (ODbL)
node/13324798331,Puntal del Collado de la Hita,,,924,924.0,39.8666381,-1.1705013,ES-V,Valencia/València,1,1,2025-11-22T18:59:31Z,OpenStreetMap (ODbL)
node/13326808698,Peña Rubia,,,836,836.0,39.8330122,-1.1539857,ES-V,Valencia/València,1,1,2025-11-23T19:24:47Z,OpenStreetMap (ODbL)
node/13326808711,Puntal del Colmenero,,,1125,1125.0,39.8346099,-1.1781911,ES-V,Valencia/València,1,1,2025-11-23T19:24:47Z,OpenStreetMap (ODbL)
node/13326808712,Alto del Cerro Campana,,,1133,1133.0,39.8362164,-1.1773686,ES-V,Valencia/València,1,1,2025-11-23T19:24:47Z,OpenStreetMap (ODbL)
node/13326808714,Puntal de la Sierra,,,1124,1124.0,39.837854,-1.1829569,ES-V,Valencia/València,1,1,2025-11-23T19:24:47Z,OpenStreetMap (ODbL)
node/13328034370,Cerro de la Cueva del Canjirón,,,844,844.0,39.7943933,-1.172626,ES-V,Valencia/València,1,1,2025-11-24T11:51:51Z,OpenStreetMap (ODbL)
node/13328168198,Puntal de las Lentiscosas,,,683,683.0,39.7731895,-1.1217532,ES-V,Valencia/València,1,1,2025-11-24T12:51:23Z,OpenStreetMap (ODbL)
node/13328596627,Valdesierra,,,976,976.0,39.7746153,-1.1501243,ES-V,Valencia/València,1,1,2025-11-24T17:19:10Z,OpenStreetMap (ODbL)
node/13328596701,Cerro del Caco,,,754,754.0,39.7740837,-1.1348806,ES-V,Valencia/València,1,1,2025-11-24T17:19:10Z,OpenStreetMap (ODbL)
node/13328596869,Los Picachos,,,717,717.0,39.7558215,-1.108122,ES-V,Valencia/València,1,1,2025-11-24T17:19:10Z,OpenStreetMap (ODbL)
node/13328596870,Valdeserrillas,,,774,774.0,39.7558215,-1.1258068,ES-V,Valencia/València,1,1,2025-11-24T17:19:10Z,OpenStreetMap (ODbL)
node/13328704871,Peñón de Valdesierras,,,882,882.0,39.7698557,-1.1437261,ES-V,Valencia/València,1,1,2025-11-24T17:52:59Z,OpenStreetMap (ODbL)
node/13328843040,Cerro de la Sabina,,,1043,1043.0,39.8075493,-1.2143366,ES-V,Valencia/València,1,1,2025-11-24T18:53:34Z,OpenStreetMap (ODbL)
node/13328843081,El Contador,,,764,764.0,39.759938,-1.1818535,ES-V,Valencia/València,1,1,2025-11-24T18:53:34Z,OpenStreetMap (ODbL)
node/13328843191,Puntal de en Medio,,,1103,1103.0,39.6790705,-1.1663496,ES-V,Valencia/València,1,1,2025-11-24T18:53:34Z,OpenStreetMap (ODbL)
node/13328843192,Cerro de la Mentira,,,1116,1116.0,39.6766398,-1.1588126,ES-V,Valencia/València,1,1,2025-11-24T18:53:34Z,OpenStreetMap (ODbL)
node/13328843249,Cerro de Clavillas,,,1012,1012.0,39.6881579,-1.1633114,ES-V,Valencia/València,1,1,2025-11-24T18:53:34Z,OpenStreetMap (ODbL)
node/13328930707,Puntal del Algodón,,,856,856.0,39.7296613,-1.1784688,ES-V,Valencia/València,1,1,2025-11-24T19:41:16Z,OpenStreetMap (ODbL)
node/13330140501,Cerro de las Viñas,,,786,786.0,39.7544224,-1.1538589,ES-V,Valencia/València,1,1,2025-11-25T11:18:31Z,OpenStreetMap (ODbL)
node/13334222471,Tossal del Mas de la Serra,,,798,798.0,40.2597478,-0.2151132,ES-CS,Castellón/Castelló,1,1,2025-11-26T17:26:36Z,OpenStreetMap (ODbL)
node/13334279187,Tossal de les Trencades,,,780,780.0,40.2718068,-0.1848686,ES-CS,Castellón/Castelló,1,1,2025-11-26T17:26:36Z,OpenStreetMap (ODbL)
node/13340637988,Penya Roja,,,558,558.0,38.9853122,-0.6452376,ES-V,Valencia/València,1,1,2025-11-29T16:11:12Z,OpenStreetMap (ODbL)
node/13346565162,Piedra del Mediodía,,,854,854.0,39.7465196,-1.089737,ES-V,Valencia/València,1,1,2025-12-01T19:47:35Z,OpenStreetMap (ODbL)
node/13346565394,Peña Roya,,,845,845.0,39.7629372,-1.0974076,ES-V,Valencia/València,1,1,2025-12-01T19:47:35Z,OpenStreetMap (ODbL)
node/13352073309,Puntal de la Cañada Barchel,,,733,733.0,39.7216763,-1.0778586,ES-V,Valencia/València,1,1,2025-12-03T20:45:24Z,OpenStreetMap (ODbL)
node/13352073721,Puntal del Aprisco,,,724,724.0,39.7268116,-1.0274064,ES-V,Valencia/València,1,1,2025-12-03T20:45:24Z,OpenStreetMap (ODbL)
node/13353982437,Alto de la Muela,,,584,584.0,39.704163,-0.9906435,ES-V,Valencia/València,1,1,2025-12-04T18:31:36Z,OpenStreetMap (ODbL)
node/13354129714,Cerro del Mas de Alonso,,,931,931.0,39.6839158,-1.058658,ES-V,Valencia/València,1,1,2025-12-04T19:31:41Z,OpenStreetMap (ODbL)
node/13354129896,Loma de en Medio,,,963,963.0,39.6811392,-1.0522109,ES-V,Valencia/València,1,1,2025-12-04T19:31:41Z,OpenStreetMap (ODbL)
node/13354129898,Loma Ancha,,,929,929.0,39.6894769,-1.0424725,ES-V,Valencia/València,1,1,2025-12-04T19:31:41Z,OpenStreetMap (ODbL)
node/13354129940,Alto del Pozo de Mesto,,,882,882.0,39.7020147,-1.0335441,ES-V,Valencia/València,1,1,2025-12-04T19:31:41Z,OpenStreetMap (ODbL)
node/13354130098,El Tiñoso,,,832,832.0,39.7092066,-1.0256004,ES-V,Valencia/València,1,1,2025-12-04T19:31:41Z,OpenStreetMap (ODbL)
node/13356238368,La Cruz del Cuarto,,,999,999.0,39.6507947,-1.0404529,ES-V,Valencia/València,1,1,2025-12-05T18:45:44Z,OpenStreetMap (ODbL)
node/13356238549,La Atalaya,,,1159,1159.0,39.6679478,-1.0760557,ES-V,Valencia/València,1,1,2025-12-05T18:45:44Z,OpenStreetMap (ODbL)
node/13356238772,Ceja del Mas del Pinar,,,1001,1001.0,39.6560943,-1.0530891,ES-V,Valencia/València,1,1,2025-12-05T18:45:44Z,OpenStreetMap (ODbL)
node/13356337792,Alto de Roche,,,789,789.0,39.6756767,-0.965995,ES-V,Valencia/València,1,1,2025-12-05T19:42:02Z,OpenStreetMap (ODbL)
node/13356338005,El Alto,,,783,783.0,39.6707109,-0.9511057,ES-V,Valencia/València,1,1,2025-12-05T19:42:02Z,OpenStreetMap (ODbL)
node/13356375927,Alto del Portillo,,,682,682.0,39.6838758,-1.0035801,ES-V,Valencia/València,1,1,2025-12-05T20:02:44Z,OpenStreetMap (ODbL)
node/13364367627,Cerro Vaca,,,696,696.0,39.642745,-0.9411043,ES-V,Valencia/València,1,1,2025-12-09T19:32:50Z,OpenStreetMap (ODbL)
node/13369535654,El Zafranero,,,422,422.0,39.6755687,-0.9112811,ES-V,Valencia/València,1,1,2025-12-11T13:03:30Z,OpenStreetMap (ODbL)
node/13369539616,Cerro de la Peña Alta,,,651,651.0,39.692302,-0.9142477,ES-V,Valencia/València,1,1,2025-12-11T13:03:30Z,OpenStreetMap (ODbL)
node/13369539617,Peña del Mulatón,,,520,520.0,39.6846671,-0.9087123,ES-V,Valencia/València,1,1,2025-12-11T13:03:30Z,OpenStreetMap (ODbL)
node/13370371244,Alto de las Cambretas,,,909,909.0,39.747869,-0.9172874,ES-V,Valencia/València,1,1,2025-12-11T19:52:22Z,OpenStreetMap (ODbL)
node/13370371308,Peña del Gabacho,,,951,951.0,39.7532652,-0.9112559,ES-V,Valencia/València,1,1,2025-12-11T19:52:22Z,OpenStreetMap (ODbL)
node/13370371426,Altacú,,,941,941.0,39.7497968,-0.9371087,ES-V,Valencia/València,1,1,2025-12-11T19:52:22Z,OpenStreetMap (ODbL)
node/13370371560,Peña del Romo,,,815,815.0,39.7457843,-0.9341769,ES-V,Valencia/València,1,1,2025-12-11T19:52:22Z,OpenStreetMap (ODbL)
node/13370371573,Cerro Gallinero,,,731,731.0,39.7350984,-0.9363543,ES-V,Valencia/València,1,1,2025-12-11T19:52:22Z,OpenStreetMap (ODbL)
node/13370468842,Puntal del Obispo,,,753,753.0,39.743879,-0.8998931,ES-V,Valencia/València,1,1,2025-12-11T20:38:31Z,OpenStreetMap (ODbL)
node/13370468916,Cerro de Barrera,,,762,762.0,39.7302303,-0.8942162,ES-V,Valencia/València,1,1,2025-12-11T20:38:31Z,OpenStreetMap (ODbL)
node/13371472650,El Infante,,,638,638.0,39.7191487,-0.9298129,ES-V,Valencia/València,1,1,2025-12-12T09:39:46Z,OpenStreetMap (ODbL)
node/13371516073,Cerro de la Solsida,,,516,516.0,39.7041434,-0.9144635,ES-V,Valencia/València,1,1,2025-12-12T09:39:46Z,OpenStreetMap (ODbL)
node/13371516074,Cerro de la Balsa,,,581,581.0,39.7064135,-0.9038247,ES-V,Valencia/València,1,1,2025-12-12T09:39:46Z,OpenStreetMap (ODbL)
node/13371516515,Cerro del Lopo,,,793,793.0,39.7326289,-0.8766255,ES-V,Valencia/València,1,1,2025-12-12T09:39:46Z,OpenStreetMap (ODbL)
node/13373098149,Tossal de la Creu,,,1208,1208.0,40.4818392,-0.0539001,ES-CS,Castellón/Castelló,1,2,2026-05-17T19:09:46Z,OpenStreetMap (ODbL)
node/13373710615,Cerro del Tormagal,,,843,843.0,39.7504221,-0.8868401,ES-V,Valencia/València,1,1,2025-12-13T11:04:04Z,OpenStreetMap (ODbL)
node/13373710616,Alto de Tormé,,,913,913.0,39.7491008,-0.8911496,ES-V,Valencia/València,1,1,2025-12-13T11:04:04Z,OpenStreetMap (ODbL)
node/13373711100,Cerro del Corral de Cervera,,,801,801.0,39.7427793,-0.9385698,ES-V,Valencia/València,1,1,2025-12-13T11:04:04Z,OpenStreetMap (ODbL)
node/13374544586,Alto de Villanueva,,,511,511.0,39.73465,-0.991,ES-V,Valencia/València,1,1,2025-12-13T18:40:14Z,OpenStreetMap (ODbL)
node/13378900871,Puig de la Misericòrdia,,,167,167.0,40.510647,0.4249454,ES-CS,Castellón/Castelló,1,2,2026-05-17T19:09:46Z,OpenStreetMap (ODbL)
node/13388548656,Alto de la Coneja,,,357,357.0,39.6791461,-0.8932203,ES-V,Valencia/València,1,1,2025-12-19T11:30:48Z,OpenStreetMap (ODbL)
node/13389390298,Moleta del Sepí,,,853.52,853.52,40.7119437,0.2309702,ES-CS,Castellón/Castelló,1,1,2025-12-19T19:21:36Z,OpenStreetMap (ODbL)
node/13389410312,Pont Foradat,,,908.36,908.36,40.7124226,0.2298647,ES-CS,Castellón/Castelló,1,1,2025-12-19T19:21:36Z,OpenStreetMap (ODbL)
node/13391421749,Ceja de San Roque,,,588,588.0,39.6265784,-0.9015226,ES-V,Valencia/València,1,1,2025-12-20T19:54:44Z,OpenStreetMap (ODbL)
node/13391421750,Cerro de Sote,,,613,613.0,39.6257968,-0.8956039,ES-V,Valencia/València,1,1,2025-12-20T19:54:44Z,OpenStreetMap (ODbL)
node/13393650022,Alto de Tarraque,,,921,921.0,39.5847886,-0.8991004,ES-V,Valencia/València,1,1,2025-12-21T19:50:38Z,OpenStreetMap (ODbL)
node/13394149630,Alto de la Ivola,,,936,936.0,39.8976459,-0.3805733,ES-CS,Castellón/Castelló,1,1,2025-12-22T00:49:12Z,OpenStreetMap (ODbL)
node/13394830686,Alto de El Rodenal,,,730,730.0,39.9286304,-0.3556571,ES-CS,Castellón/Castelló,1,1,2025-12-22T11:00:51Z,OpenStreetMap (ODbL)
node/13395065462,El Romeral,,,735,735.0,39.5780905,-0.9274304,ES-V,Valencia/València,1,1,2025-12-22T12:17:20Z,OpenStreetMap (ODbL)
node/13395779258,Alto de Santa María,,,1126,1126.0,39.5434662,-0.9194679,ES-V,Valencia/València,1,1,2025-12-22T18:28:38Z,OpenStreetMap (ODbL)
node/13395779259,Loma de la Vallesa,,,962,962.0,39.5290498,-0.9124394,ES-V,Valencia/València,1,1,2025-12-22T18:28:38Z,OpenStreetMap (ODbL)
node/13398325559,Alto del Burgal,,,1118,1118.0,39.5529244,-0.9360131,ES-V,Valencia/València,1,1,2025-12-23T18:52:20Z,OpenStreetMap (ODbL)
node/13398325560,Morros del Tío Sagasta,,,1103,1103.0,39.5577294,-0.9431875,ES-V,Valencia/València,1,1,2025-12-23T18:52:20Z,OpenStreetMap (ODbL)
node/13406731997,Collet del Mas de la Punta,,,1331,1331.0,40.4572746,-0.3026927,ES-CS,Castellón/Castelló,1,1,2025-12-25T23:00:08Z,OpenStreetMap (ODbL)
node/13406732090,Canto de la Creu,,,1452,1452.0,40.4351399,-0.3226805,ES-CS,Castellón/Castelló,1,1,2025-12-25T23:00:08Z,OpenStreetMap (ODbL)
node/13409089326,Alto de Gorgo,,,730,730.0,39.7970155,-0.5951063,ES-CS,Castellón/Castelló,1,1,2025-12-26T17:46:55Z,OpenStreetMap (ODbL)
node/13409499953,Penya Roja,,,491,491.0,39.7132697,-0.4017678,ES-V,Valencia/València,1,2,2025-12-29T18:18:08Z,OpenStreetMap (ODbL)
node/13410720596,la Tossa,,,924,924.0,40.6418257,0.1772693,ES-CS,Castellón/Castelló,1,1,2025-12-27T16:20:26Z,OpenStreetMap (ODbL)
node/13410725654,Moleta del Paller,,,841,841.0,40.6392239,0.1904354,ES-CS,Castellón/Castelló,1,1,2025-12-27T15:31:22Z,OpenStreetMap (ODbL)
node/13410755702,Mola de la Rabosa,,,571,571.0,40.6037286,0.1999592,ES-CS,Castellón/Castelló,1,2,2025-12-27T22:30:38Z,OpenStreetMap (ODbL)
node/13410784757,lo Pulino,,,1012,1012.0,40.6503864,0.1780031,ES-CS,Castellón/Castelló,1,2,2025-12-27T18:24:43Z,OpenStreetMap (ODbL)
node/13410803898,Roca del Corb,,,1033,1033.0,40.6380617,0.1546671,ES-CS,Castellón/Castelló,1,1,2025-12-27T16:20:26Z,OpenStreetMap (ODbL)
node/13414092769,Cerro de Peralcoy,,,1133,1133.0,39.602676,-1.0790001,ES-V,Valencia/València,1,1,2025-12-28T18:28:08Z,OpenStreetMap (ODbL)
node/13414246302,Peña de la Nieve,,,1111,1111.0,39.6095405,-0.9927858,ES-V,Valencia/València,1,2,2025-12-29T09:24:50Z,OpenStreetMap (ODbL)
node/13418776026,Tolón,,,559,559.0,39.6658299,-0.8797626,ES-V,Valencia/València,1,2,2026-01-01T19:05:47Z,OpenStreetMap (ODbL)
node/13420736603,Cerro del Fraile,,,560,560.0,39.0993896,-1.0569383,ES-V,Valencia/València,1,1,2025-12-31T10:42:23Z,OpenStreetMap (ODbL)
node/13433189673,Cerro Migallón,,,723,723.0,39.3912016,-1.149627,ES-V,Valencia/València,1,2,2026-01-09T20:19:50Z,OpenStreetMap (ODbL)
node/13443701869,Loma de Augusto,,,656,656.0,39.3631967,-1.1744922,ES-V,Valencia/València,1,1,2026-01-09T20:19:50Z,OpenStreetMap (ODbL)
node/13443702085,Cerro de Rabal,,,697,697.0,39.3775398,-1.1757617,ES-V,Valencia/València,1,1,2026-01-09T20:19:50Z,OpenStreetMap (ODbL)
node/13443702345,Puntal del Burro,,,609,609.0,39.3592852,-1.1865245,ES-V,Valencia/València,1,1,2026-01-09T20:19:50Z,OpenStreetMap (ODbL)
node/13446647505,Cerro del Milano,,,648,648.0,39.3459122,-1.2052226,ES-V,Valencia/València,1,1,2026-01-10T17:35:52Z,OpenStreetMap (ODbL)
node/13446726578,Puntal del Mirador,,,650,650.0,39.3552811,-1.1889213,ES-V,Valencia/València,1,1,2026-01-10T18:07:53Z,OpenStreetMap (ODbL)
node/13446726579,Puntal de los Poyales,,,623,623.0,39.3569742,-1.2050512,ES-V,Valencia/València,1,1,2026-01-10T18:07:53Z,OpenStreetMap (ODbL)
node/13449836399,Cinto del Coche,,,606,606.0,39.3538107,-1.1787416,ES-V,Valencia/València,1,1,2026-01-12T10:43:16Z,OpenStreetMap (ODbL)
node/13453229551,El Bu,,,851,851.0,39.5292877,-1.24392,ES-V,Valencia/València,1,1,2026-01-13T19:19:39Z,OpenStreetMap (ODbL)
node/13456786255,Alt de la Illeta Mitjana,,,29,29.0,38.5369753,-0.0720495,ES-A,Alicante/Alacant,1,2,2026-01-16T14:47:55Z,OpenStreetMap (ODbL)
node/13457107958,el Mocoró,,,457,457.0,40.1474503,0.0614999,ES-CS,Castellón/Castelló,1,2,2026-05-17T19:09:46Z,OpenStreetMap (ODbL)
node/13464464930,Cerro de las Cabras,,,801.74,801.74,39.7559748,-0.807527,ES-V,Valencia/València,1,1,2026-01-18T17:21:53Z,OpenStreetMap (ODbL)
node/13468894750,Sardinero,,,689,689.0,39.3786718,-1.2647199,ES-V,Valencia/València,1,1,2026-01-19T18:58:49Z,OpenStreetMap (ODbL)
node/13468895141,Monterilla,,,633,633.0,39.3333355,-1.2572484,ES-V,Valencia/València,1,1,2026-01-19T18:58:49Z,OpenStreetMap (ODbL)
node/13468895530,Cabeza del Fraile,,,687,687.0,39.4054876,-1.3264231,ES-V,Valencia/València,1,1,2026-01-19T18:58:49Z,OpenStreetMap (ODbL)
node/13476986984,Tossal de les Mallades,,,1475,1475.0,40.2338913,-0.3329916,ES-CS,Castellón/Castelló,1,1,2026-01-22T16:32:54Z,OpenStreetMap (ODbL)
node/13477297905,Cerro Lipón,,,549,549.0,39.3491603,-1.3176393,ES-V,Valencia/València,1,1,2026-01-22T19:04:36Z,OpenStreetMap (ODbL)
node/13479742889,Cerro de la Cabeza,,,737,737.0,39.4268423,-1.3473903,ES-V,Valencia/València,1,1,2026-01-23T18:48:34Z,OpenStreetMap (ODbL)
node/13481697870,Cerro Redondo,,,538,538.0,39.371988,-1.4457031,ES-V,Valencia/València,1,1,2026-01-24T12:23:01Z,OpenStreetMap (ODbL)
node/13481697871,La Cruz,,,517,517.0,39.3642743,-1.4489218,ES-V,Valencia/València,1,1,2026-01-24T12:23:01Z,OpenStreetMap (ODbL)
node/13482251243,La Cruz de la Peseta,,,585,585.0,39.4071414,-1.4204976,ES-V,Valencia/València,1,1,2026-01-24T18:03:23Z,OpenStreetMap (ODbL)
node/13482353319,Peñón Hundido,,,700,700.0,39.4398496,-1.4183936,ES-V,Valencia/València,1,1,2026-01-24T18:49:30Z,OpenStreetMap (ODbL)
node/13505007115,Moluengo,,,1040,1040.0,39.4882879,-1.4450735,ES-V,Valencia/València,1,1,2026-01-27T19:26:25Z,OpenStreetMap (ODbL)
node/13506603656,Cerro de Collejas,,,917,917.0,39.5186438,-1.4848024,ES-V,Valencia/València,1,1,2026-01-28T13:04:12Z,OpenStreetMap (ODbL)
node/13522436544,Cabezo del Romeral,,,141,141.0,38.0463154,-0.836673,ES-A,Alicante/Alacant,1,1,2026-02-03T18:23:00Z,OpenStreetMap (ODbL)
node/13522436545,Cabezo del Sombrero,,,150,150.0,38.0520462,-0.831624,ES-A,Alicante/Alacant,1,1,2026-02-03T18:23:00Z,OpenStreetMap (ODbL)
node/13522436546,Cabezo Estrecho,,,141,141.0,38.051562,-0.8262577,ES-A,Alicante/Alacant,1,1,2026-02-03T18:23:00Z,OpenStreetMap (ODbL)
node/13522438620,Cabezo de las Zorras,,,196,196.0,38.0635213,-0.8165529,ES-A,Alicante/Alacant,1,1,2026-02-03T18:12:49Z,OpenStreetMap (ODbL)
node/13522438621,Cabezo de los Mozos,,,169,169.0,38.0631676,-0.8193398,ES-A,Alicante/Alacant,1,1,2026-02-03T18:12:49Z,OpenStreetMap (ODbL)
node/13522438622,Cabezo del Rosario,,,108,108.0,38.0666377,-0.8267131,ES-A,Alicante/Alacant,1,1,2026-02-03T18:12:49Z,OpenStreetMap (ODbL)
node/13522438623,Cabezo Gordo,,,129,129.0,38.061249,-0.8321232,ES-A,Alicante/Alacant,1,1,2026-02-03T18:12:49Z,OpenStreetMap (ODbL)
node/13522438624,Cabezo de las Culebras,,,168,168.0,38.060645,-0.8257127,ES-A,Alicante/Alacant,1,1,2026-02-03T18:12:49Z,OpenStreetMap (ODbL)
node/13522438625,Cabezo Redondo,,,204,204.0,38.0558214,-0.8176419,ES-A,Alicante/Alacant,1,1,2026-02-03T18:12:49Z,OpenStreetMap (ODbL)
node/13529856666,Cabeç Redó,,,795,795.0,38.7339257,-0.7246057,ES-A,Alicante/Alacant,1,2,2026-05-17T19:09:46Z,OpenStreetMap (ODbL)
node/13539105878,Muntanya dels Murs,,,344,344.0,40.2903642,0.1732,ES-CS,Castellón/Castelló,1,2,2026-05-17T19:09:46Z,OpenStreetMap (ODbL)
node/13541828348,Puig de l'Àliga,,,115,115.0,39.1754241,-0.2449318,ES-V,Valencia/València,1,1,2026-02-10T21:15:21Z,OpenStreetMap (ODbL)
node/13572499123,Muntanyeta dels Sants,,Monte de los Santos,27,27.0,39.242522,-0.316182,ES-V,Valencia/València,1,1,2026-02-17T10:13:02Z,OpenStreetMap (ODbL)
node/13578205694,Lloma dels Caragols,,,334,334.0,39.088935,-0.3826761,ES-V,Valencia/València,1,2,2026-02-19T20:04:39Z,OpenStreetMap (ODbL)
node/13578206575,Lloma de la Sima de l'Aigua,,,386,386.0,39.0721117,-0.3638149,ES-V,Valencia/València,1,2,2026-02-19T20:04:39Z,OpenStreetMap (ODbL)
node/13578246692,Alto del Fraile,,,856,856.0,38.587535,-0.8235455,ES-A,Alicante/Alacant,1,1,2026-02-18T23:25:01Z,OpenStreetMap (ODbL)
node/13578246693,Alto de la Huera,,,815,815.0,38.5843503,-0.8230788,ES-A,Alicante/Alacant,1,1,2026-02-18T23:25:01Z,OpenStreetMap (ODbL)
node/13578252108,Cabezo de la Moraleja,,,805,805.0,38.581417,-0.8207962,ES-A,Alicante/Alacant,1,1,2026-02-18T23:28:44Z,OpenStreetMap (ODbL)
node/13583018228,Lloma del Mig,,,316,316.0,39.0934649,-0.3910661,ES-V,Valencia/València,1,1,2026-02-19T20:04:39Z,OpenStreetMap (ODbL)
node/13583018229,Penya Blanca,,,296,296.0,39.0930153,-0.3812814,ES-V,Valencia/València,1,1,2026-02-19T20:04:39Z,OpenStreetMap (ODbL)
node/13583018362,Tossal del Cremençó,,,388,388.0,39.0756016,-0.3601563,ES-V,Valencia/València,1,1,2026-02-19T20:04:39Z,OpenStreetMap (ODbL)
node/13583018460,el Baco,,,389,389.0,39.073586,-0.3521741,ES-V,Valencia/València,1,1,2026-02-19T20:04:39Z,OpenStreetMap (ODbL)
node/13583018462,Puntal del Ferrer,,,385,385.0,39.071108,-0.3533405,ES-V,Valencia/València,1,2,2026-05-17T19:09:46Z,OpenStreetMap (ODbL)
node/13583018464,Muntanyeta Girada,,,309,309.0,39.0691797,-0.3618622,ES-V,Valencia/València,1,1,2026-02-19T20:04:39Z,OpenStreetMap (ODbL)
node/13583018465,la Redona,,,228,228.0,39.0668307,-0.3325725,ES-V,Valencia/València,1,1,2026-02-19T20:04:39Z,OpenStreetMap (ODbL)
node/13583018907,Alt de la Pereta,,,400,400.0,39.0576546,-0.3832582,ES-V,Valencia/València,1,1,2026-02-19T20:04:39Z,OpenStreetMap (ODbL)
node/13583018908,Alt de la Vinya de Moles,,,404,404.0,39.056759,-0.3813565,ES-V,Valencia/València,1,1,2026-02-19T20:04:39Z,OpenStreetMap (ODbL)
node/13583619574,Lloma del Vinader,,,295,295.0,39.0964958,-0.4050779,ES-V,Valencia/València,1,1,2026-02-20T00:06:21Z,OpenStreetMap (ODbL)
node/13583630984,Alt de la Bossarta,,,203,203.0,39.1097753,-0.4111934,ES-V,Valencia/València,1,1,2026-02-20T00:06:21Z,OpenStreetMap (ODbL)
node/13585340753,Penya de la Creueta,,,172,172.0,39.097749,-0.3758419,ES-V,Valencia/València,1,1,2026-02-20T18:09:39Z,OpenStreetMap (ODbL)
node/13585829589,,,,624,624.0,40.4957753,0.0847981,ES-CS,Castellón/Castelló,1,3,2026-03-05T00:31:09Z,OpenStreetMap (ODbL)
node/13585829679,Cap de Meló,,,948,948.0,40.5722727,0.1441526,ES-CS,Castellón/Castelló,1,1,2026-02-20T22:49:13Z,OpenStreetMap (ODbL)
node/13585829686,la Tossa,,,591,591.0,40.5563223,0.1601064,ES-CS,Castellón/Castelló,1,1,2026-02-20T22:49:13Z,OpenStreetMap (ODbL)
node/13585830216,Mola de la Font de l'Albi,,,864,864.0,40.5446607,0.1218206,ES-CS,Castellón/Castelló,1,1,2026-02-20T22:49:13Z,OpenStreetMap (ODbL)
node/13607440893,Mola de les Calderes,,,707,707.0,40.5357205,0.1419854,ES-CS,Castellón/Castelló,1,1,2026-02-28T11:35:26Z,OpenStreetMap (ODbL)
node/13607440894,Mola del Grau,,,785,785.0,40.5444283,0.1311278,ES-CS,Castellón/Castelló,1,1,2026-02-28T11:35:26Z,OpenStreetMap (ODbL)
node/13607440895,Mola Jovera,,,799,799.0,40.548472,0.1342606,ES-CS,Castellón/Castelló,1,1,2026-02-28T11:35:26Z,OpenStreetMap (ODbL)
node/13607441091,Tossal Pinós,,,1034,1034.0,40.5776023,0.1086938,ES-CS,Castellón/Castelló,1,1,2026-02-28T11:35:26Z,OpenStreetMap (ODbL)
node/13607441102,Montegordo,,,869,869.0,40.5688532,0.1239121,ES-CS,Castellón/Castelló,1,1,2026-02-28T11:35:26Z,OpenStreetMap (ODbL)
node/13607441208,Tossal de Belo,,,604,604.0,40.5006005,0.1259565,ES-CS,Castellón/Castelló,1,1,2026-02-28T11:35:26Z,OpenStreetMap (ODbL)
node/13619192400,Tossal de Regatxol,,,1203,1203.0,40.6445765,0.0310707,ES-CS,Castellón/Castelló,1,1,2026-03-05T01:23:57Z,OpenStreetMap (ODbL)
node/13626992885,Puntal de Magaña,,,1615,1615.0,39.9312914,-0.8316778,ES-CS,Castellón/Castelló,1,2,2026-09-23T09:38:17Z,OpenStreetMap (ODbL)
node/13702640823,Alt del Torrater,,,661,661.0,38.8029315,-0.5646296,ES-A,Alicante/Alacant,1,1,2026-04-02T23:26:26Z,OpenStreetMap (ODbL)
node/13703516281,Penya d'Alí Maimó,,,434,434.0,39.7004267,-0.525494,ES-V,Valencia/València,1,2,2026-05-17T19:09:46Z,OpenStreetMap (ODbL)
node/13703516282,el Castellet,,,571,571.0,39.7225991,-0.5238133,ES-V,Valencia/València,1,1,2026-04-03T12:53:07Z,OpenStreetMap (ODbL)
node/13703516283,la Buitrera,,,360,360.0,39.7043968,-0.5535114,ES-V,Valencia/València,1,1,2026-04-03T12:53:07Z,OpenStreetMap (ODbL)
node/13709942238,la Rabosera,,,297,297.0,39.9151881,-0.2219099,ES-CS,Castellón/Castelló,1,1,2026-04-06T00:37:01Z,OpenStreetMap (ODbL)
node/13709942239,Llom del Captiu,,,282,282.0,39.9176362,-0.2229345,ES-CS,Castellón/Castelló,1,1,2026-04-06T00:37:01Z,OpenStreetMap (ODbL)
node/13709942241,la Colera,,,287,287.0,39.9224745,-0.2293825,ES-CS,Castellón/Castelló,1,1,2026-04-06T00:37:01Z,OpenStreetMap (ODbL)
node/13726290127,Tossal de la Cova Pedrissa,,,838,838.0,40.1121893,-0.2843107,ES-CS,Castellón/Castelló,1,2,2026-05-17T19:09:46Z,OpenStreetMap (ODbL)
node/13728156803,la Coroneta,,,1015,1015.0,40.1968182,-0.2724551,ES-CS,Castellón/Castelló,1,2,2026-05-17T19:09:46Z,OpenStreetMap (ODbL)
node/13738155945,Cerro del Tajuelo,,,1696,1696.0,40.0569797,-1.0791451,ES-V,Valencia/València,1,1,2026-04-17T16:41:22Z,OpenStreetMap (ODbL)
node/13738155947,Alto de la Cabera,,,1578,1578.0,40.0532279,-1.1061449,ES-V,Valencia/València,1,1,2026-04-17T16:41:22Z,OpenStreetMap (ODbL)
node/13738155949,Punta Piqueras,,,1124,1124.0,40.0463529,-1.1792431,ES-V,Valencia/València,1,1,2026-04-17T16:41:22Z,OpenStreetMap (ODbL)
node/13738155953,Cerro Maderero,,,1493,1493.0,40.0383842,-1.1207616,ES-V,Valencia/València,1,1,2026-04-17T16:41:22Z,OpenStreetMap (ODbL)
node/13738185943,Cerro de la Erilla,,,1347,1347.0,40.0340396,-1.1318815,ES-V,Valencia/València,1,2,2026-04-17T22:51:44Z,OpenStreetMap (ODbL)
node/13738727227,Tossal de les Llastres,,,586,586.0,40.2086882,-0.2108324,ES-CS,Castellón/Castelló,1,1,2026-04-17T22:40:53Z,OpenStreetMap (ODbL)
node/13751418040,el Tossal de les Llometes,,,736,736.0,40.1382933,-0.292511,ES-CS,Castellón/Castelló,1,1,2026-04-21T23:07:09Z,OpenStreetMap (ODbL)
node/13753299768,Muntanya dels Cara-sols,,,235,235.0,39.5068119,-0.5466748,ES-V,Valencia/València,1,1,2026-04-22T19:32:43Z,OpenStreetMap (ODbL)
node/13826009897,Penyes de Litero,Penyes de Litero,,1025,1025.0,38.5659282,-0.6906259,,,0,2,2026-05-13T22:40:07Z,OpenStreetMap (ODbL)
node/13830452559,El Cantón,,,994,994.0,40.1127973,-0.5504371,ES-CS,Castellón/Castelló,1,2,2026-05-15T11:46:34Z,OpenStreetMap (ODbL)
node/13831346178,Hontanar,,,1272,1272.0,39.9053319,-1.069769,ES-V,Valencia/València,1,2,2026-05-16T05:58:17Z,OpenStreetMap (ODbL)
node/13853323059,Sant Marc,,,1025,1025.0,40.7295992,-0.1185107,ES-CS,Castellón/Castelló,1,1,2026-05-20T15:32:09Z,OpenStreetMap (ODbL)
node/13920431464,La Lloma,La Lloma,,1100,1100.0,40.4650132,-0.0226057,ES-CS,Castellón/Castelló,1,1,2026-06-08T15:00:49Z,OpenStreetMap (ODbL)
node/13920431466,El Morralet,El Morralet,,1029,1029.0,40.4783249,-0.0082827,ES-CS,Castellón/Castelló,1,1,2026-06-08T15:00:49Z,OpenStreetMap (ODbL)
node/13948509799,Muntanya de l'Ermita,,,,,39.7391054,-0.3558245,ES-V,Valencia/València,1,1,2026-06-17T20:23:37Z,OpenStreetMap (ODbL)
node/13979185137,Corona d'Estrela,,,271,271.0,38.981897,-0.4927111,ES-V,Valencia/València,1,1,2026-07-01T00:19:22Z,OpenStreetMap (ODbL)
node/14017765791,,,,,,40.0492037,0.0116202,ES-CS,Castellón/Castelló,1,1,2026-07-15T14:25:44Z,OpenStreetMap (ODbL)
node/14061860277,els Castellets,,,447,447.0,39.8711769,-0.2353753,ES-CS,Castellón/Castelló,1,1,2026-07-30T15:18:55Z,OpenStreetMap (ODbL)
node/14061860345,Pic de Sumet,,,516,516.0,39.8350746,-0.2529889,ES-CS,Castellón/Castelló,1,1,2026-07-30T15:18:55Z,OpenStreetMap (ODbL)
node/14086045066,,,,1156,1156.0,40.3093944,-0.3680045,ES-CS,Castellón/Castelló,1,1,2026-08-10T18:21:49Z,OpenStreetMap (ODbL)
node/14112208172,Cabeço de la Sal,,,890,890.0,38.3854885,-1.0236973,,,0,1,2026-08-22T12:46:56Z,OpenStreetMap (ODbL)
node/14113245188,Alt de l'Aviació,,,953,953.0,38.6650235,-0.5716583,,,0,1,2026-08-22T19:01:45Z,OpenStreetMap (ODbL)
node/14141056771,Tossal de la Creu,,,,,38.8393817,-0.0405738,,,0,1,2026-09-01T23:16:42Z,OpenStreetMap (ODbL)
node/14170626700,,,,,,38.0893741,-0.6513141,,,0,1,2026-09-10T20:14:02Z,OpenStreetMap (ODbL)
node/14210150072,Alt Redó,,,802,802.0,38.7044511,-0.8415485,,,0,1,2026-09-23T19:07:51Z,OpenStreetMap (ODbL)
node/14210150073,Alt Redó,,,854,854.0,38.7210771,-0.8340168,,,0,1,2026-09-23T19:07:51Z,OpenStreetMap (ODbL)
node/14210489014,Lloma Badada,,,535,535.0,38.4474887,-0.7683241,,,0,1,2026-09-23T22:48:49Z,OpenStreetMap (ODbL)
node/14210489015,la Cabra,,,619,619.0,38.4708231,-0.7545322,,,0,1,2026-09-23T22:48:49Z,OpenStreetMap (ODbL)
node/14210489089,Alt de Baluset,,,570,570.0,38.5187327,-0.7821214,,,0,1,2026-09-23T22:48:49Z,OpenStreetMap (ODbL)
node/14216361902,Tossal de Vallés,,,282,282.0,38.541722,-0.0829701,,,0,1,2026-09-25T21:27:09Z,OpenStreetMap (ODbL)
node/14247433570,Montayeta de SAnt Antoni,,,,,38.960259,-0.2011575,ES-V,Valencia/València,1,1,2026-10-04T08:03:31Z,OpenStreetMap (ODbL)
